tic_id,status,reason,out_path,n_cadences,baseline_days,rms_raw,rms_detrended
TIC_100099031,done,ok,/Users/sandeep/Workspace/Personal/LunaVisionAi/exoplanet_pipeline/data/processed/lc_detrended/TIC_100099031.npz,30378.0,53.55,0.0129,0.009404
TIC_100100827,skipped,already exists,/Users/sandeep/Workspace/Personal/LunaVisionAi/exoplanet_pipeline/data/processed/lc_detrended/TIC_100100827.npz,,,,
TIC_1001477809,skipped,already exists,/Users/sandeep/Workspace/Personal/LunaVisionAi/exoplanet_pipeline/data/processed/lc_detrended/TIC_1001477809.npz,,,,
TIC_100267480,done,ok,/Users/sandeep/Workspace/Personal/LunaVisionAi/exoplanet_pipeline/data/processed/lc_detrended/TIC_100267480.npz,29025.0,754.434,0.01378,0.006814
TIC_100504381,skipped,already exists,/Users/sandeep/Workspace/Personal/LunaVisionAi/exoplanet_pipeline/data/processed/lc_detrended/TIC_100504381.npz,,,,
TIC_100566492,done,ok,/Users/sandeep/Workspace/Personal/LunaVisionAi/exoplanet_pipeline/data/processed/lc_detrended/TIC_100566492.npz,115201.0,24.363,0.005539,0.004499
TIC_100589632,skipped,already exists,/Users/sandeep/Workspace/Personal/LunaVisionAi/exoplanet_pipeline/data/processed/lc_detrended/TIC_100589632.npz,,,,
TIC_100683605,done,ok,/Users/sandeep/Workspace/Personal/LunaVisionAi/exoplanet_pipeline/data/processed/lc_detrended/TIC_100683605.npz,44303.0,380.202,0.008332,0.007916
TIC_100769500,skipped,already exists,/Users/sandeep/Workspace/Personal/LunaVisionAi/exoplanet_pipeline/data/processed/lc_detrended/TIC_100769500.npz,,,,
TIC_100909102,skipped,already exists,/Users/sandeep/Workspace/Personal/LunaVisionAi/exoplanet_pipeline/data/processed/lc_detrended/TIC_100909102.npz,,,,
TIC_101230735,skipped,already exists,/Users/sandeep/Workspace/Personal/LunaVisionAi/exoplanet_pipeline/data/processed/lc_detrended/TIC_101230735.npz,,,,
TIC_101348333,skipped,already exists,/Users/sandeep/Workspace/Personal/LunaVisionAi/exoplanet_pipeline/data/processed/lc_detrended/TIC_101348333.npz,,,,
TIC_101395259,skipped,already exists,/Users/sandeep/Workspace/Personal/LunaVisionAi/exoplanet_pipeline/data/processed/lc_detrended/TIC_101395259.npz,,,,
TIC_101497191,skipped,already exists,/Users/sandeep/Workspace/Personal/LunaVisionAi/exoplanet_pipeline/data/processed/lc_detrended/TIC_101497191.npz,,,,
TIC_101721385,skipped,already exists,/Users/sandeep/Workspace/Personal/LunaVisionAi/exoplanet_pipeline/data/processed/lc_detrended/TIC_101721385.npz,,,,
TIC_101955023,skipped,already exists,/Users/sandeep/Workspace/Personal/LunaVisionAi/exoplanet_pipeline/data/processed/lc_detrended/TIC_101955023.npz,,,,
TIC_102076870,gated,robust rms 0.0668 > 0.02,,,,,
TIC_102159710,done,ok,/Users/sandeep/Workspace/Personal/LunaVisionAi/exoplanet_pipeline/data/processed/lc_detrended/TIC_102159710.npz,34039.0,54.364,0.020605,0.01319
TIC_102283403,skipped,already exists,/Users/sandeep/Workspace/Personal/LunaVisionAi/exoplanet_pipeline/data/processed/lc_detrended/TIC_102283403.npz,,,,
TIC_102713734,skipped,already exists,/Users/sandeep/Workspace/Personal/LunaVisionAi/exoplanet_pipeline/data/processed/lc_detrended/TIC_102713734.npz,,,,
TIC_102848207,done,ok,/Users/sandeep/Workspace/Personal/LunaVisionAi/exoplanet_pipeline/data/processed/lc_detrended/TIC_102848207.npz,33733.0,188.441,0.030618,0.011529
TIC_103183399,done,ok,/Users/sandeep/Workspace/Personal/LunaVisionAi/exoplanet_pipeline/data/processed/lc_detrended/TIC_103183399.npz,34088.0,758.28,0.014147,0.009637
TIC_103195323,skipped,already exists,/Users/sandeep/Workspace/Personal/LunaVisionAi/exoplanet_pipeline/data/processed/lc_detrended/TIC_103195323.npz,,,,
TIC_103245940,done,ok,/Users/sandeep/Workspace/Personal/LunaVisionAi/exoplanet_pipeline/data/processed/lc_detrended/TIC_103245940.npz,16750.0,25.703,0.008029,0.007816
TIC_103604037,skipped,already exists,/Users/sandeep/Workspace/Personal/LunaVisionAi/exoplanet_pipeline/data/processed/lc_detrended/TIC_103604037.npz,,,,
TIC_103832313,gated,robust rms 0.0286 > 0.02,,,,,
TIC_104195270,skipped,already exists,/Users/sandeep/Workspace/Personal/LunaVisionAi/exoplanet_pipeline/data/processed/lc_detrended/TIC_104195270.npz,,,,
TIC_104208182,done,ok,/Users/sandeep/Workspace/Personal/LunaVisionAi/exoplanet_pipeline/data/processed/lc_detrended/TIC_104208182.npz,31022.0,50.414,0.01683,0.005512
TIC_1042432,skipped,already exists,/Users/sandeep/Workspace/Personal/LunaVisionAi/exoplanet_pipeline/data/processed/lc_detrended/TIC_1042432.npz,,,,
TIC_104734832,skipped,already exists,/Users/sandeep/Workspace/Personal/LunaVisionAi/exoplanet_pipeline/data/processed/lc_detrended/TIC_104734832.npz,,,,
TIC_105759569,gated,baseline -1.5d < 13.5d,,,,,
TIC_106224626,done,ok,/Users/sandeep/Workspace/Personal/LunaVisionAi/exoplanet_pipeline/data/processed/lc_detrended/TIC_106224626.npz,34631.0,54.618,0.019857,0.017801
TIC_106402532,skipped,already exists,/Users/sandeep/Workspace/Personal/LunaVisionAi/exoplanet_pipeline/data/processed/lc_detrended/TIC_106402532.npz,,,,
TIC_106997505,skipped,already exists,/Users/sandeep/Workspace/Personal/LunaVisionAi/exoplanet_pipeline/data/processed/lc_detrended/TIC_106997505.npz,,,,
TIC_107090327,done,ok,/Users/sandeep/Workspace/Personal/LunaVisionAi/exoplanet_pipeline/data/processed/lc_detrended/TIC_107090327.npz,30723.0,725.981,0.051889,0.007708
TIC_107728509,skipped,already exists,/Users/sandeep/Workspace/Personal/LunaVisionAi/exoplanet_pipeline/data/processed/lc_detrended/TIC_107728509.npz,,,,
TIC_108835813,skipped,already exists,/Users/sandeep/Workspace/Personal/LunaVisionAi/exoplanet_pipeline/data/processed/lc_detrended/TIC_108835813.npz,,,,
TIC_108939482,done,ok,/Users/sandeep/Workspace/Personal/LunaVisionAi/exoplanet_pipeline/data/processed/lc_detrended/TIC_108939482.npz,15715.0,24.043,0.01444,0.013445
TIC_108940329,skipped,already exists,/Users/sandeep/Workspace/Personal/LunaVisionAi/exoplanet_pipeline/data/processed/lc_detrended/TIC_108940329.npz,,,,
TIC_10974783,done,ok,/Users/sandeep/Workspace/Personal/LunaVisionAi/exoplanet_pipeline/data/processed/lc_detrended/TIC_10974783.npz,36224.0,191.42,0.025555,0.007312
TIC_10988057,skipped,already exists,/Users/sandeep/Workspace/Personal/LunaVisionAi/exoplanet_pipeline/data/processed/lc_detrended/TIC_10988057.npz,,,,
TIC_1101909431,done,ok,/Users/sandeep/Workspace/Personal/LunaVisionAi/exoplanet_pipeline/data/processed/lc_detrended/TIC_1101909431.npz,20226.0,56.835,0.011684,0.010156
TIC_11023038,skipped,already exists,/Users/sandeep/Workspace/Personal/LunaVisionAi/exoplanet_pipeline/data/processed/lc_detrended/TIC_11023038.npz,,,,
TIC_11111899,skipped,already exists,/Users/sandeep/Workspace/Personal/LunaVisionAi/exoplanet_pipeline/data/processed/lc_detrended/TIC_11111899.npz,,,,
TIC_112110888,done,ok,/Users/sandeep/Workspace/Personal/LunaVisionAi/exoplanet_pipeline/data/processed/lc_detrended/TIC_112110888.npz,15672.0,23.997,0.007642,0.007525
TIC_113553629,skipped,already exists,/Users/sandeep/Workspace/Personal/LunaVisionAi/exoplanet_pipeline/data/processed/lc_detrended/TIC_113553629.npz,,,,
TIC_113804153,done,ok,/Users/sandeep/Workspace/Personal/LunaVisionAi/exoplanet_pipeline/data/processed/lc_detrended/TIC_113804153.npz,30949.0,50.376,0.027605,0.007197
TIC_113919944,skipped,already exists,/Users/sandeep/Workspace/Personal/LunaVisionAi/exoplanet_pipeline/data/processed/lc_detrended/TIC_113919944.npz,,,,
TIC_114031109,skipped,already exists,/Users/sandeep/Workspace/Personal/LunaVisionAi/exoplanet_pipeline/data/processed/lc_detrended/TIC_114031109.npz,,,,
TIC_114103134,skipped,already exists,/Users/sandeep/Workspace/Personal/LunaVisionAi/exoplanet_pipeline/data/processed/lc_detrended/TIC_114103134.npz,,,,
TIC_11499710,skipped,already exists,/Users/sandeep/Workspace/Personal/LunaVisionAi/exoplanet_pipeline/data/processed/lc_detrended/TIC_11499710.npz,,,,
TIC_115446313,skipped,already exists,/Users/sandeep/Workspace/Personal/LunaVisionAi/exoplanet_pipeline/data/processed/lc_detrended/TIC_115446313.npz,,,,
TIC_115453244,skipped,already exists,/Users/sandeep/Workspace/Personal/LunaVisionAi/exoplanet_pipeline/data/processed/lc_detrended/TIC_115453244.npz,,,,
TIC_115457180,skipped,already exists,/Users/sandeep/Workspace/Personal/LunaVisionAi/exoplanet_pipeline/data/processed/lc_detrended/TIC_115457180.npz,,,,
TIC_115564354,skipped,already exists,/Users/sandeep/Workspace/Personal/LunaVisionAi/exoplanet_pipeline/data/processed/lc_detrended/TIC_115564354.npz,,,,
TIC_115942852,done,ok,/Users/sandeep/Workspace/Personal/LunaVisionAi/exoplanet_pipeline/data/processed/lc_detrended/TIC_115942852.npz,15054.0,23.886,0.012053,0.011914
TIC_116257066,skipped,already exists,/Users/sandeep/Workspace/Personal/LunaVisionAi/exoplanet_pipeline/data/processed/lc_detrended/TIC_116257066.npz,,,,
TIC_116382006,skipped,already exists,/Users/sandeep/Workspace/Personal/LunaVisionAi/exoplanet_pipeline/data/processed/lc_detrended/TIC_116382006.npz,,,,
TIC_116608612,skipped,already exists,/Users/sandeep/Workspace/Personal/LunaVisionAi/exoplanet_pipeline/data/processed/lc_detrended/TIC_116608612.npz,,,,
TIC_117256577,skipped,already exists,/Users/sandeep/Workspace/Personal/LunaVisionAi/exoplanet_pipeline/data/processed/lc_detrended/TIC_117256577.npz,,,,
TIC_11755687,skipped,already exists,/Users/sandeep/Workspace/Personal/LunaVisionAi/exoplanet_pipeline/data/processed/lc_detrended/TIC_11755687.npz,,,,
TIC_117689799,done,ok,/Users/sandeep/Workspace/Personal/LunaVisionAi/exoplanet_pipeline/data/processed/lc_detrended/TIC_117689799.npz,33946.0,54.364,0.020338,0.006441
TIC_117768715,skipped,already exists,/Users/sandeep/Workspace/Personal/LunaVisionAi/exoplanet_pipeline/data/processed/lc_detrended/TIC_117768715.npz,,,,
TIC_117979694,skipped,already exists,/Users/sandeep/Workspace/Personal/LunaVisionAi/exoplanet_pipeline/data/processed/lc_detrended/TIC_117979694.npz,,,,
TIC_118268680,skipped,already exists,/Users/sandeep/Workspace/Personal/LunaVisionAi/exoplanet_pipeline/data/processed/lc_detrended/TIC_118268680.npz,,,,
TIC_118608254,skipped,already exists,/Users/sandeep/Workspace/Personal/LunaVisionAi/exoplanet_pipeline/data/processed/lc_detrended/TIC_118608254.npz,,,,
TIC_118681038,done,ok,/Users/sandeep/Workspace/Personal/LunaVisionAi/exoplanet_pipeline/data/processed/lc_detrended/TIC_118681038.npz,31208.0,50.275,0.116987,0.022807
TIC_118893899,gated,robust rms 0.4379 > 0.02,,,,,
TIC_118963720,skipped,already exists,/Users/sandeep/Workspace/Personal/LunaVisionAi/exoplanet_pipeline/data/processed/lc_detrended/TIC_118963720.npz,,,,
TIC_119130170,done,ok,/Users/sandeep/Workspace/Personal/LunaVisionAi/exoplanet_pipeline/data/processed/lc_detrended/TIC_119130170.npz,28933.0,50.17,0.025408,0.01009
TIC_119131709,skipped,already exists,/Users/sandeep/Workspace/Personal/LunaVisionAi/exoplanet_pipeline/data/processed/lc_detrended/TIC_119131709.npz,,,,
TIC_119556803,skipped,already exists,/Users/sandeep/Workspace/Personal/LunaVisionAi/exoplanet_pipeline/data/processed/lc_detrended/TIC_119556803.npz,,,,
TIC_119638424,skipped,already exists,/Users/sandeep/Workspace/Personal/LunaVisionAi/exoplanet_pipeline/data/processed/lc_detrended/TIC_119638424.npz,,,,
TIC_11996814,skipped,already exists,/Users/sandeep/Workspace/Personal/LunaVisionAi/exoplanet_pipeline/data/processed/lc_detrended/TIC_11996814.npz,,,,
TIC_120101789,done,ok,/Users/sandeep/Workspace/Personal/LunaVisionAi/exoplanet_pipeline/data/processed/lc_detrended/TIC_120101789.npz,34841.0,52.132,0.008917,0.008695
TIC_120105470,done,ok,/Users/sandeep/Workspace/Personal/LunaVisionAi/exoplanet_pipeline/data/processed/lc_detrended/TIC_120105470.npz,37930.0,55.925,0.019573,0.005439
TIC_120251654,done,ok,/Users/sandeep/Workspace/Personal/LunaVisionAi/exoplanet_pipeline/data/processed/lc_detrended/TIC_120251654.npz,33503.0,193.477,0.027429,0.012691
TIC_120252007,gated,robust rms 0.0503 > 0.02,,,,,
TIC_120253552,gated,robust rms 0.0210 > 0.02,,,,,
TIC_120253745,done,ok,/Users/sandeep/Workspace/Personal/LunaVisionAi/exoplanet_pipeline/data/processed/lc_detrended/TIC_120253745.npz,37929.0,55.925,0.02681,0.013601
TIC_120269103,skipped,already exists,/Users/sandeep/Workspace/Personal/LunaVisionAi/exoplanet_pipeline/data/processed/lc_detrended/TIC_120269103.npz,,,,
TIC_120315006,done,ok,/Users/sandeep/Workspace/Personal/LunaVisionAi/exoplanet_pipeline/data/processed/lc_detrended/TIC_120315006.npz,33552.0,193.477,0.022271,0.019129
TIC_12036590,gated,robust rms 0.0333 > 0.02,,,,,
TIC_120421638,gated,robust rms 0.0609 > 0.02,,,,,
TIC_120495880,done,ok,/Users/sandeep/Workspace/Personal/LunaVisionAi/exoplanet_pipeline/data/processed/lc_detrended/TIC_120495880.npz,37929.0,55.925,0.037077,0.017223
TIC_120571842,gated,robust rms 0.0293 > 0.02,,,,,
TIC_120573482,gated,robust rms 0.0213 > 0.02,,,,,
TIC_12061971,skipped,already exists,/Users/sandeep/Workspace/Personal/LunaVisionAi/exoplanet_pipeline/data/processed/lc_detrended/TIC_12061971.npz,,,,
TIC_120638033,done,ok,/Users/sandeep/Workspace/Personal/LunaVisionAi/exoplanet_pipeline/data/processed/lc_detrended/TIC_120638033.npz,34494.0,53.288,0.031537,0.010402
TIC_120686458,gated,robust rms 0.0306 > 0.02,,,,,
TIC_120693011,done,ok,/Users/sandeep/Workspace/Personal/LunaVisionAi/exoplanet_pipeline/data/processed/lc_detrended/TIC_120693011.npz,37931.0,55.925,0.039767,0.011488
TIC_120762000,gated,robust rms 0.0623 > 0.02,,,,,
TIC_120765800,done,ok,/Users/sandeep/Workspace/Personal/LunaVisionAi/exoplanet_pipeline/data/processed/lc_detrended/TIC_120765800.npz,33684.0,53.288,0.024526,0.019076
TIC_120825510,done,ok,/Users/sandeep/Workspace/Personal/LunaVisionAi/exoplanet_pipeline/data/processed/lc_detrended/TIC_120825510.npz,34335.0,53.288,0.012162,0.010309
TIC_121020728,gated,robust rms 0.0306 > 0.02,,,,,
TIC_121070864,skipped,already exists,/Users/sandeep/Workspace/Personal/LunaVisionAi/exoplanet_pipeline/data/processed/lc_detrended/TIC_121070864.npz,,,,
TIC_121113728,done,ok,/Users/sandeep/Workspace/Personal/LunaVisionAi/exoplanet_pipeline/data/processed/lc_detrended/TIC_121113728.npz,36612.0,54.618,0.017555,0.010966
TIC_121123361,done,ok,/Users/sandeep/Workspace/Personal/LunaVisionAi/exoplanet_pipeline/data/processed/lc_detrended/TIC_121123361.npz,37931.0,55.925,0.010941,0.006014
TIC_121124617,done,ok,/Users/sandeep/Workspace/Personal/LunaVisionAi/exoplanet_pipeline/data/processed/lc_detrended/TIC_121124617.npz,37933.0,55.925,0.035202,0.00605
TIC_121194926,done,ok,/Users/sandeep/Workspace/Personal/LunaVisionAi/exoplanet_pipeline/data/processed/lc_detrended/TIC_121194926.npz,33118.0,1082.507,0.061226,0.00822
TIC_121214909,skipped,already exists,/Users/sandeep/Workspace/Personal/LunaVisionAi/exoplanet_pipeline/data/processed/lc_detrended/TIC_121214909.npz,,,,
TIC_121333305,gated,robust rms 0.0518 > 0.02,,,,,
TIC_121338379,skipped,already exists,/Users/sandeep/Workspace/Personal/LunaVisionAi/exoplanet_pipeline/data/processed/lc_detrended/TIC_121338379.npz,,,,
TIC_121395761,done,ok,/Users/sandeep/Workspace/Personal/LunaVisionAi/exoplanet_pipeline/data/processed/lc_detrended/TIC_121395761.npz,37877.0,55.925,0.019292,0.018902
TIC_121465404,gated,robust rms 0.0324 > 0.02,,,,,
TIC_121560868,skipped,already exists,/Users/sandeep/Workspace/Personal/LunaVisionAi/exoplanet_pipeline/data/processed/lc_detrended/TIC_121560868.npz,,,,
TIC_121603086,done,ok,/Users/sandeep/Workspace/Personal/LunaVisionAi/exoplanet_pipeline/data/processed/lc_detrended/TIC_121603086.npz,36541.0,54.618,0.04312,0.009007
TIC_121732589,done,ok,/Users/sandeep/Workspace/Personal/LunaVisionAi/exoplanet_pipeline/data/processed/lc_detrended/TIC_121732589.npz,36613.0,54.618,0.11276,0.019567
TIC_121786521,done,ok,/Users/sandeep/Workspace/Personal/LunaVisionAi/exoplanet_pipeline/data/processed/lc_detrended/TIC_121786521.npz,36131.0,54.618,0.019644,0.018747
TIC_121789066,done,ok,/Users/sandeep/Workspace/Personal/LunaVisionAi/exoplanet_pipeline/data/processed/lc_detrended/TIC_121789066.npz,36578.0,54.618,0.052592,0.015854
TIC_121795464,gated,robust rms 0.0218 > 0.02,,,,,
TIC_121946404,gated,robust rms 0.0260 > 0.02,,,,,
TIC_122063843,done,ok,/Users/sandeep/Workspace/Personal/LunaVisionAi/exoplanet_pipeline/data/processed/lc_detrended/TIC_122063843.npz,35970.0,54.618,0.022571,0.005795
TIC_122066167,done,ok,/Users/sandeep/Workspace/Personal/LunaVisionAi/exoplanet_pipeline/data/processed/lc_detrended/TIC_122066167.npz,37250.0,54.618,0.061322,0.012972
TIC_122066280,done,ok,/Users/sandeep/Workspace/Personal/LunaVisionAi/exoplanet_pipeline/data/processed/lc_detrended/TIC_122066280.npz,37009.0,54.618,0.019527,0.018668
TIC_122066892,skipped,already exists,/Users/sandeep/Workspace/Personal/LunaVisionAi/exoplanet_pipeline/data/processed/lc_detrended/TIC_122066892.npz,,,,
TIC_122069243,gated,robust rms 0.0642 > 0.02,,,,,
TIC_122136712,gated,robust rms 0.0299 > 0.02,,,,,
TIC_122139228,gated,robust rms 0.0738 > 0.02,,,,,
TIC_122220263,skipped,already exists,/Users/sandeep/Workspace/Personal/LunaVisionAi/exoplanet_pipeline/data/processed/lc_detrended/TIC_122220263.npz,,,,
TIC_122224871,gated,robust rms 0.0335 > 0.02,,,,,
TIC_122293639,done,ok,/Users/sandeep/Workspace/Personal/LunaVisionAi/exoplanet_pipeline/data/processed/lc_detrended/TIC_122293639.npz,35930.0,54.618,0.033472,0.007631
TIC_122294985,gated,robust rms 0.0658 > 0.02,,,,,
TIC_122297877,gated,robust rms 0.0524 > 0.02,,,,,
TIC_122298422,gated,robust rms 0.0624 > 0.02,,,,,
TIC_122441491,done,ok,/Users/sandeep/Workspace/Personal/LunaVisionAi/exoplanet_pipeline/data/processed/lc_detrended/TIC_122441491.npz,37930.0,55.925,0.063462,0.019618
TIC_122446960,done,ok,/Users/sandeep/Workspace/Personal/LunaVisionAi/exoplanet_pipeline/data/processed/lc_detrended/TIC_122446960.npz,38035.0,735.5,0.012709,0.01189
TIC_122450207,gated,robust rms 0.0430 > 0.02,,,,,
TIC_122451550,done,ok,/Users/sandeep/Workspace/Personal/LunaVisionAi/exoplanet_pipeline/data/processed/lc_detrended/TIC_122451550.npz,35554.0,54.618,0.012083,0.006916
TIC_122485078,skipped,already exists,/Users/sandeep/Workspace/Personal/LunaVisionAi/exoplanet_pipeline/data/processed/lc_detrended/TIC_122485078.npz,,,,
TIC_122596693,gated,robust rms 0.0280 > 0.02,,,,,
TIC_122597885,gated,robust rms 0.0461 > 0.02,,,,,
TIC_122629761,skipped,already exists,/Users/sandeep/Workspace/Personal/LunaVisionAi/exoplanet_pipeline/data/processed/lc_detrended/TIC_122629761.npz,,,,
TIC_122682991,skipped,already exists,/Users/sandeep/Workspace/Personal/LunaVisionAi/exoplanet_pipeline/data/processed/lc_detrended/TIC_122682991.npz,,,,
TIC_122695048,done,ok,/Users/sandeep/Workspace/Personal/LunaVisionAi/exoplanet_pipeline/data/processed/lc_detrended/TIC_122695048.npz,28333.0,401.236,0.034545,0.008186
TIC_122713286,gated,robust rms 0.0336 > 0.02,,,,,
TIC_123041007,gated,robust rms 0.0207 > 0.02,,,,,
TIC_123231917,done,ok,/Users/sandeep/Workspace/Personal/LunaVisionAi/exoplanet_pipeline/data/processed/lc_detrended/TIC_123231917.npz,31336.0,193.477,0.017354,0.016834
TIC_123233041,done,ok,/Users/sandeep/Workspace/Personal/LunaVisionAi/exoplanet_pipeline/data/processed/lc_detrended/TIC_123233041.npz,37905.0,55.925,0.010913,0.007753
TIC_123358019,done,ok,/Users/sandeep/Workspace/Personal/LunaVisionAi/exoplanet_pipeline/data/processed/lc_detrended/TIC_123358019.npz,28418.0,193.476,0.050867,0.007366
TIC_123365281,done,ok,/Users/sandeep/Workspace/Personal/LunaVisionAi/exoplanet_pipeline/data/processed/lc_detrended/TIC_123365281.npz,45160.0,268.306,0.006699,0.006438
TIC_123408863,done,ok,/Users/sandeep/Workspace/Personal/LunaVisionAi/exoplanet_pipeline/data/processed/lc_detrended/TIC_123408863.npz,31774.0,193.477,0.011418,0.010773
TIC_123409401,skipped,already exists,/Users/sandeep/Workspace/Personal/LunaVisionAi/exoplanet_pipeline/data/processed/lc_detrended/TIC_123409401.npz,,,,
TIC_123410927,skipped,already exists,/Users/sandeep/Workspace/Personal/LunaVisionAi/exoplanet_pipeline/data/processed/lc_detrended/TIC_123410927.npz,,,,
TIC_123416753,gated,robust rms 0.0336 > 0.02,,,,,
TIC_123417850,gated,robust rms 0.0470 > 0.02,,,,,
TIC_123492903,done,ok,/Users/sandeep/Workspace/Personal/LunaVisionAi/exoplanet_pipeline/data/processed/lc_detrended/TIC_123492903.npz,34425.0,54.619,0.017438,0.010772
TIC_123495874,done,ok,/Users/sandeep/Workspace/Personal/LunaVisionAi/exoplanet_pipeline/data/processed/lc_detrended/TIC_123495874.npz,37930.0,55.925,0.016824,0.006648
TIC_123627908,skipped,already exists,/Users/sandeep/Workspace/Personal/LunaVisionAi/exoplanet_pipeline/data/processed/lc_detrended/TIC_123627908.npz,,,,
TIC_123664207,skipped,already exists,/Users/sandeep/Workspace/Personal/LunaVisionAi/exoplanet_pipeline/data/processed/lc_detrended/TIC_123664207.npz,,,,
TIC_123702439,skipped,already exists,/Users/sandeep/Workspace/Personal/LunaVisionAi/exoplanet_pipeline/data/processed/lc_detrended/TIC_123702439.npz,,,,
TIC_124095888,skipped,already exists,/Users/sandeep/Workspace/Personal/LunaVisionAi/exoplanet_pipeline/data/processed/lc_detrended/TIC_124095888.npz,,,,
TIC_124206468,skipped,already exists,/Users/sandeep/Workspace/Personal/LunaVisionAi/exoplanet_pipeline/data/processed/lc_detrended/TIC_124206468.npz,,,,
TIC_124235800,skipped,already exists,/Users/sandeep/Workspace/Personal/LunaVisionAi/exoplanet_pipeline/data/processed/lc_detrended/TIC_124235800.npz,,,,
TIC_124491883,skipped,already exists,/Users/sandeep/Workspace/Personal/LunaVisionAi/exoplanet_pipeline/data/processed/lc_detrended/TIC_124491883.npz,,,,
TIC_124543547,skipped,already exists,/Users/sandeep/Workspace/Personal/LunaVisionAi/exoplanet_pipeline/data/processed/lc_detrended/TIC_124543547.npz,,,,
TIC_124573851,skipped,already exists,/Users/sandeep/Workspace/Personal/LunaVisionAi/exoplanet_pipeline/data/processed/lc_detrended/TIC_124573851.npz,,,,
TIC_124573902,gated,robust rms 0.3934 > 0.02,,,,,
TIC_124709665,skipped,already exists,/Users/sandeep/Workspace/Personal/LunaVisionAi/exoplanet_pipeline/data/processed/lc_detrended/TIC_124709665.npz,,,,
TIC_125060509,skipped,already exists,/Users/sandeep/Workspace/Personal/LunaVisionAi/exoplanet_pipeline/data/processed/lc_detrended/TIC_125060509.npz,,,,
TIC_125405602,skipped,already exists,/Users/sandeep/Workspace/Personal/LunaVisionAi/exoplanet_pipeline/data/processed/lc_detrended/TIC_125405602.npz,,,,
TIC_125552076,skipped,already exists,/Users/sandeep/Workspace/Personal/LunaVisionAi/exoplanet_pipeline/data/processed/lc_detrended/TIC_125552076.npz,,,,
TIC_125563127,skipped,already exists,/Users/sandeep/Workspace/Personal/LunaVisionAi/exoplanet_pipeline/data/processed/lc_detrended/TIC_125563127.npz,,,,
TIC_125735470,skipped,already exists,/Users/sandeep/Workspace/Personal/LunaVisionAi/exoplanet_pipeline/data/processed/lc_detrended/TIC_125735470.npz,,,,
TIC_125739286,done,ok,/Users/sandeep/Workspace/Personal/LunaVisionAi/exoplanet_pipeline/data/processed/lc_detrended/TIC_125739286.npz,126326.0,26.265,0.003555,0.003369
TIC_125894957,skipped,already exists,/Users/sandeep/Workspace/Personal/LunaVisionAi/exoplanet_pipeline/data/processed/lc_detrended/TIC_125894957.npz,,,,
TIC_126225595,skipped,already exists,/Users/sandeep/Workspace/Personal/LunaVisionAi/exoplanet_pipeline/data/processed/lc_detrended/TIC_126225595.npz,,,,
TIC_126325985,skipped,already exists,/Users/sandeep/Workspace/Personal/LunaVisionAi/exoplanet_pipeline/data/processed/lc_detrended/TIC_126325985.npz,,,,
TIC_126606859,done,ok,/Users/sandeep/Workspace/Personal/LunaVisionAi/exoplanet_pipeline/data/processed/lc_detrended/TIC_126606859.npz,36708.0,404.274,0.032278,0.006819
TIC_126733133,skipped,already exists,/Users/sandeep/Workspace/Personal/LunaVisionAi/exoplanet_pipeline/data/processed/lc_detrended/TIC_126733133.npz,,,,
TIC_12723961,skipped,already exists,/Users/sandeep/Workspace/Personal/LunaVisionAi/exoplanet_pipeline/data/processed/lc_detrended/TIC_12723961.npz,,,,
TIC_127328218,skipped,already exists,/Users/sandeep/Workspace/Personal/LunaVisionAi/exoplanet_pipeline/data/processed/lc_detrended/TIC_127328218.npz,,,,
TIC_127476180,skipped,already exists,/Users/sandeep/Workspace/Personal/LunaVisionAi/exoplanet_pipeline/data/processed/lc_detrended/TIC_127476180.npz,,,,
TIC_127505658,skipped,already exists,/Users/sandeep/Workspace/Personal/LunaVisionAi/exoplanet_pipeline/data/processed/lc_detrended/TIC_127505658.npz,,,,
TIC_127793615,done,ok,/Users/sandeep/Workspace/Personal/LunaVisionAi/exoplanet_pipeline/data/processed/lc_detrended/TIC_127793615.npz,18227.0,26.328,0.010581,0.010791
TIC_128168083,gated,robust rms 0.0219 > 0.02,,,,,
TIC_12821302,skipped,already exists,/Users/sandeep/Workspace/Personal/LunaVisionAi/exoplanet_pipeline/data/processed/lc_detrended/TIC_12821302.npz,,,,
TIC_12822545,done,ok,/Users/sandeep/Workspace/Personal/LunaVisionAi/exoplanet_pipeline/data/processed/lc_detrended/TIC_12822545.npz,28004.0,1116.488,0.010971,0.00785
TIC_128449971,skipped,already exists,/Users/sandeep/Workspace/Personal/LunaVisionAi/exoplanet_pipeline/data/processed/lc_detrended/TIC_128449971.npz,,,,
TIC_128463355,skipped,already exists,/Users/sandeep/Workspace/Personal/LunaVisionAi/exoplanet_pipeline/data/processed/lc_detrended/TIC_128463355.npz,,,,
TIC_128501004,skipped,already exists,/Users/sandeep/Workspace/Personal/LunaVisionAi/exoplanet_pipeline/data/processed/lc_detrended/TIC_128501004.npz,,,,
TIC_129107501,skipped,already exists,/Users/sandeep/Workspace/Personal/LunaVisionAi/exoplanet_pipeline/data/processed/lc_detrended/TIC_129107501.npz,,,,
TIC_129108133,skipped,already exists,/Users/sandeep/Workspace/Personal/LunaVisionAi/exoplanet_pipeline/data/processed/lc_detrended/TIC_129108133.npz,,,,
TIC_129319156,done,ok,/Users/sandeep/Workspace/Personal/LunaVisionAi/exoplanet_pipeline/data/processed/lc_detrended/TIC_129319156.npz,128839.0,26.697,0.003572,0.003386
TIC_129711632,done,ok,/Users/sandeep/Workspace/Personal/LunaVisionAi/exoplanet_pipeline/data/processed/lc_detrended/TIC_129711632.npz,30273.0,349.656,0.026806,0.017521
TIC_129881395,gated,robust rms 0.0207 > 0.02,,,,,
TIC_129991079,skipped,already exists,/Users/sandeep/Workspace/Personal/LunaVisionAi/exoplanet_pipeline/data/processed/lc_detrended/TIC_129991079.npz,,,,
TIC_12999193,done,ok,/Users/sandeep/Workspace/Personal/LunaVisionAi/exoplanet_pipeline/data/processed/lc_detrended/TIC_12999193.npz,14514.0,24.051,0.008332,0.007951
TIC_130038122,gated,robust rms 0.0427 > 0.02,,,,,
TIC_130181866,skipped,already exists,/Users/sandeep/Workspace/Personal/LunaVisionAi/exoplanet_pipeline/data/processed/lc_detrended/TIC_130181866.npz,,,,
TIC_130191319,skipped,already exists,/Users/sandeep/Workspace/Personal/LunaVisionAi/exoplanet_pipeline/data/processed/lc_detrended/TIC_130191319.npz,,,,
TIC_13023378,skipped,already exists,/Users/sandeep/Workspace/Personal/LunaVisionAi/exoplanet_pipeline/data/processed/lc_detrended/TIC_13023378.npz,,,,
TIC_130538732,skipped,already exists,/Users/sandeep/Workspace/Personal/LunaVisionAi/exoplanet_pipeline/data/processed/lc_detrended/TIC_130538732.npz,,,,
TIC_131081852,skipped,already exists,/Users/sandeep/Workspace/Personal/LunaVisionAi/exoplanet_pipeline/data/processed/lc_detrended/TIC_131081852.npz,,,,
TIC_131419878,skipped,already exists,/Users/sandeep/Workspace/Personal/LunaVisionAi/exoplanet_pipeline/data/processed/lc_detrended/TIC_131419878.npz,,,,
TIC_131581522,done,ok,/Users/sandeep/Workspace/Personal/LunaVisionAi/exoplanet_pipeline/data/processed/lc_detrended/TIC_131581522.npz,15840.0,24.117,0.012345,0.012043
TIC_131979339,skipped,already exists,/Users/sandeep/Workspace/Personal/LunaVisionAi/exoplanet_pipeline/data/processed/lc_detrended/TIC_131979339.npz,,,,
TIC_132534906,skipped,already exists,/Users/sandeep/Workspace/Personal/LunaVisionAi/exoplanet_pipeline/data/processed/lc_detrended/TIC_132534906.npz,,,,
TIC_132963419,done,ok,/Users/sandeep/Workspace/Personal/LunaVisionAi/exoplanet_pipeline/data/processed/lc_detrended/TIC_132963419.npz,38611.0,732.576,0.010329,0.006305
TIC_13424053,skipped,already exists,/Users/sandeep/Workspace/Personal/LunaVisionAi/exoplanet_pipeline/data/processed/lc_detrended/TIC_13424053.npz,,,,
TIC_134315574,skipped,already exists,/Users/sandeep/Workspace/Personal/LunaVisionAi/exoplanet_pipeline/data/processed/lc_detrended/TIC_134315574.npz,,,,
TIC_13499636,skipped,already exists,/Users/sandeep/Workspace/Personal/LunaVisionAi/exoplanet_pipeline/data/processed/lc_detrended/TIC_13499636.npz,,,,
TIC_135036669,gated,robust rms 0.1611 > 0.02,,,,,
TIC_135043332,done,ok,/Users/sandeep/Workspace/Personal/LunaVisionAi/exoplanet_pipeline/data/processed/lc_detrended/TIC_135043332.npz,116046.0,25.359,0.010971,0.004541
TIC_135083444,skipped,already exists,/Users/sandeep/Workspace/Personal/LunaVisionAi/exoplanet_pipeline/data/processed/lc_detrended/TIC_135083444.npz,,,,
TIC_135100529,gated,robust rms 0.0386 > 0.02,,,,,
TIC_13574905,skipped,already exists,/Users/sandeep/Workspace/Personal/LunaVisionAi/exoplanet_pipeline/data/processed/lc_detrended/TIC_13574905.npz,,,,
TIC_136274063,done,ok,/Users/sandeep/Workspace/Personal/LunaVisionAi/exoplanet_pipeline/data/processed/lc_detrended/TIC_136274063.npz,128900.0,26.697,0.004322,0.003917
TIC_136971594,skipped,already exists,/Users/sandeep/Workspace/Personal/LunaVisionAi/exoplanet_pipeline/data/processed/lc_detrended/TIC_136971594.npz,,,,
TIC_136998882,skipped,already exists,/Users/sandeep/Workspace/Personal/LunaVisionAi/exoplanet_pipeline/data/processed/lc_detrended/TIC_136998882.npz,,,,
TIC_137099260,done,ok,/Users/sandeep/Workspace/Personal/LunaVisionAi/exoplanet_pipeline/data/processed/lc_detrended/TIC_137099260.npz,30111.0,735.5,0.008789,0.006217
TIC_137151626,gated,robust rms 0.0486 > 0.02,,,,,
TIC_137152419,skipped,already exists,/Users/sandeep/Workspace/Personal/LunaVisionAi/exoplanet_pipeline/data/processed/lc_detrended/TIC_137152419.npz,,,,
TIC_137157546,skipped,already exists,/Users/sandeep/Workspace/Personal/LunaVisionAi/exoplanet_pipeline/data/processed/lc_detrended/TIC_137157546.npz,,,,
TIC_137220387,gated,robust rms 0.0369 > 0.02,,,,,
TIC_137284119,skipped,already exists,/Users/sandeep/Workspace/Personal/LunaVisionAi/exoplanet_pipeline/data/processed/lc_detrended/TIC_137284119.npz,,,,
TIC_137316027,skipped,already exists,/Users/sandeep/Workspace/Personal/LunaVisionAi/exoplanet_pipeline/data/processed/lc_detrended/TIC_137316027.npz,,,,
TIC_137317096,done,ok,/Users/sandeep/Workspace/Personal/LunaVisionAi/exoplanet_pipeline/data/processed/lc_detrended/TIC_137317096.npz,16991.0,26.704,0.013609,0.013179
TIC_137318289,gated,robust rms 0.0473 > 0.02,,,,,
TIC_137341066,gated,robust rms 0.0225 > 0.02,,,,,
TIC_137342279,done,ok,/Users/sandeep/Workspace/Personal/LunaVisionAi/exoplanet_pipeline/data/processed/lc_detrended/TIC_137342279.npz,37030.0,54.618,0.013877,0.006892
TIC_137348863,done,ok,/Users/sandeep/Workspace/Personal/LunaVisionAi/exoplanet_pipeline/data/processed/lc_detrended/TIC_137348863.npz,17029.0,26.704,0.012918,0.012731
TIC_137349536,gated,robust rms 0.0671 > 0.02,,,,,
TIC_137401986,gated,robust rms 0.0313 > 0.02,,,,,
TIC_137402055,gated,robust rms 0.0818 > 0.02,,,,,
TIC_137409907,done,ok,/Users/sandeep/Workspace/Personal/LunaVisionAi/exoplanet_pipeline/data/processed/lc_detrended/TIC_137409907.npz,36647.0,54.618,0.062437,0.013124
TIC_137500798,skipped,already exists,/Users/sandeep/Workspace/Personal/LunaVisionAi/exoplanet_pipeline/data/processed/lc_detrended/TIC_137500798.npz,,,,
TIC_137543637,skipped,already exists,/Users/sandeep/Workspace/Personal/LunaVisionAi/exoplanet_pipeline/data/processed/lc_detrended/TIC_137543637.npz,,,,
TIC_137548225,gated,robust rms 0.0576 > 0.02,,,,,
TIC_137548365,gated,robust rms 0.0379 > 0.02,,,,,
TIC_137555923,done,ok,/Users/sandeep/Workspace/Personal/LunaVisionAi/exoplanet_pipeline/data/processed/lc_detrended/TIC_137555923.npz,36889.0,54.618,0.015953,0.005417
TIC_137556197,done,ok,/Users/sandeep/Workspace/Personal/LunaVisionAi/exoplanet_pipeline/data/processed/lc_detrended/TIC_137556197.npz,36688.0,54.618,0.018281,0.015885
TIC_137634395,gated,robust rms 0.0415 > 0.02,,,,,
TIC_137638020,gated,robust rms 0.0281 > 0.02,,,,,
TIC_137687119,gated,robust rms 0.0425 > 0.02,,,,,
TIC_137687477,done,ok,/Users/sandeep/Workspace/Personal/LunaVisionAi/exoplanet_pipeline/data/processed/lc_detrended/TIC_137687477.npz,17988.0,26.704,0.014973,0.01471
TIC_137810576,skipped,already exists,/Users/sandeep/Workspace/Personal/LunaVisionAi/exoplanet_pipeline/data/processed/lc_detrended/TIC_137810576.npz,,,,
TIC_137816475,gated,robust rms 0.0343 > 0.02,,,,,
TIC_137900524,skipped,already exists,/Users/sandeep/Workspace/Personal/LunaVisionAi/exoplanet_pipeline/data/processed/lc_detrended/TIC_137900524.npz,,,,
TIC_137969066,gated,robust rms 0.0273 > 0.02,,,,,
TIC_138097531,skipped,already exists,/Users/sandeep/Workspace/Personal/LunaVisionAi/exoplanet_pipeline/data/processed/lc_detrended/TIC_138097531.npz,,,,
TIC_138216186,done,ok,/Users/sandeep/Workspace/Personal/LunaVisionAi/exoplanet_pipeline/data/processed/lc_detrended/TIC_138216186.npz,37930.0,55.925,0.019949,0.009939
TIC_138219367,gated,robust rms 0.0393 > 0.02,,,,,
TIC_138329479,done,ok,/Users/sandeep/Workspace/Personal/LunaVisionAi/exoplanet_pipeline/data/processed/lc_detrended/TIC_138329479.npz,34007.0,50.343,0.006763,0.006258
TIC_138361973,skipped,already exists,/Users/sandeep/Workspace/Personal/LunaVisionAi/exoplanet_pipeline/data/processed/lc_detrended/TIC_138361973.npz,,,,
TIC_138364831,gated,robust rms 0.0335 > 0.02,,,,,
TIC_138365520,gated,robust rms 0.0680 > 0.02,,,,,
TIC_138366224,gated,robust rms 0.0354 > 0.02,,,,,
TIC_138430864,gated,robust rms 0.0423 > 0.02,,,,,
TIC_138477646,done,ok,/Users/sandeep/Workspace/Personal/LunaVisionAi/exoplanet_pipeline/data/processed/lc_detrended/TIC_138477646.npz,37932.0,55.925,0.020079,0.005001
TIC_138568416,gated,robust rms 0.0215 > 0.02,,,,,
TIC_138588540,skipped,already exists,/Users/sandeep/Workspace/Personal/LunaVisionAi/exoplanet_pipeline/data/processed/lc_detrended/TIC_138588540.npz,,,,
TIC_138641300,gated,robust rms 0.0498 > 0.02,,,,,
TIC_138762614,skipped,already exists,/Users/sandeep/Workspace/Personal/LunaVisionAi/exoplanet_pipeline/data/processed/lc_detrended/TIC_138762614.npz,,,,
TIC_138888805,gated,robust rms 0.0215 > 0.02,,,,,
TIC_138960099,skipped,already exists,/Users/sandeep/Workspace/Personal/LunaVisionAi/exoplanet_pipeline/data/processed/lc_detrended/TIC_138960099.npz,,,,
TIC_138968089,skipped,already exists,/Users/sandeep/Workspace/Personal/LunaVisionAi/exoplanet_pipeline/data/processed/lc_detrended/TIC_138968089.npz,,,,
TIC_138968338,done,ok,/Users/sandeep/Workspace/Personal/LunaVisionAi/exoplanet_pipeline/data/processed/lc_detrended/TIC_138968338.npz,36406.0,54.618,0.0154,0.00912
TIC_139034625,gated,robust rms 0.0473 > 0.02,,,,,
TIC_139106731,skipped,already exists,/Users/sandeep/Workspace/Personal/LunaVisionAi/exoplanet_pipeline/data/processed/lc_detrended/TIC_139106731.npz,,,,
TIC_139118482,skipped,already exists,/Users/sandeep/Workspace/Personal/LunaVisionAi/exoplanet_pipeline/data/processed/lc_detrended/TIC_139118482.npz,,,,
TIC_139148528,skipped,already exists,/Users/sandeep/Workspace/Personal/LunaVisionAi/exoplanet_pipeline/data/processed/lc_detrended/TIC_139148528.npz,,,,
TIC_139158696,gated,robust rms 0.0327 > 0.02,,,,,
TIC_139314045,done,ok,/Users/sandeep/Workspace/Personal/LunaVisionAi/exoplanet_pipeline/data/processed/lc_detrended/TIC_139314045.npz,32943.0,326.617,0.010751,0.00691
TIC_139375960,skipped,already exists,/Users/sandeep/Workspace/Personal/LunaVisionAi/exoplanet_pipeline/data/processed/lc_detrended/TIC_139375960.npz,,,,
TIC_139444326,skipped,already exists,/Users/sandeep/Workspace/Personal/LunaVisionAi/exoplanet_pipeline/data/processed/lc_detrended/TIC_139444326.npz,,,,
TIC_139550876,skipped,already exists,/Users/sandeep/Workspace/Personal/LunaVisionAi/exoplanet_pipeline/data/processed/lc_detrended/TIC_139550876.npz,,,,
TIC_1400212743,skipped,already exists,/Users/sandeep/Workspace/Personal/LunaVisionAi/exoplanet_pipeline/data/processed/lc_detrended/TIC_1400212743.npz,,,,
TIC_1400770435,skipped,already exists,/Users/sandeep/Workspace/Personal/LunaVisionAi/exoplanet_pipeline/data/processed/lc_detrended/TIC_1400770435.npz,,,,
TIC_140284353,done,ok,/Users/sandeep/Workspace/Personal/LunaVisionAi/exoplanet_pipeline/data/processed/lc_detrended/TIC_140284353.npz,176928.0,380.484,0.015202,0.014298
TIC_140687214,skipped,already exists,/Users/sandeep/Workspace/Personal/LunaVisionAi/exoplanet_pipeline/data/processed/lc_detrended/TIC_140687214.npz,,,,
TIC_140830390,skipped,already exists,/Users/sandeep/Workspace/Personal/LunaVisionAi/exoplanet_pipeline/data/processed/lc_detrended/TIC_140830390.npz,,,,
TIC_14091633,skipped,already exists,/Users/sandeep/Workspace/Personal/LunaVisionAi/exoplanet_pipeline/data/processed/lc_detrended/TIC_14091633.npz,,,,
TIC_141227133,skipped,already exists,/Users/sandeep/Workspace/Personal/LunaVisionAi/exoplanet_pipeline/data/processed/lc_detrended/TIC_141227133.npz,,,,
TIC_141412823,skipped,already exists,/Users/sandeep/Workspace/Personal/LunaVisionAi/exoplanet_pipeline/data/processed/lc_detrended/TIC_141412823.npz,,,,
TIC_141616639,skipped,already exists,/Users/sandeep/Workspace/Personal/LunaVisionAi/exoplanet_pipeline/data/processed/lc_detrended/TIC_141616639.npz,,,,
TIC_14165625,skipped,already exists,/Users/sandeep/Workspace/Personal/LunaVisionAi/exoplanet_pipeline/data/processed/lc_detrended/TIC_14165625.npz,,,,
TIC_141663464,skipped,already exists,/Users/sandeep/Workspace/Personal/LunaVisionAi/exoplanet_pipeline/data/processed/lc_detrended/TIC_141663464.npz,,,,
TIC_141776043,skipped,already exists,/Users/sandeep/Workspace/Personal/LunaVisionAi/exoplanet_pipeline/data/processed/lc_detrended/TIC_141776043.npz,,,,
TIC_142019343,skipped,already exists,/Users/sandeep/Workspace/Personal/LunaVisionAi/exoplanet_pipeline/data/processed/lc_detrended/TIC_142019343.npz,,,,
TIC_142087638,skipped,already exists,/Users/sandeep/Workspace/Personal/LunaVisionAi/exoplanet_pipeline/data/processed/lc_detrended/TIC_142087638.npz,,,,
TIC_142090065,skipped,already exists,/Users/sandeep/Workspace/Personal/LunaVisionAi/exoplanet_pipeline/data/processed/lc_detrended/TIC_142090065.npz,,,,
TIC_142105158,skipped,already exists,/Users/sandeep/Workspace/Personal/LunaVisionAi/exoplanet_pipeline/data/processed/lc_detrended/TIC_142105158.npz,,,,
TIC_142117976,skipped,already exists,/Users/sandeep/Workspace/Personal/LunaVisionAi/exoplanet_pipeline/data/processed/lc_detrended/TIC_142117976.npz,,,,
TIC_142171554,done,ok,/Users/sandeep/Workspace/Personal/LunaVisionAi/exoplanet_pipeline/data/processed/lc_detrended/TIC_142171554.npz,34341.0,351.88,0.028851,0.012462
TIC_14227229,skipped,already exists,/Users/sandeep/Workspace/Personal/LunaVisionAi/exoplanet_pipeline/data/processed/lc_detrended/TIC_14227229.npz,,,,
TIC_142387023,skipped,already exists,/Users/sandeep/Workspace/Personal/LunaVisionAi/exoplanet_pipeline/data/processed/lc_detrended/TIC_142387023.npz,,,,
TIC_142394656,skipped,already exists,/Users/sandeep/Workspace/Personal/LunaVisionAi/exoplanet_pipeline/data/processed/lc_detrended/TIC_142394656.npz,,,,
TIC_142562395,done,ok,/Users/sandeep/Workspace/Personal/LunaVisionAi/exoplanet_pipeline/data/processed/lc_detrended/TIC_142562395.npz,32358.0,55.515,0.011444,0.007143
TIC_142748283,done,ok,/Users/sandeep/Workspace/Personal/LunaVisionAi/exoplanet_pipeline/data/processed/lc_detrended/TIC_142748283.npz,36027.0,185.474,0.010877,0.009894
TIC_142918609,skipped,already exists,/Users/sandeep/Workspace/Personal/LunaVisionAi/exoplanet_pipeline/data/processed/lc_detrended/TIC_142918609.npz,,,,
TIC_142938659,done,ok,/Users/sandeep/Workspace/Personal/LunaVisionAi/exoplanet_pipeline/data/processed/lc_detrended/TIC_142938659.npz,43816.0,296.634,0.045534,0.016775
TIC_143022742,done,ok,/Users/sandeep/Workspace/Personal/LunaVisionAi/exoplanet_pipeline/data/processed/lc_detrended/TIC_143022742.npz,30935.0,759.041,0.025558,0.014031
TIC_143032776,gated,robust rms 0.0264 > 0.02,,,,,
TIC_143143769,skipped,already exists,/Users/sandeep/Workspace/Personal/LunaVisionAi/exoplanet_pipeline/data/processed/lc_detrended/TIC_143143769.npz,,,,
TIC_143257766,done,ok,/Users/sandeep/Workspace/Personal/LunaVisionAi/exoplanet_pipeline/data/processed/lc_detrended/TIC_143257766.npz,74221.0,20.361,0.003796,0.003594
TIC_143410850,skipped,already exists,/Users/sandeep/Workspace/Personal/LunaVisionAi/exoplanet_pipeline/data/processed/lc_detrended/TIC_143410850.npz,,,,
TIC_143526444,skipped,already exists,/Users/sandeep/Workspace/Personal/LunaVisionAi/exoplanet_pipeline/data/processed/lc_detrended/TIC_143526444.npz,,,,
TIC_144006874,skipped,already exists,/Users/sandeep/Workspace/Personal/LunaVisionAi/exoplanet_pipeline/data/processed/lc_detrended/TIC_144006874.npz,,,,
TIC_144065872,skipped,already exists,/Users/sandeep/Workspace/Personal/LunaVisionAi/exoplanet_pipeline/data/processed/lc_detrended/TIC_144065872.npz,,,,
TIC_144124187,skipped,already exists,/Users/sandeep/Workspace/Personal/LunaVisionAi/exoplanet_pipeline/data/processed/lc_detrended/TIC_144124187.npz,,,,
TIC_144138509,skipped,already exists,/Users/sandeep/Workspace/Personal/LunaVisionAi/exoplanet_pipeline/data/processed/lc_detrended/TIC_144138509.npz,,,,
TIC_144155193,done,ok,/Users/sandeep/Workspace/Personal/LunaVisionAi/exoplanet_pipeline/data/processed/lc_detrended/TIC_144155193.npz,35232.0,1058.104,0.011842,0.009955
TIC_144327080,done,ok,/Users/sandeep/Workspace/Personal/LunaVisionAi/exoplanet_pipeline/data/processed/lc_detrended/TIC_144327080.npz,172321.0,51.256,0.009886,0.006356
TIC_144440290,skipped,already exists,/Users/sandeep/Workspace/Personal/LunaVisionAi/exoplanet_pipeline/data/processed/lc_detrended/TIC_144440290.npz,,,,
TIC_144956678,skipped,already exists,/Users/sandeep/Workspace/Personal/LunaVisionAi/exoplanet_pipeline/data/processed/lc_detrended/TIC_144956678.npz,,,,
TIC_145023816,done,ok,/Users/sandeep/Workspace/Personal/LunaVisionAi/exoplanet_pipeline/data/processed/lc_detrended/TIC_145023816.npz,33985.0,753.953,0.031847,0.010207
TIC_145027461,skipped,already exists,/Users/sandeep/Workspace/Personal/LunaVisionAi/exoplanet_pipeline/data/processed/lc_detrended/TIC_145027461.npz,,,,
TIC_145163386,done,ok,/Users/sandeep/Workspace/Personal/LunaVisionAi/exoplanet_pipeline/data/processed/lc_detrended/TIC_145163386.npz,33711.0,753.915,0.031503,0.009088
TIC_145879095,skipped,already exists,/Users/sandeep/Workspace/Personal/LunaVisionAi/exoplanet_pipeline/data/processed/lc_detrended/TIC_145879095.npz,,,,
TIC_145982812,skipped,already exists,/Users/sandeep/Workspace/Personal/LunaVisionAi/exoplanet_pipeline/data/processed/lc_detrended/TIC_145982812.npz,,,,
TIC_146244533,skipped,already exists,/Users/sandeep/Workspace/Personal/LunaVisionAi/exoplanet_pipeline/data/processed/lc_detrended/TIC_146244533.npz,,,,
TIC_14635562,skipped,already exists,/Users/sandeep/Workspace/Personal/LunaVisionAi/exoplanet_pipeline/data/processed/lc_detrended/TIC_14635562.npz,,,,
TIC_146364192,skipped,already exists,/Users/sandeep/Workspace/Personal/LunaVisionAi/exoplanet_pipeline/data/processed/lc_detrended/TIC_146364192.npz,,,,
TIC_146467675,skipped,already exists,/Users/sandeep/Workspace/Personal/LunaVisionAi/exoplanet_pipeline/data/processed/lc_detrended/TIC_146467675.npz,,,,
TIC_14661418,done,ok,/Users/sandeep/Workspace/Personal/LunaVisionAi/exoplanet_pipeline/data/processed/lc_detrended/TIC_14661418.npz,106377.0,733.665,0.011232,0.009423
TIC_146836153,done,ok,/Users/sandeep/Workspace/Personal/LunaVisionAi/exoplanet_pipeline/data/processed/lc_detrended/TIC_146836153.npz,15736.0,24.046,0.011858,0.011745
TIC_146841337,done,ok,/Users/sandeep/Workspace/Personal/LunaVisionAi/exoplanet_pipeline/data/processed/lc_detrended/TIC_146841337.npz,36156.0,759.222,0.013712,0.005754
TIC_146846569,gated,robust rms 0.0598 > 0.02,,,,,
TIC_147034452,done,ok,/Users/sandeep/Workspace/Personal/LunaVisionAi/exoplanet_pipeline/data/processed/lc_detrended/TIC_147034452.npz,15150.0,24.554,0.008855,0.008709
TIC_14709225,skipped,already exists,/Users/sandeep/Workspace/Personal/LunaVisionAi/exoplanet_pipeline/data/processed/lc_detrended/TIC_14709225.npz,,,,
TIC_147660201,skipped,already exists,/Users/sandeep/Workspace/Personal/LunaVisionAi/exoplanet_pipeline/data/processed/lc_detrended/TIC_147660201.npz,,,,
TIC_147804034,skipped,already exists,/Users/sandeep/Workspace/Personal/LunaVisionAi/exoplanet_pipeline/data/processed/lc_detrended/TIC_147804034.npz,,,,
TIC_147857396,done,ok,/Users/sandeep/Workspace/Personal/LunaVisionAi/exoplanet_pipeline/data/processed/lc_detrended/TIC_147857396.npz,30527.0,725.985,0.006582,0.005894
TIC_147895461,skipped,already exists,/Users/sandeep/Workspace/Personal/LunaVisionAi/exoplanet_pipeline/data/processed/lc_detrended/TIC_147895461.npz,,,,
TIC_148004811,done,ok,/Users/sandeep/Workspace/Personal/LunaVisionAi/exoplanet_pipeline/data/processed/lc_detrended/TIC_148004811.npz,33078.0,52.12,0.026484,0.008426
TIC_148228019,skipped,already exists,/Users/sandeep/Workspace/Personal/LunaVisionAi/exoplanet_pipeline/data/processed/lc_detrended/TIC_148228019.npz,,,,
TIC_148233571,skipped,already exists,/Users/sandeep/Workspace/Personal/LunaVisionAi/exoplanet_pipeline/data/processed/lc_detrended/TIC_148233571.npz,,,,
TIC_148478039,skipped,already exists,/Users/sandeep/Workspace/Personal/LunaVisionAi/exoplanet_pipeline/data/processed/lc_detrended/TIC_148478039.npz,,,,
TIC_148479278,skipped,already exists,/Users/sandeep/Workspace/Personal/LunaVisionAi/exoplanet_pipeline/data/processed/lc_detrended/TIC_148479278.npz,,,,
TIC_148514918,done,ok,/Users/sandeep/Workspace/Personal/LunaVisionAi/exoplanet_pipeline/data/processed/lc_detrended/TIC_148514918.npz,20844.0,377.027,0.0087,0.007347
TIC_148659924,skipped,already exists,/Users/sandeep/Workspace/Personal/LunaVisionAi/exoplanet_pipeline/data/processed/lc_detrended/TIC_148659924.npz,,,,
TIC_148667071,done,ok,/Users/sandeep/Workspace/Personal/LunaVisionAi/exoplanet_pipeline/data/processed/lc_detrended/TIC_148667071.npz,35060.0,753.87,0.025655,0.00611
TIC_148673433,skipped,already exists,/Users/sandeep/Workspace/Personal/LunaVisionAi/exoplanet_pipeline/data/processed/lc_detrended/TIC_148673433.npz,,,,
TIC_148679712,skipped,already exists,/Users/sandeep/Workspace/Personal/LunaVisionAi/exoplanet_pipeline/data/processed/lc_detrended/TIC_148679712.npz,,,,
TIC_148691985,gated,robust rms 0.0407 > 0.02,,,,,
TIC_149126400,gated,robust rms 0.0723 > 0.02,,,,,
TIC_149179763,skipped,already exists,/Users/sandeep/Workspace/Personal/LunaVisionAi/exoplanet_pipeline/data/processed/lc_detrended/TIC_149179763.npz,,,,
TIC_149302744,skipped,already exists,/Users/sandeep/Workspace/Personal/LunaVisionAi/exoplanet_pipeline/data/processed/lc_detrended/TIC_149302744.npz,,,,
TIC_149603524,skipped,already exists,/Users/sandeep/Workspace/Personal/LunaVisionAi/exoplanet_pipeline/data/processed/lc_detrended/TIC_149603524.npz,,,,
TIC_150151262,skipped,already exists,/Users/sandeep/Workspace/Personal/LunaVisionAi/exoplanet_pipeline/data/processed/lc_detrended/TIC_150151262.npz,,,,
TIC_150247134,skipped,already exists,/Users/sandeep/Workspace/Personal/LunaVisionAi/exoplanet_pipeline/data/processed/lc_detrended/TIC_150247134.npz,,,,
TIC_150271680,skipped,already exists,/Users/sandeep/Workspace/Personal/LunaVisionAi/exoplanet_pipeline/data/processed/lc_detrended/TIC_150271680.npz,,,,
TIC_150388393,done,ok,/Users/sandeep/Workspace/Personal/LunaVisionAi/exoplanet_pipeline/data/processed/lc_detrended/TIC_150388393.npz,29678.0,54.106,0.008947,0.007255
TIC_150428135,skipped,already exists,/Users/sandeep/Workspace/Personal/LunaVisionAi/exoplanet_pipeline/data/processed/lc_detrended/TIC_150428135.npz,,,,
TIC_150476057,skipped,already exists,/Users/sandeep/Workspace/Personal/LunaVisionAi/exoplanet_pipeline/data/processed/lc_detrended/TIC_150476057.npz,,,,
TIC_151724385,skipped,already exists,/Users/sandeep/Workspace/Personal/LunaVisionAi/exoplanet_pipeline/data/processed/lc_detrended/TIC_151724385.npz,,,,
TIC_151728428,skipped,already exists,/Users/sandeep/Workspace/Personal/LunaVisionAi/exoplanet_pipeline/data/processed/lc_detrended/TIC_151728428.npz,,,,
TIC_151930063,done,ok,/Users/sandeep/Workspace/Personal/LunaVisionAi/exoplanet_pipeline/data/processed/lc_detrended/TIC_151930063.npz,34594.0,753.944,0.011514,0.007525
TIC_152326573,done,ok,/Users/sandeep/Workspace/Personal/LunaVisionAi/exoplanet_pipeline/data/processed/lc_detrended/TIC_152326573.npz,18755.0,27.771,0.009524,0.009234
TIC_152449405,skipped,already exists,/Users/sandeep/Workspace/Personal/LunaVisionAi/exoplanet_pipeline/data/processed/lc_detrended/TIC_152449405.npz,,,,
TIC_15247229,skipped,already exists,/Users/sandeep/Workspace/Personal/LunaVisionAi/exoplanet_pipeline/data/processed/lc_detrended/TIC_15247229.npz,,,,
TIC_152477897,done,ok,/Users/sandeep/Workspace/Personal/LunaVisionAi/exoplanet_pipeline/data/processed/lc_detrended/TIC_152477897.npz,30167.0,52.343,0.013323,0.007824
TIC_1528696,done,ok,/Users/sandeep/Workspace/Personal/LunaVisionAi/exoplanet_pipeline/data/processed/lc_detrended/TIC_1528696.npz,121908.0,761.958,0.019457,0.017849
TIC_153651591,skipped,already exists,/Users/sandeep/Workspace/Personal/LunaVisionAi/exoplanet_pipeline/data/processed/lc_detrended/TIC_153651591.npz,,,,
TIC_153896150,skipped,already exists,/Users/sandeep/Workspace/Personal/LunaVisionAi/exoplanet_pipeline/data/processed/lc_detrended/TIC_153896150.npz,,,,
TIC_154014059,done,ok,/Users/sandeep/Workspace/Personal/LunaVisionAi/exoplanet_pipeline/data/processed/lc_detrended/TIC_154014059.npz,27141.0,54.619,0.009762,0.005757
TIC_154437244,skipped,already exists,/Users/sandeep/Workspace/Personal/LunaVisionAi/exoplanet_pipeline/data/processed/lc_detrended/TIC_154437244.npz,,,,
TIC_15445551,skipped,already exists,/Users/sandeep/Workspace/Personal/LunaVisionAi/exoplanet_pipeline/data/processed/lc_detrended/TIC_15445551.npz,,,,
TIC_154459165,skipped,already exists,/Users/sandeep/Workspace/Personal/LunaVisionAi/exoplanet_pipeline/data/processed/lc_detrended/TIC_154459165.npz,,,,
TIC_154568734,skipped,already exists,/Users/sandeep/Workspace/Personal/LunaVisionAi/exoplanet_pipeline/data/processed/lc_detrended/TIC_154568734.npz,,,,
TIC_154741689,skipped,already exists,/Users/sandeep/Workspace/Personal/LunaVisionAi/exoplanet_pipeline/data/processed/lc_detrended/TIC_154741689.npz,,,,
TIC_155044736,done,ok,/Users/sandeep/Workspace/Personal/LunaVisionAi/exoplanet_pipeline/data/processed/lc_detrended/TIC_155044736.npz,117789.0,25.02,0.003744,0.003619
TIC_155114483,skipped,already exists,/Users/sandeep/Workspace/Personal/LunaVisionAi/exoplanet_pipeline/data/processed/lc_detrended/TIC_155114483.npz,,,,
TIC_155351556,done,ok,/Users/sandeep/Workspace/Personal/LunaVisionAi/exoplanet_pipeline/data/processed/lc_detrended/TIC_155351556.npz,25124.0,749.981,0.021919,0.007406
TIC_155807906,done,ok,/Users/sandeep/Workspace/Personal/LunaVisionAi/exoplanet_pipeline/data/processed/lc_detrended/TIC_155807906.npz,33365.0,753.997,0.019078,0.008953
TIC_155947004,skipped,already exists,/Users/sandeep/Workspace/Personal/LunaVisionAi/exoplanet_pipeline/data/processed/lc_detrended/TIC_155947004.npz,,,,
TIC_15682927,done,ok,/Users/sandeep/Workspace/Personal/LunaVisionAi/exoplanet_pipeline/data/processed/lc_detrended/TIC_15682927.npz,32487.0,219.467,0.016393,0.005132
TIC_15692883,skipped,already exists,/Users/sandeep/Workspace/Personal/LunaVisionAi/exoplanet_pipeline/data/processed/lc_detrended/TIC_15692883.npz,,,,
TIC_157127081,done,ok,/Users/sandeep/Workspace/Personal/LunaVisionAi/exoplanet_pipeline/data/processed/lc_detrended/TIC_157127081.npz,30810.0,726.058,0.02822,0.009019
TIC_157528286,skipped,already exists,/Users/sandeep/Workspace/Personal/LunaVisionAi/exoplanet_pipeline/data/processed/lc_detrended/TIC_157528286.npz,,,,
TIC_157568289,skipped,already exists,/Users/sandeep/Workspace/Personal/LunaVisionAi/exoplanet_pipeline/data/processed/lc_detrended/TIC_157568289.npz,,,,
TIC_157768969,skipped,already exists,/Users/sandeep/Workspace/Personal/LunaVisionAi/exoplanet_pipeline/data/processed/lc_detrended/TIC_157768969.npz,,,,
TIC_158002130,skipped,already exists,/Users/sandeep/Workspace/Personal/LunaVisionAi/exoplanet_pipeline/data/processed/lc_detrended/TIC_158002130.npz,,,,
TIC_158114283,done,ok,/Users/sandeep/Workspace/Personal/LunaVisionAi/exoplanet_pipeline/data/processed/lc_detrended/TIC_158114283.npz,35308.0,54.618,0.046045,0.013763
TIC_158170594,done,ok,/Users/sandeep/Workspace/Personal/LunaVisionAi/exoplanet_pipeline/data/processed/lc_detrended/TIC_158170594.npz,35170.0,351.78,0.087883,0.015185
TIC_158215023,done,ok,/Users/sandeep/Workspace/Personal/LunaVisionAi/exoplanet_pipeline/data/processed/lc_detrended/TIC_158215023.npz,35928.0,54.618,0.015461,0.009497
TIC_158217620,done,ok,/Users/sandeep/Workspace/Personal/LunaVisionAi/exoplanet_pipeline/data/processed/lc_detrended/TIC_158217620.npz,36552.0,54.618,0.023946,0.015343
TIC_158218178,gated,robust rms 0.0723 > 0.02,,,,,
TIC_158219569,done,ok,/Users/sandeep/Workspace/Personal/LunaVisionAi/exoplanet_pipeline/data/processed/lc_detrended/TIC_158219569.npz,29017.0,53.288,0.026756,0.015891
TIC_158268972,gated,robust rms 0.0207 > 0.02,,,,,
TIC_158276273,done,ok,/Users/sandeep/Workspace/Personal/LunaVisionAi/exoplanet_pipeline/data/processed/lc_detrended/TIC_158276273.npz,35780.0,54.618,0.039881,0.009431
TIC_158385035,gated,robust rms 0.0293 > 0.02,,,,,
TIC_158387462,gated,robust rms 0.0254 > 0.02,,,,,
TIC_158388163,done,ok,/Users/sandeep/Workspace/Personal/LunaVisionAi/exoplanet_pipeline/data/processed/lc_detrended/TIC_158388163.npz,37933.0,55.925,0.024785,0.009671
TIC_158389981,done,ok,/Users/sandeep/Workspace/Personal/LunaVisionAi/exoplanet_pipeline/data/processed/lc_detrended/TIC_158389981.npz,37915.0,55.925,0.015699,0.015434
TIC_158394902,skipped,already exists,/Users/sandeep/Workspace/Personal/LunaVisionAi/exoplanet_pipeline/data/processed/lc_detrended/TIC_158394902.npz,,,,
TIC_158427808,gated,robust rms 0.0276 > 0.02,,,,,
TIC_158490401,done,ok,/Users/sandeep/Workspace/Personal/LunaVisionAi/exoplanet_pipeline/data/processed/lc_detrended/TIC_158490401.npz,218236.0,55.927,0.0111,0.010478
TIC_158543228,skipped,already exists,/Users/sandeep/Workspace/Personal/LunaVisionAi/exoplanet_pipeline/data/processed/lc_detrended/TIC_158543228.npz,,,,
TIC_158551257,done,ok,/Users/sandeep/Workspace/Personal/LunaVisionAi/exoplanet_pipeline/data/processed/lc_detrended/TIC_158551257.npz,37926.0,55.925,0.026165,0.016986
TIC_158551888,done,ok,/Users/sandeep/Workspace/Personal/LunaVisionAi/exoplanet_pipeline/data/processed/lc_detrended/TIC_158551888.npz,36556.0,54.617,0.010554,0.008445
TIC_158552426,skipped,already exists,/Users/sandeep/Workspace/Personal/LunaVisionAi/exoplanet_pipeline/data/processed/lc_detrended/TIC_158552426.npz,,,,
TIC_158555483,done,ok,/Users/sandeep/Workspace/Personal/LunaVisionAi/exoplanet_pipeline/data/processed/lc_detrended/TIC_158555483.npz,36565.0,54.618,0.017376,0.016149
TIC_158617175,skipped,already exists,/Users/sandeep/Workspace/Personal/LunaVisionAi/exoplanet_pipeline/data/processed/lc_detrended/TIC_158617175.npz,,,,
TIC_158625687,gated,robust rms 0.0277 > 0.02,,,,,
TIC_158625761,done,ok,/Users/sandeep/Workspace/Personal/LunaVisionAi/exoplanet_pipeline/data/processed/lc_detrended/TIC_158625761.npz,33333.0,54.618,0.03585,0.007729
TIC_158625964,skipped,already exists,/Users/sandeep/Workspace/Personal/LunaVisionAi/exoplanet_pipeline/data/processed/lc_detrended/TIC_158625964.npz,,,,
TIC_158630233,gated,robust rms 0.0486 > 0.02,,,,,
TIC_158631683,gated,robust rms 0.1937 > 0.02,,,,,
TIC_158633329,gated,robust rms 0.0228 > 0.02,,,,,
TIC_158635959,done,ok,/Users/sandeep/Workspace/Personal/LunaVisionAi/exoplanet_pipeline/data/processed/lc_detrended/TIC_158635959.npz,37859.0,55.925,0.010075,0.009839
TIC_158660363,gated,robust rms 0.0287 > 0.02,,,,,
TIC_158727691,gated,robust rms 0.0239 > 0.02,,,,,
TIC_158730471,done,ok,/Users/sandeep/Workspace/Personal/LunaVisionAi/exoplanet_pipeline/data/processed/lc_detrended/TIC_158730471.npz,35049.0,55.925,0.009022,0.008453
TIC_158789380,done,ok,/Users/sandeep/Workspace/Personal/LunaVisionAi/exoplanet_pipeline/data/processed/lc_detrended/TIC_158789380.npz,18110.0,25.852,0.008701,0.00863
TIC_158838923,done,ok,/Users/sandeep/Workspace/Personal/LunaVisionAi/exoplanet_pipeline/data/processed/lc_detrended/TIC_158838923.npz,27664.0,53.288,0.042953,0.01782
TIC_158845573,skipped,already exists,/Users/sandeep/Workspace/Personal/LunaVisionAi/exoplanet_pipeline/data/processed/lc_detrended/TIC_158845573.npz,,,,
TIC_158934047,done,ok,/Users/sandeep/Workspace/Personal/LunaVisionAi/exoplanet_pipeline/data/processed/lc_detrended/TIC_158934047.npz,33645.0,54.618,0.016103,0.014566
TIC_158984916,done,ok,/Users/sandeep/Workspace/Personal/LunaVisionAi/exoplanet_pipeline/data/processed/lc_detrended/TIC_158984916.npz,27961.0,53.288,0.025184,0.019178
TIC_158986490,done,ok,/Users/sandeep/Workspace/Personal/LunaVisionAi/exoplanet_pipeline/data/processed/lc_detrended/TIC_158986490.npz,33861.0,919.574,0.011727,0.005956
TIC_158992508,gated,robust rms 0.0308 > 0.02,,,,,
TIC_159050690,gated,robust rms 0.0233 > 0.02,,,,,
TIC_159050852,skipped,already exists,/Users/sandeep/Workspace/Personal/LunaVisionAi/exoplanet_pipeline/data/processed/lc_detrended/TIC_159050852.npz,,,,
TIC_159051188,gated,robust rms 0.0220 > 0.02,,,,,
TIC_159096688,skipped,already exists,/Users/sandeep/Workspace/Personal/LunaVisionAi/exoplanet_pipeline/data/processed/lc_detrended/TIC_159096688.npz,,,,
TIC_159105397,gated,robust rms 0.0305 > 0.02,,,,,
TIC_159106207,done,ok,/Users/sandeep/Workspace/Personal/LunaVisionAi/exoplanet_pipeline/data/processed/lc_detrended/TIC_159106207.npz,34844.0,54.618,0.020424,0.005739
TIC_159107668,skipped,already exists,/Users/sandeep/Workspace/Personal/LunaVisionAi/exoplanet_pipeline/data/processed/lc_detrended/TIC_159107668.npz,,,,
TIC_159117779,skipped,already exists,/Users/sandeep/Workspace/Personal/LunaVisionAi/exoplanet_pipeline/data/processed/lc_detrended/TIC_159117779.npz,,,,
TIC_159160230,skipped,already exists,/Users/sandeep/Workspace/Personal/LunaVisionAi/exoplanet_pipeline/data/processed/lc_detrended/TIC_159160230.npz,,,,
TIC_159216808,done,ok,/Users/sandeep/Workspace/Personal/LunaVisionAi/exoplanet_pipeline/data/processed/lc_detrended/TIC_159216808.npz,37281.0,54.618,0.009445,0.008383
TIC_159225155,gated,robust rms 0.0335 > 0.02,,,,,
TIC_159225367,done,ok,/Users/sandeep/Workspace/Personal/LunaVisionAi/exoplanet_pipeline/data/processed/lc_detrended/TIC_159225367.npz,32880.0,54.618,0.01183,0.010851
TIC_159244568,skipped,already exists,/Users/sandeep/Workspace/Personal/LunaVisionAi/exoplanet_pipeline/data/processed/lc_detrended/TIC_159244568.npz,,,,
TIC_159262969,done,ok,/Users/sandeep/Workspace/Personal/LunaVisionAi/exoplanet_pipeline/data/processed/lc_detrended/TIC_159262969.npz,27940.0,1082.507,0.094097,0.008717
TIC_159301148,gated,robust rms 0.0347 > 0.02,,,,,
TIC_159303995,skipped,already exists,/Users/sandeep/Workspace/Personal/LunaVisionAi/exoplanet_pipeline/data/processed/lc_detrended/TIC_159303995.npz,,,,
TIC_159304134,gated,robust rms 0.0211 > 0.02,,,,,
TIC_159305424,done,ok,/Users/sandeep/Workspace/Personal/LunaVisionAi/exoplanet_pipeline/data/processed/lc_detrended/TIC_159305424.npz,32222.0,53.288,0.019233,0.018693
TIC_159334269,done,ok,/Users/sandeep/Workspace/Personal/LunaVisionAi/exoplanet_pipeline/data/processed/lc_detrended/TIC_159334269.npz,32289.0,132.643,0.006967,0.006859
TIC_159377404,gated,robust rms 0.0277 > 0.02,,,,,
TIC_159386728,done,ok,/Users/sandeep/Workspace/Personal/LunaVisionAi/exoplanet_pipeline/data/processed/lc_detrended/TIC_159386728.npz,34264.0,54.618,0.011765,0.007061
TIC_159396818,done,ok,/Users/sandeep/Workspace/Personal/LunaVisionAi/exoplanet_pipeline/data/processed/lc_detrended/TIC_159396818.npz,33663.0,54.618,0.006572,0.005893
TIC_159438097,done,ok,/Users/sandeep/Workspace/Personal/LunaVisionAi/exoplanet_pipeline/data/processed/lc_detrended/TIC_159438097.npz,31864.0,55.245,0.005587,0.005373
TIC_159441326,done,ok,/Users/sandeep/Workspace/Personal/LunaVisionAi/exoplanet_pipeline/data/processed/lc_detrended/TIC_159441326.npz,35089.0,54.618,0.021439,0.010718
TIC_159446957,gated,robust rms 0.0240 > 0.02,,,,,
TIC_159510109,done,ok,/Users/sandeep/Workspace/Personal/LunaVisionAi/exoplanet_pipeline/data/processed/lc_detrended/TIC_159510109.npz,36164.0,54.056,0.011124,0.009751
TIC_159578156,gated,robust rms 0.0218 > 0.02,,,,,
TIC_159642189,gated,robust rms 0.0337 > 0.02,,,,,
TIC_159647910,done,ok,/Users/sandeep/Workspace/Personal/LunaVisionAi/exoplanet_pipeline/data/processed/lc_detrended/TIC_159647910.npz,35252.0,54.618,0.018873,0.016536
TIC_159649595,gated,robust rms 0.0309 > 0.02,,,,,
TIC_159716174,done,ok,/Users/sandeep/Workspace/Personal/LunaVisionAi/exoplanet_pipeline/data/processed/lc_detrended/TIC_159716174.npz,37572.0,54.618,0.030272,0.01677
TIC_159721015,gated,robust rms 0.0738 > 0.02,,,,,
TIC_159721091,skipped,already exists,/Users/sandeep/Workspace/Personal/LunaVisionAi/exoplanet_pipeline/data/processed/lc_detrended/TIC_159721091.npz,,,,
TIC_159727092,gated,robust rms 0.0207 > 0.02,,,,,
TIC_159728250,done,ok,/Users/sandeep/Workspace/Personal/LunaVisionAi/exoplanet_pipeline/data/processed/lc_detrended/TIC_159728250.npz,34108.0,54.618,0.012992,0.007202
TIC_159768168,gated,robust rms 0.0228 > 0.02,,,,,
TIC_159951311,skipped,already exists,/Users/sandeep/Workspace/Personal/LunaVisionAi/exoplanet_pipeline/data/processed/lc_detrended/TIC_159951311.npz,,,,
TIC_160004049,skipped,already exists,/Users/sandeep/Workspace/Personal/LunaVisionAi/exoplanet_pipeline/data/processed/lc_detrended/TIC_160004049.npz,,,,
TIC_16005254,done,ok,/Users/sandeep/Workspace/Personal/LunaVisionAi/exoplanet_pipeline/data/processed/lc_detrended/TIC_16005254.npz,15313.0,24.082,0.008455,0.008356
TIC_160077104,skipped,already exists,/Users/sandeep/Workspace/Personal/LunaVisionAi/exoplanet_pipeline/data/processed/lc_detrended/TIC_160077104.npz,,,,
TIC_160165689,done,ok,/Users/sandeep/Workspace/Personal/LunaVisionAi/exoplanet_pipeline/data/processed/lc_detrended/TIC_160165689.npz,28680.0,50.701,0.017836,0.009249
TIC_160222069,skipped,already exists,/Users/sandeep/Workspace/Personal/LunaVisionAi/exoplanet_pipeline/data/processed/lc_detrended/TIC_160222069.npz,,,,
TIC_160268701,skipped,already exists,/Users/sandeep/Workspace/Personal/LunaVisionAi/exoplanet_pipeline/data/processed/lc_detrended/TIC_160268701.npz,,,,
TIC_160301040,skipped,already exists,/Users/sandeep/Workspace/Personal/LunaVisionAi/exoplanet_pipeline/data/processed/lc_detrended/TIC_160301040.npz,,,,
TIC_160440924,skipped,already exists,/Users/sandeep/Workspace/Personal/LunaVisionAi/exoplanet_pipeline/data/processed/lc_detrended/TIC_160440924.npz,,,,
TIC_160476088,gated,robust rms 0.0201 > 0.02,,,,,
TIC_160521907,done,ok,/Users/sandeep/Workspace/Personal/LunaVisionAi/exoplanet_pipeline/data/processed/lc_detrended/TIC_160521907.npz,32724.0,111.431,0.018551,0.006259
TIC_160618074,done,ok,/Users/sandeep/Workspace/Personal/LunaVisionAi/exoplanet_pipeline/data/processed/lc_detrended/TIC_160618074.npz,31603.0,55.064,0.009296,0.005479
TIC_161450762,skipped,already exists,/Users/sandeep/Workspace/Personal/LunaVisionAi/exoplanet_pipeline/data/processed/lc_detrended/TIC_161450762.npz,,,,
TIC_161687209,done,ok,/Users/sandeep/Workspace/Personal/LunaVisionAi/exoplanet_pipeline/data/processed/lc_detrended/TIC_161687209.npz,22185.0,55.85,0.020168,0.013847
TIC_161687211,done,ok,/Users/sandeep/Workspace/Personal/LunaVisionAi/exoplanet_pipeline/data/processed/lc_detrended/TIC_161687211.npz,22185.0,55.85,0.020168,0.013847
TIC_162246865,skipped,already exists,/Users/sandeep/Workspace/Personal/LunaVisionAi/exoplanet_pipeline/data/processed/lc_detrended/TIC_162246865.npz,,,,
TIC_162362398,skipped,already exists,/Users/sandeep/Workspace/Personal/LunaVisionAi/exoplanet_pipeline/data/processed/lc_detrended/TIC_162362398.npz,,,,
TIC_162494287,skipped,already exists,/Users/sandeep/Workspace/Personal/LunaVisionAi/exoplanet_pipeline/data/processed/lc_detrended/TIC_162494287.npz,,,,
TIC_162695785,skipped,already exists,/Users/sandeep/Workspace/Personal/LunaVisionAi/exoplanet_pipeline/data/processed/lc_detrended/TIC_162695785.npz,,,,
TIC_162729620,skipped,already exists,/Users/sandeep/Workspace/Personal/LunaVisionAi/exoplanet_pipeline/data/processed/lc_detrended/TIC_162729620.npz,,,,
TIC_162802770,skipped,already exists,/Users/sandeep/Workspace/Personal/LunaVisionAi/exoplanet_pipeline/data/processed/lc_detrended/TIC_162802770.npz,,,,
TIC_163029327,skipped,already exists,/Users/sandeep/Workspace/Personal/LunaVisionAi/exoplanet_pipeline/data/processed/lc_detrended/TIC_163029327.npz,,,,
TIC_163164300,done,ok,/Users/sandeep/Workspace/Personal/LunaVisionAi/exoplanet_pipeline/data/processed/lc_detrended/TIC_163164300.npz,37539.0,219.455,0.008293,0.005612
TIC_164150539,done,ok,/Users/sandeep/Workspace/Personal/LunaVisionAi/exoplanet_pipeline/data/processed/lc_detrended/TIC_164150539.npz,136670.0,27.881,0.00265,0.002557
TIC_164280385,skipped,already exists,/Users/sandeep/Workspace/Personal/LunaVisionAi/exoplanet_pipeline/data/processed/lc_detrended/TIC_164280385.npz,,,,
TIC_164414655,done,ok,/Users/sandeep/Workspace/Personal/LunaVisionAi/exoplanet_pipeline/data/processed/lc_detrended/TIC_164414655.npz,37901.0,55.925,0.006911,0.005946
TIC_164456891,done,ok,/Users/sandeep/Workspace/Personal/LunaVisionAi/exoplanet_pipeline/data/processed/lc_detrended/TIC_164456891.npz,31935.0,166.555,0.037052,0.016296
TIC_164457525,done,ok,/Users/sandeep/Workspace/Personal/LunaVisionAi/exoplanet_pipeline/data/processed/lc_detrended/TIC_164457525.npz,34204.0,351.78,0.036982,0.007053
TIC_164458714,skipped,already exists,/Users/sandeep/Workspace/Personal/LunaVisionAi/exoplanet_pipeline/data/processed/lc_detrended/TIC_164458714.npz,,,,
TIC_164525250,skipped,already exists,/Users/sandeep/Workspace/Personal/LunaVisionAi/exoplanet_pipeline/data/processed/lc_detrended/TIC_164525250.npz,,,,
TIC_164527012,gated,robust rms 0.0461 > 0.02,,,,,
TIC_164529393,gated,robust rms 0.0299 > 0.02,,,,,
TIC_164557360,gated,robust rms 0.0351 > 0.02,,,,,
TIC_164560648,gated,robust rms 0.0426 > 0.02,,,,,
TIC_164646661,done,ok,/Users/sandeep/Workspace/Personal/LunaVisionAi/exoplanet_pipeline/data/processed/lc_detrended/TIC_164646661.npz,37872.0,55.925,0.019624,0.018188
TIC_164652841,gated,robust rms 0.0207 > 0.02,,,,,
TIC_164654277,skipped,already exists,/Users/sandeep/Workspace/Personal/LunaVisionAi/exoplanet_pipeline/data/processed/lc_detrended/TIC_164654277.npz,,,,
TIC_164671591,gated,robust rms 0.0258 > 0.02,,,,,
TIC_164671623,gated,robust rms 0.0292 > 0.02,,,,,
TIC_164674711,done,ok,/Users/sandeep/Workspace/Personal/LunaVisionAi/exoplanet_pipeline/data/processed/lc_detrended/TIC_164674711.npz,37930.0,55.925,0.037309,0.015677
TIC_164721823,gated,robust rms 0.0257 > 0.02,,,,,
TIC_164726831,gated,robust rms 0.0338 > 0.02,,,,,
TIC_164781116,skipped,already exists,/Users/sandeep/Workspace/Personal/LunaVisionAi/exoplanet_pipeline/data/processed/lc_detrended/TIC_164781116.npz,,,,
TIC_164781761,gated,robust rms 0.0262 > 0.02,,,,,
TIC_164784178,gated,robust rms 0.0309 > 0.02,,,,,
TIC_164785771,gated,robust rms 0.0206 > 0.02,,,,,
TIC_164827658,gated,robust rms 0.0278 > 0.02,,,,,
TIC_164828419,done,ok,/Users/sandeep/Workspace/Personal/LunaVisionAi/exoplanet_pipeline/data/processed/lc_detrended/TIC_164828419.npz,37930.0,55.925,0.030901,0.018771
TIC_164830167,done,ok,/Users/sandeep/Workspace/Personal/LunaVisionAi/exoplanet_pipeline/data/processed/lc_detrended/TIC_164830167.npz,35656.0,54.618,0.017413,0.008422
TIC_164882868,gated,robust rms 0.0239 > 0.02,,,,,
TIC_164884235,skipped,already exists,/Users/sandeep/Workspace/Personal/LunaVisionAi/exoplanet_pipeline/data/processed/lc_detrended/TIC_164884235.npz,,,,
TIC_164886812,skipped,already exists,/Users/sandeep/Workspace/Personal/LunaVisionAi/exoplanet_pipeline/data/processed/lc_detrended/TIC_164886812.npz,,,,
TIC_164891054,gated,robust rms 0.0343 > 0.02,,,,,
TIC_165317334,skipped,already exists,/Users/sandeep/Workspace/Personal/LunaVisionAi/exoplanet_pipeline/data/processed/lc_detrended/TIC_165317334.npz,,,,
TIC_165523947,skipped,already exists,/Users/sandeep/Workspace/Personal/LunaVisionAi/exoplanet_pipeline/data/processed/lc_detrended/TIC_165523947.npz,,,,
TIC_165885558,skipped,already exists,/Users/sandeep/Workspace/Personal/LunaVisionAi/exoplanet_pipeline/data/processed/lc_detrended/TIC_165885558.npz,,,,
TIC_166190643,skipped,already exists,/Users/sandeep/Workspace/Personal/LunaVisionAi/exoplanet_pipeline/data/processed/lc_detrended/TIC_166190643.npz,,,,
TIC_166646191,skipped,already exists,/Users/sandeep/Workspace/Personal/LunaVisionAi/exoplanet_pipeline/data/processed/lc_detrended/TIC_166646191.npz,,,,
TIC_166648874,done,ok,/Users/sandeep/Workspace/Personal/LunaVisionAi/exoplanet_pipeline/data/processed/lc_detrended/TIC_166648874.npz,30819.0,735.143,0.03895,0.005233
TIC_166806344,gated,robust rms 0.0232 > 0.02,,,,,
TIC_167009792,skipped,already exists,/Users/sandeep/Workspace/Personal/LunaVisionAi/exoplanet_pipeline/data/processed/lc_detrended/TIC_167009792.npz,,,,
TIC_167031605,skipped,already exists,/Users/sandeep/Workspace/Personal/LunaVisionAi/exoplanet_pipeline/data/processed/lc_detrended/TIC_167031605.npz,,,,
TIC_167092385,skipped,already exists,/Users/sandeep/Workspace/Personal/LunaVisionAi/exoplanet_pipeline/data/processed/lc_detrended/TIC_167092385.npz,,,,
TIC_167342439,skipped,already exists,/Users/sandeep/Workspace/Personal/LunaVisionAi/exoplanet_pipeline/data/processed/lc_detrended/TIC_167342439.npz,,,,
TIC_16740101,skipped,already exists,/Users/sandeep/Workspace/Personal/LunaVisionAi/exoplanet_pipeline/data/processed/lc_detrended/TIC_16740101.npz,,,,
TIC_167714124,done,ok,/Users/sandeep/Workspace/Personal/LunaVisionAi/exoplanet_pipeline/data/processed/lc_detrended/TIC_167714124.npz,29361.0,57.372,0.005645,0.005513
TIC_167754523,skipped,already exists,/Users/sandeep/Workspace/Personal/LunaVisionAi/exoplanet_pipeline/data/processed/lc_detrended/TIC_167754523.npz,,,,
TIC_168191686,done,ok,/Users/sandeep/Workspace/Personal/LunaVisionAi/exoplanet_pipeline/data/processed/lc_detrended/TIC_168191686.npz,13275.0,22.647,0.01143,0.01084
TIC_168449943,done,ok,/Users/sandeep/Workspace/Personal/LunaVisionAi/exoplanet_pipeline/data/processed/lc_detrended/TIC_168449943.npz,35056.0,757.989,0.076628,0.012176
TIC_168936945,gated,robust rms 0.0348 > 0.02,,,,,
TIC_169083837,gated,robust rms 0.0254 > 0.02,,,,,
TIC_16909043,skipped,already exists,/Users/sandeep/Workspace/Personal/LunaVisionAi/exoplanet_pipeline/data/processed/lc_detrended/TIC_16909043.npz,,,,
TIC_169175503,done,ok,/Users/sandeep/Workspace/Personal/LunaVisionAi/exoplanet_pipeline/data/processed/lc_detrended/TIC_169175503.npz,33548.0,54.055,0.0353,0.010138
TIC_169176340,gated,robust rms 0.0241 > 0.02,,,,,
TIC_169176556,done,ok,/Users/sandeep/Workspace/Personal/LunaVisionAi/exoplanet_pipeline/data/processed/lc_detrended/TIC_169176556.npz,37720.0,54.618,0.037158,0.012533
TIC_16917838,skipped,already exists,/Users/sandeep/Workspace/Personal/LunaVisionAi/exoplanet_pipeline/data/processed/lc_detrended/TIC_16917838.npz,,,,
TIC_169180792,skipped,already exists,/Users/sandeep/Workspace/Personal/LunaVisionAi/exoplanet_pipeline/data/processed/lc_detrended/TIC_169180792.npz,,,,
TIC_169187982,done,ok,/Users/sandeep/Workspace/Personal/LunaVisionAi/exoplanet_pipeline/data/processed/lc_detrended/TIC_169187982.npz,36779.0,54.364,0.082379,0.01359
TIC_169226822,done,ok,/Users/sandeep/Workspace/Personal/LunaVisionAi/exoplanet_pipeline/data/processed/lc_detrended/TIC_169226822.npz,98059.0,735.599,0.004771,0.003326
TIC_169448771,skipped,already exists,/Users/sandeep/Workspace/Personal/LunaVisionAi/exoplanet_pipeline/data/processed/lc_detrended/TIC_169448771.npz,,,,
TIC_169457234,gated,robust rms 0.0640 > 0.02,,,,,
TIC_169459324,gated,robust rms 0.4094 > 0.02,,,,,
TIC_169532369,skipped,already exists,/Users/sandeep/Workspace/Personal/LunaVisionAi/exoplanet_pipeline/data/processed/lc_detrended/TIC_169532369.npz,,,,
TIC_169765334,skipped,already exists,/Users/sandeep/Workspace/Personal/LunaVisionAi/exoplanet_pipeline/data/processed/lc_detrended/TIC_169765334.npz,,,,
TIC_169814632,done,ok,/Users/sandeep/Workspace/Personal/LunaVisionAi/exoplanet_pipeline/data/processed/lc_detrended/TIC_169814632.npz,37166.0,54.618,0.01774,0.005723
TIC_169904935,skipped,already exists,/Users/sandeep/Workspace/Personal/LunaVisionAi/exoplanet_pipeline/data/processed/lc_detrended/TIC_169904935.npz,,,,
TIC_169932440,gated,robust rms 0.0310 > 0.02,,,,,
TIC_17005768,skipped,already exists,/Users/sandeep/Workspace/Personal/LunaVisionAi/exoplanet_pipeline/data/processed/lc_detrended/TIC_17005768.npz,,,,
TIC_170221808,done,ok,/Users/sandeep/Workspace/Personal/LunaVisionAi/exoplanet_pipeline/data/processed/lc_detrended/TIC_170221808.npz,33070.0,52.568,0.008824,0.008568
TIC_170344769,done,ok,/Users/sandeep/Workspace/Personal/LunaVisionAi/exoplanet_pipeline/data/processed/lc_detrended/TIC_170344769.npz,27607.0,54.055,0.08732,0.030204
TIC_170466784,done,ok,/Users/sandeep/Workspace/Personal/LunaVisionAi/exoplanet_pipeline/data/processed/lc_detrended/TIC_170466784.npz,28434.0,379.165,0.017267,0.006434
TIC_170627138,skipped,already exists,/Users/sandeep/Workspace/Personal/LunaVisionAi/exoplanet_pipeline/data/processed/lc_detrended/TIC_170627138.npz,,,,
TIC_170729775,skipped,already exists,/Users/sandeep/Workspace/Personal/LunaVisionAi/exoplanet_pipeline/data/processed/lc_detrended/TIC_170729775.npz,,,,
TIC_17129975,skipped,already exists,/Users/sandeep/Workspace/Personal/LunaVisionAi/exoplanet_pipeline/data/processed/lc_detrended/TIC_17129975.npz,,,,
TIC_171502232,done,ok,/Users/sandeep/Workspace/Personal/LunaVisionAi/exoplanet_pipeline/data/processed/lc_detrended/TIC_171502232.npz,37565.0,54.618,0.071515,0.013633
TIC_17150865,done,ok,/Users/sandeep/Workspace/Personal/LunaVisionAi/exoplanet_pipeline/data/processed/lc_detrended/TIC_17150865.npz,31454.0,50.276,0.06521,0.007026
TIC_171585303,skipped,already exists,/Users/sandeep/Workspace/Personal/LunaVisionAi/exoplanet_pipeline/data/processed/lc_detrended/TIC_171585303.npz,,,,
TIC_171883078,skipped,already exists,/Users/sandeep/Workspace/Personal/LunaVisionAi/exoplanet_pipeline/data/processed/lc_detrended/TIC_171883078.npz,,,,
TIC_171922657,skipped,already exists,/Users/sandeep/Workspace/Personal/LunaVisionAi/exoplanet_pipeline/data/processed/lc_detrended/TIC_171922657.npz,,,,
TIC_171971636,skipped,already exists,/Users/sandeep/Workspace/Personal/LunaVisionAi/exoplanet_pipeline/data/processed/lc_detrended/TIC_171971636.npz,,,,
TIC_172353721,done,ok,/Users/sandeep/Workspace/Personal/LunaVisionAi/exoplanet_pipeline/data/processed/lc_detrended/TIC_172353721.npz,27579.0,322.474,0.055414,0.011671
TIC_172464366,skipped,already exists,/Users/sandeep/Workspace/Personal/LunaVisionAi/exoplanet_pipeline/data/processed/lc_detrended/TIC_172464366.npz,,,,
TIC_172630205,skipped,already exists,/Users/sandeep/Workspace/Personal/LunaVisionAi/exoplanet_pipeline/data/processed/lc_detrended/TIC_172630205.npz,,,,
TIC_173176491,done,ok,/Users/sandeep/Workspace/Personal/LunaVisionAi/exoplanet_pipeline/data/processed/lc_detrended/TIC_173176491.npz,35321.0,731.02,0.081585,0.00614
TIC_173711153,done,ok,/Users/sandeep/Workspace/Personal/LunaVisionAi/exoplanet_pipeline/data/processed/lc_detrended/TIC_173711153.npz,32082.0,756.985,0.050198,0.005177
TIC_17385917,skipped,already exists,/Users/sandeep/Workspace/Personal/LunaVisionAi/exoplanet_pipeline/data/processed/lc_detrended/TIC_17385917.npz,,,,
TIC_174070181,done,ok,/Users/sandeep/Workspace/Personal/LunaVisionAi/exoplanet_pipeline/data/processed/lc_detrended/TIC_174070181.npz,30832.0,346.933,0.124804,0.014417
TIC_174143743,skipped,already exists,/Users/sandeep/Workspace/Personal/LunaVisionAi/exoplanet_pipeline/data/processed/lc_detrended/TIC_174143743.npz,,,,
TIC_17416749,skipped,already exists,/Users/sandeep/Workspace/Personal/LunaVisionAi/exoplanet_pipeline/data/processed/lc_detrended/TIC_17416749.npz,,,,
TIC_174328045,skipped,already exists,/Users/sandeep/Workspace/Personal/LunaVisionAi/exoplanet_pipeline/data/processed/lc_detrended/TIC_174328045.npz,,,,
TIC_175079720,done,ok,/Users/sandeep/Workspace/Personal/LunaVisionAi/exoplanet_pipeline/data/processed/lc_detrended/TIC_175079720.npz,108775.0,23.912,0.012201,0.011512
TIC_175180796,skipped,already exists,/Users/sandeep/Workspace/Personal/LunaVisionAi/exoplanet_pipeline/data/processed/lc_detrended/TIC_175180796.npz,,,,
TIC_175233369,skipped,already exists,/Users/sandeep/Workspace/Personal/LunaVisionAi/exoplanet_pipeline/data/processed/lc_detrended/TIC_175233369.npz,,,,
TIC_175262071,skipped,already exists,/Users/sandeep/Workspace/Personal/LunaVisionAi/exoplanet_pipeline/data/processed/lc_detrended/TIC_175262071.npz,,,,
TIC_175310067,done,ok,/Users/sandeep/Workspace/Personal/LunaVisionAi/exoplanet_pipeline/data/processed/lc_detrended/TIC_175310067.npz,118321.0,25.059,0.003455,0.003309
TIC_17538423,skipped,already exists,/Users/sandeep/Workspace/Personal/LunaVisionAi/exoplanet_pipeline/data/processed/lc_detrended/TIC_17538423.npz,,,,
TIC_175477257,skipped,already exists,/Users/sandeep/Workspace/Personal/LunaVisionAi/exoplanet_pipeline/data/processed/lc_detrended/TIC_175477257.npz,,,,
TIC_175604949,skipped,already exists,/Users/sandeep/Workspace/Personal/LunaVisionAi/exoplanet_pipeline/data/processed/lc_detrended/TIC_175604949.npz,,,,
TIC_176082442,skipped,already exists,/Users/sandeep/Workspace/Personal/LunaVisionAi/exoplanet_pipeline/data/processed/lc_detrended/TIC_176082442.npz,,,,
TIC_176778112,skipped,already exists,/Users/sandeep/Workspace/Personal/LunaVisionAi/exoplanet_pipeline/data/processed/lc_detrended/TIC_176778112.npz,,,,
TIC_177115354,skipped,already exists,/Users/sandeep/Workspace/Personal/LunaVisionAi/exoplanet_pipeline/data/processed/lc_detrended/TIC_177115354.npz,,,,
TIC_177126182,skipped,already exists,/Users/sandeep/Workspace/Personal/LunaVisionAi/exoplanet_pipeline/data/processed/lc_detrended/TIC_177126182.npz,,,,
TIC_177612321,done,ok,/Users/sandeep/Workspace/Personal/LunaVisionAi/exoplanet_pipeline/data/processed/lc_detrended/TIC_177612321.npz,13626.0,22.906,0.008534,0.008226
TIC_177718896,skipped,already exists,/Users/sandeep/Workspace/Personal/LunaVisionAi/exoplanet_pipeline/data/processed/lc_detrended/TIC_177718896.npz,,,,
TIC_177722855,skipped,already exists,/Users/sandeep/Workspace/Personal/LunaVisionAi/exoplanet_pipeline/data/processed/lc_detrended/TIC_177722855.npz,,,,
TIC_178577607,done,ok,/Users/sandeep/Workspace/Personal/LunaVisionAi/exoplanet_pipeline/data/processed/lc_detrended/TIC_178577607.npz,14115.0,23.05,0.009608,0.009524
TIC_178657161,skipped,already exists,/Users/sandeep/Workspace/Personal/LunaVisionAi/exoplanet_pipeline/data/processed/lc_detrended/TIC_178657161.npz,,,,
TIC_178879588,done,ok,/Users/sandeep/Workspace/Personal/LunaVisionAi/exoplanet_pipeline/data/processed/lc_detrended/TIC_178879588.npz,204219.0,55.575,0.020433,0.01949
TIC_178959058,skipped,already exists,/Users/sandeep/Workspace/Personal/LunaVisionAi/exoplanet_pipeline/data/processed/lc_detrended/TIC_178959058.npz,,,,
TIC_179034327,skipped,already exists,/Users/sandeep/Workspace/Personal/LunaVisionAi/exoplanet_pipeline/data/processed/lc_detrended/TIC_179034327.npz,,,,
TIC_179155220,skipped,already exists,/Users/sandeep/Workspace/Personal/LunaVisionAi/exoplanet_pipeline/data/processed/lc_detrended/TIC_179155220.npz,,,,
TIC_179159972,skipped,already exists,/Users/sandeep/Workspace/Personal/LunaVisionAi/exoplanet_pipeline/data/processed/lc_detrended/TIC_179159972.npz,,,,
TIC_179317684,skipped,already exists,/Users/sandeep/Workspace/Personal/LunaVisionAi/exoplanet_pipeline/data/processed/lc_detrended/TIC_179317684.npz,,,,
TIC_179319057,skipped,already exists,/Users/sandeep/Workspace/Personal/LunaVisionAi/exoplanet_pipeline/data/processed/lc_detrended/TIC_179319057.npz,,,,
TIC_179442778,done,ok,/Users/sandeep/Workspace/Personal/LunaVisionAi/exoplanet_pipeline/data/processed/lc_detrended/TIC_179442778.npz,31941.0,49.32,0.02647,0.006112
TIC_179582003,skipped,already exists,/Users/sandeep/Workspace/Personal/LunaVisionAi/exoplanet_pipeline/data/processed/lc_detrended/TIC_179582003.npz,,,,
TIC_17993892,skipped,already exists,/Users/sandeep/Workspace/Personal/LunaVisionAi/exoplanet_pipeline/data/processed/lc_detrended/TIC_17993892.npz,,,,
TIC_18017227,skipped,already exists,/Users/sandeep/Workspace/Personal/LunaVisionAi/exoplanet_pipeline/data/processed/lc_detrended/TIC_18017227.npz,,,,
TIC_180652891,skipped,already exists,/Users/sandeep/Workspace/Personal/LunaVisionAi/exoplanet_pipeline/data/processed/lc_detrended/TIC_180652891.npz,,,,
TIC_180987952,skipped,already exists,/Users/sandeep/Workspace/Personal/LunaVisionAi/exoplanet_pipeline/data/processed/lc_detrended/TIC_180987952.npz,,,,
TIC_1813844121,done,ok,/Users/sandeep/Workspace/Personal/LunaVisionAi/exoplanet_pipeline/data/processed/lc_detrended/TIC_1813844121.npz,28255.0,52.132,0.010821,0.005492
TIC_181741837,skipped,already exists,/Users/sandeep/Workspace/Personal/LunaVisionAi/exoplanet_pipeline/data/processed/lc_detrended/TIC_181741837.npz,,,,
TIC_182943944,skipped,already exists,/Users/sandeep/Workspace/Personal/LunaVisionAi/exoplanet_pipeline/data/processed/lc_detrended/TIC_182943944.npz,,,,
TIC_182992572,skipped,already exists,/Users/sandeep/Workspace/Personal/LunaVisionAi/exoplanet_pipeline/data/processed/lc_detrended/TIC_182992572.npz,,,,
TIC_183120439,done,ok,/Users/sandeep/Workspace/Personal/LunaVisionAi/exoplanet_pipeline/data/processed/lc_detrended/TIC_183120439.npz,116934.0,406.723,0.006552,0.006058
TIC_183532609,skipped,already exists,/Users/sandeep/Workspace/Personal/LunaVisionAi/exoplanet_pipeline/data/processed/lc_detrended/TIC_183532609.npz,,,,
TIC_183537452,done,ok,/Users/sandeep/Workspace/Personal/LunaVisionAi/exoplanet_pipeline/data/processed/lc_detrended/TIC_183537452.npz,107769.0,758.513,0.003636,0.002899
TIC_184167421,done,ok,/Users/sandeep/Workspace/Personal/LunaVisionAi/exoplanet_pipeline/data/processed/lc_detrended/TIC_184167421.npz,35929.0,376.139,0.031748,0.008346
TIC_184417262,done,ok,/Users/sandeep/Workspace/Personal/LunaVisionAi/exoplanet_pipeline/data/processed/lc_detrended/TIC_184417262.npz,36309.0,54.618,0.005895,0.00565
TIC_184417747,gated,robust rms 0.0523 > 0.02,,,,,
TIC_184427149,done,ok,/Users/sandeep/Workspace/Personal/LunaVisionAi/exoplanet_pipeline/data/processed/lc_detrended/TIC_184427149.npz,37357.0,54.618,0.008201,0.006549
TIC_184427882,gated,robust rms 0.0649 > 0.02,,,,,
TIC_184471242,gated,robust rms 0.0377 > 0.02,,,,,
TIC_184521624,done,ok,/Users/sandeep/Workspace/Personal/LunaVisionAi/exoplanet_pipeline/data/processed/lc_detrended/TIC_184521624.npz,36316.0,54.618,0.031817,0.015136
TIC_184556217,done,ok,/Users/sandeep/Workspace/Personal/LunaVisionAi/exoplanet_pipeline/data/processed/lc_detrended/TIC_184556217.npz,36057.0,947.487,0.048034,0.019177
TIC_184679932,skipped,already exists,/Users/sandeep/Workspace/Personal/LunaVisionAi/exoplanet_pipeline/data/processed/lc_detrended/TIC_184679932.npz,,,,
TIC_184739529,skipped,already exists,/Users/sandeep/Workspace/Personal/LunaVisionAi/exoplanet_pipeline/data/processed/lc_detrended/TIC_184739529.npz,,,,
TIC_184869170,skipped,already exists,/Users/sandeep/Workspace/Personal/LunaVisionAi/exoplanet_pipeline/data/processed/lc_detrended/TIC_184869170.npz,,,,
TIC_184952758,skipped,already exists,/Users/sandeep/Workspace/Personal/LunaVisionAi/exoplanet_pipeline/data/processed/lc_detrended/TIC_184952758.npz,,,,
TIC_185226925,skipped,already exists,/Users/sandeep/Workspace/Personal/LunaVisionAi/exoplanet_pipeline/data/processed/lc_detrended/TIC_185226925.npz,,,,
TIC_186000935,skipped,already exists,/Users/sandeep/Workspace/Personal/LunaVisionAi/exoplanet_pipeline/data/processed/lc_detrended/TIC_186000935.npz,,,,
TIC_186459119,done,ok,/Users/sandeep/Workspace/Personal/LunaVisionAi/exoplanet_pipeline/data/processed/lc_detrended/TIC_186459119.npz,31722.0,50.236,0.028499,0.006224
TIC_186541435,skipped,already exists,/Users/sandeep/Workspace/Personal/LunaVisionAi/exoplanet_pipeline/data/processed/lc_detrended/TIC_186541435.npz,,,,
TIC_186599508,skipped,already exists,/Users/sandeep/Workspace/Personal/LunaVisionAi/exoplanet_pipeline/data/processed/lc_detrended/TIC_186599508.npz,,,,
TIC_186814470,skipped,already exists,/Users/sandeep/Workspace/Personal/LunaVisionAi/exoplanet_pipeline/data/processed/lc_detrended/TIC_186814470.npz,,,,
TIC_186989177,skipped,already exists,/Users/sandeep/Workspace/Personal/LunaVisionAi/exoplanet_pipeline/data/processed/lc_detrended/TIC_186989177.npz,,,,
TIC_1870990135,done,ok,/Users/sandeep/Workspace/Personal/LunaVisionAi/exoplanet_pipeline/data/processed/lc_detrended/TIC_1870990135.npz,32177.0,54.364,0.028823,0.013043
TIC_187273811,done,ok,/Users/sandeep/Workspace/Personal/LunaVisionAi/exoplanet_pipeline/data/processed/lc_detrended/TIC_187273811.npz,79779.0,23.737,0.007209,0.007
TIC_187278212,skipped,already exists,/Users/sandeep/Workspace/Personal/LunaVisionAi/exoplanet_pipeline/data/processed/lc_detrended/TIC_187278212.npz,,,,
TIC_187532854,skipped,already exists,/Users/sandeep/Workspace/Personal/LunaVisionAi/exoplanet_pipeline/data/processed/lc_detrended/TIC_187532854.npz,,,,
TIC_188509935,skipped,already exists,/Users/sandeep/Workspace/Personal/LunaVisionAi/exoplanet_pipeline/data/processed/lc_detrended/TIC_188509935.npz,,,,
TIC_188593930,skipped,already exists,/Users/sandeep/Workspace/Personal/LunaVisionAi/exoplanet_pipeline/data/processed/lc_detrended/TIC_188593930.npz,,,,
TIC_188646744,skipped,already exists,/Users/sandeep/Workspace/Personal/LunaVisionAi/exoplanet_pipeline/data/processed/lc_detrended/TIC_188646744.npz,,,,
TIC_188800346,done,ok,/Users/sandeep/Workspace/Personal/LunaVisionAi/exoplanet_pipeline/data/processed/lc_detrended/TIC_188800346.npz,38471.0,54.992,0.015652,0.012761
TIC_188865842,done,ok,/Users/sandeep/Workspace/Personal/LunaVisionAi/exoplanet_pipeline/data/processed/lc_detrended/TIC_188865842.npz,34031.0,1082.678,0.1511,0.016449
TIC_188989177,skipped,already exists,/Users/sandeep/Workspace/Personal/LunaVisionAi/exoplanet_pipeline/data/processed/lc_detrended/TIC_188989177.npz,,,,
TIC_189620016,skipped,already exists,/Users/sandeep/Workspace/Personal/LunaVisionAi/exoplanet_pipeline/data/processed/lc_detrended/TIC_189620016.npz,,,,
TIC_190223929,skipped,already exists,/Users/sandeep/Workspace/Personal/LunaVisionAi/exoplanet_pipeline/data/processed/lc_detrended/TIC_190223929.npz,,,,
TIC_190271688,skipped,already exists,/Users/sandeep/Workspace/Personal/LunaVisionAi/exoplanet_pipeline/data/processed/lc_detrended/TIC_190271688.npz,,,,
TIC_190998418,skipped,already exists,/Users/sandeep/Workspace/Personal/LunaVisionAi/exoplanet_pipeline/data/processed/lc_detrended/TIC_190998418.npz,,,,
TIC_19155785,skipped,already exists,/Users/sandeep/Workspace/Personal/LunaVisionAi/exoplanet_pipeline/data/processed/lc_detrended/TIC_19155785.npz,,,,
TIC_191998744,skipped,already exists,/Users/sandeep/Workspace/Personal/LunaVisionAi/exoplanet_pipeline/data/processed/lc_detrended/TIC_191998744.npz,,,,
TIC_192076548,skipped,already exists,/Users/sandeep/Workspace/Personal/LunaVisionAi/exoplanet_pipeline/data/processed/lc_detrended/TIC_192076548.npz,,,,
TIC_192372961,skipped,already exists,/Users/sandeep/Workspace/Personal/LunaVisionAi/exoplanet_pipeline/data/processed/lc_detrended/TIC_192372961.npz,,,,
TIC_192520375,skipped,already exists,/Users/sandeep/Workspace/Personal/LunaVisionAi/exoplanet_pipeline/data/processed/lc_detrended/TIC_192520375.npz,,,,
TIC_193628179,skipped,already exists,/Users/sandeep/Workspace/Personal/LunaVisionAi/exoplanet_pipeline/data/processed/lc_detrended/TIC_193628179.npz,,,,
TIC_19447218,done,ok,/Users/sandeep/Workspace/Personal/LunaVisionAi/exoplanet_pipeline/data/processed/lc_detrended/TIC_19447218.npz,27273.0,1108.181,0.009875,0.009644
TIC_19451711,skipped,already exists,/Users/sandeep/Workspace/Personal/LunaVisionAi/exoplanet_pipeline/data/processed/lc_detrended/TIC_19451711.npz,,,,
TIC_195093356,done,ok,/Users/sandeep/Workspace/Personal/LunaVisionAi/exoplanet_pipeline/data/processed/lc_detrended/TIC_195093356.npz,34119.0,219.467,0.026751,0.006061
TIC_195199644,skipped,already exists,/Users/sandeep/Workspace/Personal/LunaVisionAi/exoplanet_pipeline/data/processed/lc_detrended/TIC_195199644.npz,,,,
TIC_195382102,skipped,already exists,/Users/sandeep/Workspace/Personal/LunaVisionAi/exoplanet_pipeline/data/processed/lc_detrended/TIC_195382102.npz,,,,
TIC_19547831,done,ok,/Users/sandeep/Workspace/Personal/LunaVisionAi/exoplanet_pipeline/data/processed/lc_detrended/TIC_19547831.npz,36154.0,757.207,0.005722,0.005419
TIC_195606729,done,ok,/Users/sandeep/Workspace/Personal/LunaVisionAi/exoplanet_pipeline/data/processed/lc_detrended/TIC_195606729.npz,38479.0,54.992,0.007767,0.005088
TIC_19631691,skipped,already exists,/Users/sandeep/Workspace/Personal/LunaVisionAi/exoplanet_pipeline/data/processed/lc_detrended/TIC_19631691.npz,,,,
TIC_196474344,done,ok,/Users/sandeep/Workspace/Personal/LunaVisionAi/exoplanet_pipeline/data/processed/lc_detrended/TIC_196474344.npz,27542.0,51.454,0.031808,0.007444
TIC_197039766,skipped,already exists,/Users/sandeep/Workspace/Personal/LunaVisionAi/exoplanet_pipeline/data/processed/lc_detrended/TIC_197039766.npz,,,,
TIC_197650870,skipped,already exists,/Users/sandeep/Workspace/Personal/LunaVisionAi/exoplanet_pipeline/data/processed/lc_detrended/TIC_197650870.npz,,,,
TIC_197808753,skipped,already exists,/Users/sandeep/Workspace/Personal/LunaVisionAi/exoplanet_pipeline/data/processed/lc_detrended/TIC_197808753.npz,,,,
TIC_1979500576,skipped,already exists,/Users/sandeep/Workspace/Personal/LunaVisionAi/exoplanet_pipeline/data/processed/lc_detrended/TIC_1979500576.npz,,,,
TIC_197959526,done,ok,/Users/sandeep/Workspace/Personal/LunaVisionAi/exoplanet_pipeline/data/processed/lc_detrended/TIC_197959526.npz,13650.0,22.707,0.012625,0.009693
TIC_198077394,skipped,already exists,/Users/sandeep/Workspace/Personal/LunaVisionAi/exoplanet_pipeline/data/processed/lc_detrended/TIC_198077394.npz,,,,
TIC_198153540,skipped,already exists,/Users/sandeep/Workspace/Personal/LunaVisionAi/exoplanet_pipeline/data/processed/lc_detrended/TIC_198153540.npz,,,,
TIC_198178505,skipped,already exists,/Users/sandeep/Workspace/Personal/LunaVisionAi/exoplanet_pipeline/data/processed/lc_detrended/TIC_198178505.npz,,,,
TIC_198185513,done,ok,/Users/sandeep/Workspace/Personal/LunaVisionAi/exoplanet_pipeline/data/processed/lc_detrended/TIC_198185513.npz,25530.0,53.77,0.069111,0.011523
TIC_198186769,skipped,already exists,/Users/sandeep/Workspace/Personal/LunaVisionAi/exoplanet_pipeline/data/processed/lc_detrended/TIC_198186769.npz,,,,
TIC_198211976,skipped,already exists,/Users/sandeep/Workspace/Personal/LunaVisionAi/exoplanet_pipeline/data/processed/lc_detrended/TIC_198211976.npz,,,,
TIC_198212955,skipped,already exists,/Users/sandeep/Workspace/Personal/LunaVisionAi/exoplanet_pipeline/data/processed/lc_detrended/TIC_198212955.npz,,,,
TIC_198241702,skipped,already exists,/Users/sandeep/Workspace/Personal/LunaVisionAi/exoplanet_pipeline/data/processed/lc_detrended/TIC_198241702.npz,,,,
TIC_198360694,skipped,already exists,/Users/sandeep/Workspace/Personal/LunaVisionAi/exoplanet_pipeline/data/processed/lc_detrended/TIC_198360694.npz,,,,
TIC_198385543,skipped,already exists,/Users/sandeep/Workspace/Personal/LunaVisionAi/exoplanet_pipeline/data/processed/lc_detrended/TIC_198385543.npz,,,,
TIC_198456933,skipped,already exists,/Users/sandeep/Workspace/Personal/LunaVisionAi/exoplanet_pipeline/data/processed/lc_detrended/TIC_198456933.npz,,,,
TIC_198457103,skipped,already exists,/Users/sandeep/Workspace/Personal/LunaVisionAi/exoplanet_pipeline/data/processed/lc_detrended/TIC_198457103.npz,,,,
TIC_198588220,skipped,already exists,/Users/sandeep/Workspace/Personal/LunaVisionAi/exoplanet_pipeline/data/processed/lc_detrended/TIC_198588220.npz,,,,
TIC_198610218,done,ok,/Users/sandeep/Workspace/Personal/LunaVisionAi/exoplanet_pipeline/data/processed/lc_detrended/TIC_198610218.npz,36884.0,378.325,0.011501,0.005476
TIC_198725468,skipped,already exists,/Users/sandeep/Workspace/Personal/LunaVisionAi/exoplanet_pipeline/data/processed/lc_detrended/TIC_198725468.npz,,,,
TIC_199376584,skipped,already exists,/Users/sandeep/Workspace/Personal/LunaVisionAi/exoplanet_pipeline/data/processed/lc_detrended/TIC_199376584.npz,,,,
TIC_199688472,skipped,already exists,/Users/sandeep/Workspace/Personal/LunaVisionAi/exoplanet_pipeline/data/processed/lc_detrended/TIC_199688472.npz,,,,
TIC_199721945,done,ok,/Users/sandeep/Workspace/Personal/LunaVisionAi/exoplanet_pipeline/data/processed/lc_detrended/TIC_199721945.npz,36354.0,216.683,0.022375,0.007085
TIC_200215494,skipped,already exists,/Users/sandeep/Workspace/Personal/LunaVisionAi/exoplanet_pipeline/data/processed/lc_detrended/TIC_200215494.npz,,,,
TIC_200435203,done,ok,/Users/sandeep/Workspace/Personal/LunaVisionAi/exoplanet_pipeline/data/processed/lc_detrended/TIC_200435203.npz,28673.0,57.371,0.006044,0.005576
TIC_200658785,skipped,already exists,/Users/sandeep/Workspace/Personal/LunaVisionAi/exoplanet_pipeline/data/processed/lc_detrended/TIC_200658785.npz,,,,
TIC_200807066,skipped,already exists,/Users/sandeep/Workspace/Personal/LunaVisionAi/exoplanet_pipeline/data/processed/lc_detrended/TIC_200807066.npz,,,,
TIC_2010186093,skipped,already exists,/Users/sandeep/Workspace/Personal/LunaVisionAi/exoplanet_pipeline/data/processed/lc_detrended/TIC_2010186093.npz,,,,
TIC_201233610,done,ok,/Users/sandeep/Workspace/Personal/LunaVisionAi/exoplanet_pipeline/data/processed/lc_detrended/TIC_201233610.npz,28380.0,50.656,0.00713,0.006206
TIC_201248411,skipped,already exists,/Users/sandeep/Workspace/Personal/LunaVisionAi/exoplanet_pipeline/data/processed/lc_detrended/TIC_201248411.npz,,,,
TIC_201642601,done,ok,/Users/sandeep/Workspace/Personal/LunaVisionAi/exoplanet_pipeline/data/processed/lc_detrended/TIC_201642601.npz,113312.0,405.839,0.021046,0.017341
TIC_201660996,skipped,already exists,/Users/sandeep/Workspace/Personal/LunaVisionAi/exoplanet_pipeline/data/processed/lc_detrended/TIC_201660996.npz,,,,
TIC_20178111,skipped,already exists,/Users/sandeep/Workspace/Personal/LunaVisionAi/exoplanet_pipeline/data/processed/lc_detrended/TIC_20178111.npz,,,,
TIC_20182780,done,ok,/Users/sandeep/Workspace/Personal/LunaVisionAi/exoplanet_pipeline/data/processed/lc_detrended/TIC_20182780.npz,18096.0,52.262,0.015721,0.011567
TIC_202428245,skipped,already exists,/Users/sandeep/Workspace/Personal/LunaVisionAi/exoplanet_pipeline/data/processed/lc_detrended/TIC_202428245.npz,,,,
TIC_202468443,gated,robust rms 0.0515 > 0.02,,,,,
TIC_202869426,gated,robust rms 0.0291 > 0.02,,,,,
TIC_202941251,skipped,already exists,/Users/sandeep/Workspace/Personal/LunaVisionAi/exoplanet_pipeline/data/processed/lc_detrended/TIC_202941251.npz,,,,
TIC_20303110,skipped,already exists,/Users/sandeep/Workspace/Personal/LunaVisionAi/exoplanet_pipeline/data/processed/lc_detrended/TIC_20303110.npz,,,,
TIC_203228393,skipped,already exists,/Users/sandeep/Workspace/Personal/LunaVisionAi/exoplanet_pipeline/data/processed/lc_detrended/TIC_203228393.npz,,,,
TIC_20375215,skipped,already exists,/Users/sandeep/Workspace/Personal/LunaVisionAi/exoplanet_pipeline/data/processed/lc_detrended/TIC_20375215.npz,,,,
TIC_204376737,done,ok,/Users/sandeep/Workspace/Personal/LunaVisionAi/exoplanet_pipeline/data/processed/lc_detrended/TIC_204376737.npz,106734.0,758.42,0.013147,0.006208
TIC_204614039,skipped,already exists,/Users/sandeep/Workspace/Personal/LunaVisionAi/exoplanet_pipeline/data/processed/lc_detrended/TIC_204614039.npz,,,,
TIC_204698337,skipped,already exists,/Users/sandeep/Workspace/Personal/LunaVisionAi/exoplanet_pipeline/data/processed/lc_detrended/TIC_204698337.npz,,,,
TIC_20536788,skipped,already exists,/Users/sandeep/Workspace/Personal/LunaVisionAi/exoplanet_pipeline/data/processed/lc_detrended/TIC_20536788.npz,,,,
TIC_20579360,skipped,already exists,/Users/sandeep/Workspace/Personal/LunaVisionAi/exoplanet_pipeline/data/processed/lc_detrended/TIC_20579360.npz,,,,
TIC_206284139,skipped,already exists,/Users/sandeep/Workspace/Personal/LunaVisionAi/exoplanet_pipeline/data/processed/lc_detrended/TIC_206284139.npz,,,,
TIC_206402844,skipped,already exists,/Users/sandeep/Workspace/Personal/LunaVisionAi/exoplanet_pipeline/data/processed/lc_detrended/TIC_206402844.npz,,,,
TIC_206466531,skipped,already exists,/Users/sandeep/Workspace/Personal/LunaVisionAi/exoplanet_pipeline/data/processed/lc_detrended/TIC_206466531.npz,,,,
TIC_206541859,gated,baseline -2.6d < 13.5d,,,,,
TIC_206785987,skipped,already exists,/Users/sandeep/Workspace/Personal/LunaVisionAi/exoplanet_pipeline/data/processed/lc_detrended/TIC_206785987.npz,,,,
TIC_206897186,done,ok,/Users/sandeep/Workspace/Personal/LunaVisionAi/exoplanet_pipeline/data/processed/lc_detrended/TIC_206897186.npz,14518.0,23.287,0.008554,0.008385
TIC_207081058,skipped,already exists,/Users/sandeep/Workspace/Personal/LunaVisionAi/exoplanet_pipeline/data/processed/lc_detrended/TIC_207081058.npz,,,,
TIC_207084429,skipped,already exists,/Users/sandeep/Workspace/Personal/LunaVisionAi/exoplanet_pipeline/data/processed/lc_detrended/TIC_207084429.npz,,,,
TIC_207439380,done,ok,/Users/sandeep/Workspace/Personal/LunaVisionAi/exoplanet_pipeline/data/processed/lc_detrended/TIC_207439380.npz,18991.0,55.85,0.052278,0.011051
TIC_207501148,skipped,already exists,/Users/sandeep/Workspace/Personal/LunaVisionAi/exoplanet_pipeline/data/processed/lc_detrended/TIC_207501148.npz,,,,
TIC_207937389,done,ok,/Users/sandeep/Workspace/Personal/LunaVisionAi/exoplanet_pipeline/data/processed/lc_detrended/TIC_207937389.npz,33061.0,51.366,0.015298,0.0128
TIC_209408136,skipped,already exists,/Users/sandeep/Workspace/Personal/LunaVisionAi/exoplanet_pipeline/data/processed/lc_detrended/TIC_209408136.npz,,,,
TIC_209752908,gated,robust rms 0.1257 > 0.02,,,,,
TIC_20988926,skipped,already exists,/Users/sandeep/Workspace/Personal/LunaVisionAi/exoplanet_pipeline/data/processed/lc_detrended/TIC_20988926.npz,,,,
TIC_210337597,skipped,already exists,/Users/sandeep/Workspace/Personal/LunaVisionAi/exoplanet_pipeline/data/processed/lc_detrended/TIC_210337597.npz,,,,
TIC_210441429,skipped,already exists,/Users/sandeep/Workspace/Personal/LunaVisionAi/exoplanet_pipeline/data/processed/lc_detrended/TIC_210441429.npz,,,,
TIC_211080657,skipped,already exists,/Users/sandeep/Workspace/Personal/LunaVisionAi/exoplanet_pipeline/data/processed/lc_detrended/TIC_211080657.npz,,,,
TIC_21113347,done,ok,/Users/sandeep/Workspace/Personal/LunaVisionAi/exoplanet_pipeline/data/processed/lc_detrended/TIC_21113347.npz,109979.0,24.38,0.005737,0.005494
TIC_212253390,skipped,already exists,/Users/sandeep/Workspace/Personal/LunaVisionAi/exoplanet_pipeline/data/processed/lc_detrended/TIC_212253390.npz,,,,
TIC_21267079,skipped,already exists,/Users/sandeep/Workspace/Personal/LunaVisionAi/exoplanet_pipeline/data/processed/lc_detrended/TIC_21267079.npz,,,,
TIC_21276520,skipped,already exists,/Users/sandeep/Workspace/Personal/LunaVisionAi/exoplanet_pipeline/data/processed/lc_detrended/TIC_21276520.npz,,,,
TIC_21285884,skipped,already exists,/Users/sandeep/Workspace/Personal/LunaVisionAi/exoplanet_pipeline/data/processed/lc_detrended/TIC_21285884.npz,,,,
TIC_21291176,skipped,already exists,/Users/sandeep/Workspace/Personal/LunaVisionAi/exoplanet_pipeline/data/processed/lc_detrended/TIC_21291176.npz,,,,
TIC_212957629,gated,robust rms 0.0211 > 0.02,,,,,
TIC_214416505,skipped,already exists,/Users/sandeep/Workspace/Personal/LunaVisionAi/exoplanet_pipeline/data/processed/lc_detrended/TIC_214416505.npz,,,,
TIC_216935214,skipped,already exists,/Users/sandeep/Workspace/Personal/LunaVisionAi/exoplanet_pipeline/data/processed/lc_detrended/TIC_216935214.npz,,,,
TIC_21720215,skipped,already exists,/Users/sandeep/Workspace/Personal/LunaVisionAi/exoplanet_pipeline/data/processed/lc_detrended/TIC_21720215.npz,,,,
TIC_21747057,done,ok,/Users/sandeep/Workspace/Personal/LunaVisionAi/exoplanet_pipeline/data/processed/lc_detrended/TIC_21747057.npz,44512.0,380.351,0.034583,0.005874
TIC_217831699,skipped,already exists,/Users/sandeep/Workspace/Personal/LunaVisionAi/exoplanet_pipeline/data/processed/lc_detrended/TIC_217831699.npz,,,,
TIC_21832928,skipped,already exists,/Users/sandeep/Workspace/Personal/LunaVisionAi/exoplanet_pipeline/data/processed/lc_detrended/TIC_21832928.npz,,,,
TIC_218795833,gated,robust rms 0.0249 > 0.02,,,,,
TIC_219041246,done,ok,/Users/sandeep/Workspace/Personal/LunaVisionAi/exoplanet_pipeline/data/processed/lc_detrended/TIC_219041246.npz,31781.0,187.846,0.028552,0.005631
TIC_219164808,skipped,already exists,/Users/sandeep/Workspace/Personal/LunaVisionAi/exoplanet_pipeline/data/processed/lc_detrended/TIC_219164808.npz,,,,
TIC_219187649,done,ok,/Users/sandeep/Workspace/Personal/LunaVisionAi/exoplanet_pipeline/data/processed/lc_detrended/TIC_219187649.npz,32562.0,1495.265,0.008969,0.008324
TIC_219208037,skipped,already exists,/Users/sandeep/Workspace/Personal/LunaVisionAi/exoplanet_pipeline/data/processed/lc_detrended/TIC_219208037.npz,,,,
TIC_219239945,skipped,already exists,/Users/sandeep/Workspace/Personal/LunaVisionAi/exoplanet_pipeline/data/processed/lc_detrended/TIC_219239945.npz,,,,
TIC_219396153,done,ok,/Users/sandeep/Workspace/Personal/LunaVisionAi/exoplanet_pipeline/data/processed/lc_detrended/TIC_219396153.npz,14819.0,24.237,0.010301,0.010185
TIC_219401954,skipped,already exists,/Users/sandeep/Workspace/Personal/LunaVisionAi/exoplanet_pipeline/data/processed/lc_detrended/TIC_219401954.npz,,,,
TIC_219466784,skipped,already exists,/Users/sandeep/Workspace/Personal/LunaVisionAi/exoplanet_pipeline/data/processed/lc_detrended/TIC_219466784.npz,,,,
TIC_219466803,skipped,already exists,/Users/sandeep/Workspace/Personal/LunaVisionAi/exoplanet_pipeline/data/processed/lc_detrended/TIC_219466803.npz,,,,
TIC_219467837,done,ok,/Users/sandeep/Workspace/Personal/LunaVisionAi/exoplanet_pipeline/data/processed/lc_detrended/TIC_219467837.npz,91842.0,400.138,0.020952,0.009321
TIC_219499488,done,ok,/Users/sandeep/Workspace/Personal/LunaVisionAi/exoplanet_pipeline/data/processed/lc_detrended/TIC_219499488.npz,28759.0,77.804,0.023031,0.008057
TIC_219701535,skipped,already exists,/Users/sandeep/Workspace/Personal/LunaVisionAi/exoplanet_pipeline/data/processed/lc_detrended/TIC_219701535.npz,,,,
TIC_219728669,done,ok,/Users/sandeep/Workspace/Personal/LunaVisionAi/exoplanet_pipeline/data/processed/lc_detrended/TIC_219728669.npz,10481.0,26.237,0.011052,0.010876
TIC_219821826,skipped,already exists,/Users/sandeep/Workspace/Personal/LunaVisionAi/exoplanet_pipeline/data/processed/lc_detrended/TIC_219821826.npz,,,,
TIC_219824469,skipped,already exists,/Users/sandeep/Workspace/Personal/LunaVisionAi/exoplanet_pipeline/data/processed/lc_detrended/TIC_219824469.npz,,,,
TIC_219852882,skipped,already exists,/Users/sandeep/Workspace/Personal/LunaVisionAi/exoplanet_pipeline/data/processed/lc_detrended/TIC_219852882.npz,,,,
TIC_219857012,skipped,already exists,/Users/sandeep/Workspace/Personal/LunaVisionAi/exoplanet_pipeline/data/processed/lc_detrended/TIC_219857012.npz,,,,
TIC_219875976,skipped,already exists,/Users/sandeep/Workspace/Personal/LunaVisionAi/exoplanet_pipeline/data/processed/lc_detrended/TIC_219875976.npz,,,,
TIC_220016044,skipped,already exists,/Users/sandeep/Workspace/Personal/LunaVisionAi/exoplanet_pipeline/data/processed/lc_detrended/TIC_220016044.npz,,,,
TIC_22020459,skipped,already exists,/Users/sandeep/Workspace/Personal/LunaVisionAi/exoplanet_pipeline/data/processed/lc_detrended/TIC_22020459.npz,,,,
TIC_220323515,done,ok,/Users/sandeep/Workspace/Personal/LunaVisionAi/exoplanet_pipeline/data/processed/lc_detrended/TIC_220323515.npz,118947.0,759.301,0.021404,0.01735
TIC_220396259,skipped,already exists,/Users/sandeep/Workspace/Personal/LunaVisionAi/exoplanet_pipeline/data/processed/lc_detrended/TIC_220396259.npz,,,,
TIC_220414682,skipped,already exists,/Users/sandeep/Workspace/Personal/LunaVisionAi/exoplanet_pipeline/data/processed/lc_detrended/TIC_220414682.npz,,,,
TIC_220435095,skipped,already exists,/Users/sandeep/Workspace/Personal/LunaVisionAi/exoplanet_pipeline/data/processed/lc_detrended/TIC_220435095.npz,,,,
TIC_220475245,done,ok,/Users/sandeep/Workspace/Personal/LunaVisionAi/exoplanet_pipeline/data/processed/lc_detrended/TIC_220475245.npz,29889.0,53.219,0.006095,0.005773
TIC_221861843,skipped,already exists,/Users/sandeep/Workspace/Personal/LunaVisionAi/exoplanet_pipeline/data/processed/lc_detrended/TIC_221861843.npz,,,,
TIC_22186226,skipped,already exists,/Users/sandeep/Workspace/Personal/LunaVisionAi/exoplanet_pipeline/data/processed/lc_detrended/TIC_22186226.npz,,,,
TIC_22233480,skipped,already exists,/Users/sandeep/Workspace/Personal/LunaVisionAi/exoplanet_pipeline/data/processed/lc_detrended/TIC_22233480.npz,,,,
TIC_222485202,skipped,already exists,/Users/sandeep/Workspace/Personal/LunaVisionAi/exoplanet_pipeline/data/processed/lc_detrended/TIC_222485202.npz,,,,
TIC_224217761,done,ok,/Users/sandeep/Workspace/Personal/LunaVisionAi/exoplanet_pipeline/data/processed/lc_detrended/TIC_224217761.npz,29132.0,619.502,0.017381,0.011552
TIC_224225541,skipped,already exists,/Users/sandeep/Workspace/Personal/LunaVisionAi/exoplanet_pipeline/data/processed/lc_detrended/TIC_224225541.npz,,,,
TIC_224245334,skipped,already exists,/Users/sandeep/Workspace/Personal/LunaVisionAi/exoplanet_pipeline/data/processed/lc_detrended/TIC_224245334.npz,,,,
TIC_224289449,skipped,already exists,/Users/sandeep/Workspace/Personal/LunaVisionAi/exoplanet_pipeline/data/processed/lc_detrended/TIC_224289449.npz,,,,
TIC_224293782,skipped,already exists,/Users/sandeep/Workspace/Personal/LunaVisionAi/exoplanet_pipeline/data/processed/lc_detrended/TIC_224293782.npz,,,,
TIC_224297258,skipped,already exists,/Users/sandeep/Workspace/Personal/LunaVisionAi/exoplanet_pipeline/data/processed/lc_detrended/TIC_224297258.npz,,,,
TIC_224418572,skipped,already exists,/Users/sandeep/Workspace/Personal/LunaVisionAi/exoplanet_pipeline/data/processed/lc_detrended/TIC_224418572.npz,,,,
TIC_224600500,skipped,already exists,/Users/sandeep/Workspace/Personal/LunaVisionAi/exoplanet_pipeline/data/processed/lc_detrended/TIC_224600500.npz,,,,
TIC_224601047,done,ok,/Users/sandeep/Workspace/Personal/LunaVisionAi/exoplanet_pipeline/data/processed/lc_detrended/TIC_224601047.npz,32012.0,55.008,0.021053,0.008476
TIC_225040372,skipped,already exists,/Users/sandeep/Workspace/Personal/LunaVisionAi/exoplanet_pipeline/data/processed/lc_detrended/TIC_225040372.npz,,,,
TIC_22560356,gated,robust rms 0.0441 > 0.02,,,,,
TIC_22683951,done,ok,/Users/sandeep/Workspace/Personal/LunaVisionAi/exoplanet_pipeline/data/processed/lc_detrended/TIC_22683951.npz,29504.0,382.208,0.012308,0.00542
TIC_22712134,skipped,already exists,/Users/sandeep/Workspace/Personal/LunaVisionAi/exoplanet_pipeline/data/processed/lc_detrended/TIC_22712134.npz,,,,
TIC_227196910,skipped,already exists,/Users/sandeep/Workspace/Personal/LunaVisionAi/exoplanet_pipeline/data/processed/lc_detrended/TIC_227196910.npz,,,,
TIC_22843856,skipped,already exists,/Users/sandeep/Workspace/Personal/LunaVisionAi/exoplanet_pipeline/data/processed/lc_detrended/TIC_22843856.npz,,,,
TIC_229091748,skipped,already exists,/Users/sandeep/Workspace/Personal/LunaVisionAi/exoplanet_pipeline/data/processed/lc_detrended/TIC_229091748.npz,,,,
TIC_229210014,done,ok,/Users/sandeep/Workspace/Personal/LunaVisionAi/exoplanet_pipeline/data/processed/lc_detrended/TIC_229210014.npz,29609.0,50.123,0.018045,0.006399
TIC_229285649,skipped,already exists,/Users/sandeep/Workspace/Personal/LunaVisionAi/exoplanet_pipeline/data/processed/lc_detrended/TIC_229285649.npz,,,,
TIC_229465678,skipped,already exists,/Users/sandeep/Workspace/Personal/LunaVisionAi/exoplanet_pipeline/data/processed/lc_detrended/TIC_229465678.npz,,,,
TIC_229510866,skipped,already exists,/Users/sandeep/Workspace/Personal/LunaVisionAi/exoplanet_pipeline/data/processed/lc_detrended/TIC_229510866.npz,,,,
TIC_229536616,skipped,already exists,/Users/sandeep/Workspace/Personal/LunaVisionAi/exoplanet_pipeline/data/processed/lc_detrended/TIC_229536616.npz,,,,
TIC_22972926,skipped,already exists,/Users/sandeep/Workspace/Personal/LunaVisionAi/exoplanet_pipeline/data/processed/lc_detrended/TIC_22972926.npz,,,,
TIC_229747848,skipped,already exists,/Users/sandeep/Workspace/Personal/LunaVisionAi/exoplanet_pipeline/data/processed/lc_detrended/TIC_229747848.npz,,,,
TIC_229770036,skipped,already exists,/Users/sandeep/Workspace/Personal/LunaVisionAi/exoplanet_pipeline/data/processed/lc_detrended/TIC_229770036.npz,,,,
TIC_229781583,skipped,already exists,/Users/sandeep/Workspace/Personal/LunaVisionAi/exoplanet_pipeline/data/processed/lc_detrended/TIC_229781583.npz,,,,
TIC_229951289,skipped,already exists,/Users/sandeep/Workspace/Personal/LunaVisionAi/exoplanet_pipeline/data/processed/lc_detrended/TIC_229951289.npz,,,,
TIC_229976631,skipped,already exists,/Users/sandeep/Workspace/Personal/LunaVisionAi/exoplanet_pipeline/data/processed/lc_detrended/TIC_229976631.npz,,,,
TIC_230017325,skipped,already exists,/Users/sandeep/Workspace/Personal/LunaVisionAi/exoplanet_pipeline/data/processed/lc_detrended/TIC_230017325.npz,,,,
TIC_230061010,skipped,already exists,/Users/sandeep/Workspace/Personal/LunaVisionAi/exoplanet_pipeline/data/processed/lc_detrended/TIC_230061010.npz,,,,
TIC_230075227,skipped,already exists,/Users/sandeep/Workspace/Personal/LunaVisionAi/exoplanet_pipeline/data/processed/lc_detrended/TIC_230075227.npz,,,,
TIC_230086768,done,ok,/Users/sandeep/Workspace/Personal/LunaVisionAi/exoplanet_pipeline/data/processed/lc_detrended/TIC_230086768.npz,29575.0,50.66,0.018346,0.008836
TIC_230087765,skipped,already exists,/Users/sandeep/Workspace/Personal/LunaVisionAi/exoplanet_pipeline/data/processed/lc_detrended/TIC_230087765.npz,,,,
TIC_230183006,skipped,already exists,/Users/sandeep/Workspace/Personal/LunaVisionAi/exoplanet_pipeline/data/processed/lc_detrended/TIC_230183006.npz,,,,
TIC_230386397,skipped,already exists,/Users/sandeep/Workspace/Personal/LunaVisionAi/exoplanet_pipeline/data/processed/lc_detrended/TIC_230386397.npz,,,,
TIC_230387153,skipped,already exists,/Users/sandeep/Workspace/Personal/LunaVisionAi/exoplanet_pipeline/data/processed/lc_detrended/TIC_230387153.npz,,,,
TIC_231076038,skipped,already exists,/Users/sandeep/Workspace/Personal/LunaVisionAi/exoplanet_pipeline/data/processed/lc_detrended/TIC_231076038.npz,,,,
TIC_231077395,skipped,already exists,/Users/sandeep/Workspace/Personal/LunaVisionAi/exoplanet_pipeline/data/processed/lc_detrended/TIC_231077395.npz,,,,
TIC_23113034,skipped,already exists,/Users/sandeep/Workspace/Personal/LunaVisionAi/exoplanet_pipeline/data/processed/lc_detrended/TIC_23113034.npz,,,,
TIC_231663901,skipped,already exists,/Users/sandeep/Workspace/Personal/LunaVisionAi/exoplanet_pipeline/data/processed/lc_detrended/TIC_231663901.npz,,,,
TIC_231670397,skipped,already exists,/Users/sandeep/Workspace/Personal/LunaVisionAi/exoplanet_pipeline/data/processed/lc_detrended/TIC_231670397.npz,,,,
TIC_231702397,skipped,already exists,/Users/sandeep/Workspace/Personal/LunaVisionAi/exoplanet_pipeline/data/processed/lc_detrended/TIC_231702397.npz,,,,
TIC_231721005,skipped,already exists,/Users/sandeep/Workspace/Personal/LunaVisionAi/exoplanet_pipeline/data/processed/lc_detrended/TIC_231721005.npz,,,,
TIC_231836962,skipped,already exists,/Users/sandeep/Workspace/Personal/LunaVisionAi/exoplanet_pipeline/data/processed/lc_detrended/TIC_231836962.npz,,,,
TIC_231937059,done,ok,/Users/sandeep/Workspace/Personal/LunaVisionAi/exoplanet_pipeline/data/processed/lc_detrended/TIC_231937059.npz,42997.0,380.304,0.04159,0.00608
TIC_232074535,skipped,already exists,/Users/sandeep/Workspace/Personal/LunaVisionAi/exoplanet_pipeline/data/processed/lc_detrended/TIC_232074535.npz,,,,
TIC_232612416,skipped,already exists,/Users/sandeep/Workspace/Personal/LunaVisionAi/exoplanet_pipeline/data/processed/lc_detrended/TIC_232612416.npz,,,,
TIC_232628532,done,ok,/Users/sandeep/Workspace/Personal/LunaVisionAi/exoplanet_pipeline/data/processed/lc_detrended/TIC_232628532.npz,36857.0,56.856,0.012628,0.006113
TIC_232641326,skipped,already exists,/Users/sandeep/Workspace/Personal/LunaVisionAi/exoplanet_pipeline/data/processed/lc_detrended/TIC_232641326.npz,,,,
TIC_232941965,skipped,already exists,/Users/sandeep/Workspace/Personal/LunaVisionAi/exoplanet_pipeline/data/processed/lc_detrended/TIC_232941965.npz,,,,
TIC_232967440,skipped,already exists,/Users/sandeep/Workspace/Personal/LunaVisionAi/exoplanet_pipeline/data/processed/lc_detrended/TIC_232967440.npz,,,,
TIC_232967666,skipped,already exists,/Users/sandeep/Workspace/Personal/LunaVisionAi/exoplanet_pipeline/data/processed/lc_detrended/TIC_232967666.npz,,,,
TIC_232971294,skipped,already exists,/Users/sandeep/Workspace/Personal/LunaVisionAi/exoplanet_pipeline/data/processed/lc_detrended/TIC_232971294.npz,,,,
TIC_232976128,skipped,already exists,/Users/sandeep/Workspace/Personal/LunaVisionAi/exoplanet_pipeline/data/processed/lc_detrended/TIC_232976128.npz,,,,
TIC_232982558,skipped,already exists,/Users/sandeep/Workspace/Personal/LunaVisionAi/exoplanet_pipeline/data/processed/lc_detrended/TIC_232982558.npz,,,,
TIC_232982938,skipped,already exists,/Users/sandeep/Workspace/Personal/LunaVisionAi/exoplanet_pipeline/data/processed/lc_detrended/TIC_232982938.npz,,,,
TIC_233053554,done,ok,/Users/sandeep/Workspace/Personal/LunaVisionAi/exoplanet_pipeline/data/processed/lc_detrended/TIC_233053554.npz,32095.0,55.047,0.010979,0.006776
TIC_233059608,skipped,already exists,/Users/sandeep/Workspace/Personal/LunaVisionAi/exoplanet_pipeline/data/processed/lc_detrended/TIC_233059608.npz,,,,
TIC_233078665,done,ok,/Users/sandeep/Workspace/Personal/LunaVisionAi/exoplanet_pipeline/data/processed/lc_detrended/TIC_233078665.npz,35459.0,53.51,0.008659,0.005469
TIC_233120979,skipped,already exists,/Users/sandeep/Workspace/Personal/LunaVisionAi/exoplanet_pipeline/data/processed/lc_detrended/TIC_233120979.npz,,,,
TIC_233211762,skipped,already exists,/Users/sandeep/Workspace/Personal/LunaVisionAi/exoplanet_pipeline/data/processed/lc_detrended/TIC_233211762.npz,,,,
TIC_233390838,skipped,already exists,/Users/sandeep/Workspace/Personal/LunaVisionAi/exoplanet_pipeline/data/processed/lc_detrended/TIC_233390838.npz,,,,
TIC_233435627,skipped,already exists,/Users/sandeep/Workspace/Personal/LunaVisionAi/exoplanet_pipeline/data/processed/lc_detrended/TIC_233435627.npz,,,,
TIC_233497719,done,ok,/Users/sandeep/Workspace/Personal/LunaVisionAi/exoplanet_pipeline/data/processed/lc_detrended/TIC_233497719.npz,35456.0,53.509,0.011374,0.006712
TIC_233503636,skipped,already exists,/Users/sandeep/Workspace/Personal/LunaVisionAi/exoplanet_pipeline/data/processed/lc_detrended/TIC_233503636.npz,,,,
TIC_233576159,skipped,already exists,/Users/sandeep/Workspace/Personal/LunaVisionAi/exoplanet_pipeline/data/processed/lc_detrended/TIC_233576159.npz,,,,
TIC_233602827,skipped,already exists,/Users/sandeep/Workspace/Personal/LunaVisionAi/exoplanet_pipeline/data/processed/lc_detrended/TIC_233602827.npz,,,,
TIC_233681149,skipped,already exists,/Users/sandeep/Workspace/Personal/LunaVisionAi/exoplanet_pipeline/data/processed/lc_detrended/TIC_233681149.npz,,,,
TIC_233684822,skipped,already exists,/Users/sandeep/Workspace/Personal/LunaVisionAi/exoplanet_pipeline/data/processed/lc_detrended/TIC_233684822.npz,,,,
TIC_233719215,done,ok,/Users/sandeep/Workspace/Personal/LunaVisionAi/exoplanet_pipeline/data/processed/lc_detrended/TIC_233719215.npz,31403.0,54.946,0.00688,0.005928
TIC_233720539,skipped,already exists,/Users/sandeep/Workspace/Personal/LunaVisionAi/exoplanet_pipeline/data/processed/lc_detrended/TIC_233720539.npz,,,,
TIC_233855268,skipped,already exists,/Users/sandeep/Workspace/Personal/LunaVisionAi/exoplanet_pipeline/data/processed/lc_detrended/TIC_233855268.npz,,,,
TIC_23389848,skipped,already exists,/Users/sandeep/Workspace/Personal/LunaVisionAi/exoplanet_pipeline/data/processed/lc_detrended/TIC_23389848.npz,,,,
TIC_234112540,gated,robust rms 0.0228 > 0.02,,,,,
TIC_234282389,gated,robust rms 0.0213 > 0.02,,,,,
TIC_234345288,skipped,already exists,/Users/sandeep/Workspace/Personal/LunaVisionAi/exoplanet_pipeline/data/processed/lc_detrended/TIC_234345288.npz,,,,
TIC_234489976,skipped,already exists,/Users/sandeep/Workspace/Personal/LunaVisionAi/exoplanet_pipeline/data/processed/lc_detrended/TIC_234489976.npz,,,,
TIC_234523599,done,ok,/Users/sandeep/Workspace/Personal/LunaVisionAi/exoplanet_pipeline/data/processed/lc_detrended/TIC_234523599.npz,36549.0,56.218,0.018769,0.015675
TIC_235072851,done,ok,/Users/sandeep/Workspace/Personal/LunaVisionAi/exoplanet_pipeline/data/processed/lc_detrended/TIC_235072851.npz,43855.0,380.104,0.043416,0.009845
TIC_235684392,done,ok,/Users/sandeep/Workspace/Personal/LunaVisionAi/exoplanet_pipeline/data/processed/lc_detrended/TIC_235684392.npz,30910.0,54.846,0.006343,0.006158
TIC_235711993,done,ok,/Users/sandeep/Workspace/Personal/LunaVisionAi/exoplanet_pipeline/data/processed/lc_detrended/TIC_235711993.npz,27765.0,400.765,0.00595,0.005856
TIC_236638487,skipped,already exists,/Users/sandeep/Workspace/Personal/LunaVisionAi/exoplanet_pipeline/data/processed/lc_detrended/TIC_236638487.npz,,,,
TIC_236714379,skipped,already exists,/Users/sandeep/Workspace/Personal/LunaVisionAi/exoplanet_pipeline/data/processed/lc_detrended/TIC_236714379.npz,,,,
TIC_236775063,done,ok,/Users/sandeep/Workspace/Personal/LunaVisionAi/exoplanet_pipeline/data/processed/lc_detrended/TIC_236775063.npz,29474.0,53.916,0.006874,0.006119
TIC_236785891,gated,robust rms 0.0568 > 0.02,,,,,
TIC_236817690,skipped,already exists,/Users/sandeep/Workspace/Personal/LunaVisionAi/exoplanet_pipeline/data/processed/lc_detrended/TIC_236817690.npz,,,,
TIC_237077180,done,ok,/Users/sandeep/Workspace/Personal/LunaVisionAi/exoplanet_pipeline/data/processed/lc_detrended/TIC_237077180.npz,35446.0,56.038,0.019857,0.01248
TIC_237104103,skipped,already exists,/Users/sandeep/Workspace/Personal/LunaVisionAi/exoplanet_pipeline/data/processed/lc_detrended/TIC_237104103.npz,,,,
TIC_237108272,skipped,already exists,/Users/sandeep/Workspace/Personal/LunaVisionAi/exoplanet_pipeline/data/processed/lc_detrended/TIC_237108272.npz,,,,
TIC_237185205,skipped,already exists,/Users/sandeep/Workspace/Personal/LunaVisionAi/exoplanet_pipeline/data/processed/lc_detrended/TIC_237185205.npz,,,,
TIC_237200747,skipped,already exists,/Users/sandeep/Workspace/Personal/LunaVisionAi/exoplanet_pipeline/data/processed/lc_detrended/TIC_237200747.npz,,,,
TIC_237201858,skipped,already exists,/Users/sandeep/Workspace/Personal/LunaVisionAi/exoplanet_pipeline/data/processed/lc_detrended/TIC_237201858.npz,,,,
TIC_237221436,done,ok,/Users/sandeep/Workspace/Personal/LunaVisionAi/exoplanet_pipeline/data/processed/lc_detrended/TIC_237221436.npz,29241.0,110.371,0.02686,0.008202
TIC_237232044,skipped,already exists,/Users/sandeep/Workspace/Personal/LunaVisionAi/exoplanet_pipeline/data/processed/lc_detrended/TIC_237232044.npz,,,,
TIC_237235093,skipped,already exists,/Users/sandeep/Workspace/Personal/LunaVisionAi/exoplanet_pipeline/data/processed/lc_detrended/TIC_237235093.npz,,,,
TIC_237358490,done,ok,/Users/sandeep/Workspace/Personal/LunaVisionAi/exoplanet_pipeline/data/processed/lc_detrended/TIC_237358490.npz,29666.0,52.288,0.005766,0.005653
TIC_237751146,gated,robust rms 0.0205 > 0.02,,,,,
TIC_237808867,skipped,already exists,/Users/sandeep/Workspace/Personal/LunaVisionAi/exoplanet_pipeline/data/processed/lc_detrended/TIC_237808867.npz,,,,
TIC_237914496,skipped,already exists,/Users/sandeep/Workspace/Personal/LunaVisionAi/exoplanet_pipeline/data/processed/lc_detrended/TIC_237914496.npz,,,,
TIC_237929468,skipped,already exists,/Users/sandeep/Workspace/Personal/LunaVisionAi/exoplanet_pipeline/data/processed/lc_detrended/TIC_237929468.npz,,,,
TIC_238162973,done,ok,/Users/sandeep/Workspace/Personal/LunaVisionAi/exoplanet_pipeline/data/processed/lc_detrended/TIC_238162973.npz,31677.0,50.119,0.02948,0.008386
TIC_238197709,skipped,already exists,/Users/sandeep/Workspace/Personal/LunaVisionAi/exoplanet_pipeline/data/processed/lc_detrended/TIC_238197709.npz,,,,
TIC_238335094,done,ok,/Users/sandeep/Workspace/Personal/LunaVisionAi/exoplanet_pipeline/data/processed/lc_detrended/TIC_238335094.npz,32013.0,754.091,0.007723,0.006773
TIC_238374636,skipped,already exists,/Users/sandeep/Workspace/Personal/LunaVisionAi/exoplanet_pipeline/data/processed/lc_detrended/TIC_238374636.npz,,,,
TIC_238597883,skipped,already exists,/Users/sandeep/Workspace/Personal/LunaVisionAi/exoplanet_pipeline/data/processed/lc_detrended/TIC_238597883.npz,,,,
TIC_238751619,skipped,already exists,/Users/sandeep/Workspace/Personal/LunaVisionAi/exoplanet_pipeline/data/processed/lc_detrended/TIC_238751619.npz,,,,
TIC_238898571,skipped,already exists,/Users/sandeep/Workspace/Personal/LunaVisionAi/exoplanet_pipeline/data/processed/lc_detrended/TIC_238898571.npz,,,,
TIC_239136269,done,ok,/Users/sandeep/Workspace/Personal/LunaVisionAi/exoplanet_pipeline/data/processed/lc_detrended/TIC_239136269.npz,31289.0,50.368,0.010506,0.009162
TIC_239238425,gated,robust rms 0.0265 > 0.02,,,,,
TIC_239277658,gated,robust rms 0.0271 > 0.02,,,,,
TIC_239332587,skipped,already exists,/Users/sandeep/Workspace/Personal/LunaVisionAi/exoplanet_pipeline/data/processed/lc_detrended/TIC_239332587.npz,,,,
TIC_23937608,done,ok,/Users/sandeep/Workspace/Personal/LunaVisionAi/exoplanet_pipeline/data/processed/lc_detrended/TIC_23937608.npz,32676.0,193.478,0.005633,0.005373
TIC_239541449,done,ok,/Users/sandeep/Workspace/Personal/LunaVisionAi/exoplanet_pipeline/data/processed/lc_detrended/TIC_239541449.npz,136758.0,27.881,0.003706,0.003614
TIC_239638934,skipped,already exists,/Users/sandeep/Workspace/Personal/LunaVisionAi/exoplanet_pipeline/data/processed/lc_detrended/TIC_239638934.npz,,,,
TIC_240148934,skipped,already exists,/Users/sandeep/Workspace/Personal/LunaVisionAi/exoplanet_pipeline/data/processed/lc_detrended/TIC_240148934.npz,,,,
TIC_240177285,done,ok,/Users/sandeep/Workspace/Personal/LunaVisionAi/exoplanet_pipeline/data/processed/lc_detrended/TIC_240177285.npz,18102.0,25.852,0.01833,0.01813
TIC_240178935,done,ok,/Users/sandeep/Workspace/Personal/LunaVisionAi/exoplanet_pipeline/data/processed/lc_detrended/TIC_240178935.npz,35203.0,54.618,0.019289,0.00662
TIC_240450679,skipped,already exists,/Users/sandeep/Workspace/Personal/LunaVisionAi/exoplanet_pipeline/data/processed/lc_detrended/TIC_240450679.npz,,,,
TIC_240823272,skipped,already exists,/Users/sandeep/Workspace/Personal/LunaVisionAi/exoplanet_pipeline/data/processed/lc_detrended/TIC_240823272.npz,,,,
TIC_240989628,skipped,already exists,/Users/sandeep/Workspace/Personal/LunaVisionAi/exoplanet_pipeline/data/processed/lc_detrended/TIC_240989628.npz,,,,
TIC_24108819,done,ok,/Users/sandeep/Workspace/Personal/LunaVisionAi/exoplanet_pipeline/data/processed/lc_detrended/TIC_24108819.npz,31606.0,53.509,0.073451,0.009466
TIC_241102583,skipped,already exists,/Users/sandeep/Workspace/Personal/LunaVisionAi/exoplanet_pipeline/data/processed/lc_detrended/TIC_241102583.npz,,,,
TIC_241174783,skipped,already exists,/Users/sandeep/Workspace/Personal/LunaVisionAi/exoplanet_pipeline/data/processed/lc_detrended/TIC_241174783.npz,,,,
TIC_241225337,skipped,already exists,/Users/sandeep/Workspace/Personal/LunaVisionAi/exoplanet_pipeline/data/processed/lc_detrended/TIC_241225337.npz,,,,
TIC_241249530,skipped,already exists,/Users/sandeep/Workspace/Personal/LunaVisionAi/exoplanet_pipeline/data/processed/lc_detrended/TIC_241249530.npz,,,,
TIC_24133681,skipped,already exists,/Users/sandeep/Workspace/Personal/LunaVisionAi/exoplanet_pipeline/data/processed/lc_detrended/TIC_24133681.npz,,,,
TIC_241569046,done,ok,/Users/sandeep/Workspace/Personal/LunaVisionAi/exoplanet_pipeline/data/processed/lc_detrended/TIC_241569046.npz,36228.0,53.67,0.021467,0.013487
TIC_242083025,skipped,already exists,/Users/sandeep/Workspace/Personal/LunaVisionAi/exoplanet_pipeline/data/processed/lc_detrended/TIC_242083025.npz,,,,
TIC_242536549,skipped,already exists,/Users/sandeep/Workspace/Personal/LunaVisionAi/exoplanet_pipeline/data/processed/lc_detrended/TIC_242536549.npz,,,,
TIC_242961495,done,ok,/Users/sandeep/Workspace/Personal/LunaVisionAi/exoplanet_pipeline/data/processed/lc_detrended/TIC_242961495.npz,120258.0,762.128,0.007341,0.006728
TIC_242993844,skipped,already exists,/Users/sandeep/Workspace/Personal/LunaVisionAi/exoplanet_pipeline/data/processed/lc_detrended/TIC_242993844.npz,,,,
TIC_243014114,skipped,already exists,/Users/sandeep/Workspace/Personal/LunaVisionAi/exoplanet_pipeline/data/processed/lc_detrended/TIC_243014114.npz,,,,
TIC_243153196,skipped,already exists,/Users/sandeep/Workspace/Personal/LunaVisionAi/exoplanet_pipeline/data/processed/lc_detrended/TIC_243153196.npz,,,,
TIC_243194645,skipped,already exists,/Users/sandeep/Workspace/Personal/LunaVisionAi/exoplanet_pipeline/data/processed/lc_detrended/TIC_243194645.npz,,,,
TIC_243272677,done,ok,/Users/sandeep/Workspace/Personal/LunaVisionAi/exoplanet_pipeline/data/processed/lc_detrended/TIC_243272677.npz,37043.0,55.925,0.010005,0.00493
TIC_243333538,done,ok,/Users/sandeep/Workspace/Personal/LunaVisionAi/exoplanet_pipeline/data/processed/lc_detrended/TIC_243333538.npz,36248.0,55.925,0.013827,0.013031
TIC_243962745,skipped,already exists,/Users/sandeep/Workspace/Personal/LunaVisionAi/exoplanet_pipeline/data/processed/lc_detrended/TIC_243962745.npz,,,,
TIC_244161191,done,ok,/Users/sandeep/Workspace/Personal/LunaVisionAi/exoplanet_pipeline/data/processed/lc_detrended/TIC_244161191.npz,28887.0,755.959,0.013838,0.011241
TIC_244170332,skipped,already exists,/Users/sandeep/Workspace/Personal/LunaVisionAi/exoplanet_pipeline/data/processed/lc_detrended/TIC_244170332.npz,,,,
TIC_244912396,done,ok,/Users/sandeep/Workspace/Personal/LunaVisionAi/exoplanet_pipeline/data/processed/lc_detrended/TIC_244912396.npz,33880.0,54.364,0.014923,0.013353
TIC_245368902,done,ok,/Users/sandeep/Workspace/Personal/LunaVisionAi/exoplanet_pipeline/data/processed/lc_detrended/TIC_245368902.npz,131988.0,27.881,0.007627,0.007903
TIC_247119634,skipped,already exists,/Users/sandeep/Workspace/Personal/LunaVisionAi/exoplanet_pipeline/data/processed/lc_detrended/TIC_247119634.npz,,,,
TIC_247166992,skipped,already exists,/Users/sandeep/Workspace/Personal/LunaVisionAi/exoplanet_pipeline/data/processed/lc_detrended/TIC_247166992.npz,,,,
TIC_247283054,skipped,already exists,/Users/sandeep/Workspace/Personal/LunaVisionAi/exoplanet_pipeline/data/processed/lc_detrended/TIC_247283054.npz,,,,
TIC_247409676,skipped,already exists,/Users/sandeep/Workspace/Personal/LunaVisionAi/exoplanet_pipeline/data/processed/lc_detrended/TIC_247409676.npz,,,,
TIC_247873937,skipped,already exists,/Users/sandeep/Workspace/Personal/LunaVisionAi/exoplanet_pipeline/data/processed/lc_detrended/TIC_247873937.npz,,,,
TIC_247906954,skipped,already exists,/Users/sandeep/Workspace/Personal/LunaVisionAi/exoplanet_pipeline/data/processed/lc_detrended/TIC_247906954.npz,,,,
TIC_248058363,skipped,already exists,/Users/sandeep/Workspace/Personal/LunaVisionAi/exoplanet_pipeline/data/processed/lc_detrended/TIC_248058363.npz,,,,
TIC_248092710,skipped,already exists,/Users/sandeep/Workspace/Personal/LunaVisionAi/exoplanet_pipeline/data/processed/lc_detrended/TIC_248092710.npz,,,,
TIC_248644661,skipped,already exists,/Users/sandeep/Workspace/Personal/LunaVisionAi/exoplanet_pipeline/data/processed/lc_detrended/TIC_248644661.npz,,,,
TIC_248655556,skipped,already exists,/Users/sandeep/Workspace/Personal/LunaVisionAi/exoplanet_pipeline/data/processed/lc_detrended/TIC_248655556.npz,,,,
TIC_249067445,skipped,already exists,/Users/sandeep/Workspace/Personal/LunaVisionAi/exoplanet_pipeline/data/processed/lc_detrended/TIC_249067445.npz,,,,
TIC_24940997,skipped,already exists,/Users/sandeep/Workspace/Personal/LunaVisionAi/exoplanet_pipeline/data/processed/lc_detrended/TIC_24940997.npz,,,,
TIC_24978373,skipped,already exists,/Users/sandeep/Workspace/Personal/LunaVisionAi/exoplanet_pipeline/data/processed/lc_detrended/TIC_24978373.npz,,,,
TIC_25030847,skipped,already exists,/Users/sandeep/Workspace/Personal/LunaVisionAi/exoplanet_pipeline/data/processed/lc_detrended/TIC_25030847.npz,,,,
TIC_250330564,done,ok,/Users/sandeep/Workspace/Personal/LunaVisionAi/exoplanet_pipeline/data/processed/lc_detrended/TIC_250330564.npz,29200.0,619.473,0.019906,0.010715
TIC_250386181,skipped,already exists,/Users/sandeep/Workspace/Personal/LunaVisionAi/exoplanet_pipeline/data/processed/lc_detrended/TIC_250386181.npz,,,,
TIC_250484865,skipped,already exists,/Users/sandeep/Workspace/Personal/LunaVisionAi/exoplanet_pipeline/data/processed/lc_detrended/TIC_250484865.npz,,,,
TIC_250956593,done,ok,/Users/sandeep/Workspace/Personal/LunaVisionAi/exoplanet_pipeline/data/processed/lc_detrended/TIC_250956593.npz,25355.0,1380.834,0.045773,0.007329
TIC_250977648,skipped,already exists,/Users/sandeep/Workspace/Personal/LunaVisionAi/exoplanet_pipeline/data/processed/lc_detrended/TIC_250977648.npz,,,,
TIC_251018878,skipped,already exists,/Users/sandeep/Workspace/Personal/LunaVisionAi/exoplanet_pipeline/data/processed/lc_detrended/TIC_251018878.npz,,,,
TIC_251086776,skipped,already exists,/Users/sandeep/Workspace/Personal/LunaVisionAi/exoplanet_pipeline/data/processed/lc_detrended/TIC_251086776.npz,,,,
TIC_251094370,skipped,already exists,/Users/sandeep/Workspace/Personal/LunaVisionAi/exoplanet_pipeline/data/processed/lc_detrended/TIC_251094370.npz,,,,
TIC_251209368,skipped,already exists,/Users/sandeep/Workspace/Personal/LunaVisionAi/exoplanet_pipeline/data/processed/lc_detrended/TIC_251209368.npz,,,,
TIC_25139786,skipped,already exists,/Users/sandeep/Workspace/Personal/LunaVisionAi/exoplanet_pipeline/data/processed/lc_detrended/TIC_25139786.npz,,,,
TIC_25155310,skipped,already exists,/Users/sandeep/Workspace/Personal/LunaVisionAi/exoplanet_pipeline/data/processed/lc_detrended/TIC_25155310.npz,,,,
TIC_251878904,done,ok,/Users/sandeep/Workspace/Personal/LunaVisionAi/exoplanet_pipeline/data/processed/lc_detrended/TIC_251878904.npz,29714.0,1118.003,0.02001,0.011128
TIC_251894891,done,ok,/Users/sandeep/Workspace/Personal/LunaVisionAi/exoplanet_pipeline/data/processed/lc_detrended/TIC_251894891.npz,29591.0,214.86,0.044828,0.014993
TIC_252071095,skipped,already exists,/Users/sandeep/Workspace/Personal/LunaVisionAi/exoplanet_pipeline/data/processed/lc_detrended/TIC_252071095.npz,,,,
TIC_252470070,skipped,already exists,/Users/sandeep/Workspace/Personal/LunaVisionAi/exoplanet_pipeline/data/processed/lc_detrended/TIC_252470070.npz,,,,
TIC_252585354,done,ok,/Users/sandeep/Workspace/Personal/LunaVisionAi/exoplanet_pipeline/data/processed/lc_detrended/TIC_252585354.npz,27071.0,214.861,0.013395,0.010308
TIC_252636888,skipped,already exists,/Users/sandeep/Workspace/Personal/LunaVisionAi/exoplanet_pipeline/data/processed/lc_detrended/TIC_252636888.npz,,,,
TIC_252913663,done,ok,/Users/sandeep/Workspace/Personal/LunaVisionAi/exoplanet_pipeline/data/processed/lc_detrended/TIC_252913663.npz,12206.0,26.85,0.016066,0.015533
TIC_253054954,skipped,already exists,/Users/sandeep/Workspace/Personal/LunaVisionAi/exoplanet_pipeline/data/processed/lc_detrended/TIC_253054954.npz,,,,
TIC_253132689,skipped,already exists,/Users/sandeep/Workspace/Personal/LunaVisionAi/exoplanet_pipeline/data/processed/lc_detrended/TIC_253132689.npz,,,,
TIC_253990973,skipped,already exists,/Users/sandeep/Workspace/Personal/LunaVisionAi/exoplanet_pipeline/data/processed/lc_detrended/TIC_253990973.npz,,,,
TIC_254296853,skipped,already exists,/Users/sandeep/Workspace/Personal/LunaVisionAi/exoplanet_pipeline/data/processed/lc_detrended/TIC_254296853.npz,,,,
TIC_255918903,skipped,already exists,/Users/sandeep/Workspace/Personal/LunaVisionAi/exoplanet_pipeline/data/processed/lc_detrended/TIC_255918903.npz,,,,
TIC_256158543,skipped,already exists,/Users/sandeep/Workspace/Personal/LunaVisionAi/exoplanet_pipeline/data/processed/lc_detrended/TIC_256158543.npz,,,,
TIC_256349966,skipped,already exists,/Users/sandeep/Workspace/Personal/LunaVisionAi/exoplanet_pipeline/data/processed/lc_detrended/TIC_256349966.npz,,,,
TIC_256364928,done,ok,/Users/sandeep/Workspace/Personal/LunaVisionAi/exoplanet_pipeline/data/processed/lc_detrended/TIC_256364928.npz,128161.0,26.589,0.004622,0.003774
TIC_256429408,skipped,already exists,/Users/sandeep/Workspace/Personal/LunaVisionAi/exoplanet_pipeline/data/processed/lc_detrended/TIC_256429408.npz,,,,
TIC_256561562,done,ok,/Users/sandeep/Workspace/Personal/LunaVisionAi/exoplanet_pipeline/data/processed/lc_detrended/TIC_256561562.npz,34685.0,56.857,0.011425,0.00598
TIC_256783784,skipped,already exists,/Users/sandeep/Workspace/Personal/LunaVisionAi/exoplanet_pipeline/data/processed/lc_detrended/TIC_256783784.npz,,,,
TIC_256886630,skipped,already exists,/Users/sandeep/Workspace/Personal/LunaVisionAi/exoplanet_pipeline/data/processed/lc_detrended/TIC_256886630.npz,,,,
TIC_257207557,skipped,already exists,/Users/sandeep/Workspace/Personal/LunaVisionAi/exoplanet_pipeline/data/processed/lc_detrended/TIC_257207557.npz,,,,
TIC_257392778,skipped,already exists,/Users/sandeep/Workspace/Personal/LunaVisionAi/exoplanet_pipeline/data/processed/lc_detrended/TIC_257392778.npz,,,,
TIC_257520272,done,ok,/Users/sandeep/Workspace/Personal/LunaVisionAi/exoplanet_pipeline/data/processed/lc_detrended/TIC_257520272.npz,30584.0,53.865,0.038595,0.009494
TIC_257527578,done,ok,/Users/sandeep/Workspace/Personal/LunaVisionAi/exoplanet_pipeline/data/processed/lc_detrended/TIC_257527578.npz,116084.0,25.43,0.003077,0.002954
TIC_257562160,done,ok,/Users/sandeep/Workspace/Personal/LunaVisionAi/exoplanet_pipeline/data/processed/lc_detrended/TIC_257562160.npz,107178.0,24.296,0.004874,0.004774
TIC_257571543,skipped,already exists,/Users/sandeep/Workspace/Personal/LunaVisionAi/exoplanet_pipeline/data/processed/lc_detrended/TIC_257571543.npz,,,,
TIC_258051471,skipped,already exists,/Users/sandeep/Workspace/Personal/LunaVisionAi/exoplanet_pipeline/data/processed/lc_detrended/TIC_258051471.npz,,,,
TIC_258402425,skipped,already exists,/Users/sandeep/Workspace/Personal/LunaVisionAi/exoplanet_pipeline/data/processed/lc_detrended/TIC_258402425.npz,,,,
TIC_258738570,skipped,already exists,/Users/sandeep/Workspace/Personal/LunaVisionAi/exoplanet_pipeline/data/processed/lc_detrended/TIC_258738570.npz,,,,
TIC_258804746,skipped,already exists,/Users/sandeep/Workspace/Personal/LunaVisionAi/exoplanet_pipeline/data/processed/lc_detrended/TIC_258804746.npz,,,,
TIC_258871793,skipped,already exists,/Users/sandeep/Workspace/Personal/LunaVisionAi/exoplanet_pipeline/data/processed/lc_detrended/TIC_258871793.npz,,,,
TIC_259100469,skipped,already exists,/Users/sandeep/Workspace/Personal/LunaVisionAi/exoplanet_pipeline/data/processed/lc_detrended/TIC_259100469.npz,,,,
TIC_259129875,skipped,already exists,/Users/sandeep/Workspace/Personal/LunaVisionAi/exoplanet_pipeline/data/processed/lc_detrended/TIC_259129875.npz,,,,
TIC_259151170,done,ok,/Users/sandeep/Workspace/Personal/LunaVisionAi/exoplanet_pipeline/data/processed/lc_detrended/TIC_259151170.npz,19474.0,27.719,0.016801,0.016832
TIC_259238498,skipped,already exists,/Users/sandeep/Workspace/Personal/LunaVisionAi/exoplanet_pipeline/data/processed/lc_detrended/TIC_259238498.npz,,,,
TIC_259377017,skipped,already exists,/Users/sandeep/Workspace/Personal/LunaVisionAi/exoplanet_pipeline/data/processed/lc_detrended/TIC_259377017.npz,,,,
TIC_259701242,skipped,already exists,/Users/sandeep/Workspace/Personal/LunaVisionAi/exoplanet_pipeline/data/processed/lc_detrended/TIC_259701242.npz,,,,
TIC_259901731,done,ok,/Users/sandeep/Workspace/Personal/LunaVisionAi/exoplanet_pipeline/data/processed/lc_detrended/TIC_259901731.npz,28444.0,52.352,0.026697,0.006299
TIC_259962054,skipped,already exists,/Users/sandeep/Workspace/Personal/LunaVisionAi/exoplanet_pipeline/data/processed/lc_detrended/TIC_259962054.npz,,,,
TIC_260120451,done,ok,/Users/sandeep/Workspace/Personal/LunaVisionAi/exoplanet_pipeline/data/processed/lc_detrended/TIC_260120451.npz,33166.0,50.489,0.027261,0.007798
TIC_260130483,skipped,already exists,/Users/sandeep/Workspace/Personal/LunaVisionAi/exoplanet_pipeline/data/processed/lc_detrended/TIC_260130483.npz,,,,
TIC_26018819,done,ok,/Users/sandeep/Workspace/Personal/LunaVisionAi/exoplanet_pipeline/data/processed/lc_detrended/TIC_26018819.npz,30647.0,50.403,0.02802,0.009275
TIC_260189643,done,ok,/Users/sandeep/Workspace/Personal/LunaVisionAi/exoplanet_pipeline/data/processed/lc_detrended/TIC_260189643.npz,27839.0,46.567,0.03091,0.008831
TIC_260271203,done,ok,/Users/sandeep/Workspace/Personal/LunaVisionAi/exoplanet_pipeline/data/processed/lc_detrended/TIC_260271203.npz,36219.0,55.702,0.017,0.010303
TIC_260298958,gated,robust rms 0.0364 > 0.02,,,,,
TIC_260304296,skipped,already exists,/Users/sandeep/Workspace/Personal/LunaVisionAi/exoplanet_pipeline/data/processed/lc_detrended/TIC_260304296.npz,,,,
TIC_260304800,skipped,already exists,/Users/sandeep/Workspace/Personal/LunaVisionAi/exoplanet_pipeline/data/processed/lc_detrended/TIC_260304800.npz,,,,
TIC_26045729,done,ok,/Users/sandeep/Workspace/Personal/LunaVisionAi/exoplanet_pipeline/data/processed/lc_detrended/TIC_26045729.npz,33018.0,762.432,0.018045,0.017905
TIC_26054627,done,ok,/Users/sandeep/Workspace/Personal/LunaVisionAi/exoplanet_pipeline/data/processed/lc_detrended/TIC_26054627.npz,30644.0,50.408,0.030849,0.01318
TIC_260609205,done,ok,/Users/sandeep/Workspace/Personal/LunaVisionAi/exoplanet_pipeline/data/processed/lc_detrended/TIC_260609205.npz,36577.0,56.219,0.039018,0.006181
TIC_260647166,skipped,already exists,/Users/sandeep/Workspace/Personal/LunaVisionAi/exoplanet_pipeline/data/processed/lc_detrended/TIC_260647166.npz,,,,
TIC_260655847,skipped,already exists,/Users/sandeep/Workspace/Personal/LunaVisionAi/exoplanet_pipeline/data/processed/lc_detrended/TIC_260655847.npz,,,,
TIC_260849386,skipped,already exists,/Users/sandeep/Workspace/Personal/LunaVisionAi/exoplanet_pipeline/data/processed/lc_detrended/TIC_260849386.npz,,,,
TIC_261135533,skipped,already exists,/Users/sandeep/Workspace/Personal/LunaVisionAi/exoplanet_pipeline/data/processed/lc_detrended/TIC_261135533.npz,,,,
TIC_261136679,skipped,already exists,/Users/sandeep/Workspace/Personal/LunaVisionAi/exoplanet_pipeline/data/processed/lc_detrended/TIC_261136679.npz,,,,
TIC_261141602,skipped,already exists,/Users/sandeep/Workspace/Personal/LunaVisionAi/exoplanet_pipeline/data/processed/lc_detrended/TIC_261141602.npz,,,,
TIC_261257684,skipped,already exists,/Users/sandeep/Workspace/Personal/LunaVisionAi/exoplanet_pipeline/data/processed/lc_detrended/TIC_261257684.npz,,,,
TIC_261746870,skipped,already exists,/Users/sandeep/Workspace/Personal/LunaVisionAi/exoplanet_pipeline/data/processed/lc_detrended/TIC_261746870.npz,,,,
TIC_261867566,skipped,already exists,/Users/sandeep/Workspace/Personal/LunaVisionAi/exoplanet_pipeline/data/processed/lc_detrended/TIC_261867566.npz,,,,
TIC_262016897,skipped,already exists,/Users/sandeep/Workspace/Personal/LunaVisionAi/exoplanet_pipeline/data/processed/lc_detrended/TIC_262016897.npz,,,,
TIC_262137985,skipped,already exists,/Users/sandeep/Workspace/Personal/LunaVisionAi/exoplanet_pipeline/data/processed/lc_detrended/TIC_262137985.npz,,,,
TIC_262499797,gated,robust rms 0.0305 > 0.02,,,,,
TIC_262531275,done,ok,/Users/sandeep/Workspace/Personal/LunaVisionAi/exoplanet_pipeline/data/processed/lc_detrended/TIC_262531275.npz,29691.0,53.55,0.006848,0.006762
TIC_262587669,skipped,already exists,/Users/sandeep/Workspace/Personal/LunaVisionAi/exoplanet_pipeline/data/processed/lc_detrended/TIC_262587669.npz,,,,
TIC_262746281,skipped,already exists,/Users/sandeep/Workspace/Personal/LunaVisionAi/exoplanet_pipeline/data/processed/lc_detrended/TIC_262746281.npz,,,,
TIC_262781201,skipped,already exists,/Users/sandeep/Workspace/Personal/LunaVisionAi/exoplanet_pipeline/data/processed/lc_detrended/TIC_262781201.npz,,,,
TIC_262880826,skipped,already exists,/Users/sandeep/Workspace/Personal/LunaVisionAi/exoplanet_pipeline/data/processed/lc_detrended/TIC_262880826.npz,,,,
TIC_263003176,skipped,already exists,/Users/sandeep/Workspace/Personal/LunaVisionAi/exoplanet_pipeline/data/processed/lc_detrended/TIC_263003176.npz,,,,
TIC_263203229,done,ok,/Users/sandeep/Workspace/Personal/LunaVisionAi/exoplanet_pipeline/data/processed/lc_detrended/TIC_263203229.npz,15960.0,24.627,0.007942,0.007813
TIC_26416803,gated,robust rms 0.0327 > 0.02,,,,,
TIC_264173803,skipped,already exists,/Users/sandeep/Workspace/Personal/LunaVisionAi/exoplanet_pipeline/data/processed/lc_detrended/TIC_264173803.npz,,,,
TIC_264544388,skipped,already exists,/Users/sandeep/Workspace/Personal/LunaVisionAi/exoplanet_pipeline/data/processed/lc_detrended/TIC_264544388.npz,,,,
TIC_264678534,skipped,already exists,/Users/sandeep/Workspace/Personal/LunaVisionAi/exoplanet_pipeline/data/processed/lc_detrended/TIC_264678534.npz,,,,
TIC_265077027,skipped,already exists,/Users/sandeep/Workspace/Personal/LunaVisionAi/exoplanet_pipeline/data/processed/lc_detrended/TIC_265077027.npz,,,,
TIC_265146266,done,ok,/Users/sandeep/Workspace/Personal/LunaVisionAi/exoplanet_pipeline/data/processed/lc_detrended/TIC_265146266.npz,32985.0,53.51,0.17243,0.007634
TIC_26541093,done,ok,/Users/sandeep/Workspace/Personal/LunaVisionAi/exoplanet_pipeline/data/processed/lc_detrended/TIC_26541093.npz,34187.0,54.618,0.049996,0.010237
TIC_265612438,skipped,already exists,/Users/sandeep/Workspace/Personal/LunaVisionAi/exoplanet_pipeline/data/processed/lc_detrended/TIC_265612438.npz,,,,
TIC_265619984,done,ok,/Users/sandeep/Workspace/Personal/LunaVisionAi/exoplanet_pipeline/data/processed/lc_detrended/TIC_265619984.npz,13755.0,22.851,0.009848,0.008979
TIC_26582909,done,ok,/Users/sandeep/Workspace/Personal/LunaVisionAi/exoplanet_pipeline/data/processed/lc_detrended/TIC_26582909.npz,33255.0,52.693,0.023913,0.018046
TIC_26583436,done,ok,/Users/sandeep/Workspace/Personal/LunaVisionAi/exoplanet_pipeline/data/processed/lc_detrended/TIC_26583436.npz,33697.0,54.618,0.011255,0.006053
TIC_26583640,done,ok,/Users/sandeep/Workspace/Personal/LunaVisionAi/exoplanet_pipeline/data/processed/lc_detrended/TIC_26583640.npz,34113.0,54.618,0.029802,0.011437
TIC_266023807,skipped,already exists,/Users/sandeep/Workspace/Personal/LunaVisionAi/exoplanet_pipeline/data/processed/lc_detrended/TIC_266023807.npz,,,,
TIC_266213232,done,ok,/Users/sandeep/Workspace/Personal/LunaVisionAi/exoplanet_pipeline/data/processed/lc_detrended/TIC_266213232.npz,27204.0,751.363,0.011512,0.01128
TIC_266486214,skipped,already exists,/Users/sandeep/Workspace/Personal/LunaVisionAi/exoplanet_pipeline/data/processed/lc_detrended/TIC_266486214.npz,,,,
TIC_266680498,skipped,already exists,/Users/sandeep/Workspace/Personal/LunaVisionAi/exoplanet_pipeline/data/processed/lc_detrended/TIC_266680498.npz,,,,
TIC_266688542,skipped,already exists,/Users/sandeep/Workspace/Personal/LunaVisionAi/exoplanet_pipeline/data/processed/lc_detrended/TIC_266688542.npz,,,,
TIC_266980320,skipped,already exists,/Users/sandeep/Workspace/Personal/LunaVisionAi/exoplanet_pipeline/data/processed/lc_detrended/TIC_266980320.npz,,,,
TIC_267365022,skipped,already exists,/Users/sandeep/Workspace/Personal/LunaVisionAi/exoplanet_pipeline/data/processed/lc_detrended/TIC_267365022.npz,,,,
TIC_267373896,skipped,already exists,/Users/sandeep/Workspace/Personal/LunaVisionAi/exoplanet_pipeline/data/processed/lc_detrended/TIC_267373896.npz,,,,
TIC_26748113,done,ok,/Users/sandeep/Workspace/Personal/LunaVisionAi/exoplanet_pipeline/data/processed/lc_detrended/TIC_26748113.npz,33718.0,54.618,0.018496,0.008856
TIC_267484403,done,ok,/Users/sandeep/Workspace/Personal/LunaVisionAi/exoplanet_pipeline/data/processed/lc_detrended/TIC_267484403.npz,34927.0,56.856,0.012936,0.007791
TIC_267484653,skipped,already exists,/Users/sandeep/Workspace/Personal/LunaVisionAi/exoplanet_pipeline/data/processed/lc_detrended/TIC_267484653.npz,,,,
TIC_267489265,skipped,already exists,/Users/sandeep/Workspace/Personal/LunaVisionAi/exoplanet_pipeline/data/processed/lc_detrended/TIC_267489265.npz,,,,
TIC_26750065,gated,robust rms 0.0327 > 0.02,,,,,
TIC_26751527,gated,robust rms 0.0339 > 0.02,,,,,
TIC_267527924,skipped,already exists,/Users/sandeep/Workspace/Personal/LunaVisionAi/exoplanet_pipeline/data/processed/lc_detrended/TIC_267527924.npz,,,,
TIC_267561446,skipped,already exists,/Users/sandeep/Workspace/Personal/LunaVisionAi/exoplanet_pipeline/data/processed/lc_detrended/TIC_267561446.npz,,,,
TIC_267669725,gated,robust rms 0.0369 > 0.02,,,,,
TIC_267673013,skipped,already exists,/Users/sandeep/Workspace/Personal/LunaVisionAi/exoplanet_pipeline/data/processed/lc_detrended/TIC_267673013.npz,,,,
TIC_267748934,gated,robust rms 0.0328 > 0.02,,,,,
TIC_267867517,done,ok,/Users/sandeep/Workspace/Personal/LunaVisionAi/exoplanet_pipeline/data/processed/lc_detrended/TIC_267867517.npz,18847.0,27.163,0.009773,0.009653
TIC_267989857,done,ok,/Users/sandeep/Workspace/Personal/LunaVisionAi/exoplanet_pipeline/data/processed/lc_detrended/TIC_267989857.npz,36967.0,81.912,0.023518,0.011737
TIC_268042363,done,ok,/Users/sandeep/Workspace/Personal/LunaVisionAi/exoplanet_pipeline/data/processed/lc_detrended/TIC_268042363.npz,31255.0,50.15,0.006271,0.006026
TIC_268125229,skipped,already exists,/Users/sandeep/Workspace/Personal/LunaVisionAi/exoplanet_pipeline/data/processed/lc_detrended/TIC_268125229.npz,,,,
TIC_268160366,skipped,already exists,/Users/sandeep/Workspace/Personal/LunaVisionAi/exoplanet_pipeline/data/processed/lc_detrended/TIC_268160366.npz,,,,
TIC_26817284,done,ok,/Users/sandeep/Workspace/Personal/LunaVisionAi/exoplanet_pipeline/data/processed/lc_detrended/TIC_26817284.npz,34032.0,54.618,0.022488,0.01625
TIC_26817863,done,ok,/Users/sandeep/Workspace/Personal/LunaVisionAi/exoplanet_pipeline/data/processed/lc_detrended/TIC_26817863.npz,33930.0,54.618,0.04058,0.010044
TIC_268371979,skipped,already exists,/Users/sandeep/Workspace/Personal/LunaVisionAi/exoplanet_pipeline/data/processed/lc_detrended/TIC_268371979.npz,,,,
TIC_268405086,skipped,already exists,/Users/sandeep/Workspace/Personal/LunaVisionAi/exoplanet_pipeline/data/processed/lc_detrended/TIC_268405086.npz,,,,
TIC_268439377,done,ok,/Users/sandeep/Workspace/Personal/LunaVisionAi/exoplanet_pipeline/data/processed/lc_detrended/TIC_268439377.npz,39343.0,56.792,0.011104,0.007288
TIC_268483792,gated,robust rms 0.0227 > 0.02,,,,,
TIC_268484648,skipped,already exists,/Users/sandeep/Workspace/Personal/LunaVisionAi/exoplanet_pipeline/data/processed/lc_detrended/TIC_268484648.npz,,,,
TIC_2685481,skipped,already exists,/Users/sandeep/Workspace/Personal/LunaVisionAi/exoplanet_pipeline/data/processed/lc_detrended/TIC_2685481.npz,,,,
TIC_268603980,gated,robust rms 0.0361 > 0.02,,,,,
TIC_268612417,done,ok,/Users/sandeep/Workspace/Personal/LunaVisionAi/exoplanet_pipeline/data/processed/lc_detrended/TIC_268612417.npz,37977.0,54.618,0.009227,0.008724
TIC_268634769,skipped,already exists,/Users/sandeep/Workspace/Personal/LunaVisionAi/exoplanet_pipeline/data/processed/lc_detrended/TIC_268634769.npz,,,,
TIC_268644785,skipped,already exists,/Users/sandeep/Workspace/Personal/LunaVisionAi/exoplanet_pipeline/data/processed/lc_detrended/TIC_268644785.npz,,,,
TIC_268713285,gated,robust rms 0.0337 > 0.02,,,,,
TIC_268727719,done,ok,/Users/sandeep/Workspace/Personal/LunaVisionAi/exoplanet_pipeline/data/processed/lc_detrended/TIC_268727719.npz,34437.0,51.454,0.016056,0.011079
TIC_26880783,skipped,already exists,/Users/sandeep/Workspace/Personal/LunaVisionAi/exoplanet_pipeline/data/processed/lc_detrended/TIC_26880783.npz,,,,
TIC_268823307,done,ok,/Users/sandeep/Workspace/Personal/LunaVisionAi/exoplanet_pipeline/data/processed/lc_detrended/TIC_268823307.npz,36220.0,376.139,0.028316,0.006739
TIC_268935452,done,ok,/Users/sandeep/Workspace/Personal/LunaVisionAi/exoplanet_pipeline/data/processed/lc_detrended/TIC_268935452.npz,38048.0,54.618,0.021525,0.017035
TIC_269333648,skipped,already exists,/Users/sandeep/Workspace/Personal/LunaVisionAi/exoplanet_pipeline/data/processed/lc_detrended/TIC_269333648.npz,,,,
TIC_269343479,skipped,already exists,/Users/sandeep/Workspace/Personal/LunaVisionAi/exoplanet_pipeline/data/processed/lc_detrended/TIC_269343479.npz,,,,
TIC_269439355,skipped,already exists,/Users/sandeep/Workspace/Personal/LunaVisionAi/exoplanet_pipeline/data/processed/lc_detrended/TIC_269439355.npz,,,,
TIC_269450900,skipped,already exists,/Users/sandeep/Workspace/Personal/LunaVisionAi/exoplanet_pipeline/data/processed/lc_detrended/TIC_269450900.npz,,,,
TIC_269850928,done,ok,/Users/sandeep/Workspace/Personal/LunaVisionAi/exoplanet_pipeline/data/processed/lc_detrended/TIC_269850928.npz,28560.0,243.698,0.00886,0.007361
TIC_269892793,skipped,already exists,/Users/sandeep/Workspace/Personal/LunaVisionAi/exoplanet_pipeline/data/processed/lc_detrended/TIC_269892793.npz,,,,
TIC_27007509,done,ok,/Users/sandeep/Workspace/Personal/LunaVisionAi/exoplanet_pipeline/data/processed/lc_detrended/TIC_27007509.npz,33436.0,54.618,0.083822,0.015283
TIC_27010191,done,ok,/Users/sandeep/Workspace/Personal/LunaVisionAi/exoplanet_pipeline/data/processed/lc_detrended/TIC_27010191.npz,36751.0,55.925,0.022687,0.006271
TIC_27039476,skipped,already exists,/Users/sandeep/Workspace/Personal/LunaVisionAi/exoplanet_pipeline/data/processed/lc_detrended/TIC_27039476.npz,,,,
TIC_270507305,skipped,already exists,/Users/sandeep/Workspace/Personal/LunaVisionAi/exoplanet_pipeline/data/processed/lc_detrended/TIC_270507305.npz,,,,
TIC_270609625,done,ok,/Users/sandeep/Workspace/Personal/LunaVisionAi/exoplanet_pipeline/data/processed/lc_detrended/TIC_270609625.npz,36496.0,54.618,0.010325,0.009967
TIC_270611154,gated,robust rms 0.0232 > 0.02,,,,,
TIC_270700335,done,ok,/Users/sandeep/Workspace/Personal/LunaVisionAi/exoplanet_pipeline/data/processed/lc_detrended/TIC_270700335.npz,35932.0,54.618,0.006179,0.00518
TIC_27083727,done,ok,/Users/sandeep/Workspace/Personal/LunaVisionAi/exoplanet_pipeline/data/processed/lc_detrended/TIC_27083727.npz,33899.0,54.618,0.019094,0.006441
TIC_270862497,gated,robust rms 0.0209 > 0.02,,,,,
TIC_270954695,gated,robust rms 0.0234 > 0.02,,,,,
TIC_271042173,skipped,already exists,/Users/sandeep/Workspace/Personal/LunaVisionAi/exoplanet_pipeline/data/processed/lc_detrended/TIC_271042173.npz,,,,
TIC_271042217,done,ok,/Users/sandeep/Workspace/Personal/LunaVisionAi/exoplanet_pipeline/data/processed/lc_detrended/TIC_271042217.npz,37476.0,405.475,0.024532,0.017094
TIC_271046140,skipped,already exists,/Users/sandeep/Workspace/Personal/LunaVisionAi/exoplanet_pipeline/data/processed/lc_detrended/TIC_271046140.npz,,,,
TIC_271046694,done,ok,/Users/sandeep/Workspace/Personal/LunaVisionAi/exoplanet_pipeline/data/processed/lc_detrended/TIC_271046694.npz,37940.0,54.618,0.005991,0.005618
TIC_271046907,done,ok,/Users/sandeep/Workspace/Personal/LunaVisionAi/exoplanet_pipeline/data/processed/lc_detrended/TIC_271046907.npz,38073.0,54.618,0.024348,0.018308
TIC_271164394,gated,robust rms 0.0306 > 0.02,,,,,
TIC_271164596,gated,robust rms 0.0285 > 0.02,,,,,
TIC_271168962,skipped,already exists,/Users/sandeep/Workspace/Personal/LunaVisionAi/exoplanet_pipeline/data/processed/lc_detrended/TIC_271168962.npz,,,,
TIC_271169413,skipped,already exists,/Users/sandeep/Workspace/Personal/LunaVisionAi/exoplanet_pipeline/data/processed/lc_detrended/TIC_271169413.npz,,,,
TIC_271346561,done,ok,/Users/sandeep/Workspace/Personal/LunaVisionAi/exoplanet_pipeline/data/processed/lc_detrended/TIC_271346561.npz,37966.0,54.618,0.010609,0.010155
TIC_271350547,gated,robust rms 0.0204 > 0.02,,,,,
TIC_271354351,gated,robust rms 0.0372 > 0.02,,,,,
TIC_271439193,skipped,already exists,/Users/sandeep/Workspace/Personal/LunaVisionAi/exoplanet_pipeline/data/processed/lc_detrended/TIC_271439193.npz,,,,
TIC_271478281,skipped,already exists,/Users/sandeep/Workspace/Personal/LunaVisionAi/exoplanet_pipeline/data/processed/lc_detrended/TIC_271478281.npz,,,,
TIC_271545939,gated,robust rms 0.0304 > 0.02,,,,,
TIC_271546110,gated,robust rms 0.0241 > 0.02,,,,,
TIC_271546191,done,ok,/Users/sandeep/Workspace/Personal/LunaVisionAi/exoplanet_pipeline/data/processed/lc_detrended/TIC_271546191.npz,36984.0,54.618,0.047849,0.010653
TIC_271546798,done,ok,/Users/sandeep/Workspace/Personal/LunaVisionAi/exoplanet_pipeline/data/processed/lc_detrended/TIC_271546798.npz,36454.0,54.618,0.010592,0.008061
TIC_271596418,skipped,already exists,/Users/sandeep/Workspace/Personal/LunaVisionAi/exoplanet_pipeline/data/processed/lc_detrended/TIC_271596418.npz,,,,
TIC_271663670,done,ok,/Users/sandeep/Workspace/Personal/LunaVisionAi/exoplanet_pipeline/data/processed/lc_detrended/TIC_271663670.npz,34531.0,52.693,0.037033,0.017986
TIC_271671025,skipped,already exists,/Users/sandeep/Workspace/Personal/LunaVisionAi/exoplanet_pipeline/data/processed/lc_detrended/TIC_271671025.npz,,,,
TIC_271760755,skipped,already exists,/Users/sandeep/Workspace/Personal/LunaVisionAi/exoplanet_pipeline/data/processed/lc_detrended/TIC_271760755.npz,,,,
TIC_271762145,gated,robust rms 0.0227 > 0.02,,,,,
TIC_271767300,gated,robust rms 0.0670 > 0.02,,,,,
TIC_27187386,done,ok,/Users/sandeep/Workspace/Personal/LunaVisionAi/exoplanet_pipeline/data/processed/lc_detrended/TIC_27187386.npz,33355.0,54.618,0.037048,0.018418
TIC_271877680,done,ok,/Users/sandeep/Workspace/Personal/LunaVisionAi/exoplanet_pipeline/data/processed/lc_detrended/TIC_271877680.npz,37931.0,55.926,0.044902,0.015907
TIC_27188610,gated,robust rms 0.0201 > 0.02,,,,,
TIC_271900960,skipped,already exists,/Users/sandeep/Workspace/Personal/LunaVisionAi/exoplanet_pipeline/data/processed/lc_detrended/TIC_271900960.npz,,,,
TIC_271960115,done,ok,/Users/sandeep/Workspace/Personal/LunaVisionAi/exoplanet_pipeline/data/processed/lc_detrended/TIC_271960115.npz,38012.0,54.618,0.02614,0.020258
TIC_271964647,done,ok,/Users/sandeep/Workspace/Personal/LunaVisionAi/exoplanet_pipeline/data/processed/lc_detrended/TIC_271964647.npz,38078.0,54.618,0.050865,0.014688
TIC_271970692,gated,robust rms 0.0321 > 0.02,,,,,
TIC_271972463,skipped,already exists,/Users/sandeep/Workspace/Personal/LunaVisionAi/exoplanet_pipeline/data/processed/lc_detrended/TIC_271972463.npz,,,,
TIC_272050287,skipped,already exists,/Users/sandeep/Workspace/Personal/LunaVisionAi/exoplanet_pipeline/data/processed/lc_detrended/TIC_272050287.npz,,,,
TIC_272074477,done,ok,/Users/sandeep/Workspace/Personal/LunaVisionAi/exoplanet_pipeline/data/processed/lc_detrended/TIC_272074477.npz,37305.0,54.618,0.016798,0.016137
TIC_272083644,gated,robust rms 0.0216 > 0.02,,,,,
TIC_272086159,done,ok,/Users/sandeep/Workspace/Personal/LunaVisionAi/exoplanet_pipeline/data/processed/lc_detrended/TIC_272086159.npz,28409.0,52.105,0.015253,0.008869
TIC_272178989,skipped,already exists,/Users/sandeep/Workspace/Personal/LunaVisionAi/exoplanet_pipeline/data/processed/lc_detrended/TIC_272178989.npz,,,,
TIC_272179260,done,ok,/Users/sandeep/Workspace/Personal/LunaVisionAi/exoplanet_pipeline/data/processed/lc_detrended/TIC_272179260.npz,37959.0,54.618,0.010616,0.010241
TIC_272218608,done,ok,/Users/sandeep/Workspace/Personal/LunaVisionAi/exoplanet_pipeline/data/processed/lc_detrended/TIC_272218608.npz,25540.0,56.836,0.0174,0.010878
TIC_27230283,done,ok,/Users/sandeep/Workspace/Personal/LunaVisionAi/exoplanet_pipeline/data/processed/lc_detrended/TIC_27230283.npz,34411.0,54.992,0.014733,0.008872
TIC_27233725,gated,robust rms 0.0369 > 0.02,,,,,
TIC_27235573,gated,robust rms 0.0231 > 0.02,,,,,
TIC_272375343,skipped,already exists,/Users/sandeep/Workspace/Personal/LunaVisionAi/exoplanet_pipeline/data/processed/lc_detrended/TIC_272375343.npz,,,,
TIC_272488625,gated,robust rms 0.0217 > 0.02,,,,,
TIC_272645619,done,ok,/Users/sandeep/Workspace/Personal/LunaVisionAi/exoplanet_pipeline/data/processed/lc_detrended/TIC_272645619.npz,37170.0,53.662,0.008772,0.007537
TIC_272670038,skipped,already exists,/Users/sandeep/Workspace/Personal/LunaVisionAi/exoplanet_pipeline/data/processed/lc_detrended/TIC_272670038.npz,,,,
TIC_272715773,done,ok,/Users/sandeep/Workspace/Personal/LunaVisionAi/exoplanet_pipeline/data/processed/lc_detrended/TIC_272715773.npz,38077.0,54.618,0.060876,0.012158
TIC_272719153,gated,robust rms 0.0476 > 0.02,,,,,
TIC_272782321,skipped,already exists,/Users/sandeep/Workspace/Personal/LunaVisionAi/exoplanet_pipeline/data/processed/lc_detrended/TIC_272782321.npz,,,,
TIC_272842291,gated,robust rms 0.0226 > 0.02,,,,,
TIC_272885406,done,ok,/Users/sandeep/Workspace/Personal/LunaVisionAi/exoplanet_pipeline/data/processed/lc_detrended/TIC_272885406.npz,36131.0,759.313,0.010505,0.009403
TIC_273044848,done,ok,/Users/sandeep/Workspace/Personal/LunaVisionAi/exoplanet_pipeline/data/processed/lc_detrended/TIC_273044848.npz,36700.0,54.618,0.015365,0.007815
TIC_273045068,done,ok,/Users/sandeep/Workspace/Personal/LunaVisionAi/exoplanet_pipeline/data/processed/lc_detrended/TIC_273045068.npz,36556.0,54.618,0.012468,0.007992
TIC_273046164,skipped,already exists,/Users/sandeep/Workspace/Personal/LunaVisionAi/exoplanet_pipeline/data/processed/lc_detrended/TIC_273046164.npz,,,,
TIC_273130565,gated,robust rms 0.0272 > 0.02,,,,,
TIC_273138666,done,ok,/Users/sandeep/Workspace/Personal/LunaVisionAi/exoplanet_pipeline/data/processed/lc_detrended/TIC_273138666.npz,38077.0,54.618,0.032444,0.013604
TIC_273231214,skipped,already exists,/Users/sandeep/Workspace/Personal/LunaVisionAi/exoplanet_pipeline/data/processed/lc_detrended/TIC_273231214.npz,,,,
TIC_273234664,gated,robust rms 0.0354 > 0.02,,,,,
TIC_273237673,done,ok,/Users/sandeep/Workspace/Personal/LunaVisionAi/exoplanet_pipeline/data/processed/lc_detrended/TIC_273237673.npz,38075.0,54.618,0.02895,0.011545
TIC_273373488,gated,robust rms 0.0257 > 0.02,,,,,
TIC_273378026,gated,robust rms 0.0225 > 0.02,,,,,
TIC_273685548,gated,robust rms 0.0299 > 0.02,,,,,
TIC_273773509,gated,robust rms 0.0247 > 0.02,,,,,
TIC_273774284,done,ok,/Users/sandeep/Workspace/Personal/LunaVisionAi/exoplanet_pipeline/data/processed/lc_detrended/TIC_273774284.npz,38075.0,54.618,0.019112,0.011797
TIC_27390527,done,ok,/Users/sandeep/Workspace/Personal/LunaVisionAi/exoplanet_pipeline/data/processed/lc_detrended/TIC_27390527.npz,32865.0,54.618,0.019801,0.015126
TIC_27391836,done,ok,/Users/sandeep/Workspace/Personal/LunaVisionAi/exoplanet_pipeline/data/processed/lc_detrended/TIC_27391836.npz,33368.0,54.618,0.019191,0.017929
TIC_27396284,done,ok,/Users/sandeep/Workspace/Personal/LunaVisionAi/exoplanet_pipeline/data/processed/lc_detrended/TIC_27396284.npz,33015.0,54.618,0.007213,0.00573
TIC_27397848,done,ok,/Users/sandeep/Workspace/Personal/LunaVisionAi/exoplanet_pipeline/data/processed/lc_detrended/TIC_27397848.npz,127737.0,26.59,0.005911,0.005748
TIC_274017513,skipped,already exists,/Users/sandeep/Workspace/Personal/LunaVisionAi/exoplanet_pipeline/data/processed/lc_detrended/TIC_274017513.npz,,,,
TIC_274198958,done,ok,/Users/sandeep/Workspace/Personal/LunaVisionAi/exoplanet_pipeline/data/processed/lc_detrended/TIC_274198958.npz,37335.0,54.618,0.014531,0.008924
TIC_274599700,skipped,already exists,/Users/sandeep/Workspace/Personal/LunaVisionAi/exoplanet_pipeline/data/processed/lc_detrended/TIC_274599700.npz,,,,
TIC_274626553,skipped,already exists,/Users/sandeep/Workspace/Personal/LunaVisionAi/exoplanet_pipeline/data/processed/lc_detrended/TIC_274626553.npz,,,,
TIC_274762761,done,ok,/Users/sandeep/Workspace/Personal/LunaVisionAi/exoplanet_pipeline/data/processed/lc_detrended/TIC_274762761.npz,26502.0,51.019,0.047793,0.020077
TIC_27491137,skipped,already exists,/Users/sandeep/Workspace/Personal/LunaVisionAi/exoplanet_pipeline/data/processed/lc_detrended/TIC_27491137.npz,,,,
TIC_274942910,skipped,already exists,/Users/sandeep/Workspace/Personal/LunaVisionAi/exoplanet_pipeline/data/processed/lc_detrended/TIC_274942910.npz,,,,
TIC_275111900,done,ok,/Users/sandeep/Workspace/Personal/LunaVisionAi/exoplanet_pipeline/data/processed/lc_detrended/TIC_275111900.npz,35258.0,56.038,0.007131,0.00604
TIC_275248683,skipped,already exists,/Users/sandeep/Workspace/Personal/LunaVisionAi/exoplanet_pipeline/data/processed/lc_detrended/TIC_275248683.npz,,,,
TIC_27531854,gated,robust rms 0.0405 > 0.02,,,,,
TIC_27531978,done,ok,/Users/sandeep/Workspace/Personal/LunaVisionAi/exoplanet_pipeline/data/processed/lc_detrended/TIC_27531978.npz,33471.0,54.618,0.006607,0.005174
TIC_27532033,done,ok,/Users/sandeep/Workspace/Personal/LunaVisionAi/exoplanet_pipeline/data/processed/lc_detrended/TIC_27532033.npz,33531.0,54.618,0.035405,0.015336
TIC_27532561,gated,robust rms 0.0492 > 0.02,,,,,
TIC_27534138,skipped,already exists,/Users/sandeep/Workspace/Personal/LunaVisionAi/exoplanet_pipeline/data/processed/lc_detrended/TIC_27534138.npz,,,,
TIC_275384718,skipped,already exists,/Users/sandeep/Workspace/Personal/LunaVisionAi/exoplanet_pipeline/data/processed/lc_detrended/TIC_275384718.npz,,,,
TIC_275496016,gated,robust rms 0.1171 > 0.02,,,,,
TIC_275501623,skipped,already exists,/Users/sandeep/Workspace/Personal/LunaVisionAi/exoplanet_pipeline/data/processed/lc_detrended/TIC_275501623.npz,,,,
TIC_275527293,done,ok,/Users/sandeep/Workspace/Personal/LunaVisionAi/exoplanet_pipeline/data/processed/lc_detrended/TIC_275527293.npz,37839.0,193.397,0.011336,0.00884
TIC_275574174,done,ok,/Users/sandeep/Workspace/Personal/LunaVisionAi/exoplanet_pipeline/data/processed/lc_detrended/TIC_275574174.npz,35929.0,54.618,0.028139,0.016797
TIC_2758565,skipped,already exists,/Users/sandeep/Workspace/Personal/LunaVisionAi/exoplanet_pipeline/data/processed/lc_detrended/TIC_2758565.npz,,,,
TIC_2760710,gated,robust rms 0.0236 > 0.02,,,,,
TIC_276128561,skipped,already exists,/Users/sandeep/Workspace/Personal/LunaVisionAi/exoplanet_pipeline/data/processed/lc_detrended/TIC_276128561.npz,,,,
TIC_27626711,skipped,already exists,/Users/sandeep/Workspace/Personal/LunaVisionAi/exoplanet_pipeline/data/processed/lc_detrended/TIC_27626711.npz,,,,
TIC_27649489,done,ok,/Users/sandeep/Workspace/Personal/LunaVisionAi/exoplanet_pipeline/data/processed/lc_detrended/TIC_27649489.npz,33507.0,54.618,0.021061,0.007621
TIC_277014266,skipped,already exists,/Users/sandeep/Workspace/Personal/LunaVisionAi/exoplanet_pipeline/data/processed/lc_detrended/TIC_277014266.npz,,,,
TIC_27777414,gated,robust rms 0.0209 > 0.02,,,,,
TIC_277833995,skipped,already exists,/Users/sandeep/Workspace/Personal/LunaVisionAi/exoplanet_pipeline/data/processed/lc_detrended/TIC_277833995.npz,,,,
TIC_277871306,skipped,already exists,/Users/sandeep/Workspace/Personal/LunaVisionAi/exoplanet_pipeline/data/processed/lc_detrended/TIC_277871306.npz,,,,
TIC_277888583,skipped,already exists,/Users/sandeep/Workspace/Personal/LunaVisionAi/exoplanet_pipeline/data/processed/lc_detrended/TIC_277888583.npz,,,,
TIC_277890728,skipped,already exists,/Users/sandeep/Workspace/Personal/LunaVisionAi/exoplanet_pipeline/data/processed/lc_detrended/TIC_277890728.npz,,,,
TIC_277987172,skipped,already exists,/Users/sandeep/Workspace/Personal/LunaVisionAi/exoplanet_pipeline/data/processed/lc_detrended/TIC_277987172.npz,,,,
TIC_278198753,gated,robust rms 0.0206 > 0.02,,,,,
TIC_278199349,done,ok,/Users/sandeep/Workspace/Personal/LunaVisionAi/exoplanet_pipeline/data/processed/lc_detrended/TIC_278199349.npz,114992.0,23.921,0.005414,0.005264
TIC_278380701,skipped,already exists,/Users/sandeep/Workspace/Personal/LunaVisionAi/exoplanet_pipeline/data/processed/lc_detrended/TIC_278380701.npz,,,,
TIC_27843776,gated,robust rms 0.0330 > 0.02,,,,,
TIC_27843860,gated,robust rms 0.0226 > 0.02,,,,,
TIC_27844066,done,ok,/Users/sandeep/Workspace/Personal/LunaVisionAi/exoplanet_pipeline/data/processed/lc_detrended/TIC_27844066.npz,36033.0,54.364,0.00632,0.005147
TIC_278683844,skipped,already exists,/Users/sandeep/Workspace/Personal/LunaVisionAi/exoplanet_pipeline/data/processed/lc_detrended/TIC_278683844.npz,,,,
TIC_278726770,skipped,already exists,/Users/sandeep/Workspace/Personal/LunaVisionAi/exoplanet_pipeline/data/processed/lc_detrended/TIC_278726770.npz,,,,
TIC_278866211,skipped,already exists,/Users/sandeep/Workspace/Personal/LunaVisionAi/exoplanet_pipeline/data/processed/lc_detrended/TIC_278866211.npz,,,,
TIC_278895705,skipped,already exists,/Users/sandeep/Workspace/Personal/LunaVisionAi/exoplanet_pipeline/data/processed/lc_detrended/TIC_278895705.npz,,,,
TIC_27914560,gated,robust rms 0.0224 > 0.02,,,,,
TIC_279177746,skipped,already exists,/Users/sandeep/Workspace/Personal/LunaVisionAi/exoplanet_pipeline/data/processed/lc_detrended/TIC_279177746.npz,,,,
TIC_279212407,skipped,already exists,/Users/sandeep/Workspace/Personal/LunaVisionAi/exoplanet_pipeline/data/processed/lc_detrended/TIC_279212407.npz,,,,
TIC_279246287,skipped,already exists,/Users/sandeep/Workspace/Personal/LunaVisionAi/exoplanet_pipeline/data/processed/lc_detrended/TIC_279246287.npz,,,,
TIC_279251651,skipped,already exists,/Users/sandeep/Workspace/Personal/LunaVisionAi/exoplanet_pipeline/data/processed/lc_detrended/TIC_279251651.npz,,,,
TIC_279401253,skipped,already exists,/Users/sandeep/Workspace/Personal/LunaVisionAi/exoplanet_pipeline/data/processed/lc_detrended/TIC_279401253.npz,,,,
TIC_279514271,skipped,already exists,/Users/sandeep/Workspace/Personal/LunaVisionAi/exoplanet_pipeline/data/processed/lc_detrended/TIC_279514271.npz,,,,
TIC_279740441,skipped,already exists,/Users/sandeep/Workspace/Personal/LunaVisionAi/exoplanet_pipeline/data/processed/lc_detrended/TIC_279740441.npz,,,,
TIC_27987264,done,ok,/Users/sandeep/Workspace/Personal/LunaVisionAi/exoplanet_pipeline/data/processed/lc_detrended/TIC_27987264.npz,36216.0,376.139,0.018074,0.008475
TIC_27990682,gated,robust rms 0.0275 > 0.02,,,,,
TIC_27991150,gated,robust rms 0.1607 > 0.02,,,,,
TIC_279915745,gated,robust rms 0.0236 > 0.02,,,,,
TIC_279917005,done,ok,/Users/sandeep/Workspace/Personal/LunaVisionAi/exoplanet_pipeline/data/processed/lc_detrended/TIC_279917005.npz,37834.0,55.925,0.012777,0.010953
TIC_279917282,done,ok,/Users/sandeep/Workspace/Personal/LunaVisionAi/exoplanet_pipeline/data/processed/lc_detrended/TIC_279917282.npz,37825.0,55.925,0.010193,0.008862
TIC_279999655,skipped,already exists,/Users/sandeep/Workspace/Personal/LunaVisionAi/exoplanet_pipeline/data/processed/lc_detrended/TIC_279999655.npz,,,,
TIC_280210963,gated,robust rms 0.0934 > 0.02,,,,,
TIC_280292434,done,ok,/Users/sandeep/Workspace/Personal/LunaVisionAi/exoplanet_pipeline/data/processed/lc_detrended/TIC_280292434.npz,13582.0,22.722,0.009783,0.009472
TIC_280645209,skipped,already exists,/Users/sandeep/Workspace/Personal/LunaVisionAi/exoplanet_pipeline/data/processed/lc_detrended/TIC_280645209.npz,,,,
TIC_280655495,skipped,already exists,/Users/sandeep/Workspace/Personal/LunaVisionAi/exoplanet_pipeline/data/processed/lc_detrended/TIC_280655495.npz,,,,
TIC_280830734,skipped,already exists,/Users/sandeep/Workspace/Personal/LunaVisionAi/exoplanet_pipeline/data/processed/lc_detrended/TIC_280830734.npz,,,,
TIC_281459670,skipped,already exists,/Users/sandeep/Workspace/Personal/LunaVisionAi/exoplanet_pipeline/data/processed/lc_detrended/TIC_281459670.npz,,,,
TIC_281541555,done,ok,/Users/sandeep/Workspace/Personal/LunaVisionAi/exoplanet_pipeline/data/processed/lc_detrended/TIC_281541555.npz,18237.0,27.881,0.009319,0.009076
TIC_28159518,skipped,already exists,/Users/sandeep/Workspace/Personal/LunaVisionAi/exoplanet_pipeline/data/processed/lc_detrended/TIC_28159518.npz,,,,
TIC_281710229,skipped,already exists,/Users/sandeep/Workspace/Personal/LunaVisionAi/exoplanet_pipeline/data/processed/lc_detrended/TIC_281710229.npz,,,,
TIC_281837575,skipped,already exists,/Users/sandeep/Workspace/Personal/LunaVisionAi/exoplanet_pipeline/data/processed/lc_detrended/TIC_281837575.npz,,,,
TIC_281909674,gated,robust rms 0.0566 > 0.02,,,,,
TIC_281979481,skipped,already exists,/Users/sandeep/Workspace/Personal/LunaVisionAi/exoplanet_pipeline/data/processed/lc_detrended/TIC_281979481.npz,,,,
TIC_282257777,skipped,already exists,/Users/sandeep/Workspace/Personal/LunaVisionAi/exoplanet_pipeline/data/processed/lc_detrended/TIC_282257777.npz,,,,
TIC_28227113,skipped,already exists,/Users/sandeep/Workspace/Personal/LunaVisionAi/exoplanet_pipeline/data/processed/lc_detrended/TIC_28227113.npz,,,,
TIC_28230011,done,ok,/Users/sandeep/Workspace/Personal/LunaVisionAi/exoplanet_pipeline/data/processed/lc_detrended/TIC_28230011.npz,34448.0,54.618,0.03945,0.018358
TIC_282498590,done,ok,/Users/sandeep/Workspace/Personal/LunaVisionAi/exoplanet_pipeline/data/processed/lc_detrended/TIC_282498590.npz,121555.0,25.839,0.006458,0.006202
TIC_282701278,done,ok,/Users/sandeep/Workspace/Personal/LunaVisionAi/exoplanet_pipeline/data/processed/lc_detrended/TIC_282701278.npz,35534.0,1082.678,0.104253,0.0143
TIC_282935857,skipped,already exists,/Users/sandeep/Workspace/Personal/LunaVisionAi/exoplanet_pipeline/data/processed/lc_detrended/TIC_282935857.npz,,,,
TIC_283015592,done,ok,/Users/sandeep/Workspace/Personal/LunaVisionAi/exoplanet_pipeline/data/processed/lc_detrended/TIC_283015592.npz,37466.0,56.693,0.016221,0.006541
TIC_283605976,skipped,already exists,/Users/sandeep/Workspace/Personal/LunaVisionAi/exoplanet_pipeline/data/processed/lc_detrended/TIC_283605976.npz,,,,
TIC_28361491,done,ok,/Users/sandeep/Workspace/Personal/LunaVisionAi/exoplanet_pipeline/data/processed/lc_detrended/TIC_28361491.npz,37163.0,191.551,0.092745,0.020687
TIC_284050395,skipped,already exists,/Users/sandeep/Workspace/Personal/LunaVisionAi/exoplanet_pipeline/data/processed/lc_detrended/TIC_284050395.npz,,,,
TIC_284288080,skipped,already exists,/Users/sandeep/Workspace/Personal/LunaVisionAi/exoplanet_pipeline/data/processed/lc_detrended/TIC_284288080.npz,,,,
TIC_284288093,skipped,already exists,/Users/sandeep/Workspace/Personal/LunaVisionAi/exoplanet_pipeline/data/processed/lc_detrended/TIC_284288093.npz,,,,
TIC_284305328,done,ok,/Users/sandeep/Workspace/Personal/LunaVisionAi/exoplanet_pipeline/data/processed/lc_detrended/TIC_284305328.npz,29202.0,569.861,0.019671,0.006577
TIC_28448711,done,ok,/Users/sandeep/Workspace/Personal/LunaVisionAi/exoplanet_pipeline/data/processed/lc_detrended/TIC_28448711.npz,36218.0,376.139,0.035279,0.004991
TIC_28450124,gated,robust rms 0.0318 > 0.02,,,,,
TIC_284688043,skipped,already exists,/Users/sandeep/Workspace/Personal/LunaVisionAi/exoplanet_pipeline/data/processed/lc_detrended/TIC_284688043.npz,,,,
TIC_284747017,skipped,already exists,/Users/sandeep/Workspace/Personal/LunaVisionAi/exoplanet_pipeline/data/processed/lc_detrended/TIC_284747017.npz,,,,
TIC_284859630,skipped,already exists,/Users/sandeep/Workspace/Personal/LunaVisionAi/exoplanet_pipeline/data/processed/lc_detrended/TIC_284859630.npz,,,,
TIC_285048486,skipped,already exists,/Users/sandeep/Workspace/Personal/LunaVisionAi/exoplanet_pipeline/data/processed/lc_detrended/TIC_285048486.npz,,,,
TIC_285094173,skipped,already exists,/Users/sandeep/Workspace/Personal/LunaVisionAi/exoplanet_pipeline/data/processed/lc_detrended/TIC_285094173.npz,,,,
TIC_285328782,done,ok,/Users/sandeep/Workspace/Personal/LunaVisionAi/exoplanet_pipeline/data/processed/lc_detrended/TIC_285328782.npz,24907.0,201.779,0.024557,0.009749
TIC_285524410,gated,robust rms 0.1941 > 0.02,,,,,
TIC_285542903,skipped,already exists,/Users/sandeep/Workspace/Personal/LunaVisionAi/exoplanet_pipeline/data/processed/lc_detrended/TIC_285542903.npz,,,,
TIC_285666479,skipped,already exists,/Users/sandeep/Workspace/Personal/LunaVisionAi/exoplanet_pipeline/data/processed/lc_detrended/TIC_285666479.npz,,,,
TIC_285677945,done,ok,/Users/sandeep/Workspace/Personal/LunaVisionAi/exoplanet_pipeline/data/processed/lc_detrended/TIC_285677945.npz,110883.0,24.787,0.003354,0.002878
TIC_286153328,done,ok,/Users/sandeep/Workspace/Personal/LunaVisionAi/exoplanet_pipeline/data/processed/lc_detrended/TIC_286153328.npz,32124.0,50.314,0.040863,0.012105
TIC_286355915,skipped,already exists,/Users/sandeep/Workspace/Personal/LunaVisionAi/exoplanet_pipeline/data/processed/lc_detrended/TIC_286355915.npz,,,,
TIC_28643432,skipped,already exists,/Users/sandeep/Workspace/Personal/LunaVisionAi/exoplanet_pipeline/data/processed/lc_detrended/TIC_28643432.npz,,,,
TIC_286561122,skipped,already exists,/Users/sandeep/Workspace/Personal/LunaVisionAi/exoplanet_pipeline/data/processed/lc_detrended/TIC_286561122.npz,,,,
TIC_286712787,skipped,already exists,/Users/sandeep/Workspace/Personal/LunaVisionAi/exoplanet_pipeline/data/processed/lc_detrended/TIC_286712787.npz,,,,
TIC_286813592,done,ok,/Users/sandeep/Workspace/Personal/LunaVisionAi/exoplanet_pipeline/data/processed/lc_detrended/TIC_286813592.npz,112198.0,650.531,0.005801,0.004396
TIC_286896213,skipped,already exists,/Users/sandeep/Workspace/Personal/LunaVisionAi/exoplanet_pipeline/data/processed/lc_detrended/TIC_286896213.npz,,,,
TIC_286954708,skipped,already exists,/Users/sandeep/Workspace/Personal/LunaVisionAi/exoplanet_pipeline/data/processed/lc_detrended/TIC_286954708.npz,,,,
TIC_286992966,skipped,already exists,/Users/sandeep/Workspace/Personal/LunaVisionAi/exoplanet_pipeline/data/processed/lc_detrended/TIC_286992966.npz,,,,
TIC_287080092,skipped,already exists,/Users/sandeep/Workspace/Personal/LunaVisionAi/exoplanet_pipeline/data/processed/lc_detrended/TIC_287080092.npz,,,,
TIC_287156968,skipped,already exists,/Users/sandeep/Workspace/Personal/LunaVisionAi/exoplanet_pipeline/data/processed/lc_detrended/TIC_287156968.npz,,,,
TIC_287190564,skipped,already exists,/Users/sandeep/Workspace/Personal/LunaVisionAi/exoplanet_pipeline/data/processed/lc_detrended/TIC_287190564.npz,,,,
TIC_287207371,skipped,already exists,/Users/sandeep/Workspace/Personal/LunaVisionAi/exoplanet_pipeline/data/processed/lc_detrended/TIC_287207371.npz,,,,
TIC_287268770,done,ok,/Users/sandeep/Workspace/Personal/LunaVisionAi/exoplanet_pipeline/data/processed/lc_detrended/TIC_287268770.npz,22308.0,54.618,0.009217,0.007237
TIC_287474726,skipped,already exists,/Users/sandeep/Workspace/Personal/LunaVisionAi/exoplanet_pipeline/data/processed/lc_detrended/TIC_287474726.npz,,,,
TIC_287863314,done,ok,/Users/sandeep/Workspace/Personal/LunaVisionAi/exoplanet_pipeline/data/processed/lc_detrended/TIC_287863314.npz,35206.0,50.982,0.037076,0.018912
TIC_288144647,skipped,already exists,/Users/sandeep/Workspace/Personal/LunaVisionAi/exoplanet_pipeline/data/processed/lc_detrended/TIC_288144647.npz,,,,
TIC_288391628,skipped,already exists,/Users/sandeep/Workspace/Personal/LunaVisionAi/exoplanet_pipeline/data/processed/lc_detrended/TIC_288391628.npz,,,,
TIC_288471040,skipped,already exists,/Users/sandeep/Workspace/Personal/LunaVisionAi/exoplanet_pipeline/data/processed/lc_detrended/TIC_288471040.npz,,,,
TIC_288471046,done,ok,/Users/sandeep/Workspace/Personal/LunaVisionAi/exoplanet_pipeline/data/processed/lc_detrended/TIC_288471046.npz,23748.0,53.769,0.049691,0.013894
TIC_288671122,skipped,already exists,/Users/sandeep/Workspace/Personal/LunaVisionAi/exoplanet_pipeline/data/processed/lc_detrended/TIC_288671122.npz,,,,
TIC_289316336,skipped,already exists,/Users/sandeep/Workspace/Personal/LunaVisionAi/exoplanet_pipeline/data/processed/lc_detrended/TIC_289316336.npz,,,,
TIC_289590465,skipped,already exists,/Users/sandeep/Workspace/Personal/LunaVisionAi/exoplanet_pipeline/data/processed/lc_detrended/TIC_289590465.npz,,,,
TIC_289793076,done,ok,/Users/sandeep/Workspace/Personal/LunaVisionAi/exoplanet_pipeline/data/processed/lc_detrended/TIC_289793076.npz,18154.0,27.744,0.009315,0.009066
TIC_289988797,skipped,already exists,/Users/sandeep/Workspace/Personal/LunaVisionAi/exoplanet_pipeline/data/processed/lc_detrended/TIC_289988797.npz,,,,
TIC_290005350,gated,robust rms 0.0255 > 0.02,,,,,
TIC_290036495,skipped,already exists,/Users/sandeep/Workspace/Personal/LunaVisionAi/exoplanet_pipeline/data/processed/lc_detrended/TIC_290036495.npz,,,,
TIC_290131778,skipped,already exists,/Users/sandeep/Workspace/Personal/LunaVisionAi/exoplanet_pipeline/data/processed/lc_detrended/TIC_290131778.npz,,,,
TIC_290302097,done,ok,/Users/sandeep/Workspace/Personal/LunaVisionAi/exoplanet_pipeline/data/processed/lc_detrended/TIC_290302097.npz,34385.0,51.298,0.005434,0.005184
TIC_290415036,skipped,already exists,/Users/sandeep/Workspace/Personal/LunaVisionAi/exoplanet_pipeline/data/processed/lc_detrended/TIC_290415036.npz,,,,
TIC_290493086,skipped,already exists,/Users/sandeep/Workspace/Personal/LunaVisionAi/exoplanet_pipeline/data/processed/lc_detrended/TIC_290493086.npz,,,,
TIC_29054413,skipped,already exists,/Users/sandeep/Workspace/Personal/LunaVisionAi/exoplanet_pipeline/data/processed/lc_detrended/TIC_29054413.npz,,,,
TIC_291013124,gated,robust rms 0.0247 > 0.02,,,,,
TIC_291147951,done,ok,/Users/sandeep/Workspace/Personal/LunaVisionAi/exoplanet_pipeline/data/processed/lc_detrended/TIC_291147951.npz,18110.0,25.852,0.010043,0.009929
TIC_29117085,done,ok,/Users/sandeep/Workspace/Personal/LunaVisionAi/exoplanet_pipeline/data/processed/lc_detrended/TIC_29117085.npz,16541.0,26.525,0.008443,0.008166
TIC_291471222,skipped,already exists,/Users/sandeep/Workspace/Personal/LunaVisionAi/exoplanet_pipeline/data/processed/lc_detrended/TIC_291471222.npz,,,,
TIC_291555748,skipped,already exists,/Users/sandeep/Workspace/Personal/LunaVisionAi/exoplanet_pipeline/data/processed/lc_detrended/TIC_291555748.npz,,,,
TIC_292321872,skipped,already exists,/Users/sandeep/Workspace/Personal/LunaVisionAi/exoplanet_pipeline/data/processed/lc_detrended/TIC_292321872.npz,,,,
TIC_292607437,skipped,already exists,/Users/sandeep/Workspace/Personal/LunaVisionAi/exoplanet_pipeline/data/processed/lc_detrended/TIC_292607437.npz,,,,
TIC_293075732,skipped,already exists,/Users/sandeep/Workspace/Personal/LunaVisionAi/exoplanet_pipeline/data/processed/lc_detrended/TIC_293075732.npz,,,,
TIC_29336129,done,ok,/Users/sandeep/Workspace/Personal/LunaVisionAi/exoplanet_pipeline/data/processed/lc_detrended/TIC_29336129.npz,35724.0,51.773,0.040768,0.005796
TIC_293432942,skipped,already exists,/Users/sandeep/Workspace/Personal/LunaVisionAi/exoplanet_pipeline/data/processed/lc_detrended/TIC_293432942.npz,,,,
TIC_29344935,done,ok,/Users/sandeep/Workspace/Personal/LunaVisionAi/exoplanet_pipeline/data/processed/lc_detrended/TIC_29344935.npz,18148.0,27.729,0.008135,0.008019
TIC_293457754,skipped,already exists,/Users/sandeep/Workspace/Personal/LunaVisionAi/exoplanet_pipeline/data/processed/lc_detrended/TIC_293457754.npz,,,,
TIC_293459761,skipped,already exists,/Users/sandeep/Workspace/Personal/LunaVisionAi/exoplanet_pipeline/data/processed/lc_detrended/TIC_293459761.npz,,,,
TIC_293460551,done,ok,/Users/sandeep/Workspace/Personal/LunaVisionAi/exoplanet_pipeline/data/processed/lc_detrended/TIC_293460551.npz,31172.0,50.26,0.015061,0.013331
TIC_293496724,done,ok,/Users/sandeep/Workspace/Personal/LunaVisionAi/exoplanet_pipeline/data/processed/lc_detrended/TIC_293496724.npz,31397.0,50.26,0.01935,0.008152
TIC_293514367,done,ok,/Users/sandeep/Workspace/Personal/LunaVisionAi/exoplanet_pipeline/data/processed/lc_detrended/TIC_293514367.npz,42768.0,810.645,0.016585,0.007714
TIC_293567206,skipped,already exists,/Users/sandeep/Workspace/Personal/LunaVisionAi/exoplanet_pipeline/data/processed/lc_detrended/TIC_293567206.npz,,,,
TIC_293612446,done,ok,/Users/sandeep/Workspace/Personal/LunaVisionAi/exoplanet_pipeline/data/processed/lc_detrended/TIC_293612446.npz,120996.0,25.919,0.010019,0.009468
TIC_293708935,skipped,already exists,/Users/sandeep/Workspace/Personal/LunaVisionAi/exoplanet_pipeline/data/processed/lc_detrended/TIC_293708935.npz,,,,
TIC_294090620,skipped,already exists,/Users/sandeep/Workspace/Personal/LunaVisionAi/exoplanet_pipeline/data/processed/lc_detrended/TIC_294090620.npz,,,,
TIC_294283951,skipped,already exists,/Users/sandeep/Workspace/Personal/LunaVisionAi/exoplanet_pipeline/data/processed/lc_detrended/TIC_294283951.npz,,,,
TIC_29430403,skipped,already exists,/Users/sandeep/Workspace/Personal/LunaVisionAi/exoplanet_pipeline/data/processed/lc_detrended/TIC_29430403.npz,,,,
TIC_294315741,done,ok,/Users/sandeep/Workspace/Personal/LunaVisionAi/exoplanet_pipeline/data/processed/lc_detrended/TIC_294315741.npz,14946.0,23.434,0.010957,0.010569
TIC_294385899,done,ok,/Users/sandeep/Workspace/Personal/LunaVisionAi/exoplanet_pipeline/data/processed/lc_detrended/TIC_294385899.npz,36033.0,53.815,0.011561,0.006063
TIC_294434193,skipped,already exists,/Users/sandeep/Workspace/Personal/LunaVisionAi/exoplanet_pipeline/data/processed/lc_detrended/TIC_294434193.npz,,,,
TIC_294500964,skipped,already exists,/Users/sandeep/Workspace/Personal/LunaVisionAi/exoplanet_pipeline/data/processed/lc_detrended/TIC_294500964.npz,,,,
TIC_294594423,done,ok,/Users/sandeep/Workspace/Personal/LunaVisionAi/exoplanet_pipeline/data/processed/lc_detrended/TIC_294594423.npz,36779.0,54.364,0.054698,0.008431
TIC_294780517,skipped,already exists,/Users/sandeep/Workspace/Personal/LunaVisionAi/exoplanet_pipeline/data/processed/lc_detrended/TIC_294780517.npz,,,,
TIC_294869729,done,ok,/Users/sandeep/Workspace/Personal/LunaVisionAi/exoplanet_pipeline/data/processed/lc_detrended/TIC_294869729.npz,185790.0,48.892,0.005871,0.004746
TIC_294904059,skipped,already exists,/Users/sandeep/Workspace/Personal/LunaVisionAi/exoplanet_pipeline/data/processed/lc_detrended/TIC_294904059.npz,,,,
TIC_295093397,done,ok,/Users/sandeep/Workspace/Personal/LunaVisionAi/exoplanet_pipeline/data/processed/lc_detrended/TIC_295093397.npz,35101.0,51.738,0.033751,0.00504
TIC_295233473,done,ok,/Users/sandeep/Workspace/Personal/LunaVisionAi/exoplanet_pipeline/data/processed/lc_detrended/TIC_295233473.npz,38236.0,55.514,0.02459,0.014444
TIC_295413003,skipped,already exists,/Users/sandeep/Workspace/Personal/LunaVisionAi/exoplanet_pipeline/data/processed/lc_detrended/TIC_295413003.npz,,,,
TIC_295599256,skipped,already exists,/Users/sandeep/Workspace/Personal/LunaVisionAi/exoplanet_pipeline/data/processed/lc_detrended/TIC_295599256.npz,,,,
TIC_297146115,skipped,already exists,/Users/sandeep/Workspace/Personal/LunaVisionAi/exoplanet_pipeline/data/processed/lc_detrended/TIC_297146115.npz,,,,
TIC_297148017,skipped,already exists,/Users/sandeep/Workspace/Personal/LunaVisionAi/exoplanet_pipeline/data/processed/lc_detrended/TIC_297148017.npz,,,,
TIC_297153209,skipped,already exists,/Users/sandeep/Workspace/Personal/LunaVisionAi/exoplanet_pipeline/data/processed/lc_detrended/TIC_297153209.npz,,,,
TIC_297373047,skipped,already exists,/Users/sandeep/Workspace/Personal/LunaVisionAi/exoplanet_pipeline/data/processed/lc_detrended/TIC_297373047.npz,,,,
TIC_297457992,done,ok,/Users/sandeep/Workspace/Personal/LunaVisionAi/exoplanet_pipeline/data/processed/lc_detrended/TIC_297457992.npz,37857.0,54.835,0.026192,0.009152
TIC_29781292,skipped,already exists,/Users/sandeep/Workspace/Personal/LunaVisionAi/exoplanet_pipeline/data/processed/lc_detrended/TIC_29781292.npz,,,,
TIC_298074043,skipped,already exists,/Users/sandeep/Workspace/Personal/LunaVisionAi/exoplanet_pipeline/data/processed/lc_detrended/TIC_298074043.npz,,,,
TIC_298163592,skipped,already exists,/Users/sandeep/Workspace/Personal/LunaVisionAi/exoplanet_pipeline/data/processed/lc_detrended/TIC_298163592.npz,,,,
TIC_29831208,skipped,already exists,/Users/sandeep/Workspace/Personal/LunaVisionAi/exoplanet_pipeline/data/processed/lc_detrended/TIC_29831208.npz,,,,
TIC_298372701,skipped,already exists,/Users/sandeep/Workspace/Personal/LunaVisionAi/exoplanet_pipeline/data/processed/lc_detrended/TIC_298372701.npz,,,,
TIC_298437387,skipped,already exists,/Users/sandeep/Workspace/Personal/LunaVisionAi/exoplanet_pipeline/data/processed/lc_detrended/TIC_298437387.npz,,,,
TIC_298666530,gated,robust rms 0.7919 > 0.02,,,,,
TIC_298752252,skipped,already exists,/Users/sandeep/Workspace/Personal/LunaVisionAi/exoplanet_pipeline/data/processed/lc_detrended/TIC_298752252.npz,,,,
TIC_298810162,skipped,already exists,/Users/sandeep/Workspace/Personal/LunaVisionAi/exoplanet_pipeline/data/processed/lc_detrended/TIC_298810162.npz,,,,
TIC_298834402,done,ok,/Users/sandeep/Workspace/Personal/LunaVisionAi/exoplanet_pipeline/data/processed/lc_detrended/TIC_298834402.npz,34818.0,54.618,0.015691,0.014439
TIC_298892283,done,ok,/Users/sandeep/Workspace/Personal/LunaVisionAi/exoplanet_pipeline/data/processed/lc_detrended/TIC_298892283.npz,34536.0,55.925,0.019508,0.009344
TIC_299032517,gated,robust rms 0.0419 > 0.02,,,,,
TIC_299089587,gated,robust rms 0.0319 > 0.02,,,,,
TIC_29919341,skipped,already exists,/Users/sandeep/Workspace/Personal/LunaVisionAi/exoplanet_pipeline/data/processed/lc_detrended/TIC_29919341.npz,,,,
TIC_299217801,gated,robust rms 0.0477 > 0.02,,,,,
TIC_299218775,done,ok,/Users/sandeep/Workspace/Personal/LunaVisionAi/exoplanet_pipeline/data/processed/lc_detrended/TIC_299218775.npz,34478.0,54.618,0.021208,0.005731
TIC_29960109,skipped,already exists,/Users/sandeep/Workspace/Personal/LunaVisionAi/exoplanet_pipeline/data/processed/lc_detrended/TIC_29960109.npz,,,,
TIC_299799658,skipped,already exists,/Users/sandeep/Workspace/Personal/LunaVisionAi/exoplanet_pipeline/data/processed/lc_detrended/TIC_299799658.npz,,,,
TIC_300011941,skipped,already exists,/Users/sandeep/Workspace/Personal/LunaVisionAi/exoplanet_pipeline/data/processed/lc_detrended/TIC_300011941.npz,,,,
TIC_300557619,done,ok,/Users/sandeep/Workspace/Personal/LunaVisionAi/exoplanet_pipeline/data/processed/lc_detrended/TIC_300557619.npz,168959.0,49.18,0.005363,0.005131
TIC_300599466,done,ok,/Users/sandeep/Workspace/Personal/LunaVisionAi/exoplanet_pipeline/data/processed/lc_detrended/TIC_300599466.npz,164956.0,48.422,0.006079,0.005082
TIC_300810086,skipped,already exists,/Users/sandeep/Workspace/Personal/LunaVisionAi/exoplanet_pipeline/data/processed/lc_detrended/TIC_300810086.npz,,,,
TIC_300812741,skipped,already exists,/Users/sandeep/Workspace/Personal/LunaVisionAi/exoplanet_pipeline/data/processed/lc_detrended/TIC_300812741.npz,,,,
TIC_301031110,done,ok,/Users/sandeep/Workspace/Personal/LunaVisionAi/exoplanet_pipeline/data/processed/lc_detrended/TIC_301031110.npz,15515.0,25.012,0.009189,0.009049
TIC_301035553,skipped,already exists,/Users/sandeep/Workspace/Personal/LunaVisionAi/exoplanet_pipeline/data/processed/lc_detrended/TIC_301035553.npz,,,,
TIC_301288279,done,ok,/Users/sandeep/Workspace/Personal/LunaVisionAi/exoplanet_pipeline/data/processed/lc_detrended/TIC_301288279.npz,107944.0,24.691,0.019706,0.019317
TIC_301609547,done,ok,/Users/sandeep/Workspace/Personal/LunaVisionAi/exoplanet_pipeline/data/processed/lc_detrended/TIC_301609547.npz,33092.0,52.172,0.026603,0.005436
TIC_301900477,skipped,already exists,/Users/sandeep/Workspace/Personal/LunaVisionAi/exoplanet_pipeline/data/processed/lc_detrended/TIC_301900477.npz,,,,
TIC_301991463,skipped,already exists,/Users/sandeep/Workspace/Personal/LunaVisionAi/exoplanet_pipeline/data/processed/lc_detrended/TIC_301991463.npz,,,,
TIC_302212110,skipped,already exists,/Users/sandeep/Workspace/Personal/LunaVisionAi/exoplanet_pipeline/data/processed/lc_detrended/TIC_302212110.npz,,,,
TIC_302368715,skipped,already exists,/Users/sandeep/Workspace/Personal/LunaVisionAi/exoplanet_pipeline/data/processed/lc_detrended/TIC_302368715.npz,,,,
TIC_302381442,done,ok,/Users/sandeep/Workspace/Personal/LunaVisionAi/exoplanet_pipeline/data/processed/lc_detrended/TIC_302381442.npz,28977.0,50.867,0.010952,0.009393
TIC_30254887,skipped,already exists,/Users/sandeep/Workspace/Personal/LunaVisionAi/exoplanet_pipeline/data/processed/lc_detrended/TIC_30254887.npz,,,,
TIC_302659412,skipped,already exists,/Users/sandeep/Workspace/Personal/LunaVisionAi/exoplanet_pipeline/data/processed/lc_detrended/TIC_302659412.npz,,,,
TIC_302766000,skipped,already exists,/Users/sandeep/Workspace/Personal/LunaVisionAi/exoplanet_pipeline/data/processed/lc_detrended/TIC_302766000.npz,,,,
TIC_302895996,done,ok,/Users/sandeep/Workspace/Personal/LunaVisionAi/exoplanet_pipeline/data/processed/lc_detrended/TIC_302895996.npz,30894.0,1030.255,0.078244,0.014556
TIC_303055194,skipped,already exists,/Users/sandeep/Workspace/Personal/LunaVisionAi/exoplanet_pipeline/data/processed/lc_detrended/TIC_303055194.npz,,,,
TIC_30312676,skipped,already exists,/Users/sandeep/Workspace/Personal/LunaVisionAi/exoplanet_pipeline/data/processed/lc_detrended/TIC_30312676.npz,,,,
TIC_30329585,skipped,already exists,/Users/sandeep/Workspace/Personal/LunaVisionAi/exoplanet_pipeline/data/processed/lc_detrended/TIC_30329585.npz,,,,
TIC_303364023,done,ok,/Users/sandeep/Workspace/Personal/LunaVisionAi/exoplanet_pipeline/data/processed/lc_detrended/TIC_303364023.npz,30842.0,51.492,0.006982,0.005982
TIC_303426966,done,ok,/Users/sandeep/Workspace/Personal/LunaVisionAi/exoplanet_pipeline/data/processed/lc_detrended/TIC_303426966.npz,36634.0,352.717,0.029719,0.013923
TIC_303686889,done,ok,/Users/sandeep/Workspace/Personal/LunaVisionAi/exoplanet_pipeline/data/processed/lc_detrended/TIC_303686889.npz,36646.0,53.663,0.005602,0.005498
TIC_303867090,skipped,already exists,/Users/sandeep/Workspace/Personal/LunaVisionAi/exoplanet_pipeline/data/processed/lc_detrended/TIC_303867090.npz,,,,
TIC_304021498,done,ok,/Users/sandeep/Workspace/Personal/LunaVisionAi/exoplanet_pipeline/data/processed/lc_detrended/TIC_304021498.npz,206206.0,78.735,0.004607,0.002656
TIC_304025075,done,ok,/Users/sandeep/Workspace/Personal/LunaVisionAi/exoplanet_pipeline/data/processed/lc_detrended/TIC_304025075.npz,36021.0,53.663,0.031091,0.008703
TIC_304100538,skipped,already exists,/Users/sandeep/Workspace/Personal/LunaVisionAi/exoplanet_pipeline/data/processed/lc_detrended/TIC_304100538.npz,,,,
TIC_304130406,done,ok,/Users/sandeep/Workspace/Personal/LunaVisionAi/exoplanet_pipeline/data/processed/lc_detrended/TIC_304130406.npz,28724.0,754.42,0.010269,0.008409
TIC_304430662,done,ok,/Users/sandeep/Workspace/Personal/LunaVisionAi/exoplanet_pipeline/data/processed/lc_detrended/TIC_304430662.npz,31500.0,268.593,0.073719,0.008597
TIC_304950588,gated,robust rms 0.0212 > 0.02,,,,,
TIC_30499203,done,ok,/Users/sandeep/Workspace/Personal/LunaVisionAi/exoplanet_pipeline/data/processed/lc_detrended/TIC_30499203.npz,28812.0,701.575,0.106918,0.020338
TIC_305048087,done,ok,/Users/sandeep/Workspace/Personal/LunaVisionAi/exoplanet_pipeline/data/processed/lc_detrended/TIC_305048087.npz,106119.0,758.352,0.019148,0.018547
TIC_305424003,skipped,already exists,/Users/sandeep/Workspace/Personal/LunaVisionAi/exoplanet_pipeline/data/processed/lc_detrended/TIC_305424003.npz,,,,
TIC_305790119,skipped,already exists,/Users/sandeep/Workspace/Personal/LunaVisionAi/exoplanet_pipeline/data/processed/lc_detrended/TIC_305790119.npz,,,,
TIC_305943739,skipped,already exists,/Users/sandeep/Workspace/Personal/LunaVisionAi/exoplanet_pipeline/data/processed/lc_detrended/TIC_305943739.npz,,,,
TIC_306204904,skipped,already exists,/Users/sandeep/Workspace/Personal/LunaVisionAi/exoplanet_pipeline/data/processed/lc_detrended/TIC_306204904.npz,,,,
TIC_306255021,done,ok,/Users/sandeep/Workspace/Personal/LunaVisionAi/exoplanet_pipeline/data/processed/lc_detrended/TIC_306255021.npz,37212.0,53.663,0.039375,0.00553
TIC_306362738,done,ok,/Users/sandeep/Workspace/Personal/LunaVisionAi/exoplanet_pipeline/data/processed/lc_detrended/TIC_306362738.npz,119150.0,759.301,0.004894,0.003861
TIC_306510653,done,ok,/Users/sandeep/Workspace/Personal/LunaVisionAi/exoplanet_pipeline/data/processed/lc_detrended/TIC_306510653.npz,27716.0,48.416,0.006844,0.005855
TIC_306547699,gated,robust rms 0.0365 > 0.02,,,,,
TIC_306663205,done,ok,/Users/sandeep/Workspace/Personal/LunaVisionAi/exoplanet_pipeline/data/processed/lc_detrended/TIC_306663205.npz,15228.0,24.604,0.009856,0.009708
TIC_306826966,done,ok,/Users/sandeep/Workspace/Personal/LunaVisionAi/exoplanet_pipeline/data/processed/lc_detrended/TIC_306826966.npz,34807.0,54.513,0.013152,0.012507
TIC_306902029,skipped,already exists,/Users/sandeep/Workspace/Personal/LunaVisionAi/exoplanet_pipeline/data/processed/lc_detrended/TIC_306902029.npz,,,,
TIC_306955329,skipped,already exists,/Users/sandeep/Workspace/Personal/LunaVisionAi/exoplanet_pipeline/data/processed/lc_detrended/TIC_306955329.npz,,,,
TIC_307099276,done,ok,/Users/sandeep/Workspace/Personal/LunaVisionAi/exoplanet_pipeline/data/processed/lc_detrended/TIC_307099276.npz,36207.0,1058.742,0.080211,0.015024
TIC_307201632,skipped,already exists,/Users/sandeep/Workspace/Personal/LunaVisionAi/exoplanet_pipeline/data/processed/lc_detrended/TIC_307201632.npz,,,,
TIC_307375528,skipped,already exists,/Users/sandeep/Workspace/Personal/LunaVisionAi/exoplanet_pipeline/data/processed/lc_detrended/TIC_307375528.npz,,,,
TIC_307377219,skipped,already exists,/Users/sandeep/Workspace/Personal/LunaVisionAi/exoplanet_pipeline/data/processed/lc_detrended/TIC_307377219.npz,,,,
TIC_307610438,skipped,already exists,/Users/sandeep/Workspace/Personal/LunaVisionAi/exoplanet_pipeline/data/processed/lc_detrended/TIC_307610438.npz,,,,
TIC_307956396,done,ok,/Users/sandeep/Workspace/Personal/LunaVisionAi/exoplanet_pipeline/data/processed/lc_detrended/TIC_307956396.npz,26918.0,53.77,0.009569,0.008798
TIC_308034948,skipped,already exists,/Users/sandeep/Workspace/Personal/LunaVisionAi/exoplanet_pipeline/data/processed/lc_detrended/TIC_308034948.npz,,,,
TIC_308050066,skipped,already exists,/Users/sandeep/Workspace/Personal/LunaVisionAi/exoplanet_pipeline/data/processed/lc_detrended/TIC_308050066.npz,,,,
TIC_308120029,done,ok,/Users/sandeep/Workspace/Personal/LunaVisionAi/exoplanet_pipeline/data/processed/lc_detrended/TIC_308120029.npz,12386.0,25.489,0.012817,0.012578
TIC_308301091,skipped,already exists,/Users/sandeep/Workspace/Personal/LunaVisionAi/exoplanet_pipeline/data/processed/lc_detrended/TIC_308301091.npz,,,,
TIC_308307606,done,ok,/Users/sandeep/Workspace/Personal/LunaVisionAi/exoplanet_pipeline/data/processed/lc_detrended/TIC_308307606.npz,30713.0,105.186,0.029185,0.007401
TIC_308396509,done,ok,/Users/sandeep/Workspace/Personal/LunaVisionAi/exoplanet_pipeline/data/processed/lc_detrended/TIC_308396509.npz,30776.0,50.099,0.016483,0.008511
TIC_308883808,skipped,already exists,/Users/sandeep/Workspace/Personal/LunaVisionAi/exoplanet_pipeline/data/processed/lc_detrended/TIC_308883808.npz,,,,
TIC_309133240,skipped,already exists,/Users/sandeep/Workspace/Personal/LunaVisionAi/exoplanet_pipeline/data/processed/lc_detrended/TIC_309133240.npz,,,,
TIC_309257814,gated,robust rms 0.0207 > 0.02,,,,,
TIC_309402106,skipped,already exists,/Users/sandeep/Workspace/Personal/LunaVisionAi/exoplanet_pipeline/data/processed/lc_detrended/TIC_309402106.npz,,,,
TIC_309436531,skipped,already exists,/Users/sandeep/Workspace/Personal/LunaVisionAi/exoplanet_pipeline/data/processed/lc_detrended/TIC_309436531.npz,,,,
TIC_309791156,skipped,already exists,/Users/sandeep/Workspace/Personal/LunaVisionAi/exoplanet_pipeline/data/processed/lc_detrended/TIC_309791156.npz,,,,
TIC_309913305,done,ok,/Users/sandeep/Workspace/Personal/LunaVisionAi/exoplanet_pipeline/data/processed/lc_detrended/TIC_309913305.npz,37632.0,760.708,0.030037,0.011219
TIC_310003988,skipped,already exists,/Users/sandeep/Workspace/Personal/LunaVisionAi/exoplanet_pipeline/data/processed/lc_detrended/TIC_310003988.npz,,,,
TIC_310267134,done,ok,/Users/sandeep/Workspace/Personal/LunaVisionAi/exoplanet_pipeline/data/processed/lc_detrended/TIC_310267134.npz,15300.0,24.178,0.013545,0.013411
TIC_310294189,done,ok,/Users/sandeep/Workspace/Personal/LunaVisionAi/exoplanet_pipeline/data/processed/lc_detrended/TIC_310294189.npz,34485.0,52.492,0.019685,0.006324
TIC_310537530,done,ok,/Users/sandeep/Workspace/Personal/LunaVisionAi/exoplanet_pipeline/data/processed/lc_detrended/TIC_310537530.npz,34115.0,51.098,0.017462,0.005961
TIC_310981412,skipped,already exists,/Users/sandeep/Workspace/Personal/LunaVisionAi/exoplanet_pipeline/data/processed/lc_detrended/TIC_310981412.npz,,,,
TIC_310994622,skipped,already exists,/Users/sandeep/Workspace/Personal/LunaVisionAi/exoplanet_pipeline/data/processed/lc_detrended/TIC_310994622.npz,,,,
TIC_311035838,skipped,already exists,/Users/sandeep/Workspace/Personal/LunaVisionAi/exoplanet_pipeline/data/processed/lc_detrended/TIC_311035838.npz,,,,
TIC_311133118,skipped,already exists,/Users/sandeep/Workspace/Personal/LunaVisionAi/exoplanet_pipeline/data/processed/lc_detrended/TIC_311133118.npz,,,,
TIC_311183180,skipped,already exists,/Users/sandeep/Workspace/Personal/LunaVisionAi/exoplanet_pipeline/data/processed/lc_detrended/TIC_311183180.npz,,,,
TIC_311292015,done,ok,/Users/sandeep/Workspace/Personal/LunaVisionAi/exoplanet_pipeline/data/processed/lc_detrended/TIC_311292015.npz,26825.0,757.034,0.01146,0.00732
TIC_311441461,done,ok,/Users/sandeep/Workspace/Personal/LunaVisionAi/exoplanet_pipeline/data/processed/lc_detrended/TIC_311441461.npz,16458.0,25.167,0.007588,0.00747
TIC_311649327,skipped,already exists,/Users/sandeep/Workspace/Personal/LunaVisionAi/exoplanet_pipeline/data/processed/lc_detrended/TIC_311649327.npz,,,,
TIC_311856080,skipped,already exists,/Users/sandeep/Workspace/Personal/LunaVisionAi/exoplanet_pipeline/data/processed/lc_detrended/TIC_311856080.npz,,,,
TIC_312122956,skipped,already exists,/Users/sandeep/Workspace/Personal/LunaVisionAi/exoplanet_pipeline/data/processed/lc_detrended/TIC_312122956.npz,,,,
TIC_312548415,done,ok,/Users/sandeep/Workspace/Personal/LunaVisionAi/exoplanet_pipeline/data/processed/lc_detrended/TIC_312548415.npz,30832.0,753.145,0.018992,0.007445
TIC_31268146,skipped,already exists,/Users/sandeep/Workspace/Personal/LunaVisionAi/exoplanet_pipeline/data/processed/lc_detrended/TIC_31268146.npz,,,,
TIC_312811620,skipped,already exists,/Users/sandeep/Workspace/Personal/LunaVisionAi/exoplanet_pipeline/data/processed/lc_detrended/TIC_312811620.npz,,,,
TIC_312991501,done,ok,/Users/sandeep/Workspace/Personal/LunaVisionAi/exoplanet_pipeline/data/processed/lc_detrended/TIC_312991501.npz,29973.0,218.592,0.00895,0.007934
TIC_313453776,skipped,already exists,/Users/sandeep/Workspace/Personal/LunaVisionAi/exoplanet_pipeline/data/processed/lc_detrended/TIC_313453776.npz,,,,
TIC_313506357,skipped,already exists,/Users/sandeep/Workspace/Personal/LunaVisionAi/exoplanet_pipeline/data/processed/lc_detrended/TIC_313506357.npz,,,,
TIC_313554509,skipped,already exists,/Users/sandeep/Workspace/Personal/LunaVisionAi/exoplanet_pipeline/data/processed/lc_detrended/TIC_313554509.npz,,,,
TIC_313609787,skipped,already exists,/Users/sandeep/Workspace/Personal/LunaVisionAi/exoplanet_pipeline/data/processed/lc_detrended/TIC_313609787.npz,,,,
TIC_313671132,skipped,already exists,/Users/sandeep/Workspace/Personal/LunaVisionAi/exoplanet_pipeline/data/processed/lc_detrended/TIC_313671132.npz,,,,
TIC_313675203,skipped,already exists,/Users/sandeep/Workspace/Personal/LunaVisionAi/exoplanet_pipeline/data/processed/lc_detrended/TIC_313675203.npz,,,,
TIC_313891529,skipped,already exists,/Users/sandeep/Workspace/Personal/LunaVisionAi/exoplanet_pipeline/data/processed/lc_detrended/TIC_313891529.npz,,,,
TIC_314088020,done,ok,/Users/sandeep/Workspace/Personal/LunaVisionAi/exoplanet_pipeline/data/processed/lc_detrended/TIC_314088020.npz,31899.0,55.85,0.016276,0.00579
TIC_314724818,done,ok,/Users/sandeep/Workspace/Personal/LunaVisionAi/exoplanet_pipeline/data/processed/lc_detrended/TIC_314724818.npz,135123.0,762.774,0.004228,0.002893
TIC_315096343,skipped,already exists,/Users/sandeep/Workspace/Personal/LunaVisionAi/exoplanet_pipeline/data/processed/lc_detrended/TIC_315096343.npz,,,,
TIC_315117300,done,ok,/Users/sandeep/Workspace/Personal/LunaVisionAi/exoplanet_pipeline/data/processed/lc_detrended/TIC_315117300.npz,36098.0,757.187,0.006823,0.006517
TIC_316470945,skipped,already exists,/Users/sandeep/Workspace/Personal/LunaVisionAi/exoplanet_pipeline/data/processed/lc_detrended/TIC_316470945.npz,,,,
TIC_31656385,skipped,already exists,/Users/sandeep/Workspace/Personal/LunaVisionAi/exoplanet_pipeline/data/processed/lc_detrended/TIC_31656385.npz,,,,
TIC_316830331,skipped,already exists,/Users/sandeep/Workspace/Personal/LunaVisionAi/exoplanet_pipeline/data/processed/lc_detrended/TIC_316830331.npz,,,,
TIC_316875094,done,ok,/Users/sandeep/Workspace/Personal/LunaVisionAi/exoplanet_pipeline/data/processed/lc_detrended/TIC_316875094.npz,28594.0,57.372,0.007833,0.007601
TIC_316916655,skipped,already exists,/Users/sandeep/Workspace/Personal/LunaVisionAi/exoplanet_pipeline/data/processed/lc_detrended/TIC_316916655.npz,,,,
TIC_316937670,skipped,already exists,/Users/sandeep/Workspace/Personal/LunaVisionAi/exoplanet_pipeline/data/processed/lc_detrended/TIC_316937670.npz,,,,
TIC_31697707,skipped,already exists,/Users/sandeep/Workspace/Personal/LunaVisionAi/exoplanet_pipeline/data/processed/lc_detrended/TIC_31697707.npz,,,,
TIC_317019074,skipped,already exists,/Users/sandeep/Workspace/Personal/LunaVisionAi/exoplanet_pipeline/data/processed/lc_detrended/TIC_317019074.npz,,,,
TIC_317060587,skipped,already exists,/Users/sandeep/Workspace/Personal/LunaVisionAi/exoplanet_pipeline/data/processed/lc_detrended/TIC_317060587.npz,,,,
TIC_317397615,skipped,already exists,/Users/sandeep/Workspace/Personal/LunaVisionAi/exoplanet_pipeline/data/processed/lc_detrended/TIC_317397615.npz,,,,
TIC_317507345,skipped,already exists,/Users/sandeep/Workspace/Personal/LunaVisionAi/exoplanet_pipeline/data/processed/lc_detrended/TIC_317507345.npz,,,,
TIC_317924729,skipped,already exists,/Users/sandeep/Workspace/Personal/LunaVisionAi/exoplanet_pipeline/data/processed/lc_detrended/TIC_317924729.npz,,,,
TIC_318022259,done,ok,/Users/sandeep/Workspace/Personal/LunaVisionAi/exoplanet_pipeline/data/processed/lc_detrended/TIC_318022259.npz,115577.0,764.437,0.009627,0.002889
TIC_318093199,skipped,already exists,/Users/sandeep/Workspace/Personal/LunaVisionAi/exoplanet_pipeline/data/processed/lc_detrended/TIC_318093199.npz,,,,
TIC_318209162,skipped,already exists,/Users/sandeep/Workspace/Personal/LunaVisionAi/exoplanet_pipeline/data/processed/lc_detrended/TIC_318209162.npz,,,,
TIC_318449007,gated,robust rms 0.0615 > 0.02,,,,,
TIC_31852980,skipped,already exists,/Users/sandeep/Workspace/Personal/LunaVisionAi/exoplanet_pipeline/data/processed/lc_detrended/TIC_31852980.npz,,,,
TIC_318608749,done,ok,/Users/sandeep/Workspace/Personal/LunaVisionAi/exoplanet_pipeline/data/processed/lc_detrended/TIC_318608749.npz,115620.0,23.493,0.002955,0.002842
TIC_318753380,skipped,already exists,/Users/sandeep/Workspace/Personal/LunaVisionAi/exoplanet_pipeline/data/processed/lc_detrended/TIC_318753380.npz,,,,
TIC_319068154,skipped,already exists,/Users/sandeep/Workspace/Personal/LunaVisionAi/exoplanet_pipeline/data/processed/lc_detrended/TIC_319068154.npz,,,,
TIC_319735319,skipped,already exists,/Users/sandeep/Workspace/Personal/LunaVisionAi/exoplanet_pipeline/data/processed/lc_detrended/TIC_319735319.npz,,,,
TIC_31975443,done,ok,/Users/sandeep/Workspace/Personal/LunaVisionAi/exoplanet_pipeline/data/processed/lc_detrended/TIC_31975443.npz,37185.0,757.727,0.012384,0.011468
TIC_319968129,skipped,already exists,/Users/sandeep/Workspace/Personal/LunaVisionAi/exoplanet_pipeline/data/processed/lc_detrended/TIC_319968129.npz,,,,
TIC_32001057,skipped,already exists,/Users/sandeep/Workspace/Personal/LunaVisionAi/exoplanet_pipeline/data/processed/lc_detrended/TIC_32001057.npz,,,,
TIC_32004914,done,ok,/Users/sandeep/Workspace/Personal/LunaVisionAi/exoplanet_pipeline/data/processed/lc_detrended/TIC_32004914.npz,32456.0,752.988,0.013231,0.007293
TIC_320264344,skipped,already exists,/Users/sandeep/Workspace/Personal/LunaVisionAi/exoplanet_pipeline/data/processed/lc_detrended/TIC_320264344.npz,,,,
TIC_320324079,skipped,already exists,/Users/sandeep/Workspace/Personal/LunaVisionAi/exoplanet_pipeline/data/processed/lc_detrended/TIC_320324079.npz,,,,
TIC_320525204,skipped,already exists,/Users/sandeep/Workspace/Personal/LunaVisionAi/exoplanet_pipeline/data/processed/lc_detrended/TIC_320525204.npz,,,,
TIC_320536216,skipped,already exists,/Users/sandeep/Workspace/Personal/LunaVisionAi/exoplanet_pipeline/data/processed/lc_detrended/TIC_320536216.npz,,,,
TIC_321285788,skipped,already exists,/Users/sandeep/Workspace/Personal/LunaVisionAi/exoplanet_pipeline/data/processed/lc_detrended/TIC_321285788.npz,,,,
TIC_321578632,skipped,already exists,/Users/sandeep/Workspace/Personal/LunaVisionAi/exoplanet_pipeline/data/processed/lc_detrended/TIC_321578632.npz,,,,
TIC_322063810,skipped,already exists,/Users/sandeep/Workspace/Personal/LunaVisionAi/exoplanet_pipeline/data/processed/lc_detrended/TIC_322063810.npz,,,,
TIC_322262448,skipped,already exists,/Users/sandeep/Workspace/Personal/LunaVisionAi/exoplanet_pipeline/data/processed/lc_detrended/TIC_322262448.npz,,,,
TIC_32283946,skipped,already exists,/Users/sandeep/Workspace/Personal/LunaVisionAi/exoplanet_pipeline/data/processed/lc_detrended/TIC_32283946.npz,,,,
TIC_322862882,done,ok,/Users/sandeep/Workspace/Personal/LunaVisionAi/exoplanet_pipeline/data/processed/lc_detrended/TIC_322862882.npz,10973.0,23.157,0.010946,0.010764
TIC_323094535,done,ok,/Users/sandeep/Workspace/Personal/LunaVisionAi/exoplanet_pipeline/data/processed/lc_detrended/TIC_323094535.npz,11949.0,26.447,0.010362,0.010279
TIC_323295908,done,ok,/Users/sandeep/Workspace/Personal/LunaVisionAi/exoplanet_pipeline/data/processed/lc_detrended/TIC_323295908.npz,44421.0,296.86,0.008669,0.004591
TIC_323569398,skipped,already exists,/Users/sandeep/Workspace/Personal/LunaVisionAi/exoplanet_pipeline/data/processed/lc_detrended/TIC_323569398.npz,,,,
TIC_323658120,skipped,already exists,/Users/sandeep/Workspace/Personal/LunaVisionAi/exoplanet_pipeline/data/processed/lc_detrended/TIC_323658120.npz,,,,
TIC_323919676,skipped,already exists,/Users/sandeep/Workspace/Personal/LunaVisionAi/exoplanet_pipeline/data/processed/lc_detrended/TIC_323919676.npz,,,,
TIC_324150445,done,ok,/Users/sandeep/Workspace/Personal/LunaVisionAi/exoplanet_pipeline/data/processed/lc_detrended/TIC_324150445.npz,31940.0,374.215,0.198444,0.015349
TIC_324426685,done,ok,/Users/sandeep/Workspace/Personal/LunaVisionAi/exoplanet_pipeline/data/processed/lc_detrended/TIC_324426685.npz,28455.0,757.061,0.008431,0.005729
TIC_324609476,gated,robust rms 0.0320 > 0.02,,,,,
TIC_32497972,skipped,already exists,/Users/sandeep/Workspace/Personal/LunaVisionAi/exoplanet_pipeline/data/processed/lc_detrended/TIC_32497972.npz,,,,
TIC_325624908,skipped,already exists,/Users/sandeep/Workspace/Personal/LunaVisionAi/exoplanet_pipeline/data/processed/lc_detrended/TIC_325624908.npz,,,,
TIC_325670253,skipped,already exists,/Users/sandeep/Workspace/Personal/LunaVisionAi/exoplanet_pipeline/data/processed/lc_detrended/TIC_325670253.npz,,,,
TIC_325680697,skipped,already exists,/Users/sandeep/Workspace/Personal/LunaVisionAi/exoplanet_pipeline/data/processed/lc_detrended/TIC_325680697.npz,,,,
TIC_326116570,skipped,already exists,/Users/sandeep/Workspace/Personal/LunaVisionAi/exoplanet_pipeline/data/processed/lc_detrended/TIC_326116570.npz,,,,
TIC_326203952,done,ok,/Users/sandeep/Workspace/Personal/LunaVisionAi/exoplanet_pipeline/data/processed/lc_detrended/TIC_326203952.npz,37232.0,733.988,0.017173,0.00634
TIC_326347927,skipped,already exists,/Users/sandeep/Workspace/Personal/LunaVisionAi/exoplanet_pipeline/data/processed/lc_detrended/TIC_326347927.npz,,,,
TIC_326470400,skipped,already exists,/Users/sandeep/Workspace/Personal/LunaVisionAi/exoplanet_pipeline/data/processed/lc_detrended/TIC_326470400.npz,,,,
TIC_326522874,skipped,already exists,/Users/sandeep/Workspace/Personal/LunaVisionAi/exoplanet_pipeline/data/processed/lc_detrended/TIC_326522874.npz,,,,
TIC_326732851,skipped,already exists,/Users/sandeep/Workspace/Personal/LunaVisionAi/exoplanet_pipeline/data/processed/lc_detrended/TIC_326732851.npz,,,,
TIC_326809267,skipped,already exists,/Users/sandeep/Workspace/Personal/LunaVisionAi/exoplanet_pipeline/data/processed/lc_detrended/TIC_326809267.npz,,,,
TIC_327017634,skipped,already exists,/Users/sandeep/Workspace/Personal/LunaVisionAi/exoplanet_pipeline/data/processed/lc_detrended/TIC_327017634.npz,,,,
TIC_327302178,skipped,already exists,/Users/sandeep/Workspace/Personal/LunaVisionAi/exoplanet_pipeline/data/processed/lc_detrended/TIC_327302178.npz,,,,
TIC_327663613,skipped,already exists,/Users/sandeep/Workspace/Personal/LunaVisionAi/exoplanet_pipeline/data/processed/lc_detrended/TIC_327663613.npz,,,,
TIC_327952677,skipped,already exists,/Users/sandeep/Workspace/Personal/LunaVisionAi/exoplanet_pipeline/data/processed/lc_detrended/TIC_327952677.npz,,,,
TIC_328012209,skipped,already exists,/Users/sandeep/Workspace/Personal/LunaVisionAi/exoplanet_pipeline/data/processed/lc_detrended/TIC_328012209.npz,,,,
TIC_32830028,gated,robust rms 0.0209 > 0.02,,,,,
TIC_328465904,done,ok,/Users/sandeep/Workspace/Personal/LunaVisionAi/exoplanet_pipeline/data/processed/lc_detrended/TIC_328465904.npz,111112.0,759.043,0.003541,0.003361
TIC_328750515,skipped,already exists,/Users/sandeep/Workspace/Personal/LunaVisionAi/exoplanet_pipeline/data/processed/lc_detrended/TIC_328750515.npz,,,,
TIC_329709756,gated,robust rms 0.0338 > 0.02,,,,,
TIC_329864959,skipped,already exists,/Users/sandeep/Workspace/Personal/LunaVisionAi/exoplanet_pipeline/data/processed/lc_detrended/TIC_329864959.npz,,,,
TIC_330332501,skipped,already exists,/Users/sandeep/Workspace/Personal/LunaVisionAi/exoplanet_pipeline/data/processed/lc_detrended/TIC_330332501.npz,,,,
TIC_330621494,gated,robust rms 0.0462 > 0.02,,,,,
TIC_33091633,skipped,already exists,/Users/sandeep/Workspace/Personal/LunaVisionAi/exoplanet_pipeline/data/processed/lc_detrended/TIC_33091633.npz,,,,
TIC_331484419,skipped,already exists,/Users/sandeep/Workspace/Personal/LunaVisionAi/exoplanet_pipeline/data/processed/lc_detrended/TIC_331484419.npz,,,,
TIC_33153766,skipped,already exists,/Users/sandeep/Workspace/Personal/LunaVisionAi/exoplanet_pipeline/data/processed/lc_detrended/TIC_33153766.npz,,,,
TIC_331691841,skipped,already exists,/Users/sandeep/Workspace/Personal/LunaVisionAi/exoplanet_pipeline/data/processed/lc_detrended/TIC_331691841.npz,,,,
TIC_332064670,skipped,already exists,/Users/sandeep/Workspace/Personal/LunaVisionAi/exoplanet_pipeline/data/processed/lc_detrended/TIC_332064670.npz,,,,
TIC_332564140,skipped,already exists,/Users/sandeep/Workspace/Personal/LunaVisionAi/exoplanet_pipeline/data/processed/lc_detrended/TIC_332564140.npz,,,,
TIC_332630868,done,ok,/Users/sandeep/Workspace/Personal/LunaVisionAi/exoplanet_pipeline/data/processed/lc_detrended/TIC_332630868.npz,20144.0,28.644,0.009922,0.009652
TIC_33303538,skipped,already exists,/Users/sandeep/Workspace/Personal/LunaVisionAi/exoplanet_pipeline/data/processed/lc_detrended/TIC_33303538.npz,,,,
TIC_333473672,skipped,already exists,/Users/sandeep/Workspace/Personal/LunaVisionAi/exoplanet_pipeline/data/processed/lc_detrended/TIC_333473672.npz,,,,
TIC_333821572,skipped,already exists,/Users/sandeep/Workspace/Personal/LunaVisionAi/exoplanet_pipeline/data/processed/lc_detrended/TIC_333821572.npz,,,,
TIC_334080358,done,ok,/Users/sandeep/Workspace/Personal/LunaVisionAi/exoplanet_pipeline/data/processed/lc_detrended/TIC_334080358.npz,35753.0,1030.354,0.056514,0.009376
TIC_334414389,skipped,already exists,/Users/sandeep/Workspace/Personal/LunaVisionAi/exoplanet_pipeline/data/processed/lc_detrended/TIC_334414389.npz,,,,
TIC_334597566,skipped,already exists,/Users/sandeep/Workspace/Personal/LunaVisionAi/exoplanet_pipeline/data/processed/lc_detrended/TIC_334597566.npz,,,,
TIC_334757798,gated,robust rms 0.0224 > 0.02,,,,,
TIC_334911765,skipped,already exists,/Users/sandeep/Workspace/Personal/LunaVisionAi/exoplanet_pipeline/data/processed/lc_detrended/TIC_334911765.npz,,,,
TIC_335040423,skipped,already exists,/Users/sandeep/Workspace/Personal/LunaVisionAi/exoplanet_pipeline/data/processed/lc_detrended/TIC_335040423.npz,,,,
TIC_335322931,done,ok,/Users/sandeep/Workspace/Personal/LunaVisionAi/exoplanet_pipeline/data/processed/lc_detrended/TIC_335322931.npz,12432.0,24.288,0.010627,0.009795
TIC_335489455,done,ok,/Users/sandeep/Workspace/Personal/LunaVisionAi/exoplanet_pipeline/data/processed/lc_detrended/TIC_335489455.npz,30001.0,150.108,0.0713,0.005739
TIC_335590096,done,ok,/Users/sandeep/Workspace/Personal/LunaVisionAi/exoplanet_pipeline/data/processed/lc_detrended/TIC_335590096.npz,35170.0,758.511,0.0377,0.01547
TIC_335630746,skipped,already exists,/Users/sandeep/Workspace/Personal/LunaVisionAi/exoplanet_pipeline/data/processed/lc_detrended/TIC_335630746.npz,,,,
TIC_335952150,skipped,already exists,/Users/sandeep/Workspace/Personal/LunaVisionAi/exoplanet_pipeline/data/processed/lc_detrended/TIC_335952150.npz,,,,
TIC_336266673,done,ok,/Users/sandeep/Workspace/Personal/LunaVisionAi/exoplanet_pipeline/data/processed/lc_detrended/TIC_336266673.npz,37932.0,55.925,0.022488,0.011188
TIC_336267424,done,ok,/Users/sandeep/Workspace/Personal/LunaVisionAi/exoplanet_pipeline/data/processed/lc_detrended/TIC_336267424.npz,35195.0,351.78,0.011262,0.005564
TIC_33651215,done,ok,/Users/sandeep/Workspace/Personal/LunaVisionAi/exoplanet_pipeline/data/processed/lc_detrended/TIC_33651215.npz,34351.0,51.256,0.044342,0.01227
TIC_336732616,skipped,already exists,/Users/sandeep/Workspace/Personal/LunaVisionAi/exoplanet_pipeline/data/processed/lc_detrended/TIC_336732616.npz,,,,
TIC_33690636,skipped,already exists,/Users/sandeep/Workspace/Personal/LunaVisionAi/exoplanet_pipeline/data/processed/lc_detrended/TIC_33690636.npz,,,,
TIC_33716474,skipped,already exists,/Users/sandeep/Workspace/Personal/LunaVisionAi/exoplanet_pipeline/data/processed/lc_detrended/TIC_33716474.npz,,,,
TIC_337274055,done,ok,/Users/sandeep/Workspace/Personal/LunaVisionAi/exoplanet_pipeline/data/processed/lc_detrended/TIC_337274055.npz,30026.0,757.217,0.019377,0.007936
TIC_337632006,done,ok,/Users/sandeep/Workspace/Personal/LunaVisionAi/exoplanet_pipeline/data/processed/lc_detrended/TIC_337632006.npz,31400.0,50.26,0.018013,0.010965
TIC_337648770,done,ok,/Users/sandeep/Workspace/Personal/LunaVisionAi/exoplanet_pipeline/data/processed/lc_detrended/TIC_337648770.npz,31741.0,50.26,0.027976,0.008684
TIC_339207847,skipped,already exists,/Users/sandeep/Workspace/Personal/LunaVisionAi/exoplanet_pipeline/data/processed/lc_detrended/TIC_339207847.npz,,,,
TIC_339250695,done,ok,/Users/sandeep/Workspace/Personal/LunaVisionAi/exoplanet_pipeline/data/processed/lc_detrended/TIC_339250695.npz,28073.0,400.9,0.011788,0.006859
TIC_33945661,done,ok,/Users/sandeep/Workspace/Personal/LunaVisionAi/exoplanet_pipeline/data/processed/lc_detrended/TIC_33945661.npz,14238.0,23.906,0.014245,0.014083
TIC_339591840,done,ok,/Users/sandeep/Workspace/Personal/LunaVisionAi/exoplanet_pipeline/data/processed/lc_detrended/TIC_339591840.npz,32981.0,52.132,0.045833,0.012754
TIC_339733013,skipped,already exists,/Users/sandeep/Workspace/Personal/LunaVisionAi/exoplanet_pipeline/data/processed/lc_detrended/TIC_339733013.npz,,,,
TIC_340144218,done,ok,/Users/sandeep/Workspace/Personal/LunaVisionAi/exoplanet_pipeline/data/processed/lc_detrended/TIC_340144218.npz,30745.0,49.982,0.015863,0.00689
TIC_340228388,done,ok,/Users/sandeep/Workspace/Personal/LunaVisionAi/exoplanet_pipeline/data/processed/lc_detrended/TIC_340228388.npz,35613.0,1030.328,0.013388,0.007553
TIC_340559155,done,ok,/Users/sandeep/Workspace/Personal/LunaVisionAi/exoplanet_pipeline/data/processed/lc_detrended/TIC_340559155.npz,33856.0,76.903,0.009588,0.008372
TIC_340700241,done,ok,/Users/sandeep/Workspace/Personal/LunaVisionAi/exoplanet_pipeline/data/processed/lc_detrended/TIC_340700241.npz,31006.0,50.154,0.013428,0.007974
TIC_341186896,skipped,already exists,/Users/sandeep/Workspace/Personal/LunaVisionAi/exoplanet_pipeline/data/processed/lc_detrended/TIC_341186896.npz,,,,
TIC_341297143,skipped,already exists,/Users/sandeep/Workspace/Personal/LunaVisionAi/exoplanet_pipeline/data/processed/lc_detrended/TIC_341297143.npz,,,,
TIC_341405597,skipped,already exists,/Users/sandeep/Workspace/Personal/LunaVisionAi/exoplanet_pipeline/data/processed/lc_detrended/TIC_341405597.npz,,,,
TIC_341419787,skipped,already exists,/Users/sandeep/Workspace/Personal/LunaVisionAi/exoplanet_pipeline/data/processed/lc_detrended/TIC_341419787.npz,,,,
TIC_341444900,skipped,already exists,/Users/sandeep/Workspace/Personal/LunaVisionAi/exoplanet_pipeline/data/processed/lc_detrended/TIC_341444900.npz,,,,
TIC_341729521,skipped,already exists,/Users/sandeep/Workspace/Personal/LunaVisionAi/exoplanet_pipeline/data/processed/lc_detrended/TIC_341729521.npz,,,,
TIC_341815767,skipped,already exists,/Users/sandeep/Workspace/Personal/LunaVisionAi/exoplanet_pipeline/data/processed/lc_detrended/TIC_341815767.npz,,,,
TIC_342041655,skipped,already exists,/Users/sandeep/Workspace/Personal/LunaVisionAi/exoplanet_pipeline/data/processed/lc_detrended/TIC_342041655.npz,,,,
TIC_34297761,skipped,already exists,/Users/sandeep/Workspace/Personal/LunaVisionAi/exoplanet_pipeline/data/processed/lc_detrended/TIC_34297761.npz,,,,
TIC_343336312,done,ok,/Users/sandeep/Workspace/Personal/LunaVisionAi/exoplanet_pipeline/data/processed/lc_detrended/TIC_343336312.npz,28269.0,51.453,0.012135,0.006366
TIC_343442463,skipped,already exists,/Users/sandeep/Workspace/Personal/LunaVisionAi/exoplanet_pipeline/data/processed/lc_detrended/TIC_343442463.npz,,,,
TIC_343648136,done,ok,/Users/sandeep/Workspace/Personal/LunaVisionAi/exoplanet_pipeline/data/processed/lc_detrended/TIC_343648136.npz,135142.0,27.947,0.003325,0.003226
TIC_344657681,skipped,already exists,/Users/sandeep/Workspace/Personal/LunaVisionAi/exoplanet_pipeline/data/processed/lc_detrended/TIC_344657681.npz,,,,
TIC_344927749,skipped,already exists,/Users/sandeep/Workspace/Personal/LunaVisionAi/exoplanet_pipeline/data/processed/lc_detrended/TIC_344927749.npz,,,,
TIC_34505005,done,ok,/Users/sandeep/Workspace/Personal/LunaVisionAi/exoplanet_pipeline/data/processed/lc_detrended/TIC_34505005.npz,35346.0,51.793,0.040529,0.008194
TIC_345063080,done,ok,/Users/sandeep/Workspace/Personal/LunaVisionAi/exoplanet_pipeline/data/processed/lc_detrended/TIC_345063080.npz,32904.0,51.922,0.01249,0.00655
TIC_345333936,done,ok,/Users/sandeep/Workspace/Personal/LunaVisionAi/exoplanet_pipeline/data/processed/lc_detrended/TIC_345333936.npz,25548.0,56.836,0.012714,0.00598
TIC_345697569,done,ok,/Users/sandeep/Workspace/Personal/LunaVisionAi/exoplanet_pipeline/data/processed/lc_detrended/TIC_345697569.npz,30863.0,570.187,0.014924,0.007591
TIC_345996087,skipped,already exists,/Users/sandeep/Workspace/Personal/LunaVisionAi/exoplanet_pipeline/data/processed/lc_detrended/TIC_345996087.npz,,,,
TIC_346015394,gated,robust rms 0.0207 > 0.02,,,,,
TIC_346081845,done,ok,/Users/sandeep/Workspace/Personal/LunaVisionAi/exoplanet_pipeline/data/processed/lc_detrended/TIC_346081845.npz,30865.0,570.186,0.044979,0.012193
TIC_346250894,skipped,already exists,/Users/sandeep/Workspace/Personal/LunaVisionAi/exoplanet_pipeline/data/processed/lc_detrended/TIC_346250894.npz,,,,
TIC_346626688,skipped,already exists,/Users/sandeep/Workspace/Personal/LunaVisionAi/exoplanet_pipeline/data/processed/lc_detrended/TIC_346626688.npz,,,,
TIC_346995484,done,ok,/Users/sandeep/Workspace/Personal/LunaVisionAi/exoplanet_pipeline/data/processed/lc_detrended/TIC_346995484.npz,34152.0,754.003,0.010369,0.009433
TIC_347011522,skipped,already exists,/Users/sandeep/Workspace/Personal/LunaVisionAi/exoplanet_pipeline/data/processed/lc_detrended/TIC_347011522.npz,,,,
TIC_347030355,skipped,already exists,/Users/sandeep/Workspace/Personal/LunaVisionAi/exoplanet_pipeline/data/processed/lc_detrended/TIC_347030355.npz,,,,
TIC_347357977,skipped,already exists,/Users/sandeep/Workspace/Personal/LunaVisionAi/exoplanet_pipeline/data/processed/lc_detrended/TIC_347357977.npz,,,,
TIC_347430350,skipped,already exists,/Users/sandeep/Workspace/Personal/LunaVisionAi/exoplanet_pipeline/data/processed/lc_detrended/TIC_347430350.npz,,,,
TIC_347442932,done,ok,/Users/sandeep/Workspace/Personal/LunaVisionAi/exoplanet_pipeline/data/processed/lc_detrended/TIC_347442932.npz,16095.0,23.83,0.015523,0.008704
TIC_347713631,skipped,already exists,/Users/sandeep/Workspace/Personal/LunaVisionAi/exoplanet_pipeline/data/processed/lc_detrended/TIC_347713631.npz,,,,
TIC_34781378,skipped,already exists,/Users/sandeep/Workspace/Personal/LunaVisionAi/exoplanet_pipeline/data/processed/lc_detrended/TIC_34781378.npz,,,,
TIC_347909637,skipped,already exists,/Users/sandeep/Workspace/Personal/LunaVisionAi/exoplanet_pipeline/data/processed/lc_detrended/TIC_347909637.npz,,,,
TIC_348054109,done,ok,/Users/sandeep/Workspace/Personal/LunaVisionAi/exoplanet_pipeline/data/processed/lc_detrended/TIC_348054109.npz,36550.0,408.586,0.081269,0.008047
TIC_348099535,skipped,already exists,/Users/sandeep/Workspace/Personal/LunaVisionAi/exoplanet_pipeline/data/processed/lc_detrended/TIC_348099535.npz,,,,
TIC_348437470,done,ok,/Users/sandeep/Workspace/Personal/LunaVisionAi/exoplanet_pipeline/data/processed/lc_detrended/TIC_348437470.npz,136111.0,27.719,0.015489,0.015259
TIC_348673213,skipped,already exists,/Users/sandeep/Workspace/Personal/LunaVisionAi/exoplanet_pipeline/data/processed/lc_detrended/TIC_348673213.npz,,,,
TIC_348684813,skipped,already exists,/Users/sandeep/Workspace/Personal/LunaVisionAi/exoplanet_pipeline/data/processed/lc_detrended/TIC_348684813.npz,,,,
TIC_348684814,done,ok,/Users/sandeep/Workspace/Personal/LunaVisionAi/exoplanet_pipeline/data/processed/lc_detrended/TIC_348684814.npz,12265.0,25.181,0.017508,0.013512
TIC_348755728,done,ok,/Users/sandeep/Workspace/Personal/LunaVisionAi/exoplanet_pipeline/data/processed/lc_detrended/TIC_348755728.npz,29099.0,731.955,0.025777,0.009942
TIC_348844154,skipped,already exists,/Users/sandeep/Workspace/Personal/LunaVisionAi/exoplanet_pipeline/data/processed/lc_detrended/TIC_348844154.npz,,,,
TIC_349088467,skipped,already exists,/Users/sandeep/Workspace/Personal/LunaVisionAi/exoplanet_pipeline/data/processed/lc_detrended/TIC_349088467.npz,,,,
TIC_349373192,skipped,already exists,/Users/sandeep/Workspace/Personal/LunaVisionAi/exoplanet_pipeline/data/processed/lc_detrended/TIC_349373192.npz,,,,
TIC_349410350,done,ok,/Users/sandeep/Workspace/Personal/LunaVisionAi/exoplanet_pipeline/data/processed/lc_detrended/TIC_349410350.npz,30935.0,49.927,0.014914,0.008127
TIC_349518800,done,ok,/Users/sandeep/Workspace/Personal/LunaVisionAi/exoplanet_pipeline/data/processed/lc_detrended/TIC_349518800.npz,30581.0,80.918,0.008256,0.00616
TIC_34977731,done,ok,/Users/sandeep/Workspace/Personal/LunaVisionAi/exoplanet_pipeline/data/processed/lc_detrended/TIC_34977731.npz,31022.0,50.37,0.056776,0.00885
TIC_349786918,skipped,already exists,/Users/sandeep/Workspace/Personal/LunaVisionAi/exoplanet_pipeline/data/processed/lc_detrended/TIC_349786918.npz,,,,
TIC_349790953,skipped,already exists,/Users/sandeep/Workspace/Personal/LunaVisionAi/exoplanet_pipeline/data/processed/lc_detrended/TIC_349790953.npz,,,,
TIC_349891396,gated,robust rms 0.0316 > 0.02,,,,,
TIC_350024178,done,ok,/Users/sandeep/Workspace/Personal/LunaVisionAi/exoplanet_pipeline/data/processed/lc_detrended/TIC_350024178.npz,14656.0,23.352,0.008666,0.00794
TIC_350044062,skipped,already exists,/Users/sandeep/Workspace/Personal/LunaVisionAi/exoplanet_pipeline/data/processed/lc_detrended/TIC_350044062.npz,,,,
TIC_350132371,skipped,already exists,/Users/sandeep/Workspace/Personal/LunaVisionAi/exoplanet_pipeline/data/processed/lc_detrended/TIC_350132371.npz,,,,
TIC_350293646,done,ok,/Users/sandeep/Workspace/Personal/LunaVisionAi/exoplanet_pipeline/data/processed/lc_detrended/TIC_350293646.npz,116717.0,24.977,0.004275,0.002851
TIC_350332997,skipped,already exists,/Users/sandeep/Workspace/Personal/LunaVisionAi/exoplanet_pipeline/data/processed/lc_detrended/TIC_350332997.npz,,,,
TIC_350432166,skipped,already exists,/Users/sandeep/Workspace/Personal/LunaVisionAi/exoplanet_pipeline/data/processed/lc_detrended/TIC_350432166.npz,,,,
TIC_350584963,skipped,already exists,/Users/sandeep/Workspace/Personal/LunaVisionAi/exoplanet_pipeline/data/processed/lc_detrended/TIC_350584963.npz,,,,
TIC_350743714,skipped,already exists,/Users/sandeep/Workspace/Personal/LunaVisionAi/exoplanet_pipeline/data/processed/lc_detrended/TIC_350743714.npz,,,,
TIC_350813882,gated,robust rms 0.0261 > 0.02,,,,,
TIC_350814495,done,ok,/Users/sandeep/Workspace/Personal/LunaVisionAi/exoplanet_pipeline/data/processed/lc_detrended/TIC_350814495.npz,12441.0,24.982,0.020076,0.019345
TIC_350882505,skipped,already exists,/Users/sandeep/Workspace/Personal/LunaVisionAi/exoplanet_pipeline/data/processed/lc_detrended/TIC_350882505.npz,,,,
TIC_350995812,skipped,already exists,/Users/sandeep/Workspace/Personal/LunaVisionAi/exoplanet_pipeline/data/processed/lc_detrended/TIC_350995812.npz,,,,
TIC_351190880,gated,robust rms 0.0208 > 0.02,,,,,
TIC_351909828,gated,robust rms 0.0262 > 0.02,,,,,
TIC_352012975,done,ok,/Users/sandeep/Workspace/Personal/LunaVisionAi/exoplanet_pipeline/data/processed/lc_detrended/TIC_352012975.npz,34949.0,54.618,0.012295,0.006585
TIC_352147273,done,ok,/Users/sandeep/Workspace/Personal/LunaVisionAi/exoplanet_pipeline/data/processed/lc_detrended/TIC_352147273.npz,16651.0,25.75,0.009413,0.007973
TIC_352239069,skipped,already exists,/Users/sandeep/Workspace/Personal/LunaVisionAi/exoplanet_pipeline/data/processed/lc_detrended/TIC_352239069.npz,,,,
TIC_352924930,skipped,already exists,/Users/sandeep/Workspace/Personal/LunaVisionAi/exoplanet_pipeline/data/processed/lc_detrended/TIC_352924930.npz,,,,
TIC_353038705,skipped,already exists,/Users/sandeep/Workspace/Personal/LunaVisionAi/exoplanet_pipeline/data/processed/lc_detrended/TIC_353038705.npz,,,,
TIC_353146308,gated,robust rms 0.0317 > 0.02,,,,,
TIC_353225230,skipped,already exists,/Users/sandeep/Workspace/Personal/LunaVisionAi/exoplanet_pipeline/data/processed/lc_detrended/TIC_353225230.npz,,,,
TIC_353498819,skipped,already exists,/Users/sandeep/Workspace/Personal/LunaVisionAi/exoplanet_pipeline/data/processed/lc_detrended/TIC_353498819.npz,,,,
TIC_353782445,skipped,already exists,/Users/sandeep/Workspace/Personal/LunaVisionAi/exoplanet_pipeline/data/processed/lc_detrended/TIC_353782445.npz,,,,
TIC_353804063,done,ok,/Users/sandeep/Workspace/Personal/LunaVisionAi/exoplanet_pipeline/data/processed/lc_detrended/TIC_353804063.npz,29869.0,1117.429,0.025792,0.013585
TIC_353988778,skipped,already exists,/Users/sandeep/Workspace/Personal/LunaVisionAi/exoplanet_pipeline/data/processed/lc_detrended/TIC_353988778.npz,,,,
TIC_354151219,skipped,already exists,/Users/sandeep/Workspace/Personal/LunaVisionAi/exoplanet_pipeline/data/processed/lc_detrended/TIC_354151219.npz,,,,
TIC_354293303,done,ok,/Users/sandeep/Workspace/Personal/LunaVisionAi/exoplanet_pipeline/data/processed/lc_detrended/TIC_354293303.npz,29278.0,401.257,0.012945,0.007174
TIC_354594208,skipped,already exists,/Users/sandeep/Workspace/Personal/LunaVisionAi/exoplanet_pipeline/data/processed/lc_detrended/TIC_354594208.npz,,,,
TIC_35483319,done,ok,/Users/sandeep/Workspace/Personal/LunaVisionAi/exoplanet_pipeline/data/processed/lc_detrended/TIC_35483319.npz,15021.0,24.475,0.008752,0.008576
TIC_354846183,skipped,already exists,/Users/sandeep/Workspace/Personal/LunaVisionAi/exoplanet_pipeline/data/processed/lc_detrended/TIC_354846183.npz,,,,
TIC_355138852,skipped,already exists,/Users/sandeep/Workspace/Personal/LunaVisionAi/exoplanet_pipeline/data/processed/lc_detrended/TIC_355138852.npz,,,,
TIC_355446093,skipped,already exists,/Users/sandeep/Workspace/Personal/LunaVisionAi/exoplanet_pipeline/data/processed/lc_detrended/TIC_355446093.npz,,,,
TIC_355703913,done,ok,/Users/sandeep/Workspace/Personal/LunaVisionAi/exoplanet_pipeline/data/processed/lc_detrended/TIC_355703913.npz,18251.0,27.881,0.007129,0.007051
TIC_355867695,skipped,already exists,/Users/sandeep/Workspace/Personal/LunaVisionAi/exoplanet_pipeline/data/processed/lc_detrended/TIC_355867695.npz,,,,
TIC_356235833,skipped,already exists,/Users/sandeep/Workspace/Personal/LunaVisionAi/exoplanet_pipeline/data/processed/lc_detrended/TIC_356235833.npz,,,,
TIC_35636165,done,ok,/Users/sandeep/Workspace/Personal/LunaVisionAi/exoplanet_pipeline/data/processed/lc_detrended/TIC_35636165.npz,15192.0,24.579,0.009024,0.008867
TIC_356453768,skipped,already exists,/Users/sandeep/Workspace/Personal/LunaVisionAi/exoplanet_pipeline/data/processed/lc_detrended/TIC_356453768.npz,,,,
TIC_356539624,done,ok,/Users/sandeep/Workspace/Personal/LunaVisionAi/exoplanet_pipeline/data/processed/lc_detrended/TIC_356539624.npz,31356.0,55.457,0.008667,0.008593
TIC_356710041,skipped,already exists,/Users/sandeep/Workspace/Personal/LunaVisionAi/exoplanet_pipeline/data/processed/lc_detrended/TIC_356710041.npz,,,,
TIC_356736743,skipped,already exists,/Users/sandeep/Workspace/Personal/LunaVisionAi/exoplanet_pipeline/data/processed/lc_detrended/TIC_356736743.npz,,,,
TIC_356868487,skipped,already exists,/Users/sandeep/Workspace/Personal/LunaVisionAi/exoplanet_pipeline/data/processed/lc_detrended/TIC_356868487.npz,,,,
TIC_356919658,skipped,already exists,/Users/sandeep/Workspace/Personal/LunaVisionAi/exoplanet_pipeline/data/processed/lc_detrended/TIC_356919658.npz,,,,
TIC_357145112,skipped,already exists,/Users/sandeep/Workspace/Personal/LunaVisionAi/exoplanet_pipeline/data/processed/lc_detrended/TIC_357145112.npz,,,,
TIC_357202877,skipped,already exists,/Users/sandeep/Workspace/Personal/LunaVisionAi/exoplanet_pipeline/data/processed/lc_detrended/TIC_357202877.npz,,,,
TIC_357416482,skipped,already exists,/Users/sandeep/Workspace/Personal/LunaVisionAi/exoplanet_pipeline/data/processed/lc_detrended/TIC_357416482.npz,,,,
TIC_357536526,skipped,already exists,/Users/sandeep/Workspace/Personal/LunaVisionAi/exoplanet_pipeline/data/processed/lc_detrended/TIC_357536526.npz,,,,
TIC_357538688,skipped,already exists,/Users/sandeep/Workspace/Personal/LunaVisionAi/exoplanet_pipeline/data/processed/lc_detrended/TIC_357538688.npz,,,,
TIC_357896777,gated,robust rms 0.0208 > 0.02,,,,,
TIC_357972447,skipped,already exists,/Users/sandeep/Workspace/Personal/LunaVisionAi/exoplanet_pipeline/data/processed/lc_detrended/TIC_357972447.npz,,,,
TIC_358072664,done,ok,/Users/sandeep/Workspace/Personal/LunaVisionAi/exoplanet_pipeline/data/processed/lc_detrended/TIC_358072664.npz,20225.0,28.806,0.006648,0.006591
TIC_358186451,skipped,already exists,/Users/sandeep/Workspace/Personal/LunaVisionAi/exoplanet_pipeline/data/processed/lc_detrended/TIC_358186451.npz,,,,
TIC_358289302,skipped,already exists,/Users/sandeep/Workspace/Personal/LunaVisionAi/exoplanet_pipeline/data/processed/lc_detrended/TIC_358289302.npz,,,,
TIC_358631536,skipped,already exists,/Users/sandeep/Workspace/Personal/LunaVisionAi/exoplanet_pipeline/data/processed/lc_detrended/TIC_358631536.npz,,,,
TIC_358938714,done,ok,/Users/sandeep/Workspace/Personal/LunaVisionAi/exoplanet_pipeline/data/processed/lc_detrended/TIC_358938714.npz,18826.0,26.917,0.008969,0.008864
TIC_35972578,done,ok,/Users/sandeep/Workspace/Personal/LunaVisionAi/exoplanet_pipeline/data/processed/lc_detrended/TIC_35972578.npz,34368.0,51.272,0.011853,0.008272
TIC_360221713,done,ok,/Users/sandeep/Workspace/Personal/LunaVisionAi/exoplanet_pipeline/data/processed/lc_detrended/TIC_360221713.npz,29822.0,757.23,0.016865,0.007113
TIC_36022284,skipped,already exists,/Users/sandeep/Workspace/Personal/LunaVisionAi/exoplanet_pipeline/data/processed/lc_detrended/TIC_36022284.npz,,,,
TIC_360224870,gated,robust rms 0.0375 > 0.02,,,,,
TIC_360714300,skipped,already exists,/Users/sandeep/Workspace/Personal/LunaVisionAi/exoplanet_pipeline/data/processed/lc_detrended/TIC_360714300.npz,,,,
TIC_360822008,done,ok,/Users/sandeep/Workspace/Personal/LunaVisionAi/exoplanet_pipeline/data/processed/lc_detrended/TIC_360822008.npz,30417.0,268.138,0.042911,0.006933
TIC_361343239,skipped,already exists,/Users/sandeep/Workspace/Personal/LunaVisionAi/exoplanet_pipeline/data/processed/lc_detrended/TIC_361343239.npz,,,,
TIC_362032529,skipped,already exists,/Users/sandeep/Workspace/Personal/LunaVisionAi/exoplanet_pipeline/data/processed/lc_detrended/TIC_362032529.npz,,,,
TIC_362220495,skipped,already exists,/Users/sandeep/Workspace/Personal/LunaVisionAi/exoplanet_pipeline/data/processed/lc_detrended/TIC_362220495.npz,,,,
TIC_363029616,skipped,already exists,/Users/sandeep/Workspace/Personal/LunaVisionAi/exoplanet_pipeline/data/processed/lc_detrended/TIC_363029616.npz,,,,
TIC_363573185,skipped,already exists,/Users/sandeep/Workspace/Personal/LunaVisionAi/exoplanet_pipeline/data/processed/lc_detrended/TIC_363573185.npz,,,,
TIC_363635669,done,ok,/Users/sandeep/Workspace/Personal/LunaVisionAi/exoplanet_pipeline/data/processed/lc_detrended/TIC_363635669.npz,37155.0,53.663,0.00532,0.005198
TIC_363914762,skipped,already exists,/Users/sandeep/Workspace/Personal/LunaVisionAi/exoplanet_pipeline/data/processed/lc_detrended/TIC_363914762.npz,,,,
TIC_364072092,done,ok,/Users/sandeep/Workspace/Personal/LunaVisionAi/exoplanet_pipeline/data/processed/lc_detrended/TIC_364072092.npz,29087.0,757.158,0.009867,0.008691
TIC_364074068,skipped,already exists,/Users/sandeep/Workspace/Personal/LunaVisionAi/exoplanet_pipeline/data/processed/lc_detrended/TIC_364074068.npz,,,,
TIC_364075352,skipped,already exists,/Users/sandeep/Workspace/Personal/LunaVisionAi/exoplanet_pipeline/data/processed/lc_detrended/TIC_364075352.npz,,,,
TIC_364107753,skipped,already exists,/Users/sandeep/Workspace/Personal/LunaVisionAi/exoplanet_pipeline/data/processed/lc_detrended/TIC_364107753.npz,,,,
TIC_364192929,done,ok,/Users/sandeep/Workspace/Personal/LunaVisionAi/exoplanet_pipeline/data/processed/lc_detrended/TIC_364192929.npz,33231.0,295.206,0.019415,0.009752
TIC_36440357,done,ok,/Users/sandeep/Workspace/Personal/LunaVisionAi/exoplanet_pipeline/data/processed/lc_detrended/TIC_36440357.npz,119377.0,759.301,0.024154,0.018208
TIC_365021641,skipped,already exists,/Users/sandeep/Workspace/Personal/LunaVisionAi/exoplanet_pipeline/data/processed/lc_detrended/TIC_365021641.npz,,,,
TIC_365158631,skipped,already exists,/Users/sandeep/Workspace/Personal/LunaVisionAi/exoplanet_pipeline/data/processed/lc_detrended/TIC_365158631.npz,,,,
TIC_365447203,done,ok,/Users/sandeep/Workspace/Personal/LunaVisionAi/exoplanet_pipeline/data/processed/lc_detrended/TIC_365447203.npz,37596.0,56.857,0.016132,0.010466
TIC_365683032,skipped,already exists,/Users/sandeep/Workspace/Personal/LunaVisionAi/exoplanet_pipeline/data/processed/lc_detrended/TIC_365683032.npz,,,,
TIC_365781372,skipped,already exists,/Users/sandeep/Workspace/Personal/LunaVisionAi/exoplanet_pipeline/data/processed/lc_detrended/TIC_365781372.npz,,,,
TIC_36592530,done,ok,/Users/sandeep/Workspace/Personal/LunaVisionAi/exoplanet_pipeline/data/processed/lc_detrended/TIC_36592530.npz,91108.0,785.248,0.005444,0.004202
TIC_366484980,skipped,already exists,/Users/sandeep/Workspace/Personal/LunaVisionAi/exoplanet_pipeline/data/processed/lc_detrended/TIC_366484980.npz,,,,
TIC_366528389,skipped,already exists,/Users/sandeep/Workspace/Personal/LunaVisionAi/exoplanet_pipeline/data/processed/lc_detrended/TIC_366528389.npz,,,,
TIC_366563452,skipped,already exists,/Users/sandeep/Workspace/Personal/LunaVisionAi/exoplanet_pipeline/data/processed/lc_detrended/TIC_366563452.npz,,,,
TIC_366631954,done,ok,/Users/sandeep/Workspace/Personal/LunaVisionAi/exoplanet_pipeline/data/processed/lc_detrended/TIC_366631954.npz,117544.0,25.031,0.004546,0.004309
TIC_366846982,done,ok,/Users/sandeep/Workspace/Personal/LunaVisionAi/exoplanet_pipeline/data/processed/lc_detrended/TIC_366846982.npz,38497.0,54.992,0.020748,0.005067
TIC_367099243,skipped,already exists,/Users/sandeep/Workspace/Personal/LunaVisionAi/exoplanet_pipeline/data/processed/lc_detrended/TIC_367099243.npz,,,,
TIC_367607434,skipped,already exists,/Users/sandeep/Workspace/Personal/LunaVisionAi/exoplanet_pipeline/data/processed/lc_detrended/TIC_367607434.npz,,,,
TIC_367855829,skipped,already exists,/Users/sandeep/Workspace/Personal/LunaVisionAi/exoplanet_pipeline/data/processed/lc_detrended/TIC_367855829.npz,,,,
TIC_367912480,skipped,already exists,/Users/sandeep/Workspace/Personal/LunaVisionAi/exoplanet_pipeline/data/processed/lc_detrended/TIC_367912480.npz,,,,
TIC_367913453,skipped,already exists,/Users/sandeep/Workspace/Personal/LunaVisionAi/exoplanet_pipeline/data/processed/lc_detrended/TIC_367913453.npz,,,,
TIC_368678195,gated,robust rms 0.0321 > 0.02,,,,,
TIC_368734712,skipped,already exists,/Users/sandeep/Workspace/Personal/LunaVisionAi/exoplanet_pipeline/data/processed/lc_detrended/TIC_368734712.npz,,,,
TIC_36883072,skipped,already exists,/Users/sandeep/Workspace/Personal/LunaVisionAi/exoplanet_pipeline/data/processed/lc_detrended/TIC_36883072.npz,,,,
TIC_369457671,done,ok,/Users/sandeep/Workspace/Personal/LunaVisionAi/exoplanet_pipeline/data/processed/lc_detrended/TIC_369457671.npz,117109.0,24.363,0.018545,0.007879
TIC_369477998,skipped,already exists,/Users/sandeep/Workspace/Personal/LunaVisionAi/exoplanet_pipeline/data/processed/lc_detrended/TIC_369477998.npz,,,,
TIC_369480087,gated,robust rms 0.0459 > 0.02,,,,,
TIC_369864738,skipped,already exists,/Users/sandeep/Workspace/Personal/LunaVisionAi/exoplanet_pipeline/data/processed/lc_detrended/TIC_369864738.npz,,,,
TIC_370745311,done,ok,/Users/sandeep/Workspace/Personal/LunaVisionAi/exoplanet_pipeline/data/processed/lc_detrended/TIC_370745311.npz,192301.0,50.763,0.011759,0.00272
TIC_37075377,skipped,already exists,/Users/sandeep/Workspace/Personal/LunaVisionAi/exoplanet_pipeline/data/processed/lc_detrended/TIC_37075377.npz,,,,
TIC_370759867,skipped,already exists,/Users/sandeep/Workspace/Personal/LunaVisionAi/exoplanet_pipeline/data/processed/lc_detrended/TIC_370759867.npz,,,,
TIC_370877263,skipped,already exists,/Users/sandeep/Workspace/Personal/LunaVisionAi/exoplanet_pipeline/data/processed/lc_detrended/TIC_370877263.npz,,,,
TIC_370907864,skipped,already exists,/Users/sandeep/Workspace/Personal/LunaVisionAi/exoplanet_pipeline/data/processed/lc_detrended/TIC_370907864.npz,,,,
TIC_371210825,skipped,already exists,/Users/sandeep/Workspace/Personal/LunaVisionAi/exoplanet_pipeline/data/processed/lc_detrended/TIC_371210825.npz,,,,
TIC_371470493,skipped,already exists,/Users/sandeep/Workspace/Personal/LunaVisionAi/exoplanet_pipeline/data/processed/lc_detrended/TIC_371470493.npz,,,,
TIC_371621400,skipped,already exists,/Users/sandeep/Workspace/Personal/LunaVisionAi/exoplanet_pipeline/data/processed/lc_detrended/TIC_371621400.npz,,,,
TIC_371711170,skipped,already exists,/Users/sandeep/Workspace/Personal/LunaVisionAi/exoplanet_pipeline/data/processed/lc_detrended/TIC_371711170.npz,,,,
TIC_372068780,skipped,already exists,/Users/sandeep/Workspace/Personal/LunaVisionAi/exoplanet_pipeline/data/processed/lc_detrended/TIC_372068780.npz,,,,
TIC_372264750,skipped,already exists,/Users/sandeep/Workspace/Personal/LunaVisionAi/exoplanet_pipeline/data/processed/lc_detrended/TIC_372264750.npz,,,,
TIC_372392226,done,ok,/Users/sandeep/Workspace/Personal/LunaVisionAi/exoplanet_pipeline/data/processed/lc_detrended/TIC_372392226.npz,31232.0,541.214,0.019475,0.007393
TIC_372443687,skipped,already exists,/Users/sandeep/Workspace/Personal/LunaVisionAi/exoplanet_pipeline/data/processed/lc_detrended/TIC_372443687.npz,,,,
TIC_372448111,done,ok,/Users/sandeep/Workspace/Personal/LunaVisionAi/exoplanet_pipeline/data/processed/lc_detrended/TIC_372448111.npz,36623.0,52.848,0.015815,0.006503
TIC_372596795,done,ok,/Users/sandeep/Workspace/Personal/LunaVisionAi/exoplanet_pipeline/data/processed/lc_detrended/TIC_372596795.npz,36594.0,52.848,0.004963,0.00483
TIC_372596796,skipped,already exists,/Users/sandeep/Workspace/Personal/LunaVisionAi/exoplanet_pipeline/data/processed/lc_detrended/TIC_372596796.npz,,,,
TIC_373033374,done,ok,/Users/sandeep/Workspace/Personal/LunaVisionAi/exoplanet_pipeline/data/processed/lc_detrended/TIC_373033374.npz,36645.0,52.876,0.027685,0.005171
TIC_373424049,skipped,already exists,/Users/sandeep/Workspace/Personal/LunaVisionAi/exoplanet_pipeline/data/processed/lc_detrended/TIC_373424049.npz,,,,
TIC_373576942,done,ok,/Users/sandeep/Workspace/Personal/LunaVisionAi/exoplanet_pipeline/data/processed/lc_detrended/TIC_373576942.npz,34809.0,570.375,0.009773,0.008192
TIC_373614579,done,ok,/Users/sandeep/Workspace/Personal/LunaVisionAi/exoplanet_pipeline/data/processed/lc_detrended/TIC_373614579.npz,29465.0,382.139,0.006765,0.005855
TIC_373785851,skipped,already exists,/Users/sandeep/Workspace/Personal/LunaVisionAi/exoplanet_pipeline/data/processed/lc_detrended/TIC_373785851.npz,,,,
TIC_373844472,skipped,already exists,/Users/sandeep/Workspace/Personal/LunaVisionAi/exoplanet_pipeline/data/processed/lc_detrended/TIC_373844472.npz,,,,
TIC_374155286,skipped,already exists,/Users/sandeep/Workspace/Personal/LunaVisionAi/exoplanet_pipeline/data/processed/lc_detrended/TIC_374155286.npz,,,,
TIC_374180079,done,ok,/Users/sandeep/Workspace/Personal/LunaVisionAi/exoplanet_pipeline/data/processed/lc_detrended/TIC_374180079.npz,176219.0,294.83,0.028306,0.00397
TIC_374200604,skipped,already exists,/Users/sandeep/Workspace/Personal/LunaVisionAi/exoplanet_pipeline/data/processed/lc_detrended/TIC_374200604.npz,,,,
TIC_374400599,skipped,already exists,/Users/sandeep/Workspace/Personal/LunaVisionAi/exoplanet_pipeline/data/processed/lc_detrended/TIC_374400599.npz,,,,
TIC_374778982,done,ok,/Users/sandeep/Workspace/Personal/LunaVisionAi/exoplanet_pipeline/data/processed/lc_detrended/TIC_374778982.npz,19457.0,27.718,0.010186,0.010092
TIC_374829238,skipped,already exists,/Users/sandeep/Workspace/Personal/LunaVisionAi/exoplanet_pipeline/data/processed/lc_detrended/TIC_374829238.npz,,,,
TIC_374847873,done,ok,/Users/sandeep/Workspace/Personal/LunaVisionAi/exoplanet_pipeline/data/processed/lc_detrended/TIC_374847873.npz,19253.0,27.917,0.007681,0.006848
TIC_374919956,skipped,already exists,/Users/sandeep/Workspace/Personal/LunaVisionAi/exoplanet_pipeline/data/processed/lc_detrended/TIC_374919956.npz,,,,
TIC_375225453,done,ok,/Users/sandeep/Workspace/Personal/LunaVisionAi/exoplanet_pipeline/data/processed/lc_detrended/TIC_375225453.npz,183536.0,50.438,0.025553,0.002506
TIC_37533318,skipped,already exists,/Users/sandeep/Workspace/Personal/LunaVisionAi/exoplanet_pipeline/data/processed/lc_detrended/TIC_37533318.npz,,,,
TIC_375419034,done,ok,/Users/sandeep/Workspace/Personal/LunaVisionAi/exoplanet_pipeline/data/processed/lc_detrended/TIC_375419034.npz,16432.0,26.623,0.009122,0.008901
TIC_375542276,skipped,already exists,/Users/sandeep/Workspace/Personal/LunaVisionAi/exoplanet_pipeline/data/processed/lc_detrended/TIC_375542276.npz,,,,
TIC_37575651,skipped,already exists,/Users/sandeep/Workspace/Personal/LunaVisionAi/exoplanet_pipeline/data/processed/lc_detrended/TIC_37575651.npz,,,,
TIC_376682699,skipped,already exists,/Users/sandeep/Workspace/Personal/LunaVisionAi/exoplanet_pipeline/data/processed/lc_detrended/TIC_376682699.npz,,,,
TIC_376740324,done,ok,/Users/sandeep/Workspace/Personal/LunaVisionAi/exoplanet_pipeline/data/processed/lc_detrended/TIC_376740324.npz,19274.0,27.917,0.007884,0.00775
TIC_376879052,skipped,already exists,/Users/sandeep/Workspace/Personal/LunaVisionAi/exoplanet_pipeline/data/processed/lc_detrended/TIC_376879052.npz,,,,
TIC_377064495,skipped,already exists,/Users/sandeep/Workspace/Personal/LunaVisionAi/exoplanet_pipeline/data/processed/lc_detrended/TIC_377064495.npz,,,,
TIC_377144784,skipped,already exists,/Users/sandeep/Workspace/Personal/LunaVisionAi/exoplanet_pipeline/data/processed/lc_detrended/TIC_377144784.npz,,,,
TIC_377165123,done,ok,/Users/sandeep/Workspace/Personal/LunaVisionAi/exoplanet_pipeline/data/processed/lc_detrended/TIC_377165123.npz,32349.0,55.016,0.022208,0.006364
TIC_377191482,skipped,already exists,/Users/sandeep/Workspace/Personal/LunaVisionAi/exoplanet_pipeline/data/processed/lc_detrended/TIC_377191482.npz,,,,
TIC_377293776,skipped,already exists,/Users/sandeep/Workspace/Personal/LunaVisionAi/exoplanet_pipeline/data/processed/lc_detrended/TIC_377293776.npz,,,,
TIC_377304435,skipped,already exists,/Users/sandeep/Workspace/Personal/LunaVisionAi/exoplanet_pipeline/data/processed/lc_detrended/TIC_377304435.npz,,,,
TIC_37749396,skipped,already exists,/Users/sandeep/Workspace/Personal/LunaVisionAi/exoplanet_pipeline/data/processed/lc_detrended/TIC_37749396.npz,,,,
TIC_37754672,skipped,already exists,/Users/sandeep/Workspace/Personal/LunaVisionAi/exoplanet_pipeline/data/processed/lc_detrended/TIC_37754672.npz,,,,
TIC_37763102,skipped,already exists,/Users/sandeep/Workspace/Personal/LunaVisionAi/exoplanet_pipeline/data/processed/lc_detrended/TIC_37763102.npz,,,,
TIC_37770169,skipped,already exists,/Users/sandeep/Workspace/Personal/LunaVisionAi/exoplanet_pipeline/data/processed/lc_detrended/TIC_37770169.npz,,,,
TIC_377730967,done,ok,/Users/sandeep/Workspace/Personal/LunaVisionAi/exoplanet_pipeline/data/processed/lc_detrended/TIC_377730967.npz,32538.0,193.477,0.039561,0.013151
TIC_377782148,done,ok,/Users/sandeep/Workspace/Personal/LunaVisionAi/exoplanet_pipeline/data/processed/lc_detrended/TIC_377782148.npz,37906.0,55.925,0.0095,0.00733
TIC_378013798,gated,robust rms 0.0717 > 0.02,,,,,
TIC_378159598,skipped,already exists,/Users/sandeep/Workspace/Personal/LunaVisionAi/exoplanet_pipeline/data/processed/lc_detrended/TIC_378159598.npz,,,,
TIC_378355116,skipped,already exists,/Users/sandeep/Workspace/Personal/LunaVisionAi/exoplanet_pipeline/data/processed/lc_detrended/TIC_378355116.npz,,,,
TIC_37862966,done,ok,/Users/sandeep/Workspace/Personal/LunaVisionAi/exoplanet_pipeline/data/processed/lc_detrended/TIC_37862966.npz,28665.0,57.371,0.006606,0.006311
TIC_378976682,skipped,already exists,/Users/sandeep/Workspace/Personal/LunaVisionAi/exoplanet_pipeline/data/processed/lc_detrended/TIC_378976682.npz,,,,
TIC_379629854,skipped,already exists,/Users/sandeep/Workspace/Personal/LunaVisionAi/exoplanet_pipeline/data/processed/lc_detrended/TIC_379629854.npz,,,,
TIC_379931600,skipped,already exists,/Users/sandeep/Workspace/Personal/LunaVisionAi/exoplanet_pipeline/data/processed/lc_detrended/TIC_379931600.npz,,,,
TIC_380255458,skipped,already exists,/Users/sandeep/Workspace/Personal/LunaVisionAi/exoplanet_pipeline/data/processed/lc_detrended/TIC_380255458.npz,,,,
TIC_380775661,done,ok,/Users/sandeep/Workspace/Personal/LunaVisionAi/exoplanet_pipeline/data/processed/lc_detrended/TIC_380775661.npz,30279.0,757.244,0.02662,0.007706
TIC_380884458,done,ok,/Users/sandeep/Workspace/Personal/LunaVisionAi/exoplanet_pipeline/data/processed/lc_detrended/TIC_380884458.npz,27711.0,785.149,0.017184,0.016095
TIC_380886535,skipped,already exists,/Users/sandeep/Workspace/Personal/LunaVisionAi/exoplanet_pipeline/data/processed/lc_detrended/TIC_380886535.npz,,,,
TIC_381591826,done,ok,/Users/sandeep/Workspace/Personal/LunaVisionAi/exoplanet_pipeline/data/processed/lc_detrended/TIC_381591826.npz,12596.0,25.489,0.015637,0.010414
TIC_382200986,done,ok,/Users/sandeep/Workspace/Personal/LunaVisionAi/exoplanet_pipeline/data/processed/lc_detrended/TIC_382200986.npz,199057.0,54.061,0.007154,0.006426
TIC_382302241,skipped,already exists,/Users/sandeep/Workspace/Personal/LunaVisionAi/exoplanet_pipeline/data/processed/lc_detrended/TIC_382302241.npz,,,,
TIC_382437043,skipped,already exists,/Users/sandeep/Workspace/Personal/LunaVisionAi/exoplanet_pipeline/data/processed/lc_detrended/TIC_382437043.npz,,,,
TIC_382521776,done,ok,/Users/sandeep/Workspace/Personal/LunaVisionAi/exoplanet_pipeline/data/processed/lc_detrended/TIC_382521776.npz,28895.0,750.896,0.005829,0.00575
TIC_383390264,skipped,already exists,/Users/sandeep/Workspace/Personal/LunaVisionAi/exoplanet_pipeline/data/processed/lc_detrended/TIC_383390264.npz,,,,
TIC_383531543,skipped,already exists,/Users/sandeep/Workspace/Personal/LunaVisionAi/exoplanet_pipeline/data/processed/lc_detrended/TIC_383531543.npz,,,,
TIC_383531859,skipped,already exists,/Users/sandeep/Workspace/Personal/LunaVisionAi/exoplanet_pipeline/data/processed/lc_detrended/TIC_383531859.npz,,,,
TIC_383828887,done,ok,/Users/sandeep/Workspace/Personal/LunaVisionAi/exoplanet_pipeline/data/processed/lc_detrended/TIC_383828887.npz,30995.0,193.478,0.030551,0.009156
TIC_384034837,done,ok,/Users/sandeep/Workspace/Personal/LunaVisionAi/exoplanet_pipeline/data/processed/lc_detrended/TIC_384034837.npz,37142.0,760.707,0.009672,0.008801
TIC_384045439,skipped,already exists,/Users/sandeep/Workspace/Personal/LunaVisionAi/exoplanet_pipeline/data/processed/lc_detrended/TIC_384045439.npz,,,,
TIC_384386061,done,ok,/Users/sandeep/Workspace/Personal/LunaVisionAi/exoplanet_pipeline/data/processed/lc_detrended/TIC_384386061.npz,29673.0,757.214,0.017489,0.008823
TIC_384549882,skipped,already exists,/Users/sandeep/Workspace/Personal/LunaVisionAi/exoplanet_pipeline/data/processed/lc_detrended/TIC_384549882.npz,,,,
TIC_38460940,done,ok,/Users/sandeep/Workspace/Personal/LunaVisionAi/exoplanet_pipeline/data/processed/lc_detrended/TIC_38460940.npz,30771.0,80.919,0.014254,0.006369
TIC_38467100,skipped,already exists,/Users/sandeep/Workspace/Personal/LunaVisionAi/exoplanet_pipeline/data/processed/lc_detrended/TIC_38467100.npz,,,,
TIC_384744828,skipped,already exists,/Users/sandeep/Workspace/Personal/LunaVisionAi/exoplanet_pipeline/data/processed/lc_detrended/TIC_384744828.npz,,,,
TIC_38509907,skipped,already exists,/Users/sandeep/Workspace/Personal/LunaVisionAi/exoplanet_pipeline/data/processed/lc_detrended/TIC_38509907.npz,,,,
TIC_385459345,done,ok,/Users/sandeep/Workspace/Personal/LunaVisionAi/exoplanet_pipeline/data/processed/lc_detrended/TIC_385459345.npz,35185.0,78.645,0.014046,0.011746
TIC_385654601,done,ok,/Users/sandeep/Workspace/Personal/LunaVisionAi/exoplanet_pipeline/data/processed/lc_detrended/TIC_385654601.npz,15277.0,24.659,0.010064,0.009174
TIC_386297468,done,ok,/Users/sandeep/Workspace/Personal/LunaVisionAi/exoplanet_pipeline/data/processed/lc_detrended/TIC_386297468.npz,35246.0,78.646,0.016097,0.005
TIC_386435344,skipped,already exists,/Users/sandeep/Workspace/Personal/LunaVisionAi/exoplanet_pipeline/data/processed/lc_detrended/TIC_386435344.npz,,,,
TIC_38680052,gated,robust rms 0.0600 > 0.02,,,,,
TIC_386935627,skipped,already exists,/Users/sandeep/Workspace/Personal/LunaVisionAi/exoplanet_pipeline/data/processed/lc_detrended/TIC_386935627.npz,,,,
TIC_38698692,skipped,already exists,/Users/sandeep/Workspace/Personal/LunaVisionAi/exoplanet_pipeline/data/processed/lc_detrended/TIC_38698692.npz,,,,
TIC_387295547,done,ok,/Users/sandeep/Workspace/Personal/LunaVisionAi/exoplanet_pipeline/data/processed/lc_detrended/TIC_387295547.npz,106413.0,268.188,0.027164,0.006231
TIC_387342052,skipped,already exists,/Users/sandeep/Workspace/Personal/LunaVisionAi/exoplanet_pipeline/data/processed/lc_detrended/TIC_387342052.npz,,,,
TIC_387413037,skipped,already exists,/Users/sandeep/Workspace/Personal/LunaVisionAi/exoplanet_pipeline/data/processed/lc_detrended/TIC_387413037.npz,,,,
TIC_387527558,done,ok,/Users/sandeep/Workspace/Personal/LunaVisionAi/exoplanet_pipeline/data/processed/lc_detrended/TIC_387527558.npz,28301.0,49.497,0.171954,0.008407
TIC_387664866,skipped,already exists,/Users/sandeep/Workspace/Personal/LunaVisionAi/exoplanet_pipeline/data/processed/lc_detrended/TIC_387664866.npz,,,,
TIC_387664868,skipped,already exists,/Users/sandeep/Workspace/Personal/LunaVisionAi/exoplanet_pipeline/data/processed/lc_detrended/TIC_387664868.npz,,,,
TIC_387834907,skipped,already exists,/Users/sandeep/Workspace/Personal/LunaVisionAi/exoplanet_pipeline/data/processed/lc_detrended/TIC_387834907.npz,,,,
TIC_387844266,done,ok,/Users/sandeep/Workspace/Personal/LunaVisionAi/exoplanet_pipeline/data/processed/lc_detrended/TIC_387844266.npz,13610.0,26.624,0.009354,0.00927
TIC_388089437,skipped,already exists,/Users/sandeep/Workspace/Personal/LunaVisionAi/exoplanet_pipeline/data/processed/lc_detrended/TIC_388089437.npz,,,,
TIC_388104525,skipped,already exists,/Users/sandeep/Workspace/Personal/LunaVisionAi/exoplanet_pipeline/data/processed/lc_detrended/TIC_388104525.npz,,,,
TIC_388130237,done,ok,/Users/sandeep/Workspace/Personal/LunaVisionAi/exoplanet_pipeline/data/processed/lc_detrended/TIC_388130237.npz,30071.0,49.659,0.032203,0.013613
TIC_388198242,skipped,already exists,/Users/sandeep/Workspace/Personal/LunaVisionAi/exoplanet_pipeline/data/processed/lc_detrended/TIC_388198242.npz,,,,
TIC_388202128,done,ok,/Users/sandeep/Workspace/Personal/LunaVisionAi/exoplanet_pipeline/data/processed/lc_detrended/TIC_388202128.npz,31403.0,52.841,0.011686,0.007551
TIC_38846515,skipped,already exists,/Users/sandeep/Workspace/Personal/LunaVisionAi/exoplanet_pipeline/data/processed/lc_detrended/TIC_38846515.npz,,,,
TIC_388804061,skipped,already exists,/Users/sandeep/Workspace/Personal/LunaVisionAi/exoplanet_pipeline/data/processed/lc_detrended/TIC_388804061.npz,,,,
TIC_388811663,skipped,already exists,/Users/sandeep/Workspace/Personal/LunaVisionAi/exoplanet_pipeline/data/processed/lc_detrended/TIC_388811663.npz,,,,
TIC_388816604,done,ok,/Users/sandeep/Workspace/Personal/LunaVisionAi/exoplanet_pipeline/data/processed/lc_detrended/TIC_388816604.npz,113522.0,25.942,0.015621,0.014391
TIC_388857263,skipped,already exists,/Users/sandeep/Workspace/Personal/LunaVisionAi/exoplanet_pipeline/data/processed/lc_detrended/TIC_388857263.npz,,,,
TIC_389070884,skipped,already exists,/Users/sandeep/Workspace/Personal/LunaVisionAi/exoplanet_pipeline/data/processed/lc_detrended/TIC_389070884.npz,,,,
TIC_389315309,skipped,already exists,/Users/sandeep/Workspace/Personal/LunaVisionAi/exoplanet_pipeline/data/processed/lc_detrended/TIC_389315309.npz,,,,
TIC_389525208,skipped,already exists,/Users/sandeep/Workspace/Personal/LunaVisionAi/exoplanet_pipeline/data/processed/lc_detrended/TIC_389525208.npz,,,,
TIC_3896759,skipped,already exists,/Users/sandeep/Workspace/Personal/LunaVisionAi/exoplanet_pipeline/data/processed/lc_detrended/TIC_3896759.npz,,,,
TIC_389753172,done,ok,/Users/sandeep/Workspace/Personal/LunaVisionAi/exoplanet_pipeline/data/processed/lc_detrended/TIC_389753172.npz,28933.0,51.326,0.006943,0.005899
TIC_389900760,done,ok,/Users/sandeep/Workspace/Personal/LunaVisionAi/exoplanet_pipeline/data/processed/lc_detrended/TIC_389900760.npz,32976.0,191.616,0.040197,0.008214
TIC_389999924,done,ok,/Users/sandeep/Workspace/Personal/LunaVisionAi/exoplanet_pipeline/data/processed/lc_detrended/TIC_389999924.npz,37211.0,53.663,0.032339,0.008246
TIC_390048041,done,ok,/Users/sandeep/Workspace/Personal/LunaVisionAi/exoplanet_pipeline/data/processed/lc_detrended/TIC_390048041.npz,36059.0,191.42,0.016611,0.006511
TIC_390444761,gated,robust rms 1.0411 > 0.02,,,,,
TIC_39077574,done,ok,/Users/sandeep/Workspace/Personal/LunaVisionAi/exoplanet_pipeline/data/processed/lc_detrended/TIC_39077574.npz,15357.0,25.947,0.00813,0.007431
TIC_390988385,skipped,already exists,/Users/sandeep/Workspace/Personal/LunaVisionAi/exoplanet_pipeline/data/processed/lc_detrended/TIC_390988385.npz,,,,
TIC_391821647,skipped,already exists,/Users/sandeep/Workspace/Personal/LunaVisionAi/exoplanet_pipeline/data/processed/lc_detrended/TIC_391821647.npz,,,,
TIC_391900348,skipped,already exists,/Users/sandeep/Workspace/Personal/LunaVisionAi/exoplanet_pipeline/data/processed/lc_detrended/TIC_391900348.npz,,,,
TIC_391949880,skipped,already exists,/Users/sandeep/Workspace/Personal/LunaVisionAi/exoplanet_pipeline/data/processed/lc_detrended/TIC_391949880.npz,,,,
TIC_39218269,skipped,already exists,/Users/sandeep/Workspace/Personal/LunaVisionAi/exoplanet_pipeline/data/processed/lc_detrended/TIC_39218269.npz,,,,
TIC_392658786,skipped,already exists,/Users/sandeep/Workspace/Personal/LunaVisionAi/exoplanet_pipeline/data/processed/lc_detrended/TIC_392658786.npz,,,,
TIC_392681545,skipped,already exists,/Users/sandeep/Workspace/Personal/LunaVisionAi/exoplanet_pipeline/data/processed/lc_detrended/TIC_392681545.npz,,,,
TIC_393251073,done,ok,/Users/sandeep/Workspace/Personal/LunaVisionAi/exoplanet_pipeline/data/processed/lc_detrended/TIC_393251073.npz,15967.0,25.791,0.010392,0.010465
TIC_393548451,skipped,already exists,/Users/sandeep/Workspace/Personal/LunaVisionAi/exoplanet_pipeline/data/processed/lc_detrended/TIC_393548451.npz,,,,
TIC_393911494,skipped,already exists,/Users/sandeep/Workspace/Personal/LunaVisionAi/exoplanet_pipeline/data/processed/lc_detrended/TIC_393911494.npz,,,,
TIC_393965778,skipped,already exists,/Users/sandeep/Workspace/Personal/LunaVisionAi/exoplanet_pipeline/data/processed/lc_detrended/TIC_393965778.npz,,,,
TIC_394126269,gated,robust rms 0.0348 > 0.02,,,,,
TIC_394137592,skipped,already exists,/Users/sandeep/Workspace/Personal/LunaVisionAi/exoplanet_pipeline/data/processed/lc_detrended/TIC_394137592.npz,,,,
TIC_394172596,skipped,already exists,/Users/sandeep/Workspace/Personal/LunaVisionAi/exoplanet_pipeline/data/processed/lc_detrended/TIC_394172596.npz,,,,
TIC_394174412,done,ok,/Users/sandeep/Workspace/Personal/LunaVisionAi/exoplanet_pipeline/data/processed/lc_detrended/TIC_394174412.npz,36116.0,54.618,0.015165,0.012838
TIC_394177315,skipped,already exists,/Users/sandeep/Workspace/Personal/LunaVisionAi/exoplanet_pipeline/data/processed/lc_detrended/TIC_394177315.npz,,,,
TIC_394509844,skipped,already exists,/Users/sandeep/Workspace/Personal/LunaVisionAi/exoplanet_pipeline/data/processed/lc_detrended/TIC_394509844.npz,,,,
TIC_394561119,done,ok,/Users/sandeep/Workspace/Personal/LunaVisionAi/exoplanet_pipeline/data/processed/lc_detrended/TIC_394561119.npz,217419.0,54.803,0.005477,0.00255
TIC_394691478,done,ok,/Users/sandeep/Workspace/Personal/LunaVisionAi/exoplanet_pipeline/data/processed/lc_detrended/TIC_394691478.npz,28443.0,220.319,0.021368,0.010986
TIC_394698182,skipped,already exists,/Users/sandeep/Workspace/Personal/LunaVisionAi/exoplanet_pipeline/data/processed/lc_detrended/TIC_394698182.npz,,,,
TIC_394722182,skipped,already exists,/Users/sandeep/Workspace/Personal/LunaVisionAi/exoplanet_pipeline/data/processed/lc_detrended/TIC_394722182.npz,,,,
TIC_394918211,skipped,already exists,/Users/sandeep/Workspace/Personal/LunaVisionAi/exoplanet_pipeline/data/processed/lc_detrended/TIC_394918211.npz,,,,
TIC_395171208,skipped,already exists,/Users/sandeep/Workspace/Personal/LunaVisionAi/exoplanet_pipeline/data/processed/lc_detrended/TIC_395171208.npz,,,,
TIC_395773226,skipped,already exists,/Users/sandeep/Workspace/Personal/LunaVisionAi/exoplanet_pipeline/data/processed/lc_detrended/TIC_395773226.npz,,,,
TIC_396234347,skipped,already exists,/Users/sandeep/Workspace/Personal/LunaVisionAi/exoplanet_pipeline/data/processed/lc_detrended/TIC_396234347.npz,,,,
TIC_396697266,skipped,already exists,/Users/sandeep/Workspace/Personal/LunaVisionAi/exoplanet_pipeline/data/processed/lc_detrended/TIC_396697266.npz,,,,
TIC_396720998,done,ok,/Users/sandeep/Workspace/Personal/LunaVisionAi/exoplanet_pipeline/data/processed/lc_detrended/TIC_396720998.npz,26908.0,50.314,0.013947,0.013426
TIC_396794358,done,ok,/Users/sandeep/Workspace/Personal/LunaVisionAi/exoplanet_pipeline/data/processed/lc_detrended/TIC_396794358.npz,34930.0,755.662,0.006269,0.005732
TIC_397022282,done,ok,/Users/sandeep/Workspace/Personal/LunaVisionAi/exoplanet_pipeline/data/processed/lc_detrended/TIC_397022282.npz,33171.0,52.202,0.021118,0.010388
TIC_397288169,skipped,already exists,/Users/sandeep/Workspace/Personal/LunaVisionAi/exoplanet_pipeline/data/processed/lc_detrended/TIC_397288169.npz,,,,
TIC_397423462,done,ok,/Users/sandeep/Workspace/Personal/LunaVisionAi/exoplanet_pipeline/data/processed/lc_detrended/TIC_397423462.npz,35284.0,758.255,0.011204,0.007189
TIC_397587084,skipped,already exists,/Users/sandeep/Workspace/Personal/LunaVisionAi/exoplanet_pipeline/data/processed/lc_detrended/TIC_397587084.npz,,,,
TIC_39824732,skipped,already exists,/Users/sandeep/Workspace/Personal/LunaVisionAi/exoplanet_pipeline/data/processed/lc_detrended/TIC_39824732.npz,,,,
TIC_39858507,skipped,already exists,/Users/sandeep/Workspace/Personal/LunaVisionAi/exoplanet_pipeline/data/processed/lc_detrended/TIC_39858507.npz,,,,
TIC_398725538,done,ok,/Users/sandeep/Workspace/Personal/LunaVisionAi/exoplanet_pipeline/data/processed/lc_detrended/TIC_398725538.npz,35633.0,53.501,0.064002,0.017772
TIC_398733009,gated,robust rms 0.0573 > 0.02,,,,,
TIC_39903405,skipped,already exists,/Users/sandeep/Workspace/Personal/LunaVisionAi/exoplanet_pipeline/data/processed/lc_detrended/TIC_39903405.npz,,,,
TIC_399144800,skipped,already exists,/Users/sandeep/Workspace/Personal/LunaVisionAi/exoplanet_pipeline/data/processed/lc_detrended/TIC_399144800.npz,,,,
TIC_399402994,skipped,already exists,/Users/sandeep/Workspace/Personal/LunaVisionAi/exoplanet_pipeline/data/processed/lc_detrended/TIC_399402994.npz,,,,
TIC_399444057,skipped,already exists,/Users/sandeep/Workspace/Personal/LunaVisionAi/exoplanet_pipeline/data/processed/lc_detrended/TIC_399444057.npz,,,,
TIC_399571743,skipped,already exists,/Users/sandeep/Workspace/Personal/LunaVisionAi/exoplanet_pipeline/data/processed/lc_detrended/TIC_399571743.npz,,,,
TIC_399722652,done,ok,/Users/sandeep/Workspace/Personal/LunaVisionAi/exoplanet_pipeline/data/processed/lc_detrended/TIC_399722652.npz,112936.0,25.942,0.007608,0.006545
TIC_399731211,done,ok,/Users/sandeep/Workspace/Personal/LunaVisionAi/exoplanet_pipeline/data/processed/lc_detrended/TIC_399731211.npz,113055.0,25.942,0.012366,0.009763
TIC_399757537,done,ok,/Users/sandeep/Workspace/Personal/LunaVisionAi/exoplanet_pipeline/data/processed/lc_detrended/TIC_399757537.npz,27778.0,52.522,0.006525,0.005848
TIC_399819857,gated,robust rms 0.0215 > 0.02,,,,,
TIC_399822422,done,ok,/Users/sandeep/Workspace/Personal/LunaVisionAi/exoplanet_pipeline/data/processed/lc_detrended/TIC_399822422.npz,37930.0,55.925,0.011046,0.005325
TIC_399870368,done,ok,/Users/sandeep/Workspace/Personal/LunaVisionAi/exoplanet_pipeline/data/processed/lc_detrended/TIC_399870368.npz,206426.0,1871.67,0.004545,0.003568
TIC_399871011,skipped,already exists,/Users/sandeep/Workspace/Personal/LunaVisionAi/exoplanet_pipeline/data/processed/lc_detrended/TIC_399871011.npz,,,,
TIC_399954349,skipped,already exists,/Users/sandeep/Workspace/Personal/LunaVisionAi/exoplanet_pipeline/data/processed/lc_detrended/TIC_399954349.npz,,,,
TIC_399956098,gated,robust rms 0.0594 > 0.02,,,,,
TIC_400019820,skipped,already exists,/Users/sandeep/Workspace/Personal/LunaVisionAi/exoplanet_pipeline/data/processed/lc_detrended/TIC_400019820.npz,,,,
TIC_400073524,done,ok,/Users/sandeep/Workspace/Personal/LunaVisionAi/exoplanet_pipeline/data/processed/lc_detrended/TIC_400073524.npz,36876.0,54.332,0.022117,0.006725
TIC_400093502,skipped,already exists,/Users/sandeep/Workspace/Personal/LunaVisionAi/exoplanet_pipeline/data/processed/lc_detrended/TIC_400093502.npz,,,,
TIC_400093775,done,ok,/Users/sandeep/Workspace/Personal/LunaVisionAi/exoplanet_pipeline/data/processed/lc_detrended/TIC_400093775.npz,33378.0,192.698,0.067259,0.005749
TIC_400323948,skipped,already exists,/Users/sandeep/Workspace/Personal/LunaVisionAi/exoplanet_pipeline/data/processed/lc_detrended/TIC_400323948.npz,,,,
TIC_400395395,done,ok,/Users/sandeep/Workspace/Personal/LunaVisionAi/exoplanet_pipeline/data/processed/lc_detrended/TIC_400395395.npz,38235.0,55.658,0.023601,0.005488
TIC_400476523,skipped,already exists,/Users/sandeep/Workspace/Personal/LunaVisionAi/exoplanet_pipeline/data/processed/lc_detrended/TIC_400476523.npz,,,,
TIC_400762242,skipped,already exists,/Users/sandeep/Workspace/Personal/LunaVisionAi/exoplanet_pipeline/data/processed/lc_detrended/TIC_400762242.npz,,,,
TIC_400972123,done,ok,/Users/sandeep/Workspace/Personal/LunaVisionAi/exoplanet_pipeline/data/processed/lc_detrended/TIC_400972123.npz,218256.0,54.139,0.003107,0.002497
TIC_402219289,done,ok,/Users/sandeep/Workspace/Personal/LunaVisionAi/exoplanet_pipeline/data/processed/lc_detrended/TIC_402219289.npz,35216.0,54.461,0.01193,0.011002
TIC_403507814,skipped,already exists,/Users/sandeep/Workspace/Personal/LunaVisionAi/exoplanet_pipeline/data/processed/lc_detrended/TIC_403507814.npz,,,,
TIC_403693870,done,ok,/Users/sandeep/Workspace/Personal/LunaVisionAi/exoplanet_pipeline/data/processed/lc_detrended/TIC_403693870.npz,29638.0,49.771,0.024191,0.008969
TIC_404518509,skipped,already exists,/Users/sandeep/Workspace/Personal/LunaVisionAi/exoplanet_pipeline/data/processed/lc_detrended/TIC_404518509.npz,,,,
TIC_405452527,skipped,already exists,/Users/sandeep/Workspace/Personal/LunaVisionAi/exoplanet_pipeline/data/processed/lc_detrended/TIC_405452527.npz,,,,
TIC_405484221,gated,robust rms 0.0566 > 0.02,,,,,
TIC_405559035,skipped,already exists,/Users/sandeep/Workspace/Personal/LunaVisionAi/exoplanet_pipeline/data/processed/lc_detrended/TIC_405559035.npz,,,,
TIC_405620289,done,ok,/Users/sandeep/Workspace/Personal/LunaVisionAi/exoplanet_pipeline/data/processed/lc_detrended/TIC_405620289.npz,27496.0,50.572,0.00716,0.006506
TIC_405673618,done,ok,/Users/sandeep/Workspace/Personal/LunaVisionAi/exoplanet_pipeline/data/processed/lc_detrended/TIC_405673618.npz,11535.0,23.664,0.015045,0.014822
TIC_405686888,done,ok,/Users/sandeep/Workspace/Personal/LunaVisionAi/exoplanet_pipeline/data/processed/lc_detrended/TIC_405686888.npz,33909.0,54.618,0.026171,0.013744
TIC_405719252,gated,robust rms 0.0259 > 0.02,,,,,
TIC_405788729,skipped,already exists,/Users/sandeep/Workspace/Personal/LunaVisionAi/exoplanet_pipeline/data/processed/lc_detrended/TIC_405788729.npz,,,,
TIC_405837291,skipped,already exists,/Users/sandeep/Workspace/Personal/LunaVisionAi/exoplanet_pipeline/data/processed/lc_detrended/TIC_405837291.npz,,,,
TIC_405897415,done,ok,/Users/sandeep/Workspace/Personal/LunaVisionAi/exoplanet_pipeline/data/processed/lc_detrended/TIC_405897415.npz,36779.0,54.364,0.028312,0.007118
TIC_405932063,done,ok,/Users/sandeep/Workspace/Personal/LunaVisionAi/exoplanet_pipeline/data/processed/lc_detrended/TIC_405932063.npz,35749.0,542.221,0.022241,0.007395
TIC_406190563,skipped,already exists,/Users/sandeep/Workspace/Personal/LunaVisionAi/exoplanet_pipeline/data/processed/lc_detrended/TIC_406190563.npz,,,,
TIC_406634633,done,ok,/Users/sandeep/Workspace/Personal/LunaVisionAi/exoplanet_pipeline/data/processed/lc_detrended/TIC_406634633.npz,35886.0,191.418,0.03695,0.008442
TIC_406726743,done,ok,/Users/sandeep/Workspace/Personal/LunaVisionAi/exoplanet_pipeline/data/processed/lc_detrended/TIC_406726743.npz,35036.0,54.046,0.0128,0.004971
TIC_406855039,skipped,already exists,/Users/sandeep/Workspace/Personal/LunaVisionAi/exoplanet_pipeline/data/processed/lc_detrended/TIC_406855039.npz,,,,
TIC_406926040,skipped,already exists,/Users/sandeep/Workspace/Personal/LunaVisionAi/exoplanet_pipeline/data/processed/lc_detrended/TIC_406926040.npz,,,,
TIC_406941612,skipped,already exists,/Users/sandeep/Workspace/Personal/LunaVisionAi/exoplanet_pipeline/data/processed/lc_detrended/TIC_406941612.npz,,,,
TIC_406952542,done,ok,/Users/sandeep/Workspace/Personal/LunaVisionAi/exoplanet_pipeline/data/processed/lc_detrended/TIC_406952542.npz,29635.0,54.618,0.017877,0.014977
TIC_406976746,skipped,already exists,/Users/sandeep/Workspace/Personal/LunaVisionAi/exoplanet_pipeline/data/processed/lc_detrended/TIC_406976746.npz,,,,
TIC_406997913,done,ok,/Users/sandeep/Workspace/Personal/LunaVisionAi/exoplanet_pipeline/data/processed/lc_detrended/TIC_406997913.npz,30098.0,378.325,0.008656,0.006067
TIC_407059875,skipped,already exists,/Users/sandeep/Workspace/Personal/LunaVisionAi/exoplanet_pipeline/data/processed/lc_detrended/TIC_407059875.npz,,,,
TIC_407090552,skipped,already exists,/Users/sandeep/Workspace/Personal/LunaVisionAi/exoplanet_pipeline/data/processed/lc_detrended/TIC_407090552.npz,,,,
TIC_407146538,done,ok,/Users/sandeep/Workspace/Personal/LunaVisionAi/exoplanet_pipeline/data/processed/lc_detrended/TIC_407146538.npz,34624.0,53.785,0.01422,0.005345
TIC_407313319,skipped,already exists,/Users/sandeep/Workspace/Personal/LunaVisionAi/exoplanet_pipeline/data/processed/lc_detrended/TIC_407313319.npz,,,,
TIC_407394748,skipped,already exists,/Users/sandeep/Workspace/Personal/LunaVisionAi/exoplanet_pipeline/data/processed/lc_detrended/TIC_407394748.npz,,,,
TIC_407591297,skipped,already exists,/Users/sandeep/Workspace/Personal/LunaVisionAi/exoplanet_pipeline/data/processed/lc_detrended/TIC_407591297.npz,,,,
TIC_408159788,skipped,already exists,/Users/sandeep/Workspace/Personal/LunaVisionAi/exoplanet_pipeline/data/processed/lc_detrended/TIC_408159788.npz,,,,
TIC_408290683,skipped,already exists,/Users/sandeep/Workspace/Personal/LunaVisionAi/exoplanet_pipeline/data/processed/lc_detrended/TIC_408290683.npz,,,,
TIC_408549705,done,ok,/Users/sandeep/Workspace/Personal/LunaVisionAi/exoplanet_pipeline/data/processed/lc_detrended/TIC_408549705.npz,28215.0,50.701,0.011235,0.005505
TIC_408729765,done,ok,/Users/sandeep/Workspace/Personal/LunaVisionAi/exoplanet_pipeline/data/processed/lc_detrended/TIC_408729765.npz,32944.0,50.342,0.006689,0.00608
TIC_40954422,skipped,already exists,/Users/sandeep/Workspace/Personal/LunaVisionAi/exoplanet_pipeline/data/processed/lc_detrended/TIC_40954422.npz,,,,
TIC_409594381,skipped,already exists,/Users/sandeep/Workspace/Personal/LunaVisionAi/exoplanet_pipeline/data/processed/lc_detrended/TIC_409594381.npz,,,,
TIC_409794137,skipped,already exists,/Users/sandeep/Workspace/Personal/LunaVisionAi/exoplanet_pipeline/data/processed/lc_detrended/TIC_409794137.npz,,,,
TIC_410214986,skipped,already exists,/Users/sandeep/Workspace/Personal/LunaVisionAi/exoplanet_pipeline/data/processed/lc_detrended/TIC_410214986.npz,,,,
TIC_410245915,skipped,already exists,/Users/sandeep/Workspace/Personal/LunaVisionAi/exoplanet_pipeline/data/processed/lc_detrended/TIC_410245915.npz,,,,
TIC_410399327,skipped,already exists,/Users/sandeep/Workspace/Personal/LunaVisionAi/exoplanet_pipeline/data/processed/lc_detrended/TIC_410399327.npz,,,,
TIC_410552165,done,ok,/Users/sandeep/Workspace/Personal/LunaVisionAi/exoplanet_pipeline/data/processed/lc_detrended/TIC_410552165.npz,30902.0,753.657,0.012366,0.011162
TIC_410901394,done,ok,/Users/sandeep/Workspace/Personal/LunaVisionAi/exoplanet_pipeline/data/processed/lc_detrended/TIC_410901394.npz,32970.0,52.168,0.019295,0.006842
TIC_411343008,skipped,already exists,/Users/sandeep/Workspace/Personal/LunaVisionAi/exoplanet_pipeline/data/processed/lc_detrended/TIC_411343008.npz,,,,
TIC_411463659,gated,baseline -1.1d < 13.5d,,,,,
TIC_411930845,skipped,already exists,/Users/sandeep/Workspace/Personal/LunaVisionAi/exoplanet_pipeline/data/processed/lc_detrended/TIC_411930845.npz,,,,
TIC_411943564,done,ok,/Users/sandeep/Workspace/Personal/LunaVisionAi/exoplanet_pipeline/data/processed/lc_detrended/TIC_411943564.npz,36064.0,1058.538,0.021122,0.007976
TIC_412257781,done,ok,/Users/sandeep/Workspace/Personal/LunaVisionAi/exoplanet_pipeline/data/processed/lc_detrended/TIC_412257781.npz,33622.0,52.444,0.03432,0.006555
TIC_41227743,skipped,already exists,/Users/sandeep/Workspace/Personal/LunaVisionAi/exoplanet_pipeline/data/processed/lc_detrended/TIC_41227743.npz,,,,
TIC_412485680,skipped,already exists,/Users/sandeep/Workspace/Personal/LunaVisionAi/exoplanet_pipeline/data/processed/lc_detrended/TIC_412485680.npz,,,,
TIC_412961700,skipped,already exists,/Users/sandeep/Workspace/Personal/LunaVisionAi/exoplanet_pipeline/data/processed/lc_detrended/TIC_412961700.npz,,,,
TIC_41330864,skipped,already exists,/Users/sandeep/Workspace/Personal/LunaVisionAi/exoplanet_pipeline/data/processed/lc_detrended/TIC_41330864.npz,,,,
TIC_413372087,done,ok,/Users/sandeep/Workspace/Personal/LunaVisionAi/exoplanet_pipeline/data/processed/lc_detrended/TIC_413372087.npz,36271.0,730.262,0.012045,0.007512
TIC_41422753,done,ok,/Users/sandeep/Workspace/Personal/LunaVisionAi/exoplanet_pipeline/data/processed/lc_detrended/TIC_41422753.npz,32264.0,54.618,0.054312,0.007406
TIC_415741431,skipped,already exists,/Users/sandeep/Workspace/Personal/LunaVisionAi/exoplanet_pipeline/data/processed/lc_detrended/TIC_415741431.npz,,,,
TIC_415969574,skipped,already exists,/Users/sandeep/Workspace/Personal/LunaVisionAi/exoplanet_pipeline/data/processed/lc_detrended/TIC_415969574.npz,,,,
TIC_416117806,skipped,already exists,/Users/sandeep/Workspace/Personal/LunaVisionAi/exoplanet_pipeline/data/processed/lc_detrended/TIC_416117806.npz,,,,
TIC_416265126,done,ok,/Users/sandeep/Workspace/Personal/LunaVisionAi/exoplanet_pipeline/data/processed/lc_detrended/TIC_416265126.npz,33898.0,54.618,0.014716,0.012818
TIC_416282268,done,ok,/Users/sandeep/Workspace/Personal/LunaVisionAi/exoplanet_pipeline/data/processed/lc_detrended/TIC_416282268.npz,31435.0,595.569,0.02717,0.016797
TIC_416486384,done,ok,/Users/sandeep/Workspace/Personal/LunaVisionAi/exoplanet_pipeline/data/processed/lc_detrended/TIC_416486384.npz,38498.0,54.992,0.019473,0.008881
TIC_416539317,skipped,already exists,/Users/sandeep/Workspace/Personal/LunaVisionAi/exoplanet_pipeline/data/processed/lc_detrended/TIC_416539317.npz,,,,
TIC_4165850,skipped,already exists,/Users/sandeep/Workspace/Personal/LunaVisionAi/exoplanet_pipeline/data/processed/lc_detrended/TIC_4165850.npz,,,,
TIC_416624606,skipped,already exists,/Users/sandeep/Workspace/Personal/LunaVisionAi/exoplanet_pipeline/data/processed/lc_detrended/TIC_416624606.npz,,,,
TIC_417047499,skipped,already exists,/Users/sandeep/Workspace/Personal/LunaVisionAi/exoplanet_pipeline/data/processed/lc_detrended/TIC_417047499.npz,,,,
TIC_417655835,gated,robust rms 0.0551 > 0.02,,,,,
TIC_417676802,done,ok,/Users/sandeep/Workspace/Personal/LunaVisionAi/exoplanet_pipeline/data/processed/lc_detrended/TIC_417676802.npz,33528.0,54.618,0.022989,0.015088
TIC_417705690,skipped,already exists,/Users/sandeep/Workspace/Personal/LunaVisionAi/exoplanet_pipeline/data/processed/lc_detrended/TIC_417705690.npz,,,,
TIC_417844678,done,ok,/Users/sandeep/Workspace/Personal/LunaVisionAi/exoplanet_pipeline/data/processed/lc_detrended/TIC_417844678.npz,26403.0,750.368,0.024508,0.008571
TIC_417931300,skipped,already exists,/Users/sandeep/Workspace/Personal/LunaVisionAi/exoplanet_pipeline/data/processed/lc_detrended/TIC_417931300.npz,,,,
TIC_417931607,skipped,already exists,/Users/sandeep/Workspace/Personal/LunaVisionAi/exoplanet_pipeline/data/processed/lc_detrended/TIC_417931607.npz,,,,
TIC_418133917,done,ok,/Users/sandeep/Workspace/Personal/LunaVisionAi/exoplanet_pipeline/data/processed/lc_detrended/TIC_418133917.npz,37057.0,56.693,0.038129,0.004899
TIC_418604868,skipped,already exists,/Users/sandeep/Workspace/Personal/LunaVisionAi/exoplanet_pipeline/data/processed/lc_detrended/TIC_418604868.npz,,,,
TIC_418761354,skipped,already exists,/Users/sandeep/Workspace/Personal/LunaVisionAi/exoplanet_pipeline/data/processed/lc_detrended/TIC_418761354.npz,,,,
TIC_418959198,skipped,already exists,/Users/sandeep/Workspace/Personal/LunaVisionAi/exoplanet_pipeline/data/processed/lc_detrended/TIC_418959198.npz,,,,
TIC_418971787,done,ok,/Users/sandeep/Workspace/Personal/LunaVisionAi/exoplanet_pipeline/data/processed/lc_detrended/TIC_418971787.npz,18262.0,27.771,0.009429,0.009318
TIC_419858461,gated,robust rms 0.0293 > 0.02,,,,,
TIC_419957314,done,ok,/Users/sandeep/Workspace/Personal/LunaVisionAi/exoplanet_pipeline/data/processed/lc_detrended/TIC_419957314.npz,29501.0,52.19,0.00811,0.0075
TIC_420108587,skipped,already exists,/Users/sandeep/Workspace/Personal/LunaVisionAi/exoplanet_pipeline/data/processed/lc_detrended/TIC_420108587.npz,,,,
TIC_420112587,done,ok,/Users/sandeep/Workspace/Personal/LunaVisionAi/exoplanet_pipeline/data/processed/lc_detrended/TIC_420112587.npz,34013.0,52.417,0.008734,0.006597
TIC_420112589,done,ok,/Users/sandeep/Workspace/Personal/LunaVisionAi/exoplanet_pipeline/data/processed/lc_detrended/TIC_420112589.npz,34011.0,52.424,0.00694,0.005422
TIC_420202798,skipped,already exists,/Users/sandeep/Workspace/Personal/LunaVisionAi/exoplanet_pipeline/data/processed/lc_detrended/TIC_420202798.npz,,,,
TIC_42054565,skipped,already exists,/Users/sandeep/Workspace/Personal/LunaVisionAi/exoplanet_pipeline/data/processed/lc_detrended/TIC_42054565.npz,,,,
TIC_420779000,skipped,already exists,/Users/sandeep/Workspace/Personal/LunaVisionAi/exoplanet_pipeline/data/processed/lc_detrended/TIC_420779000.npz,,,,
TIC_420803693,skipped,already exists,/Users/sandeep/Workspace/Personal/LunaVisionAi/exoplanet_pipeline/data/processed/lc_detrended/TIC_420803693.npz,,,,
TIC_421005422,skipped,already exists,/Users/sandeep/Workspace/Personal/LunaVisionAi/exoplanet_pipeline/data/processed/lc_detrended/TIC_421005422.npz,,,,
TIC_421056636,done,ok,/Users/sandeep/Workspace/Personal/LunaVisionAi/exoplanet_pipeline/data/processed/lc_detrended/TIC_421056636.npz,31987.0,320.901,0.28662,0.015763
TIC_42123111,skipped,already exists,/Users/sandeep/Workspace/Personal/LunaVisionAi/exoplanet_pipeline/data/processed/lc_detrended/TIC_42123111.npz,,,,
TIC_421308357,skipped,already exists,/Users/sandeep/Workspace/Personal/LunaVisionAi/exoplanet_pipeline/data/processed/lc_detrended/TIC_421308357.npz,,,,
TIC_422159302,skipped,already exists,/Users/sandeep/Workspace/Personal/LunaVisionAi/exoplanet_pipeline/data/processed/lc_detrended/TIC_422159302.npz,,,,
TIC_422217860,skipped,already exists,/Users/sandeep/Workspace/Personal/LunaVisionAi/exoplanet_pipeline/data/processed/lc_detrended/TIC_422217860.npz,,,,
TIC_422349422,done,ok,/Users/sandeep/Workspace/Personal/LunaVisionAi/exoplanet_pipeline/data/processed/lc_detrended/TIC_422349422.npz,80336.0,23.753,0.005573,0.005342
TIC_422423972,skipped,already exists,/Users/sandeep/Workspace/Personal/LunaVisionAi/exoplanet_pipeline/data/processed/lc_detrended/TIC_422423972.npz,,,,
TIC_422487869,done,ok,/Users/sandeep/Workspace/Personal/LunaVisionAi/exoplanet_pipeline/data/processed/lc_detrended/TIC_422487869.npz,25182.0,785.098,0.034288,0.014561
TIC_422653398,skipped,already exists,/Users/sandeep/Workspace/Personal/LunaVisionAi/exoplanet_pipeline/data/processed/lc_detrended/TIC_422653398.npz,,,,
TIC_422656370,skipped,already exists,/Users/sandeep/Workspace/Personal/LunaVisionAi/exoplanet_pipeline/data/processed/lc_detrended/TIC_422656370.npz,,,,
TIC_422838133,skipped,already exists,/Users/sandeep/Workspace/Personal/LunaVisionAi/exoplanet_pipeline/data/processed/lc_detrended/TIC_422838133.npz,,,,
TIC_422914082,skipped,already exists,/Users/sandeep/Workspace/Personal/LunaVisionAi/exoplanet_pipeline/data/processed/lc_detrended/TIC_422914082.npz,,,,
TIC_423610130,done,ok,/Users/sandeep/Workspace/Personal/LunaVisionAi/exoplanet_pipeline/data/processed/lc_detrended/TIC_423610130.npz,26347.0,1380.352,0.021151,0.012719
TIC_423903685,done,ok,/Users/sandeep/Workspace/Personal/LunaVisionAi/exoplanet_pipeline/data/processed/lc_detrended/TIC_423903685.npz,35468.0,50.982,0.016727,0.005308
TIC_424196109,gated,robust rms 0.0238 > 0.02,,,,,
TIC_424391516,skipped,already exists,/Users/sandeep/Workspace/Personal/LunaVisionAi/exoplanet_pipeline/data/processed/lc_detrended/TIC_424391516.npz,,,,
TIC_424435940,skipped,already exists,/Users/sandeep/Workspace/Personal/LunaVisionAi/exoplanet_pipeline/data/processed/lc_detrended/TIC_424435940.npz,,,,
TIC_424699834,done,ok,/Users/sandeep/Workspace/Personal/LunaVisionAi/exoplanet_pipeline/data/processed/lc_detrended/TIC_424699834.npz,35885.0,56.856,0.040401,0.00574
TIC_424815179,done,ok,/Users/sandeep/Workspace/Personal/LunaVisionAi/exoplanet_pipeline/data/processed/lc_detrended/TIC_424815179.npz,33360.0,52.693,0.024991,0.019364
TIC_424815791,done,ok,/Users/sandeep/Workspace/Personal/LunaVisionAi/exoplanet_pipeline/data/processed/lc_detrended/TIC_424815791.npz,33800.0,54.618,0.030884,0.005506
TIC_425206121,skipped,already exists,/Users/sandeep/Workspace/Personal/LunaVisionAi/exoplanet_pipeline/data/processed/lc_detrended/TIC_425206121.npz,,,,
TIC_426017070,gated,robust rms 0.0714 > 0.02,,,,,
TIC_426077080,skipped,already exists,/Users/sandeep/Workspace/Personal/LunaVisionAi/exoplanet_pipeline/data/processed/lc_detrended/TIC_426077080.npz,,,,
TIC_426904354,done,ok,/Users/sandeep/Workspace/Personal/LunaVisionAi/exoplanet_pipeline/data/processed/lc_detrended/TIC_426904354.npz,31897.0,268.908,0.063589,0.013069
TIC_427348923,skipped,already exists,/Users/sandeep/Workspace/Personal/LunaVisionAi/exoplanet_pipeline/data/processed/lc_detrended/TIC_427348923.npz,,,,
TIC_427352241,skipped,already exists,/Users/sandeep/Workspace/Personal/LunaVisionAi/exoplanet_pipeline/data/processed/lc_detrended/TIC_427352241.npz,,,,
TIC_42755801,skipped,already exists,/Users/sandeep/Workspace/Personal/LunaVisionAi/exoplanet_pipeline/data/processed/lc_detrended/TIC_42755801.npz,,,,
TIC_42763678,skipped,already exists,/Users/sandeep/Workspace/Personal/LunaVisionAi/exoplanet_pipeline/data/processed/lc_detrended/TIC_42763678.npz,,,,
TIC_427654774,done,ok,/Users/sandeep/Workspace/Personal/LunaVisionAi/exoplanet_pipeline/data/processed/lc_detrended/TIC_427654774.npz,26944.0,49.613,0.026616,0.017814
TIC_427765233,skipped,already exists,/Users/sandeep/Workspace/Personal/LunaVisionAi/exoplanet_pipeline/data/processed/lc_detrended/TIC_427765233.npz,,,,
TIC_427866520,skipped,already exists,/Users/sandeep/Workspace/Personal/LunaVisionAi/exoplanet_pipeline/data/processed/lc_detrended/TIC_427866520.npz,,,,
TIC_428003305,done,ok,/Users/sandeep/Workspace/Personal/LunaVisionAi/exoplanet_pipeline/data/processed/lc_detrended/TIC_428003305.npz,32021.0,756.985,0.024827,0.005342
TIC_42821097,done,ok,/Users/sandeep/Workspace/Personal/LunaVisionAi/exoplanet_pipeline/data/processed/lc_detrended/TIC_42821097.npz,119163.0,759.301,0.018137,0.017822
TIC_428251130,skipped,already exists,/Users/sandeep/Workspace/Personal/LunaVisionAi/exoplanet_pipeline/data/processed/lc_detrended/TIC_428251130.npz,,,,
TIC_428685938,done,ok,/Users/sandeep/Workspace/Personal/LunaVisionAi/exoplanet_pipeline/data/processed/lc_detrended/TIC_428685938.npz,16017.0,24.277,0.017324,0.01637
TIC_428820090,skipped,already exists,/Users/sandeep/Workspace/Personal/LunaVisionAi/exoplanet_pipeline/data/processed/lc_detrended/TIC_428820090.npz,,,,
TIC_428892437,done,ok,/Users/sandeep/Workspace/Personal/LunaVisionAi/exoplanet_pipeline/data/processed/lc_detrended/TIC_428892437.npz,34057.0,352.422,0.012802,0.009482
TIC_429358906,skipped,already exists,/Users/sandeep/Workspace/Personal/LunaVisionAi/exoplanet_pipeline/data/processed/lc_detrended/TIC_429358906.npz,,,,
TIC_4294779,gated,robust rms 0.0802 > 0.02,,,,,
TIC_429501231,skipped,already exists,/Users/sandeep/Workspace/Personal/LunaVisionAi/exoplanet_pipeline/data/processed/lc_detrended/TIC_429501231.npz,,,,
TIC_429791387,done,ok,/Users/sandeep/Workspace/Personal/LunaVisionAi/exoplanet_pipeline/data/processed/lc_detrended/TIC_429791387.npz,137040.0,27.89,0.016725,0.005683
TIC_430093142,done,ok,/Users/sandeep/Workspace/Personal/LunaVisionAi/exoplanet_pipeline/data/processed/lc_detrended/TIC_430093142.npz,29965.0,50.256,0.015037,0.00609
TIC_430431091,done,ok,/Users/sandeep/Workspace/Personal/LunaVisionAi/exoplanet_pipeline/data/processed/lc_detrended/TIC_430431091.npz,31889.0,55.85,0.014587,0.011329
TIC_43064903,done,ok,/Users/sandeep/Workspace/Personal/LunaVisionAi/exoplanet_pipeline/data/processed/lc_detrended/TIC_43064903.npz,31533.0,735.214,0.041792,0.007428
TIC_431016234,skipped,already exists,/Users/sandeep/Workspace/Personal/LunaVisionAi/exoplanet_pipeline/data/processed/lc_detrended/TIC_431016234.npz,,,,
TIC_431899140,skipped,already exists,/Users/sandeep/Workspace/Personal/LunaVisionAi/exoplanet_pipeline/data/processed/lc_detrended/TIC_431899140.npz,,,,
TIC_431999925,gated,robust rms 0.0288 > 0.02,,,,,
TIC_432008938,done,ok,/Users/sandeep/Workspace/Personal/LunaVisionAi/exoplanet_pipeline/data/processed/lc_detrended/TIC_432008938.npz,29181.0,50.368,0.016725,0.015257
TIC_432247186,skipped,already exists,/Users/sandeep/Workspace/Personal/LunaVisionAi/exoplanet_pipeline/data/processed/lc_detrended/TIC_432247186.npz,,,,
TIC_432247315,done,ok,/Users/sandeep/Workspace/Personal/LunaVisionAi/exoplanet_pipeline/data/processed/lc_detrended/TIC_432247315.npz,85923.0,24.269,0.009599,0.006786
TIC_432261603,skipped,already exists,/Users/sandeep/Workspace/Personal/LunaVisionAi/exoplanet_pipeline/data/processed/lc_detrended/TIC_432261603.npz,,,,
TIC_432549364,done,ok,/Users/sandeep/Workspace/Personal/LunaVisionAi/exoplanet_pipeline/data/processed/lc_detrended/TIC_432549364.npz,120651.0,1117.43,0.003299,0.003058
TIC_433140046,skipped,already exists,/Users/sandeep/Workspace/Personal/LunaVisionAi/exoplanet_pipeline/data/processed/lc_detrended/TIC_433140046.npz,,,,
TIC_43333094,done,ok,/Users/sandeep/Workspace/Personal/LunaVisionAi/exoplanet_pipeline/data/processed/lc_detrended/TIC_43333094.npz,12722.0,27.135,0.010066,0.009047
TIC_433546897,skipped,already exists,/Users/sandeep/Workspace/Personal/LunaVisionAi/exoplanet_pipeline/data/processed/lc_detrended/TIC_433546897.npz,,,,
TIC_434105094,done,ok,/Users/sandeep/Workspace/Personal/LunaVisionAi/exoplanet_pipeline/data/processed/lc_detrended/TIC_434105094.npz,33041.0,758.428,0.085705,0.020524
TIC_434110695,skipped,already exists,/Users/sandeep/Workspace/Personal/LunaVisionAi/exoplanet_pipeline/data/processed/lc_detrended/TIC_434110695.npz,,,,
TIC_434171145,skipped,already exists,/Users/sandeep/Workspace/Personal/LunaVisionAi/exoplanet_pipeline/data/processed/lc_detrended/TIC_434171145.npz,,,,
TIC_434234955,skipped,already exists,/Users/sandeep/Workspace/Personal/LunaVisionAi/exoplanet_pipeline/data/processed/lc_detrended/TIC_434234955.npz,,,,
TIC_434452008,skipped,already exists,/Users/sandeep/Workspace/Personal/LunaVisionAi/exoplanet_pipeline/data/processed/lc_detrended/TIC_434452008.npz,,,,
TIC_434496663,skipped,already exists,/Users/sandeep/Workspace/Personal/LunaVisionAi/exoplanet_pipeline/data/processed/lc_detrended/TIC_434496663.npz,,,,
TIC_434813314,skipped,already exists,/Users/sandeep/Workspace/Personal/LunaVisionAi/exoplanet_pipeline/data/processed/lc_detrended/TIC_434813314.npz,,,,
TIC_435339847,skipped,already exists,/Users/sandeep/Workspace/Personal/LunaVisionAi/exoplanet_pipeline/data/processed/lc_detrended/TIC_435339847.npz,,,,
TIC_435830255,gated,robust rms 0.0308 > 0.02,,,,,
TIC_435878153,skipped,already exists,/Users/sandeep/Workspace/Personal/LunaVisionAi/exoplanet_pipeline/data/processed/lc_detrended/TIC_435878153.npz,,,,
TIC_436007113,done,ok,/Users/sandeep/Workspace/Personal/LunaVisionAi/exoplanet_pipeline/data/processed/lc_detrended/TIC_436007113.npz,31545.0,52.693,0.055223,0.005818
TIC_436166416,skipped,already exists,/Users/sandeep/Workspace/Personal/LunaVisionAi/exoplanet_pipeline/data/processed/lc_detrended/TIC_436166416.npz,,,,
TIC_436652523,skipped,already exists,/Users/sandeep/Workspace/Personal/LunaVisionAi/exoplanet_pipeline/data/processed/lc_detrended/TIC_436652523.npz,,,,
TIC_436700755,skipped,already exists,/Users/sandeep/Workspace/Personal/LunaVisionAi/exoplanet_pipeline/data/processed/lc_detrended/TIC_436700755.npz,,,,
TIC_436843539,done,ok,/Users/sandeep/Workspace/Personal/LunaVisionAi/exoplanet_pipeline/data/processed/lc_detrended/TIC_436843539.npz,34290.0,350.604,0.093805,0.008307
TIC_437699592,done,ok,/Users/sandeep/Workspace/Personal/LunaVisionAi/exoplanet_pipeline/data/processed/lc_detrended/TIC_437699592.npz,105138.0,1380.548,0.010592,0.009475
TIC_437736517,skipped,already exists,/Users/sandeep/Workspace/Personal/LunaVisionAi/exoplanet_pipeline/data/processed/lc_detrended/TIC_437736517.npz,,,,
TIC_437740083,skipped,already exists,/Users/sandeep/Workspace/Personal/LunaVisionAi/exoplanet_pipeline/data/processed/lc_detrended/TIC_437740083.npz,,,,
TIC_437893926,skipped,already exists,/Users/sandeep/Workspace/Personal/LunaVisionAi/exoplanet_pipeline/data/processed/lc_detrended/TIC_437893926.npz,,,,
TIC_438295981,skipped,already exists,/Users/sandeep/Workspace/Personal/LunaVisionAi/exoplanet_pipeline/data/processed/lc_detrended/TIC_438295981.npz,,,,
TIC_438702139,skipped,already exists,/Users/sandeep/Workspace/Personal/LunaVisionAi/exoplanet_pipeline/data/processed/lc_detrended/TIC_438702139.npz,,,,
TIC_438777551,done,ok,/Users/sandeep/Workspace/Personal/LunaVisionAi/exoplanet_pipeline/data/processed/lc_detrended/TIC_438777551.npz,35968.0,53.424,0.027551,0.009125
TIC_439403362,skipped,already exists,/Users/sandeep/Workspace/Personal/LunaVisionAi/exoplanet_pipeline/data/processed/lc_detrended/TIC_439403362.npz,,,,
TIC_439456714,skipped,already exists,/Users/sandeep/Workspace/Personal/LunaVisionAi/exoplanet_pipeline/data/processed/lc_detrended/TIC_439456714.npz,,,,
TIC_439610306,skipped,already exists,/Users/sandeep/Workspace/Personal/LunaVisionAi/exoplanet_pipeline/data/processed/lc_detrended/TIC_439610306.npz,,,,
TIC_439943973,skipped,already exists,/Users/sandeep/Workspace/Personal/LunaVisionAi/exoplanet_pipeline/data/processed/lc_detrended/TIC_439943973.npz,,,,
TIC_440113053,done,ok,/Users/sandeep/Workspace/Personal/LunaVisionAi/exoplanet_pipeline/data/processed/lc_detrended/TIC_440113053.npz,117118.0,756.986,0.040758,0.012169
TIC_440636649,skipped,already exists,/Users/sandeep/Workspace/Personal/LunaVisionAi/exoplanet_pipeline/data/processed/lc_detrended/TIC_440636649.npz,,,,
TIC_440801822,skipped,already exists,/Users/sandeep/Workspace/Personal/LunaVisionAi/exoplanet_pipeline/data/processed/lc_detrended/TIC_440801822.npz,,,,
TIC_441075486,skipped,already exists,/Users/sandeep/Workspace/Personal/LunaVisionAi/exoplanet_pipeline/data/processed/lc_detrended/TIC_441075486.npz,,,,
TIC_441334829,skipped,already exists,/Users/sandeep/Workspace/Personal/LunaVisionAi/exoplanet_pipeline/data/processed/lc_detrended/TIC_441334829.npz,,,,
TIC_441546821,skipped,already exists,/Users/sandeep/Workspace/Personal/LunaVisionAi/exoplanet_pipeline/data/processed/lc_detrended/TIC_441546821.npz,,,,
TIC_441587756,skipped,already exists,/Users/sandeep/Workspace/Personal/LunaVisionAi/exoplanet_pipeline/data/processed/lc_detrended/TIC_441587756.npz,,,,
TIC_441589581,skipped,already exists,/Users/sandeep/Workspace/Personal/LunaVisionAi/exoplanet_pipeline/data/processed/lc_detrended/TIC_441589581.npz,,,,
TIC_441732151,skipped,already exists,/Users/sandeep/Workspace/Personal/LunaVisionAi/exoplanet_pipeline/data/processed/lc_detrended/TIC_441732151.npz,,,,
TIC_441739871,done,ok,/Users/sandeep/Workspace/Personal/LunaVisionAi/exoplanet_pipeline/data/processed/lc_detrended/TIC_441739871.npz,35820.0,54.056,0.011892,0.006009
TIC_441797394,skipped,already exists,/Users/sandeep/Workspace/Personal/LunaVisionAi/exoplanet_pipeline/data/processed/lc_detrended/TIC_441797394.npz,,,,
TIC_441804533,skipped,already exists,/Users/sandeep/Workspace/Personal/LunaVisionAi/exoplanet_pipeline/data/processed/lc_detrended/TIC_441804533.npz,,,,
TIC_443658196,skipped,already exists,/Users/sandeep/Workspace/Personal/LunaVisionAi/exoplanet_pipeline/data/processed/lc_detrended/TIC_443658196.npz,,,,
TIC_444037742,done,ok,/Users/sandeep/Workspace/Personal/LunaVisionAi/exoplanet_pipeline/data/processed/lc_detrended/TIC_444037742.npz,31552.0,50.258,0.027285,0.006741
TIC_444394183,done,ok,/Users/sandeep/Workspace/Personal/LunaVisionAi/exoplanet_pipeline/data/processed/lc_detrended/TIC_444394183.npz,37632.0,760.708,0.023182,0.008428
TIC_444415148,skipped,already exists,/Users/sandeep/Workspace/Personal/LunaVisionAi/exoplanet_pipeline/data/processed/lc_detrended/TIC_444415148.npz,,,,
TIC_445064836,done,ok,/Users/sandeep/Workspace/Personal/LunaVisionAi/exoplanet_pipeline/data/processed/lc_detrended/TIC_445064836.npz,116213.0,764.438,0.006445,0.005773
TIC_445137888,skipped,already exists,/Users/sandeep/Workspace/Personal/LunaVisionAi/exoplanet_pipeline/data/processed/lc_detrended/TIC_445137888.npz,,,,
TIC_445496795,skipped,already exists,/Users/sandeep/Workspace/Personal/LunaVisionAi/exoplanet_pipeline/data/processed/lc_detrended/TIC_445496795.npz,,,,
TIC_445586472,skipped,already exists,/Users/sandeep/Workspace/Personal/LunaVisionAi/exoplanet_pipeline/data/processed/lc_detrended/TIC_445586472.npz,,,,
TIC_445822015,skipped,already exists,/Users/sandeep/Workspace/Personal/LunaVisionAi/exoplanet_pipeline/data/processed/lc_detrended/TIC_445822015.npz,,,,
TIC_446157122,skipped,already exists,/Users/sandeep/Workspace/Personal/LunaVisionAi/exoplanet_pipeline/data/processed/lc_detrended/TIC_446157122.npz,,,,
TIC_446370039,skipped,already exists,/Users/sandeep/Workspace/Personal/LunaVisionAi/exoplanet_pipeline/data/processed/lc_detrended/TIC_446370039.npz,,,,
TIC_446463666,done,ok,/Users/sandeep/Workspace/Personal/LunaVisionAi/exoplanet_pipeline/data/processed/lc_detrended/TIC_446463666.npz,37582.0,760.638,0.053933,0.010977
TIC_446549905,skipped,already exists,/Users/sandeep/Workspace/Personal/LunaVisionAi/exoplanet_pipeline/data/processed/lc_detrended/TIC_446549905.npz,,,,
TIC_446616059,skipped,already exists,/Users/sandeep/Workspace/Personal/LunaVisionAi/exoplanet_pipeline/data/processed/lc_detrended/TIC_446616059.npz,,,,
TIC_447206604,skipped,already exists,/Users/sandeep/Workspace/Personal/LunaVisionAi/exoplanet_pipeline/data/processed/lc_detrended/TIC_447206604.npz,,,,
TIC_44737596,done,ok,/Users/sandeep/Workspace/Personal/LunaVisionAi/exoplanet_pipeline/data/processed/lc_detrended/TIC_44737596.npz,31631.0,52.755,0.013407,0.012968
TIC_44745077,done,ok,/Users/sandeep/Workspace/Personal/LunaVisionAi/exoplanet_pipeline/data/processed/lc_detrended/TIC_44745077.npz,31665.0,52.751,0.007297,0.007195
TIC_44764338,skipped,already exists,/Users/sandeep/Workspace/Personal/LunaVisionAi/exoplanet_pipeline/data/processed/lc_detrended/TIC_44764338.npz,,,,
TIC_44792534,skipped,already exists,/Users/sandeep/Workspace/Personal/LunaVisionAi/exoplanet_pipeline/data/processed/lc_detrended/TIC_44792534.npz,,,,
TIC_448098793,skipped,already exists,/Users/sandeep/Workspace/Personal/LunaVisionAi/exoplanet_pipeline/data/processed/lc_detrended/TIC_448098793.npz,,,,
TIC_448435566,skipped,already exists,/Users/sandeep/Workspace/Personal/LunaVisionAi/exoplanet_pipeline/data/processed/lc_detrended/TIC_448435566.npz,,,,
TIC_449257028,skipped,already exists,/Users/sandeep/Workspace/Personal/LunaVisionAi/exoplanet_pipeline/data/processed/lc_detrended/TIC_449257028.npz,,,,
TIC_449491381,done,ok,/Users/sandeep/Workspace/Personal/LunaVisionAi/exoplanet_pipeline/data/processed/lc_detrended/TIC_449491381.npz,35523.0,53.417,0.007356,0.006417
TIC_450308346,done,ok,/Users/sandeep/Workspace/Personal/LunaVisionAi/exoplanet_pipeline/data/processed/lc_detrended/TIC_450308346.npz,21043.0,377.027,0.015231,0.010309
TIC_450327768,skipped,already exists,/Users/sandeep/Workspace/Personal/LunaVisionAi/exoplanet_pipeline/data/processed/lc_detrended/TIC_450327768.npz,,,,
TIC_450545735,skipped,already exists,/Users/sandeep/Workspace/Personal/LunaVisionAi/exoplanet_pipeline/data/processed/lc_detrended/TIC_450545735.npz,,,,
TIC_451084885,done,ok,/Users/sandeep/Workspace/Personal/LunaVisionAi/exoplanet_pipeline/data/processed/lc_detrended/TIC_451084885.npz,37210.0,53.663,0.017972,0.014946
TIC_451599528,skipped,already exists,/Users/sandeep/Workspace/Personal/LunaVisionAi/exoplanet_pipeline/data/processed/lc_detrended/TIC_451599528.npz,,,,
TIC_452006073,skipped,already exists,/Users/sandeep/Workspace/Personal/LunaVisionAi/exoplanet_pipeline/data/processed/lc_detrended/TIC_452006073.npz,,,,
TIC_453009027,skipped,already exists,/Users/sandeep/Workspace/Personal/LunaVisionAi/exoplanet_pipeline/data/processed/lc_detrended/TIC_453009027.npz,,,,
TIC_453211454,skipped,already exists,/Users/sandeep/Workspace/Personal/LunaVisionAi/exoplanet_pipeline/data/processed/lc_detrended/TIC_453211454.npz,,,,
TIC_453230066,skipped,already exists,/Users/sandeep/Workspace/Personal/LunaVisionAi/exoplanet_pipeline/data/processed/lc_detrended/TIC_453230066.npz,,,,
TIC_453677947,skipped,already exists,/Users/sandeep/Workspace/Personal/LunaVisionAi/exoplanet_pipeline/data/processed/lc_detrended/TIC_453677947.npz,,,,
TIC_45368525,done,ok,/Users/sandeep/Workspace/Personal/LunaVisionAi/exoplanet_pipeline/data/processed/lc_detrended/TIC_45368525.npz,29877.0,50.18,0.018254,0.008233
TIC_454361389,done,ok,/Users/sandeep/Workspace/Personal/LunaVisionAi/exoplanet_pipeline/data/processed/lc_detrended/TIC_454361389.npz,37775.0,54.585,0.142839,0.006566
TIC_45492609,skipped,already exists,/Users/sandeep/Workspace/Personal/LunaVisionAi/exoplanet_pipeline/data/processed/lc_detrended/TIC_45492609.npz,,,,
TIC_455096220,skipped,already exists,/Users/sandeep/Workspace/Personal/LunaVisionAi/exoplanet_pipeline/data/processed/lc_detrended/TIC_455096220.npz,,,,
TIC_455235218,skipped,already exists,/Users/sandeep/Workspace/Personal/LunaVisionAi/exoplanet_pipeline/data/processed/lc_detrended/TIC_455235218.npz,,,,
TIC_456042145,done,ok,/Users/sandeep/Workspace/Personal/LunaVisionAi/exoplanet_pipeline/data/processed/lc_detrended/TIC_456042145.npz,25549.0,56.836,0.04123,0.011384
TIC_45684223,done,ok,/Users/sandeep/Workspace/Personal/LunaVisionAi/exoplanet_pipeline/data/processed/lc_detrended/TIC_45684223.npz,39375.0,56.938,0.009718,0.005235
TIC_456863621,skipped,already exists,/Users/sandeep/Workspace/Personal/LunaVisionAi/exoplanet_pipeline/data/processed/lc_detrended/TIC_456863621.npz,,,,
TIC_457138169,skipped,already exists,/Users/sandeep/Workspace/Personal/LunaVisionAi/exoplanet_pipeline/data/processed/lc_detrended/TIC_457138169.npz,,,,
TIC_457649900,skipped,already exists,/Users/sandeep/Workspace/Personal/LunaVisionAi/exoplanet_pipeline/data/processed/lc_detrended/TIC_457649900.npz,,,,
TIC_457695809,skipped,already exists,/Users/sandeep/Workspace/Personal/LunaVisionAi/exoplanet_pipeline/data/processed/lc_detrended/TIC_457695809.npz,,,,
TIC_457743020,done,ok,/Users/sandeep/Workspace/Personal/LunaVisionAi/exoplanet_pipeline/data/processed/lc_detrended/TIC_457743020.npz,37212.0,53.663,0.050179,0.008249
TIC_457939414,skipped,already exists,/Users/sandeep/Workspace/Personal/LunaVisionAi/exoplanet_pipeline/data/processed/lc_detrended/TIC_457939414.npz,,,,
TIC_458027465,skipped,already exists,/Users/sandeep/Workspace/Personal/LunaVisionAi/exoplanet_pipeline/data/processed/lc_detrended/TIC_458027465.npz,,,,
TIC_458350670,skipped,already exists,/Users/sandeep/Workspace/Personal/LunaVisionAi/exoplanet_pipeline/data/processed/lc_detrended/TIC_458350670.npz,,,,
TIC_458494003,skipped,already exists,/Users/sandeep/Workspace/Personal/LunaVisionAi/exoplanet_pipeline/data/processed/lc_detrended/TIC_458494003.npz,,,,
TIC_458856474,skipped,already exists,/Users/sandeep/Workspace/Personal/LunaVisionAi/exoplanet_pipeline/data/processed/lc_detrended/TIC_458856474.npz,,,,
TIC_458857720,skipped,already exists,/Users/sandeep/Workspace/Personal/LunaVisionAi/exoplanet_pipeline/data/processed/lc_detrended/TIC_458857720.npz,,,,
TIC_458876004,skipped,already exists,/Users/sandeep/Workspace/Personal/LunaVisionAi/exoplanet_pipeline/data/processed/lc_detrended/TIC_458876004.npz,,,,
TIC_458890024,skipped,already exists,/Users/sandeep/Workspace/Personal/LunaVisionAi/exoplanet_pipeline/data/processed/lc_detrended/TIC_458890024.npz,,,,
TIC_45896295,done,ok,/Users/sandeep/Workspace/Personal/LunaVisionAi/exoplanet_pipeline/data/processed/lc_detrended/TIC_45896295.npz,34543.0,51.397,0.019656,0.007098
TIC_459102737,skipped,already exists,/Users/sandeep/Workspace/Personal/LunaVisionAi/exoplanet_pipeline/data/processed/lc_detrended/TIC_459102737.npz,,,,
TIC_459217467,skipped,already exists,/Users/sandeep/Workspace/Personal/LunaVisionAi/exoplanet_pipeline/data/processed/lc_detrended/TIC_459217467.npz,,,,
TIC_459735346,skipped,already exists,/Users/sandeep/Workspace/Personal/LunaVisionAi/exoplanet_pipeline/data/processed/lc_detrended/TIC_459735346.npz,,,,
TIC_459903429,skipped,already exists,/Users/sandeep/Workspace/Personal/LunaVisionAi/exoplanet_pipeline/data/processed/lc_detrended/TIC_459903429.npz,,,,
TIC_459942762,skipped,already exists,/Users/sandeep/Workspace/Personal/LunaVisionAi/exoplanet_pipeline/data/processed/lc_detrended/TIC_459942762.npz,,,,
TIC_459952217,skipped,already exists,/Users/sandeep/Workspace/Personal/LunaVisionAi/exoplanet_pipeline/data/processed/lc_detrended/TIC_459952217.npz,,,,
TIC_459969957,skipped,already exists,/Users/sandeep/Workspace/Personal/LunaVisionAi/exoplanet_pipeline/data/processed/lc_detrended/TIC_459969957.npz,,,,
TIC_459978312,skipped,already exists,/Users/sandeep/Workspace/Personal/LunaVisionAi/exoplanet_pipeline/data/processed/lc_detrended/TIC_459978312.npz,,,,
TIC_460205581,skipped,already exists,/Users/sandeep/Workspace/Personal/LunaVisionAi/exoplanet_pipeline/data/processed/lc_detrended/TIC_460205581.npz,,,,
TIC_460984940,skipped,already exists,/Users/sandeep/Workspace/Personal/LunaVisionAi/exoplanet_pipeline/data/processed/lc_detrended/TIC_460984940.npz,,,,
TIC_461271719,skipped,already exists,/Users/sandeep/Workspace/Personal/LunaVisionAi/exoplanet_pipeline/data/processed/lc_detrended/TIC_461271719.npz,,,,
TIC_461538935,skipped,already exists,/Users/sandeep/Workspace/Personal/LunaVisionAi/exoplanet_pipeline/data/processed/lc_detrended/TIC_461538935.npz,,,,
TIC_461662295,skipped,already exists,/Users/sandeep/Workspace/Personal/LunaVisionAi/exoplanet_pipeline/data/processed/lc_detrended/TIC_461662295.npz,,,,
TIC_462162948,skipped,already exists,/Users/sandeep/Workspace/Personal/LunaVisionAi/exoplanet_pipeline/data/processed/lc_detrended/TIC_462162948.npz,,,,
TIC_462162963,skipped,already exists,/Users/sandeep/Workspace/Personal/LunaVisionAi/exoplanet_pipeline/data/processed/lc_detrended/TIC_462162963.npz,,,,
TIC_46307587,done,ok,/Users/sandeep/Workspace/Personal/LunaVisionAi/exoplanet_pipeline/data/processed/lc_detrended/TIC_46307587.npz,31202.0,50.26,0.021185,0.005559
TIC_463203560,skipped,already exists,/Users/sandeep/Workspace/Personal/LunaVisionAi/exoplanet_pipeline/data/processed/lc_detrended/TIC_463203560.npz,,,,
TIC_463343283,done,ok,/Users/sandeep/Workspace/Personal/LunaVisionAi/exoplanet_pipeline/data/processed/lc_detrended/TIC_463343283.npz,37163.0,53.662,0.013999,0.013126
TIC_463754499,done,ok,/Users/sandeep/Workspace/Personal/LunaVisionAi/exoplanet_pipeline/data/processed/lc_detrended/TIC_463754499.npz,37212.0,53.663,0.036054,0.009012
TIC_464067218,skipped,already exists,/Users/sandeep/Workspace/Personal/LunaVisionAi/exoplanet_pipeline/data/processed/lc_detrended/TIC_464067218.npz,,,,
TIC_464328419,done,ok,/Users/sandeep/Workspace/Personal/LunaVisionAi/exoplanet_pipeline/data/processed/lc_detrended/TIC_464328419.npz,37211.0,53.662,0.022208,0.006565
TIC_464542805,skipped,already exists,/Users/sandeep/Workspace/Personal/LunaVisionAi/exoplanet_pipeline/data/processed/lc_detrended/TIC_464542805.npz,,,,
TIC_464544047,done,ok,/Users/sandeep/Workspace/Personal/LunaVisionAi/exoplanet_pipeline/data/processed/lc_detrended/TIC_464544047.npz,19251.0,27.917,0.009636,0.0095
TIC_4646810,skipped,already exists,/Users/sandeep/Workspace/Personal/LunaVisionAi/exoplanet_pipeline/data/processed/lc_detrended/TIC_4646810.npz,,,,
TIC_465540915,skipped,already exists,/Users/sandeep/Workspace/Personal/LunaVisionAi/exoplanet_pipeline/data/processed/lc_detrended/TIC_465540915.npz,,,,
TIC_467211520,skipped,already exists,/Users/sandeep/Workspace/Personal/LunaVisionAi/exoplanet_pipeline/data/processed/lc_detrended/TIC_467211520.npz,,,,
TIC_467265105,done,ok,/Users/sandeep/Workspace/Personal/LunaVisionAi/exoplanet_pipeline/data/processed/lc_detrended/TIC_467265105.npz,37045.0,56.038,0.020203,0.007239
TIC_467281353,skipped,already exists,/Users/sandeep/Workspace/Personal/LunaVisionAi/exoplanet_pipeline/data/processed/lc_detrended/TIC_467281353.npz,,,,
TIC_467690903,skipped,already exists,/Users/sandeep/Workspace/Personal/LunaVisionAi/exoplanet_pipeline/data/processed/lc_detrended/TIC_467690903.npz,,,,
TIC_46772529,skipped,already exists,/Users/sandeep/Workspace/Personal/LunaVisionAi/exoplanet_pipeline/data/processed/lc_detrended/TIC_46772529.npz,,,,
TIC_46807139,done,ok,/Users/sandeep/Workspace/Personal/LunaVisionAi/exoplanet_pipeline/data/processed/lc_detrended/TIC_46807139.npz,36618.0,1031.201,0.024805,0.019327
TIC_468148930,done,ok,/Users/sandeep/Workspace/Personal/LunaVisionAi/exoplanet_pipeline/data/processed/lc_detrended/TIC_468148930.npz,109494.0,405.665,0.011106,0.008728
TIC_468309671,skipped,already exists,/Users/sandeep/Workspace/Personal/LunaVisionAi/exoplanet_pipeline/data/processed/lc_detrended/TIC_468309671.npz,,,,
TIC_468396217,done,ok,/Users/sandeep/Workspace/Personal/LunaVisionAi/exoplanet_pipeline/data/processed/lc_detrended/TIC_468396217.npz,34052.0,50.343,0.029545,0.008131
TIC_468845640,skipped,already exists,/Users/sandeep/Workspace/Personal/LunaVisionAi/exoplanet_pipeline/data/processed/lc_detrended/TIC_468845640.npz,,,,
TIC_468989066,done,ok,/Users/sandeep/Workspace/Personal/LunaVisionAi/exoplanet_pipeline/data/processed/lc_detrended/TIC_468989066.npz,117805.0,25.012,0.019951,0.019183
TIC_469184909,done,ok,/Users/sandeep/Workspace/Personal/LunaVisionAi/exoplanet_pipeline/data/processed/lc_detrended/TIC_469184909.npz,37212.0,53.662,0.053974,0.007631
TIC_469212332,skipped,already exists,/Users/sandeep/Workspace/Personal/LunaVisionAi/exoplanet_pipeline/data/processed/lc_detrended/TIC_469212332.npz,,,,
TIC_469810663,skipped,already exists,/Users/sandeep/Workspace/Personal/LunaVisionAi/exoplanet_pipeline/data/processed/lc_detrended/TIC_469810663.npz,,,,
TIC_469811655,skipped,already exists,/Users/sandeep/Workspace/Personal/LunaVisionAi/exoplanet_pipeline/data/processed/lc_detrended/TIC_469811655.npz,,,,
TIC_470159478,skipped,already exists,/Users/sandeep/Workspace/Personal/LunaVisionAi/exoplanet_pipeline/data/processed/lc_detrended/TIC_470159478.npz,,,,
TIC_470315428,skipped,already exists,/Users/sandeep/Workspace/Personal/LunaVisionAi/exoplanet_pipeline/data/processed/lc_detrended/TIC_470315428.npz,,,,
TIC_470381900,done,ok,/Users/sandeep/Workspace/Personal/LunaVisionAi/exoplanet_pipeline/data/processed/lc_detrended/TIC_470381900.npz,33324.0,1120.602,0.02564,0.016198
TIC_470653603,skipped,already exists,/Users/sandeep/Workspace/Personal/LunaVisionAi/exoplanet_pipeline/data/processed/lc_detrended/TIC_470653603.npz,,,,
TIC_470709084,skipped,already exists,/Users/sandeep/Workspace/Personal/LunaVisionAi/exoplanet_pipeline/data/processed/lc_detrended/TIC_470709084.npz,,,,
TIC_470783598,done,ok,/Users/sandeep/Workspace/Personal/LunaVisionAi/exoplanet_pipeline/data/processed/lc_detrended/TIC_470783598.npz,134256.0,27.718,0.006956,0.006804
TIC_470911286,done,ok,/Users/sandeep/Workspace/Personal/LunaVisionAi/exoplanet_pipeline/data/processed/lc_detrended/TIC_470911286.npz,32135.0,569.986,0.008701,0.005154
TIC_470974162,skipped,already exists,/Users/sandeep/Workspace/Personal/LunaVisionAi/exoplanet_pipeline/data/processed/lc_detrended/TIC_470974162.npz,,,,
TIC_470987100,skipped,already exists,/Users/sandeep/Workspace/Personal/LunaVisionAi/exoplanet_pipeline/data/processed/lc_detrended/TIC_470987100.npz,,,,
TIC_471012766,done,ok,/Users/sandeep/Workspace/Personal/LunaVisionAi/exoplanet_pipeline/data/processed/lc_detrended/TIC_471012766.npz,72923.0,408.87,0.010903,0.007325
TIC_4711,skipped,already exists,/Users/sandeep/Workspace/Personal/LunaVisionAi/exoplanet_pipeline/data/processed/lc_detrended/TIC_4711.npz,,,,
TIC_47143972,done,ok,/Users/sandeep/Workspace/Personal/LunaVisionAi/exoplanet_pipeline/data/processed/lc_detrended/TIC_47143972.npz,31612.0,355.323,0.027306,0.016581
TIC_47244580,skipped,already exists,/Users/sandeep/Workspace/Personal/LunaVisionAi/exoplanet_pipeline/data/processed/lc_detrended/TIC_47244580.npz,,,,
TIC_47316976,skipped,already exists,/Users/sandeep/Workspace/Personal/LunaVisionAi/exoplanet_pipeline/data/processed/lc_detrended/TIC_47316976.npz,,,,
TIC_47484268,skipped,already exists,/Users/sandeep/Workspace/Personal/LunaVisionAi/exoplanet_pipeline/data/processed/lc_detrended/TIC_47484268.npz,,,,
TIC_47587394,skipped,already exists,/Users/sandeep/Workspace/Personal/LunaVisionAi/exoplanet_pipeline/data/processed/lc_detrended/TIC_47587394.npz,,,,
TIC_47617038,skipped,already exists,/Users/sandeep/Workspace/Personal/LunaVisionAi/exoplanet_pipeline/data/processed/lc_detrended/TIC_47617038.npz,,,,
TIC_47617161,skipped,already exists,/Users/sandeep/Workspace/Personal/LunaVisionAi/exoplanet_pipeline/data/processed/lc_detrended/TIC_47617161.npz,,,,
TIC_47667,skipped,already exists,/Users/sandeep/Workspace/Personal/LunaVisionAi/exoplanet_pipeline/data/processed/lc_detrended/TIC_47667.npz,,,,
TIC_47976987,gated,robust rms 0.0243 > 0.02,,,,,
TIC_47977416,gated,robust rms 0.0471 > 0.02,,,,,
TIC_48188920,skipped,already exists,/Users/sandeep/Workspace/Personal/LunaVisionAi/exoplanet_pipeline/data/processed/lc_detrended/TIC_48188920.npz,,,,
TIC_48217265,done,ok,/Users/sandeep/Workspace/Personal/LunaVisionAi/exoplanet_pipeline/data/processed/lc_detrended/TIC_48217265.npz,30074.0,166.555,0.037303,0.005451
TIC_48276576,done,ok,/Users/sandeep/Workspace/Personal/LunaVisionAi/exoplanet_pipeline/data/processed/lc_detrended/TIC_48276576.npz,35916.0,757.127,0.010757,0.009679
TIC_48305629,done,ok,/Users/sandeep/Workspace/Personal/LunaVisionAi/exoplanet_pipeline/data/processed/lc_detrended/TIC_48305629.npz,32586.0,54.618,0.024451,0.007009
TIC_48419201,skipped,already exists,/Users/sandeep/Workspace/Personal/LunaVisionAi/exoplanet_pipeline/data/processed/lc_detrended/TIC_48419201.npz,,,,
TIC_48448415,done,ok,/Users/sandeep/Workspace/Personal/LunaVisionAi/exoplanet_pipeline/data/processed/lc_detrended/TIC_48448415.npz,37931.0,55.925,0.02131,0.007536
TIC_48450382,done,ok,/Users/sandeep/Workspace/Personal/LunaVisionAi/exoplanet_pipeline/data/processed/lc_detrended/TIC_48450382.npz,27625.0,53.288,0.015227,0.014811
TIC_48451491,gated,robust rms 0.0269 > 0.02,,,,,
TIC_48476907,skipped,already exists,/Users/sandeep/Workspace/Personal/LunaVisionAi/exoplanet_pipeline/data/processed/lc_detrended/TIC_48476907.npz,,,,
TIC_49043968,skipped,already exists,/Users/sandeep/Workspace/Personal/LunaVisionAi/exoplanet_pipeline/data/processed/lc_detrended/TIC_49043968.npz,,,,
TIC_49512708,skipped,already exists,/Users/sandeep/Workspace/Personal/LunaVisionAi/exoplanet_pipeline/data/processed/lc_detrended/TIC_49512708.npz,,,,
TIC_49679172,done,ok,/Users/sandeep/Workspace/Personal/LunaVisionAi/exoplanet_pipeline/data/processed/lc_detrended/TIC_49679172.npz,24727.0,1380.475,0.016635,0.005833
TIC_49705089,skipped,already exists,/Users/sandeep/Workspace/Personal/LunaVisionAi/exoplanet_pipeline/data/processed/lc_detrended/TIC_49705089.npz,,,,
TIC_49735922,skipped,already exists,/Users/sandeep/Workspace/Personal/LunaVisionAi/exoplanet_pipeline/data/processed/lc_detrended/TIC_49735922.npz,,,,
TIC_49967354,skipped,already exists,/Users/sandeep/Workspace/Personal/LunaVisionAi/exoplanet_pipeline/data/processed/lc_detrended/TIC_49967354.npz,,,,
TIC_50171060,skipped,already exists,/Users/sandeep/Workspace/Personal/LunaVisionAi/exoplanet_pipeline/data/processed/lc_detrended/TIC_50171060.npz,,,,
TIC_50183101,skipped,already exists,/Users/sandeep/Workspace/Personal/LunaVisionAi/exoplanet_pipeline/data/processed/lc_detrended/TIC_50183101.npz,,,,
TIC_50365310,skipped,already exists,/Users/sandeep/Workspace/Personal/LunaVisionAi/exoplanet_pipeline/data/processed/lc_detrended/TIC_50365310.npz,,,,
TIC_50618703,skipped,already exists,/Users/sandeep/Workspace/Personal/LunaVisionAi/exoplanet_pipeline/data/processed/lc_detrended/TIC_50618703.npz,,,,
TIC_50751260,done,ok,/Users/sandeep/Workspace/Personal/LunaVisionAi/exoplanet_pipeline/data/processed/lc_detrended/TIC_50751260.npz,32188.0,752.908,0.006216,0.005619
TIC_51024887,gated,robust rms 0.0450 > 0.02,,,,,
TIC_5109298,skipped,already exists,/Users/sandeep/Workspace/Personal/LunaVisionAi/exoplanet_pipeline/data/processed/lc_detrended/TIC_5109298.npz,,,,
TIC_51641442,done,ok,/Users/sandeep/Workspace/Personal/LunaVisionAi/exoplanet_pipeline/data/processed/lc_detrended/TIC_51641442.npz,26143.0,1245.14,0.021417,0.017671
TIC_52005579,done,ok,/Users/sandeep/Workspace/Personal/LunaVisionAi/exoplanet_pipeline/data/processed/lc_detrended/TIC_52005579.npz,148920.0,50.683,0.01523,0.002923
TIC_52041724,skipped,already exists,/Users/sandeep/Workspace/Personal/LunaVisionAi/exoplanet_pipeline/data/processed/lc_detrended/TIC_52041724.npz,,,,
TIC_52204645,skipped,already exists,/Users/sandeep/Workspace/Personal/LunaVisionAi/exoplanet_pipeline/data/processed/lc_detrended/TIC_52204645.npz,,,,
TIC_52315301,done,ok,/Users/sandeep/Workspace/Personal/LunaVisionAi/exoplanet_pipeline/data/processed/lc_detrended/TIC_52315301.npz,29939.0,51.457,0.018434,0.007569
TIC_52368076,skipped,already exists,/Users/sandeep/Workspace/Personal/LunaVisionAi/exoplanet_pipeline/data/processed/lc_detrended/TIC_52368076.npz,,,,
TIC_52548453,skipped,already exists,/Users/sandeep/Workspace/Personal/LunaVisionAi/exoplanet_pipeline/data/processed/lc_detrended/TIC_52548453.npz,,,,
TIC_52640302,done,ok,/Users/sandeep/Workspace/Personal/LunaVisionAi/exoplanet_pipeline/data/processed/lc_detrended/TIC_52640302.npz,30897.0,47.814,0.033495,0.006609
TIC_52689469,done,ok,/Users/sandeep/Workspace/Personal/LunaVisionAi/exoplanet_pipeline/data/processed/lc_detrended/TIC_52689469.npz,121926.0,25.84,0.021059,0.020791
TIC_52928939,skipped,already exists,/Users/sandeep/Workspace/Personal/LunaVisionAi/exoplanet_pipeline/data/processed/lc_detrended/TIC_52928939.npz,,,,
TIC_52976395,skipped,already exists,/Users/sandeep/Workspace/Personal/LunaVisionAi/exoplanet_pipeline/data/processed/lc_detrended/TIC_52976395.npz,,,,
TIC_53394475,skipped,already exists,/Users/sandeep/Workspace/Personal/LunaVisionAi/exoplanet_pipeline/data/processed/lc_detrended/TIC_53394475.npz,,,,
TIC_53427308,skipped,already exists,/Users/sandeep/Workspace/Personal/LunaVisionAi/exoplanet_pipeline/data/processed/lc_detrended/TIC_53427308.npz,,,,
TIC_53593457,gated,robust rms 0.0434 > 0.02,,,,,
TIC_53750200,done,ok,/Users/sandeep/Workspace/Personal/LunaVisionAi/exoplanet_pipeline/data/processed/lc_detrended/TIC_53750200.npz,121917.0,25.84,0.008632,0.008511
TIC_53895723,skipped,already exists,/Users/sandeep/Workspace/Personal/LunaVisionAi/exoplanet_pipeline/data/processed/lc_detrended/TIC_53895723.npz,,,,
TIC_54044474,skipped,already exists,/Users/sandeep/Workspace/Personal/LunaVisionAi/exoplanet_pipeline/data/processed/lc_detrended/TIC_54044474.npz,,,,
TIC_54141697,done,ok,/Users/sandeep/Workspace/Personal/LunaVisionAi/exoplanet_pipeline/data/processed/lc_detrended/TIC_54141697.npz,19029.0,27.771,0.00876,0.007883
TIC_54238138,skipped,already exists,/Users/sandeep/Workspace/Personal/LunaVisionAi/exoplanet_pipeline/data/processed/lc_detrended/TIC_54238138.npz,,,,
TIC_55275863,skipped,already exists,/Users/sandeep/Workspace/Personal/LunaVisionAi/exoplanet_pipeline/data/processed/lc_detrended/TIC_55275863.npz,,,,
TIC_55383975,skipped,already exists,/Users/sandeep/Workspace/Personal/LunaVisionAi/exoplanet_pipeline/data/processed/lc_detrended/TIC_55383975.npz,,,,
TIC_55452495,skipped,already exists,/Users/sandeep/Workspace/Personal/LunaVisionAi/exoplanet_pipeline/data/processed/lc_detrended/TIC_55452495.npz,,,,
TIC_55748194,skipped,already exists,/Users/sandeep/Workspace/Personal/LunaVisionAi/exoplanet_pipeline/data/processed/lc_detrended/TIC_55748194.npz,,,,
TIC_56096837,skipped,already exists,/Users/sandeep/Workspace/Personal/LunaVisionAi/exoplanet_pipeline/data/processed/lc_detrended/TIC_56096837.npz,,,,
TIC_56721373,done,ok,/Users/sandeep/Workspace/Personal/LunaVisionAi/exoplanet_pipeline/data/processed/lc_detrended/TIC_56721373.npz,26174.0,1245.218,0.030263,0.013085
TIC_56814628,skipped,already exists,/Users/sandeep/Workspace/Personal/LunaVisionAi/exoplanet_pipeline/data/processed/lc_detrended/TIC_56814628.npz,,,,
TIC_57193198,done,ok,/Users/sandeep/Workspace/Personal/LunaVisionAi/exoplanet_pipeline/data/processed/lc_detrended/TIC_57193198.npz,20974.0,50.118,0.028005,0.013032
TIC_57299130,skipped,already exists,/Users/sandeep/Workspace/Personal/LunaVisionAi/exoplanet_pipeline/data/processed/lc_detrended/TIC_57299130.npz,,,,
TIC_5772442,skipped,already exists,/Users/sandeep/Workspace/Personal/LunaVisionAi/exoplanet_pipeline/data/processed/lc_detrended/TIC_5772442.npz,,,,
TIC_57984377,done,ok,/Users/sandeep/Workspace/Personal/LunaVisionAi/exoplanet_pipeline/data/processed/lc_detrended/TIC_57984377.npz,125638.0,28.76,0.004854,0.004712
TIC_58474992,skipped,already exists,/Users/sandeep/Workspace/Personal/LunaVisionAi/exoplanet_pipeline/data/processed/lc_detrended/TIC_58474992.npz,,,,
TIC_58825110,skipped,already exists,/Users/sandeep/Workspace/Personal/LunaVisionAi/exoplanet_pipeline/data/processed/lc_detrended/TIC_58825110.npz,,,,
TIC_58858008,skipped,already exists,/Users/sandeep/Workspace/Personal/LunaVisionAi/exoplanet_pipeline/data/processed/lc_detrended/TIC_58858008.npz,,,,
TIC_58997701,done,ok,/Users/sandeep/Workspace/Personal/LunaVisionAi/exoplanet_pipeline/data/processed/lc_detrended/TIC_58997701.npz,29507.0,49.704,0.012151,0.007786
TIC_59003115,skipped,already exists,/Users/sandeep/Workspace/Personal/LunaVisionAi/exoplanet_pipeline/data/processed/lc_detrended/TIC_59003115.npz,,,,
TIC_59351345,skipped,already exists,/Users/sandeep/Workspace/Personal/LunaVisionAi/exoplanet_pipeline/data/processed/lc_detrended/TIC_59351345.npz,,,,
TIC_5966772,skipped,already exists,/Users/sandeep/Workspace/Personal/LunaVisionAi/exoplanet_pipeline/data/processed/lc_detrended/TIC_5966772.npz,,,,
TIC_59744366,done,ok,/Users/sandeep/Workspace/Personal/LunaVisionAi/exoplanet_pipeline/data/processed/lc_detrended/TIC_59744366.npz,31508.0,50.276,0.021929,0.006541
TIC_60074373,gated,robust rms 0.0248 > 0.02,,,,,
TIC_6010784,done,ok,/Users/sandeep/Workspace/Personal/LunaVisionAi/exoplanet_pipeline/data/processed/lc_detrended/TIC_6010784.npz,17204.0,24.619,0.007942,0.007835
TIC_60256211,skipped,already exists,/Users/sandeep/Workspace/Personal/LunaVisionAi/exoplanet_pipeline/data/processed/lc_detrended/TIC_60256211.npz,,,,
TIC_60286662,done,ok,/Users/sandeep/Workspace/Personal/LunaVisionAi/exoplanet_pipeline/data/processed/lc_detrended/TIC_60286662.npz,30721.0,50.194,0.014102,0.007774
TIC_60542708,skipped,already exists,/Users/sandeep/Workspace/Personal/LunaVisionAi/exoplanet_pipeline/data/processed/lc_detrended/TIC_60542708.npz,,,,
TIC_60646268,done,ok,/Users/sandeep/Workspace/Personal/LunaVisionAi/exoplanet_pipeline/data/processed/lc_detrended/TIC_60646268.npz,29117.0,752.162,0.02172,0.008464
TIC_607907,skipped,already exists,/Users/sandeep/Workspace/Personal/LunaVisionAi/exoplanet_pipeline/data/processed/lc_detrended/TIC_607907.npz,,,,
TIC_61117473,skipped,already exists,/Users/sandeep/Workspace/Personal/LunaVisionAi/exoplanet_pipeline/data/processed/lc_detrended/TIC_61117473.npz,,,,
TIC_61230756,done,ok,/Users/sandeep/Workspace/Personal/LunaVisionAi/exoplanet_pipeline/data/processed/lc_detrended/TIC_61230756.npz,29528.0,50.47,0.039587,0.013637
TIC_61687533,done,ok,/Users/sandeep/Workspace/Personal/LunaVisionAi/exoplanet_pipeline/data/processed/lc_detrended/TIC_61687533.npz,14072.0,23.053,0.012178,0.011789
TIC_61980227,skipped,already exists,/Users/sandeep/Workspace/Personal/LunaVisionAi/exoplanet_pipeline/data/processed/lc_detrended/TIC_61980227.npz,,,,
TIC_62301521,done,ok,/Users/sandeep/Workspace/Personal/LunaVisionAi/exoplanet_pipeline/data/processed/lc_detrended/TIC_62301521.npz,27238.0,399.633,0.072965,0.013096
TIC_62530991,skipped,already exists,/Users/sandeep/Workspace/Personal/LunaVisionAi/exoplanet_pipeline/data/processed/lc_detrended/TIC_62530991.npz,,,,
TIC_62740096,skipped,already exists,/Users/sandeep/Workspace/Personal/LunaVisionAi/exoplanet_pipeline/data/processed/lc_detrended/TIC_62740096.npz,,,,
TIC_63013648,skipped,already exists,/Users/sandeep/Workspace/Personal/LunaVisionAi/exoplanet_pipeline/data/processed/lc_detrended/TIC_63013648.npz,,,,
TIC_63070427,done,ok,/Users/sandeep/Workspace/Personal/LunaVisionAi/exoplanet_pipeline/data/processed/lc_detrended/TIC_63070427.npz,33671.0,52.693,0.023732,0.018934
TIC_63072565,done,ok,/Users/sandeep/Workspace/Personal/LunaVisionAi/exoplanet_pipeline/data/processed/lc_detrended/TIC_63072565.npz,34723.0,54.618,0.064862,0.011332
TIC_63120970,done,ok,/Users/sandeep/Workspace/Personal/LunaVisionAi/exoplanet_pipeline/data/processed/lc_detrended/TIC_63120970.npz,37079.0,54.618,0.026275,0.013445
TIC_63122956,gated,robust rms 0.0212 > 0.02,,,,,
TIC_63203294,gated,robust rms 0.0331 > 0.02,,,,,
TIC_63205796,gated,robust rms 0.4552 > 0.02,,,,,
TIC_63210391,done,ok,/Users/sandeep/Workspace/Personal/LunaVisionAi/exoplanet_pipeline/data/processed/lc_detrended/TIC_63210391.npz,37562.0,54.618,0.007466,0.007294
TIC_63211674,done,ok,/Users/sandeep/Workspace/Personal/LunaVisionAi/exoplanet_pipeline/data/processed/lc_detrended/TIC_63211674.npz,37931.0,55.925,0.048351,0.008102
TIC_63286249,gated,robust rms 0.0314 > 0.02,,,,,
TIC_63303499,skipped,already exists,/Users/sandeep/Workspace/Personal/LunaVisionAi/exoplanet_pipeline/data/processed/lc_detrended/TIC_63303499.npz,,,,
TIC_63366291,done,ok,/Users/sandeep/Workspace/Personal/LunaVisionAi/exoplanet_pipeline/data/processed/lc_detrended/TIC_63366291.npz,37611.0,54.618,0.031661,0.014873
TIC_63453366,gated,robust rms 0.0324 > 0.02,,,,,
TIC_63726082,skipped,already exists,/Users/sandeep/Workspace/Personal/LunaVisionAi/exoplanet_pipeline/data/processed/lc_detrended/TIC_63726082.npz,,,,
TIC_63844530,done,ok,/Users/sandeep/Workspace/Personal/LunaVisionAi/exoplanet_pipeline/data/processed/lc_detrended/TIC_63844530.npz,31899.0,55.85,0.039021,0.010664
TIC_63905972,skipped,already exists,/Users/sandeep/Workspace/Personal/LunaVisionAi/exoplanet_pipeline/data/processed/lc_detrended/TIC_63905972.npz,,,,
TIC_64531556,skipped,already exists,/Users/sandeep/Workspace/Personal/LunaVisionAi/exoplanet_pipeline/data/processed/lc_detrended/TIC_64531556.npz,,,,
TIC_647636934,skipped,already exists,/Users/sandeep/Workspace/Personal/LunaVisionAi/exoplanet_pipeline/data/processed/lc_detrended/TIC_647636934.npz,,,,
TIC_65412605,skipped,already exists,/Users/sandeep/Workspace/Personal/LunaVisionAi/exoplanet_pipeline/data/processed/lc_detrended/TIC_65412605.npz,,,,
TIC_65416038,skipped,already exists,/Users/sandeep/Workspace/Personal/LunaVisionAi/exoplanet_pipeline/data/processed/lc_detrended/TIC_65416038.npz,,,,
TIC_65672998,skipped,already exists,/Users/sandeep/Workspace/Personal/LunaVisionAi/exoplanet_pipeline/data/processed/lc_detrended/TIC_65672998.npz,,,,
TIC_65905621,done,ok,/Users/sandeep/Workspace/Personal/LunaVisionAi/exoplanet_pipeline/data/processed/lc_detrended/TIC_65905621.npz,30473.0,725.999,0.018359,0.010628
TIC_65910228,skipped,already exists,/Users/sandeep/Workspace/Personal/LunaVisionAi/exoplanet_pipeline/data/processed/lc_detrended/TIC_65910228.npz,,,,
TIC_66356824,skipped,already exists,/Users/sandeep/Workspace/Personal/LunaVisionAi/exoplanet_pipeline/data/processed/lc_detrended/TIC_66356824.npz,,,,
TIC_66497310,skipped,already exists,/Users/sandeep/Workspace/Personal/LunaVisionAi/exoplanet_pipeline/data/processed/lc_detrended/TIC_66497310.npz,,,,
TIC_6653897,skipped,already exists,/Users/sandeep/Workspace/Personal/LunaVisionAi/exoplanet_pipeline/data/processed/lc_detrended/TIC_6653897.npz,,,,
TIC_6663331,done,ok,/Users/sandeep/Workspace/Personal/LunaVisionAi/exoplanet_pipeline/data/processed/lc_detrended/TIC_6663331.npz,30466.0,1493.709,0.009862,0.008738
TIC_666567477,done,ok,/Users/sandeep/Workspace/Personal/LunaVisionAi/exoplanet_pipeline/data/processed/lc_detrended/TIC_666567477.npz,16448.0,25.122,0.009943,0.009743
TIC_670036,done,ok,/Users/sandeep/Workspace/Personal/LunaVisionAi/exoplanet_pipeline/data/processed/lc_detrended/TIC_670036.npz,10190.0,23.732,0.018064,0.016512
TIC_67031480,skipped,already exists,/Users/sandeep/Workspace/Personal/LunaVisionAi/exoplanet_pipeline/data/processed/lc_detrended/TIC_67031480.npz,,,,
TIC_67247610,done,ok,/Users/sandeep/Workspace/Personal/LunaVisionAi/exoplanet_pipeline/data/processed/lc_detrended/TIC_67247610.npz,28533.0,570.375,0.062606,0.017961
TIC_67309890,skipped,already exists,/Users/sandeep/Workspace/Personal/LunaVisionAi/exoplanet_pipeline/data/processed/lc_detrended/TIC_67309890.npz,,,,
TIC_67395329,skipped,already exists,/Users/sandeep/Workspace/Personal/LunaVisionAi/exoplanet_pipeline/data/processed/lc_detrended/TIC_67395329.npz,,,,
TIC_67666096,skipped,already exists,/Users/sandeep/Workspace/Personal/LunaVisionAi/exoplanet_pipeline/data/processed/lc_detrended/TIC_67666096.npz,,,,
TIC_67711670,skipped,already exists,/Users/sandeep/Workspace/Personal/LunaVisionAi/exoplanet_pipeline/data/processed/lc_detrended/TIC_67711670.npz,,,,
TIC_67798337,done,ok,/Users/sandeep/Workspace/Personal/LunaVisionAi/exoplanet_pipeline/data/processed/lc_detrended/TIC_67798337.npz,36229.0,1058.792,0.016514,0.015583
TIC_6785559,skipped,already exists,/Users/sandeep/Workspace/Personal/LunaVisionAi/exoplanet_pipeline/data/processed/lc_detrended/TIC_6785559.npz,,,,
TIC_67926921,skipped,already exists,/Users/sandeep/Workspace/Personal/LunaVisionAi/exoplanet_pipeline/data/processed/lc_detrended/TIC_67926921.npz,,,,
TIC_68035558,skipped,already exists,/Users/sandeep/Workspace/Personal/LunaVisionAi/exoplanet_pipeline/data/processed/lc_detrended/TIC_68035558.npz,,,,
TIC_68035559,skipped,already exists,/Users/sandeep/Workspace/Personal/LunaVisionAi/exoplanet_pipeline/data/processed/lc_detrended/TIC_68035559.npz,,,,
TIC_68061731,skipped,already exists,/Users/sandeep/Workspace/Personal/LunaVisionAi/exoplanet_pipeline/data/processed/lc_detrended/TIC_68061731.npz,,,,
TIC_68322189,done,ok,/Users/sandeep/Workspace/Personal/LunaVisionAi/exoplanet_pipeline/data/processed/lc_detrended/TIC_68322189.npz,19506.0,27.888,0.013933,0.013727
TIC_68577662,skipped,already exists,/Users/sandeep/Workspace/Personal/LunaVisionAi/exoplanet_pipeline/data/processed/lc_detrended/TIC_68577662.npz,,,,
TIC_686072378,gated,robust rms 0.0967 > 0.02,,,,,
TIC_69672493,skipped,already exists,/Users/sandeep/Workspace/Personal/LunaVisionAi/exoplanet_pipeline/data/processed/lc_detrended/TIC_69672493.npz,,,,
TIC_704012376,done,ok,/Users/sandeep/Workspace/Personal/LunaVisionAi/exoplanet_pipeline/data/processed/lc_detrended/TIC_704012376.npz,12544.0,23.159,0.010054,0.009884
TIC_70440470,skipped,already exists,/Users/sandeep/Workspace/Personal/LunaVisionAi/exoplanet_pipeline/data/processed/lc_detrended/TIC_70440470.npz,,,,
TIC_70785910,skipped,already exists,/Users/sandeep/Workspace/Personal/LunaVisionAi/exoplanet_pipeline/data/processed/lc_detrended/TIC_70785910.npz,,,,
TIC_70803960,skipped,already exists,/Users/sandeep/Workspace/Personal/LunaVisionAi/exoplanet_pipeline/data/processed/lc_detrended/TIC_70803960.npz,,,,
TIC_70899085,skipped,already exists,/Users/sandeep/Workspace/Personal/LunaVisionAi/exoplanet_pipeline/data/processed/lc_detrended/TIC_70899085.npz,,,,
TIC_71268730,done,ok,/Users/sandeep/Workspace/Personal/LunaVisionAi/exoplanet_pipeline/data/processed/lc_detrended/TIC_71268730.npz,35868.0,216.293,0.029162,0.012007
TIC_71396541,skipped,already exists,/Users/sandeep/Workspace/Personal/LunaVisionAi/exoplanet_pipeline/data/processed/lc_detrended/TIC_71396541.npz,,,,
TIC_71512186,skipped,already exists,/Users/sandeep/Workspace/Personal/LunaVisionAi/exoplanet_pipeline/data/processed/lc_detrended/TIC_71512186.npz,,,,
TIC_71854732,done,ok,/Users/sandeep/Workspace/Personal/LunaVisionAi/exoplanet_pipeline/data/processed/lc_detrended/TIC_71854732.npz,19205.0,27.718,0.008055,0.007281
TIC_72097808,skipped,already exists,/Users/sandeep/Workspace/Personal/LunaVisionAi/exoplanet_pipeline/data/processed/lc_detrended/TIC_72097808.npz,,,,
TIC_72123144,done,ok,/Users/sandeep/Workspace/Personal/LunaVisionAi/exoplanet_pipeline/data/processed/lc_detrended/TIC_72123144.npz,31455.0,51.203,0.011574,0.011085
TIC_72401290,skipped,already exists,/Users/sandeep/Workspace/Personal/LunaVisionAi/exoplanet_pipeline/data/processed/lc_detrended/TIC_72401290.npz,,,,
TIC_72437047,skipped,already exists,/Users/sandeep/Workspace/Personal/LunaVisionAi/exoplanet_pipeline/data/processed/lc_detrended/TIC_72437047.npz,,,,
TIC_7244844,skipped,already exists,/Users/sandeep/Workspace/Personal/LunaVisionAi/exoplanet_pipeline/data/processed/lc_detrended/TIC_7244844.npz,,,,
TIC_72494421,done,ok,/Users/sandeep/Workspace/Personal/LunaVisionAi/exoplanet_pipeline/data/processed/lc_detrended/TIC_72494421.npz,14893.0,24.348,0.009687,0.009378
TIC_72506701,skipped,already exists,/Users/sandeep/Workspace/Personal/LunaVisionAi/exoplanet_pipeline/data/processed/lc_detrended/TIC_72506701.npz,,,,
TIC_72806004,skipped,already exists,/Users/sandeep/Workspace/Personal/LunaVisionAi/exoplanet_pipeline/data/processed/lc_detrended/TIC_72806004.npz,,,,
TIC_73310180,skipped,already exists,/Users/sandeep/Workspace/Personal/LunaVisionAi/exoplanet_pipeline/data/processed/lc_detrended/TIC_73310180.npz,,,,
TIC_73416947,skipped,already exists,/Users/sandeep/Workspace/Personal/LunaVisionAi/exoplanet_pipeline/data/processed/lc_detrended/TIC_73416947.npz,,,,
TIC_73649615,done,ok,/Users/sandeep/Workspace/Personal/LunaVisionAi/exoplanet_pipeline/data/processed/lc_detrended/TIC_73649615.npz,28913.0,52.515,0.010408,0.005624
TIC_73717937,skipped,already exists,/Users/sandeep/Workspace/Personal/LunaVisionAi/exoplanet_pipeline/data/processed/lc_detrended/TIC_73717937.npz,,,,
TIC_73723286,skipped,already exists,/Users/sandeep/Workspace/Personal/LunaVisionAi/exoplanet_pipeline/data/processed/lc_detrended/TIC_73723286.npz,,,,
TIC_73943566,done,ok,/Users/sandeep/Workspace/Personal/LunaVisionAi/exoplanet_pipeline/data/processed/lc_detrended/TIC_73943566.npz,12597.0,24.283,0.018352,0.018201
TIC_74274839,done,ok,/Users/sandeep/Workspace/Personal/LunaVisionAi/exoplanet_pipeline/data/processed/lc_detrended/TIC_74274839.npz,36888.0,757.634,0.011171,0.006245
TIC_74482749,skipped,already exists,/Users/sandeep/Workspace/Personal/LunaVisionAi/exoplanet_pipeline/data/processed/lc_detrended/TIC_74482749.npz,,,,
TIC_74530173,done,ok,/Users/sandeep/Workspace/Personal/LunaVisionAi/exoplanet_pipeline/data/processed/lc_detrended/TIC_74530173.npz,36888.0,757.637,0.024762,0.008698
TIC_75171363,done,ok,/Users/sandeep/Workspace/Personal/LunaVisionAi/exoplanet_pipeline/data/processed/lc_detrended/TIC_75171363.npz,30168.0,50.242,0.014236,0.00939
TIC_75427473,skipped,already exists,/Users/sandeep/Workspace/Personal/LunaVisionAi/exoplanet_pipeline/data/processed/lc_detrended/TIC_75427473.npz,,,,
TIC_75522633,done,ok,/Users/sandeep/Workspace/Personal/LunaVisionAi/exoplanet_pipeline/data/processed/lc_detrended/TIC_75522633.npz,30516.0,757.326,0.030506,0.006985
TIC_75589027,skipped,already exists,/Users/sandeep/Workspace/Personal/LunaVisionAi/exoplanet_pipeline/data/processed/lc_detrended/TIC_75589027.npz,,,,
TIC_75744886,done,ok,/Users/sandeep/Workspace/Personal/LunaVisionAi/exoplanet_pipeline/data/processed/lc_detrended/TIC_75744886.npz,34818.0,51.562,0.015207,0.00827
TIC_75919790,done,ok,/Users/sandeep/Workspace/Personal/LunaVisionAi/exoplanet_pipeline/data/processed/lc_detrended/TIC_75919790.npz,29612.0,757.172,0.0137,0.005589
TIC_76197937,skipped,already exists,/Users/sandeep/Workspace/Personal/LunaVisionAi/exoplanet_pipeline/data/processed/lc_detrended/TIC_76197937.npz,,,,
TIC_7624182,skipped,already exists,/Users/sandeep/Workspace/Personal/LunaVisionAi/exoplanet_pipeline/data/processed/lc_detrended/TIC_7624182.npz,,,,
TIC_76663549,done,ok,/Users/sandeep/Workspace/Personal/LunaVisionAi/exoplanet_pipeline/data/processed/lc_detrended/TIC_76663549.npz,35034.0,51.597,0.014088,0.009418
TIC_76835246,skipped,already exists,/Users/sandeep/Workspace/Personal/LunaVisionAi/exoplanet_pipeline/data/processed/lc_detrended/TIC_76835246.npz,,,,
TIC_77156657,done,ok,/Users/sandeep/Workspace/Personal/LunaVisionAi/exoplanet_pipeline/data/processed/lc_detrended/TIC_77156657.npz,205532.0,55.582,0.01086,0.006613
TIC_77202722,skipped,already exists,/Users/sandeep/Workspace/Personal/LunaVisionAi/exoplanet_pipeline/data/processed/lc_detrended/TIC_77202722.npz,,,,
TIC_77228304,gated,robust rms 0.0537 > 0.02,,,,,
TIC_77253676,skipped,already exists,/Users/sandeep/Workspace/Personal/LunaVisionAi/exoplanet_pipeline/data/processed/lc_detrended/TIC_77253676.npz,,,,
TIC_77527511,skipped,already exists,/Users/sandeep/Workspace/Personal/LunaVisionAi/exoplanet_pipeline/data/processed/lc_detrended/TIC_77527511.npz,,,,
TIC_78154865,skipped,already exists,/Users/sandeep/Workspace/Personal/LunaVisionAi/exoplanet_pipeline/data/processed/lc_detrended/TIC_78154865.npz,,,,
TIC_7976072,done,ok,/Users/sandeep/Workspace/Personal/LunaVisionAi/exoplanet_pipeline/data/processed/lc_detrended/TIC_7976072.npz,29163.0,753.013,0.008067,0.007381
TIC_80275202,skipped,already exists,/Users/sandeep/Workspace/Personal/LunaVisionAi/exoplanet_pipeline/data/processed/lc_detrended/TIC_80275202.npz,,,,
TIC_80384677,done,ok,/Users/sandeep/Workspace/Personal/LunaVisionAi/exoplanet_pipeline/data/processed/lc_detrended/TIC_80384677.npz,34034.0,351.499,0.028064,0.007308
TIC_80439101,gated,robust rms 0.0235 > 0.02,,,,,
TIC_80478272,skipped,already exists,/Users/sandeep/Workspace/Personal/LunaVisionAi/exoplanet_pipeline/data/processed/lc_detrended/TIC_80478272.npz,,,,
TIC_80611440,skipped,already exists,/Users/sandeep/Workspace/Personal/LunaVisionAi/exoplanet_pipeline/data/processed/lc_detrended/TIC_80611440.npz,,,,
TIC_80713983,skipped,already exists,/Users/sandeep/Workspace/Personal/LunaVisionAi/exoplanet_pipeline/data/processed/lc_detrended/TIC_80713983.npz,,,,
TIC_80783538,done,ok,/Users/sandeep/Workspace/Personal/LunaVisionAi/exoplanet_pipeline/data/processed/lc_detrended/TIC_80783538.npz,36514.0,53.662,0.011193,0.009209
TIC_80995687,skipped,already exists,/Users/sandeep/Workspace/Personal/LunaVisionAi/exoplanet_pipeline/data/processed/lc_detrended/TIC_80995687.npz,,,,
TIC_81055189,done,ok,/Users/sandeep/Workspace/Personal/LunaVisionAi/exoplanet_pipeline/data/processed/lc_detrended/TIC_81055189.npz,14499.0,24.12,0.012619,0.012401
TIC_81212286,done,ok,/Users/sandeep/Workspace/Personal/LunaVisionAi/exoplanet_pipeline/data/processed/lc_detrended/TIC_81212286.npz,34015.0,764.436,0.009088,0.008406
TIC_81231810,skipped,already exists,/Users/sandeep/Workspace/Personal/LunaVisionAi/exoplanet_pipeline/data/processed/lc_detrended/TIC_81231810.npz,,,,
TIC_81247877,skipped,already exists,/Users/sandeep/Workspace/Personal/LunaVisionAi/exoplanet_pipeline/data/processed/lc_detrended/TIC_81247877.npz,,,,
TIC_81429971,skipped,already exists,/Users/sandeep/Workspace/Personal/LunaVisionAi/exoplanet_pipeline/data/processed/lc_detrended/TIC_81429971.npz,,,,
TIC_82302240,done,ok,/Users/sandeep/Workspace/Personal/LunaVisionAi/exoplanet_pipeline/data/processed/lc_detrended/TIC_82302240.npz,32510.0,50.367,0.012752,0.005372
TIC_82362447,gated,robust rms 0.0658 > 0.02,,,,,
TIC_82707763,skipped,already exists,/Users/sandeep/Workspace/Personal/LunaVisionAi/exoplanet_pipeline/data/processed/lc_detrended/TIC_82707763.npz,,,,
TIC_83053699,done,ok,/Users/sandeep/Workspace/Personal/LunaVisionAi/exoplanet_pipeline/data/processed/lc_detrended/TIC_83053699.npz,36996.0,56.693,0.074614,0.008615
TIC_83148519,skipped,already exists,/Users/sandeep/Workspace/Personal/LunaVisionAi/exoplanet_pipeline/data/processed/lc_detrended/TIC_83148519.npz,,,,
TIC_841226526,skipped,already exists,/Users/sandeep/Workspace/Personal/LunaVisionAi/exoplanet_pipeline/data/processed/lc_detrended/TIC_841226526.npz,,,,
TIC_8516795,skipped,already exists,/Users/sandeep/Workspace/Personal/LunaVisionAi/exoplanet_pipeline/data/processed/lc_detrended/TIC_8516795.npz,,,,
TIC_85459171,done,ok,/Users/sandeep/Workspace/Personal/LunaVisionAi/exoplanet_pipeline/data/processed/lc_detrended/TIC_85459171.npz,11432.0,27.135,0.009177,0.009031
TIC_86075481,skipped,already exists,/Users/sandeep/Workspace/Personal/LunaVisionAi/exoplanet_pipeline/data/processed/lc_detrended/TIC_86075481.npz,,,,
TIC_86280613,skipped,already exists,/Users/sandeep/Workspace/Personal/LunaVisionAi/exoplanet_pipeline/data/processed/lc_detrended/TIC_86280613.npz,,,,
TIC_86396382,skipped,already exists,/Users/sandeep/Workspace/Personal/LunaVisionAi/exoplanet_pipeline/data/processed/lc_detrended/TIC_86396382.npz,,,,
TIC_8677530,skipped,already exists,/Users/sandeep/Workspace/Personal/LunaVisionAi/exoplanet_pipeline/data/processed/lc_detrended/TIC_8677530.npz,,,,
TIC_87044036,skipped,already exists,/Users/sandeep/Workspace/Personal/LunaVisionAi/exoplanet_pipeline/data/processed/lc_detrended/TIC_87044036.npz,,,,
TIC_87091417,skipped,already exists,/Users/sandeep/Workspace/Personal/LunaVisionAi/exoplanet_pipeline/data/processed/lc_detrended/TIC_87091417.npz,,,,
TIC_87597187,done,ok,/Users/sandeep/Workspace/Personal/LunaVisionAi/exoplanet_pipeline/data/processed/lc_detrended/TIC_87597187.npz,29156.0,401.187,0.010266,0.009798
TIC_87942223,skipped,already exists,/Users/sandeep/Workspace/Personal/LunaVisionAi/exoplanet_pipeline/data/processed/lc_detrended/TIC_87942223.npz,,,,
TIC_88114177,skipped,already exists,/Users/sandeep/Workspace/Personal/LunaVisionAi/exoplanet_pipeline/data/processed/lc_detrended/TIC_88114177.npz,,,,
TIC_88228576,skipped,already exists,/Users/sandeep/Workspace/Personal/LunaVisionAi/exoplanet_pipeline/data/processed/lc_detrended/TIC_88228576.npz,,,,
TIC_88840705,skipped,already exists,/Users/sandeep/Workspace/Personal/LunaVisionAi/exoplanet_pipeline/data/processed/lc_detrended/TIC_88840705.npz,,,,
TIC_8915600,skipped,already exists,/Users/sandeep/Workspace/Personal/LunaVisionAi/exoplanet_pipeline/data/processed/lc_detrended/TIC_8915600.npz,,,,
TIC_89510024,skipped,already exists,/Users/sandeep/Workspace/Personal/LunaVisionAi/exoplanet_pipeline/data/processed/lc_detrended/TIC_89510024.npz,,,,
TIC_89535068,skipped,already exists,/Users/sandeep/Workspace/Personal/LunaVisionAi/exoplanet_pipeline/data/processed/lc_detrended/TIC_89535068.npz,,,,
TIC_8963531,skipped,already exists,/Users/sandeep/Workspace/Personal/LunaVisionAi/exoplanet_pipeline/data/processed/lc_detrended/TIC_8963531.npz,,,,
TIC_89702406,skipped,already exists,/Users/sandeep/Workspace/Personal/LunaVisionAi/exoplanet_pipeline/data/processed/lc_detrended/TIC_89702406.npz,,,,
TIC_89876424,done,ok,/Users/sandeep/Workspace/Personal/LunaVisionAi/exoplanet_pipeline/data/processed/lc_detrended/TIC_89876424.npz,37538.0,542.461,0.078318,0.017538
TIC_900240532,done,ok,/Users/sandeep/Workspace/Personal/LunaVisionAi/exoplanet_pipeline/data/processed/lc_detrended/TIC_900240532.npz,15181.0,25.77,0.014557,0.012638
TIC_90048949,done,ok,/Users/sandeep/Workspace/Personal/LunaVisionAi/exoplanet_pipeline/data/processed/lc_detrended/TIC_90048949.npz,31931.0,50.359,0.008569,0.008412
TIC_90090343,done,ok,/Users/sandeep/Workspace/Personal/LunaVisionAi/exoplanet_pipeline/data/processed/lc_detrended/TIC_90090343.npz,101882.0,24.915,0.009759,0.009535
TIC_9032368,done,ok,/Users/sandeep/Workspace/Personal/LunaVisionAi/exoplanet_pipeline/data/processed/lc_detrended/TIC_9032368.npz,26245.0,382.799,0.054594,0.00818
TIC_9033144,skipped,already exists,/Users/sandeep/Workspace/Personal/LunaVisionAi/exoplanet_pipeline/data/processed/lc_detrended/TIC_9033144.npz,,,,
TIC_90448944,skipped,already exists,/Users/sandeep/Workspace/Personal/LunaVisionAi/exoplanet_pipeline/data/processed/lc_detrended/TIC_90448944.npz,,,,
TIC_90544017,skipped,already exists,/Users/sandeep/Workspace/Personal/LunaVisionAi/exoplanet_pipeline/data/processed/lc_detrended/TIC_90544017.npz,,,,
TIC_9054633,skipped,already exists,/Users/sandeep/Workspace/Personal/LunaVisionAi/exoplanet_pipeline/data/processed/lc_detrended/TIC_9054633.npz,,,,
TIC_90935909,skipped,already exists,/Users/sandeep/Workspace/Personal/LunaVisionAi/exoplanet_pipeline/data/processed/lc_detrended/TIC_90935909.npz,,,,
TIC_9100874,done,ok,/Users/sandeep/Workspace/Personal/LunaVisionAi/exoplanet_pipeline/data/processed/lc_detrended/TIC_9100874.npz,29859.0,1118.172,0.011459,0.006618
TIC_91101364,skipped,already exists,/Users/sandeep/Workspace/Personal/LunaVisionAi/exoplanet_pipeline/data/processed/lc_detrended/TIC_91101364.npz,,,,
TIC_91287873,skipped,already exists,/Users/sandeep/Workspace/Personal/LunaVisionAi/exoplanet_pipeline/data/processed/lc_detrended/TIC_91287873.npz,,,,
TIC_915110182,gated,robust rms 0.1044 > 0.02,,,,,
TIC_9151337,skipped,already exists,/Users/sandeep/Workspace/Personal/LunaVisionAi/exoplanet_pipeline/data/processed/lc_detrended/TIC_9151337.npz,,,,
TIC_91697121,done,ok,/Users/sandeep/Workspace/Personal/LunaVisionAi/exoplanet_pipeline/data/processed/lc_detrended/TIC_91697121.npz,28662.0,49.871,0.036994,0.011294
TIC_92217989,done,ok,/Users/sandeep/Workspace/Personal/LunaVisionAi/exoplanet_pipeline/data/processed/lc_detrended/TIC_92217989.npz,32489.0,193.399,0.011967,0.00868
TIC_92352620,skipped,already exists,/Users/sandeep/Workspace/Personal/LunaVisionAi/exoplanet_pipeline/data/processed/lc_detrended/TIC_92352620.npz,,,,
TIC_92359850,skipped,already exists,/Users/sandeep/Workspace/Personal/LunaVisionAi/exoplanet_pipeline/data/processed/lc_detrended/TIC_92359850.npz,,,,
TIC_92363023,skipped,already exists,/Users/sandeep/Workspace/Personal/LunaVisionAi/exoplanet_pipeline/data/processed/lc_detrended/TIC_92363023.npz,,,,
TIC_92449173,skipped,already exists,/Users/sandeep/Workspace/Personal/LunaVisionAi/exoplanet_pipeline/data/processed/lc_detrended/TIC_92449173.npz,,,,
TIC_92590258,skipped,already exists,/Users/sandeep/Workspace/Personal/LunaVisionAi/exoplanet_pipeline/data/processed/lc_detrended/TIC_92590258.npz,,,,
TIC_92783821,skipped,already exists,/Users/sandeep/Workspace/Personal/LunaVisionAi/exoplanet_pipeline/data/processed/lc_detrended/TIC_92783821.npz,,,,
TIC_93125144,done,ok,/Users/sandeep/Workspace/Personal/LunaVisionAi/exoplanet_pipeline/data/processed/lc_detrended/TIC_93125144.npz,31885.0,731.691,0.030207,0.007869
TIC_93594834,skipped,already exists,/Users/sandeep/Workspace/Personal/LunaVisionAi/exoplanet_pipeline/data/processed/lc_detrended/TIC_93594834.npz,,,,
TIC_9392421,skipped,already exists,/Users/sandeep/Workspace/Personal/LunaVisionAi/exoplanet_pipeline/data/processed/lc_detrended/TIC_9392421.npz,,,,
TIC_93963408,skipped,already exists,/Users/sandeep/Workspace/Personal/LunaVisionAi/exoplanet_pipeline/data/processed/lc_detrended/TIC_93963408.npz,,,,
TIC_941340744,done,ok,/Users/sandeep/Workspace/Personal/LunaVisionAi/exoplanet_pipeline/data/processed/lc_detrended/TIC_941340744.npz,30964.0,23.888,0.079074,0.014839
TIC_95122849,skipped,already exists,/Users/sandeep/Workspace/Personal/LunaVisionAi/exoplanet_pipeline/data/processed/lc_detrended/TIC_95122849.npz,,,,
TIC_95129101,skipped,already exists,/Users/sandeep/Workspace/Personal/LunaVisionAi/exoplanet_pipeline/data/processed/lc_detrended/TIC_95129101.npz,,,,
TIC_95191643,skipped,already exists,/Users/sandeep/Workspace/Personal/LunaVisionAi/exoplanet_pipeline/data/processed/lc_detrended/TIC_95191643.npz,,,,
TIC_95361265,skipped,already exists,/Users/sandeep/Workspace/Personal/LunaVisionAi/exoplanet_pipeline/data/processed/lc_detrended/TIC_95361265.npz,,,,
TIC_95361530,skipped,already exists,/Users/sandeep/Workspace/Personal/LunaVisionAi/exoplanet_pipeline/data/processed/lc_detrended/TIC_95361530.npz,,,,
TIC_95660472,skipped,already exists,/Users/sandeep/Workspace/Personal/LunaVisionAi/exoplanet_pipeline/data/processed/lc_detrended/TIC_95660472.npz,,,,
TIC_96097215,skipped,already exists,/Users/sandeep/Workspace/Personal/LunaVisionAi/exoplanet_pipeline/data/processed/lc_detrended/TIC_96097215.npz,,,,
TIC_96195878,skipped,already exists,/Users/sandeep/Workspace/Personal/LunaVisionAi/exoplanet_pipeline/data/processed/lc_detrended/TIC_96195878.npz,,,,
TIC_96246348,skipped,already exists,/Users/sandeep/Workspace/Personal/LunaVisionAi/exoplanet_pipeline/data/processed/lc_detrended/TIC_96246348.npz,,,,
TIC_96291218,skipped,already exists,/Users/sandeep/Workspace/Personal/LunaVisionAi/exoplanet_pipeline/data/processed/lc_detrended/TIC_96291218.npz,,,,
TIC_96680681,skipped,already exists,/Users/sandeep/Workspace/Personal/LunaVisionAi/exoplanet_pipeline/data/processed/lc_detrended/TIC_96680681.npz,,,,
TIC_96847781,done,ok,/Users/sandeep/Workspace/Personal/LunaVisionAi/exoplanet_pipeline/data/processed/lc_detrended/TIC_96847781.npz,15619.0,25.135,0.013458,0.013269
TIC_96948338,skipped,already exists,/Users/sandeep/Workspace/Personal/LunaVisionAi/exoplanet_pipeline/data/processed/lc_detrended/TIC_96948338.npz,,,,
TIC_9727392,skipped,already exists,/Users/sandeep/Workspace/Personal/LunaVisionAi/exoplanet_pipeline/data/processed/lc_detrended/TIC_9727392.npz,,,,
TIC_97409519,skipped,already exists,/Users/sandeep/Workspace/Personal/LunaVisionAi/exoplanet_pipeline/data/processed/lc_detrended/TIC_97409519.npz,,,,
TIC_97825640,done,ok,/Users/sandeep/Workspace/Personal/LunaVisionAi/exoplanet_pipeline/data/processed/lc_detrended/TIC_97825640.npz,33673.0,352.012,0.006614,0.006283
TIC_9804616,done,ok,/Users/sandeep/Workspace/Personal/LunaVisionAi/exoplanet_pipeline/data/processed/lc_detrended/TIC_9804616.npz,14621.0,25.49,0.016461,0.01557
TIC_98283926,done,ok,/Users/sandeep/Workspace/Personal/LunaVisionAi/exoplanet_pipeline/data/processed/lc_detrended/TIC_98283926.npz,121932.0,25.84,0.015421,0.015208
TIC_9833284,skipped,already exists,/Users/sandeep/Workspace/Personal/LunaVisionAi/exoplanet_pipeline/data/processed/lc_detrended/TIC_9833284.npz,,,,
TIC_98669309,done,ok,/Users/sandeep/Workspace/Personal/LunaVisionAi/exoplanet_pipeline/data/processed/lc_detrended/TIC_98669309.npz,25645.0,1244.873,0.025294,0.015351
TIC_98720809,skipped,already exists,/Users/sandeep/Workspace/Personal/LunaVisionAi/exoplanet_pipeline/data/processed/lc_detrended/TIC_98720809.npz,,,,
TIC_98753307,gated,robust rms 0.0466 > 0.02,,,,,
TIC_99224131,skipped,already exists,/Users/sandeep/Workspace/Personal/LunaVisionAi/exoplanet_pipeline/data/processed/lc_detrended/TIC_99224131.npz,,,,
TIC_99648579,done,ok,/Users/sandeep/Workspace/Personal/LunaVisionAi/exoplanet_pipeline/data/processed/lc_detrended/TIC_99648579.npz,16271.0,25.112,0.008122,0.00804
TIC_99654378,skipped,already exists,/Users/sandeep/Workspace/Personal/LunaVisionAi/exoplanet_pipeline/data/processed/lc_detrended/TIC_99654378.npz,,,,
TIC_9989136,skipped,already exists,/Users/sandeep/Workspace/Personal/LunaVisionAi/exoplanet_pipeline/data/processed/lc_detrended/TIC_9989136.npz,,,,
SYN_0000,done,ok,/Users/sandeep/Workspace/Personal/LunaVisionAi/exoplanet_pipeline/data/processed/lc_detrended/SYN_0000.npz,36060.0,191.42,0.016724,0.006582
SYN_0001,skipped,already exists,/Users/sandeep/Workspace/Personal/LunaVisionAi/exoplanet_pipeline/data/processed/lc_detrended/SYN_0001.npz,,,,
SYN_0002,skipped,already exists,/Users/sandeep/Workspace/Personal/LunaVisionAi/exoplanet_pipeline/data/processed/lc_detrended/SYN_0002.npz,,,,
SYN_0003,skipped,already exists,/Users/sandeep/Workspace/Personal/LunaVisionAi/exoplanet_pipeline/data/processed/lc_detrended/SYN_0003.npz,,,,
SYN_0004,skipped,already exists,/Users/sandeep/Workspace/Personal/LunaVisionAi/exoplanet_pipeline/data/processed/lc_detrended/SYN_0004.npz,,,,
SYN_0005,skipped,already exists,/Users/sandeep/Workspace/Personal/LunaVisionAi/exoplanet_pipeline/data/processed/lc_detrended/SYN_0005.npz,,,,
SYN_0006,skipped,already exists,/Users/sandeep/Workspace/Personal/LunaVisionAi/exoplanet_pipeline/data/processed/lc_detrended/SYN_0006.npz,,,,
SYN_0007,skipped,already exists,/Users/sandeep/Workspace/Personal/LunaVisionAi/exoplanet_pipeline/data/processed/lc_detrended/SYN_0007.npz,,,,
SYN_0008,skipped,already exists,/Users/sandeep/Workspace/Personal/LunaVisionAi/exoplanet_pipeline/data/processed/lc_detrended/SYN_0008.npz,,,,
SYN_0009,done,ok,/Users/sandeep/Workspace/Personal/LunaVisionAi/exoplanet_pipeline/data/processed/lc_detrended/SYN_0009.npz,14951.0,23.434,0.011161,0.010784
SYN_0010,skipped,already exists,/Users/sandeep/Workspace/Personal/LunaVisionAi/exoplanet_pipeline/data/processed/lc_detrended/SYN_0010.npz,,,,
SYN_0011,skipped,already exists,/Users/sandeep/Workspace/Personal/LunaVisionAi/exoplanet_pipeline/data/processed/lc_detrended/SYN_0011.npz,,,,
SYN_0012,done,ok,/Users/sandeep/Workspace/Personal/LunaVisionAi/exoplanet_pipeline/data/processed/lc_detrended/SYN_0012.npz,32487.0,219.467,0.016502,0.005337
SYN_0013,skipped,already exists,/Users/sandeep/Workspace/Personal/LunaVisionAi/exoplanet_pipeline/data/processed/lc_detrended/SYN_0013.npz,,,,
SYN_0014,done,ok,/Users/sandeep/Workspace/Personal/LunaVisionAi/exoplanet_pipeline/data/processed/lc_detrended/SYN_0014.npz,35724.0,51.773,0.040781,0.005805
SYN_0015,skipped,already exists,/Users/sandeep/Workspace/Personal/LunaVisionAi/exoplanet_pipeline/data/processed/lc_detrended/SYN_0015.npz,,,,
SYN_0016,skipped,already exists,/Users/sandeep/Workspace/Personal/LunaVisionAi/exoplanet_pipeline/data/processed/lc_detrended/SYN_0016.npz,,,,
SYN_0017,done,ok,/Users/sandeep/Workspace/Personal/LunaVisionAi/exoplanet_pipeline/data/processed/lc_detrended/SYN_0017.npz,43816.0,296.634,0.045635,0.01679
SYN_0018,skipped,already exists,/Users/sandeep/Workspace/Personal/LunaVisionAi/exoplanet_pipeline/data/processed/lc_detrended/SYN_0018.npz,,,,
SYN_0019,done,ok,/Users/sandeep/Workspace/Personal/LunaVisionAi/exoplanet_pipeline/data/processed/lc_detrended/SYN_0019.npz,28073.0,400.9,0.011777,0.006864
SYN_0020,done,ok,/Users/sandeep/Workspace/Personal/LunaVisionAi/exoplanet_pipeline/data/processed/lc_detrended/SYN_0020.npz,121607.0,25.839,0.006611,0.006371
SYN_0021,skipped,already exists,/Users/sandeep/Workspace/Personal/LunaVisionAi/exoplanet_pipeline/data/processed/lc_detrended/SYN_0021.npz,,,,
SYN_0022,done,ok,/Users/sandeep/Workspace/Personal/LunaVisionAi/exoplanet_pipeline/data/processed/lc_detrended/SYN_0022.npz,34631.0,54.618,0.01992,0.017839
SYN_0023,skipped,already exists,/Users/sandeep/Workspace/Personal/LunaVisionAi/exoplanet_pipeline/data/processed/lc_detrended/SYN_0023.npz,,,,
SYN_0024,done,ok,/Users/sandeep/Workspace/Personal/LunaVisionAi/exoplanet_pipeline/data/processed/lc_detrended/SYN_0024.npz,26245.0,382.799,0.054737,0.008798
SYN_0025,skipped,already exists,/Users/sandeep/Workspace/Personal/LunaVisionAi/exoplanet_pipeline/data/processed/lc_detrended/SYN_0025.npz,,,,
SYN_0026,done,ok,/Users/sandeep/Workspace/Personal/LunaVisionAi/exoplanet_pipeline/data/processed/lc_detrended/SYN_0026.npz,19474.0,27.719,0.016836,0.016867
SYN_0027,done,ok,/Users/sandeep/Workspace/Personal/LunaVisionAi/exoplanet_pipeline/data/processed/lc_detrended/SYN_0027.npz,29156.0,401.187,0.010293,0.009815
SYN_0028,skipped,already exists,/Users/sandeep/Workspace/Personal/LunaVisionAi/exoplanet_pipeline/data/processed/lc_detrended/SYN_0028.npz,,,,
SYN_0029,skipped,already exists,/Users/sandeep/Workspace/Personal/LunaVisionAi/exoplanet_pipeline/data/processed/lc_detrended/SYN_0029.npz,,,,
SYN_0030,done,ok,/Users/sandeep/Workspace/Personal/LunaVisionAi/exoplanet_pipeline/data/processed/lc_detrended/SYN_0030.npz,110706.0,24.089,0.003477,0.003285
SYN_0031,skipped,already exists,/Users/sandeep/Workspace/Personal/LunaVisionAi/exoplanet_pipeline/data/processed/lc_detrended/SYN_0031.npz,,,,
SYN_0032,done,ok,/Users/sandeep/Workspace/Personal/LunaVisionAi/exoplanet_pipeline/data/processed/lc_detrended/SYN_0032.npz,29858.0,50.201,0.007686,0.005798
SYN_0033,skipped,already exists,/Users/sandeep/Workspace/Personal/LunaVisionAi/exoplanet_pipeline/data/processed/lc_detrended/SYN_0033.npz,,,,
SYN_0034,done,ok,/Users/sandeep/Workspace/Personal/LunaVisionAi/exoplanet_pipeline/data/processed/lc_detrended/SYN_0034.npz,35258.0,56.038,0.007132,0.006036
SYN_0035,skipped,already exists,/Users/sandeep/Workspace/Personal/LunaVisionAi/exoplanet_pipeline/data/processed/lc_detrended/SYN_0035.npz,,,,
SYN_0036,skipped,already exists,/Users/sandeep/Workspace/Personal/LunaVisionAi/exoplanet_pipeline/data/processed/lc_detrended/SYN_0036.npz,,,,
SYN_0037,done,ok,/Users/sandeep/Workspace/Personal/LunaVisionAi/exoplanet_pipeline/data/processed/lc_detrended/SYN_0037.npz,16750.0,25.703,0.008095,0.007885
SYN_0038,done,ok,/Users/sandeep/Workspace/Personal/LunaVisionAi/exoplanet_pipeline/data/processed/lc_detrended/SYN_0038.npz,34389.0,51.298,0.005472,0.005221
SYN_0039,done,ok,/Users/sandeep/Workspace/Personal/LunaVisionAi/exoplanet_pipeline/data/processed/lc_detrended/SYN_0039.npz,38075.0,54.618,0.019118,0.011815
SYN_0040,done,ok,/Users/sandeep/Workspace/Personal/LunaVisionAi/exoplanet_pipeline/data/processed/lc_detrended/SYN_0040.npz,29156.0,401.187,0.010318,0.009812
SYN_0041,done,ok,/Users/sandeep/Workspace/Personal/LunaVisionAi/exoplanet_pipeline/data/processed/lc_detrended/SYN_0041.npz,32012.0,55.008,0.021065,0.008498
SYN_0042,skipped,already exists,/Users/sandeep/Workspace/Personal/LunaVisionAi/exoplanet_pipeline/data/processed/lc_detrended/SYN_0042.npz,,,,
SYN_0043,skipped,already exists,/Users/sandeep/Workspace/Personal/LunaVisionAi/exoplanet_pipeline/data/processed/lc_detrended/SYN_0043.npz,,,,
SYN_0044,skipped,already exists,/Users/sandeep/Workspace/Personal/LunaVisionAi/exoplanet_pipeline/data/processed/lc_detrended/SYN_0044.npz,,,,
SYN_0045,done,ok,/Users/sandeep/Workspace/Personal/LunaVisionAi/exoplanet_pipeline/data/processed/lc_detrended/SYN_0045.npz,28533.0,570.375,0.062664,0.017969
SYN_0046,skipped,already exists,/Users/sandeep/Workspace/Personal/LunaVisionAi/exoplanet_pipeline/data/processed/lc_detrended/SYN_0046.npz,,,,
SYN_0047,skipped,already exists,/Users/sandeep/Workspace/Personal/LunaVisionAi/exoplanet_pipeline/data/processed/lc_detrended/SYN_0047.npz,,,,
SYN_0048,skipped,already exists,/Users/sandeep/Workspace/Personal/LunaVisionAi/exoplanet_pipeline/data/processed/lc_detrended/SYN_0048.npz,,,,
SYN_0049,skipped,already exists,/Users/sandeep/Workspace/Personal/LunaVisionAi/exoplanet_pipeline/data/processed/lc_detrended/SYN_0049.npz,,,,
SYN_0050,skipped,already exists,/Users/sandeep/Workspace/Personal/LunaVisionAi/exoplanet_pipeline/data/processed/lc_detrended/SYN_0050.npz,,,,
SYN_0051,skipped,already exists,/Users/sandeep/Workspace/Personal/LunaVisionAi/exoplanet_pipeline/data/processed/lc_detrended/SYN_0051.npz,,,,
SYN_0052,skipped,already exists,/Users/sandeep/Workspace/Personal/LunaVisionAi/exoplanet_pipeline/data/processed/lc_detrended/SYN_0052.npz,,,,
SYN_0053,skipped,already exists,/Users/sandeep/Workspace/Personal/LunaVisionAi/exoplanet_pipeline/data/processed/lc_detrended/SYN_0053.npz,,,,
SYN_0054,skipped,already exists,/Users/sandeep/Workspace/Personal/LunaVisionAi/exoplanet_pipeline/data/processed/lc_detrended/SYN_0054.npz,,,,
SYN_0055,done,ok,/Users/sandeep/Workspace/Personal/LunaVisionAi/exoplanet_pipeline/data/processed/lc_detrended/SYN_0055.npz,36550.0,408.586,0.081298,0.008288
SYN_0057,done,ok,/Users/sandeep/Workspace/Personal/LunaVisionAi/exoplanet_pipeline/data/processed/lc_detrended/SYN_0057.npz,26944.0,49.613,0.0267,0.017879
SYN_0058,skipped,already exists,/Users/sandeep/Workspace/Personal/LunaVisionAi/exoplanet_pipeline/data/processed/lc_detrended/SYN_0058.npz,,,,
SYN_0059,skipped,already exists,/Users/sandeep/Workspace/Personal/LunaVisionAi/exoplanet_pipeline/data/processed/lc_detrended/SYN_0059.npz,,,,
SYN_0060,done,ok,/Users/sandeep/Workspace/Personal/LunaVisionAi/exoplanet_pipeline/data/processed/lc_detrended/SYN_0060.npz,19474.0,27.719,0.016801,0.016828
SYN_0061,skipped,already exists,/Users/sandeep/Workspace/Personal/LunaVisionAi/exoplanet_pipeline/data/processed/lc_detrended/SYN_0061.npz,,,,
SYN_0062,skipped,already exists,/Users/sandeep/Workspace/Personal/LunaVisionAi/exoplanet_pipeline/data/processed/lc_detrended/SYN_0062.npz,,,,
SYN_0063,skipped,already exists,/Users/sandeep/Workspace/Personal/LunaVisionAi/exoplanet_pipeline/data/processed/lc_detrended/SYN_0063.npz,,,,
SYN_0064,skipped,already exists,/Users/sandeep/Workspace/Personal/LunaVisionAi/exoplanet_pipeline/data/processed/lc_detrended/SYN_0064.npz,,,,
SYN_0065,skipped,already exists,/Users/sandeep/Workspace/Personal/LunaVisionAi/exoplanet_pipeline/data/processed/lc_detrended/SYN_0065.npz,,,,
SYN_0066,skipped,already exists,/Users/sandeep/Workspace/Personal/LunaVisionAi/exoplanet_pipeline/data/processed/lc_detrended/SYN_0066.npz,,,,
SYN_0067,skipped,already exists,/Users/sandeep/Workspace/Personal/LunaVisionAi/exoplanet_pipeline/data/processed/lc_detrended/SYN_0067.npz,,,,
SYN_0068,gated,robust rms 0.0435 > 0.02,,,,,
SYN_0069,done,ok,/Users/sandeep/Workspace/Personal/LunaVisionAi/exoplanet_pipeline/data/processed/lc_detrended/SYN_0069.npz,177845.0,50.327,0.013484,0.002514
SYN_0070,skipped,already exists,/Users/sandeep/Workspace/Personal/LunaVisionAi/exoplanet_pipeline/data/processed/lc_detrended/SYN_0070.npz,,,,
SYN_0071,skipped,already exists,/Users/sandeep/Workspace/Personal/LunaVisionAi/exoplanet_pipeline/data/processed/lc_detrended/SYN_0071.npz,,,,
SYN_0072,done,ok,/Users/sandeep/Workspace/Personal/LunaVisionAi/exoplanet_pipeline/data/processed/lc_detrended/SYN_0072.npz,25549.0,56.836,0.041234,0.011428
SYN_0073,skipped,already exists,/Users/sandeep/Workspace/Personal/LunaVisionAi/exoplanet_pipeline/data/processed/lc_detrended/SYN_0073.npz,,,,
SYN_0074,done,ok,/Users/sandeep/Workspace/Personal/LunaVisionAi/exoplanet_pipeline/data/processed/lc_detrended/SYN_0074.npz,29156.0,401.187,0.01032,0.009855
SYN_0075,done,ok,/Users/sandeep/Workspace/Personal/LunaVisionAi/exoplanet_pipeline/data/processed/lc_detrended/SYN_0075.npz,38075.0,54.618,0.019134,0.011858
SYN_0076,skipped,already exists,/Users/sandeep/Workspace/Personal/LunaVisionAi/exoplanet_pipeline/data/processed/lc_detrended/SYN_0076.npz,,,,
SYN_0077,skipped,already exists,/Users/sandeep/Workspace/Personal/LunaVisionAi/exoplanet_pipeline/data/processed/lc_detrended/SYN_0077.npz,,,,
SYN_0078,done,ok,/Users/sandeep/Workspace/Personal/LunaVisionAi/exoplanet_pipeline/data/processed/lc_detrended/SYN_0078.npz,36033.0,54.364,0.006332,0.005172
SYN_0079,gated,robust rms 0.0515 > 0.02,,,,,
SYN_0080,skipped,already exists,/Users/sandeep/Workspace/Personal/LunaVisionAi/exoplanet_pipeline/data/processed/lc_detrended/SYN_0080.npz,,,,
SYN_0081,skipped,already exists,/Users/sandeep/Workspace/Personal/LunaVisionAi/exoplanet_pipeline/data/processed/lc_detrended/SYN_0081.npz,,,,
SYN_0082,skipped,already exists,/Users/sandeep/Workspace/Personal/LunaVisionAi/exoplanet_pipeline/data/processed/lc_detrended/SYN_0082.npz,,,,
SYN_0083,done,ok,/Users/sandeep/Workspace/Personal/LunaVisionAi/exoplanet_pipeline/data/processed/lc_detrended/SYN_0083.npz,116779.0,23.493,0.0048,0.00321
SYN_0084,skipped,already exists,/Users/sandeep/Workspace/Personal/LunaVisionAi/exoplanet_pipeline/data/processed/lc_detrended/SYN_0084.npz,,,,
SYN_0085,skipped,already exists,/Users/sandeep/Workspace/Personal/LunaVisionAi/exoplanet_pipeline/data/processed/lc_detrended/SYN_0085.npz,,,,
SYN_0086,done,ok,/Users/sandeep/Workspace/Personal/LunaVisionAi/exoplanet_pipeline/data/processed/lc_detrended/SYN_0086.npz,35917.0,757.127,0.010782,0.009702
SYN_0087,done,ok,/Users/sandeep/Workspace/Personal/LunaVisionAi/exoplanet_pipeline/data/processed/lc_detrended/SYN_0087.npz,34119.0,219.467,0.02678,0.006184
SYN_0088,skipped,already exists,/Users/sandeep/Workspace/Personal/LunaVisionAi/exoplanet_pipeline/data/processed/lc_detrended/SYN_0088.npz,,,,
SYN_0089,skipped,already exists,/Users/sandeep/Workspace/Personal/LunaVisionAi/exoplanet_pipeline/data/processed/lc_detrended/SYN_0089.npz,,,,
SYN_0090,skipped,already exists,/Users/sandeep/Workspace/Personal/LunaVisionAi/exoplanet_pipeline/data/processed/lc_detrended/SYN_0090.npz,,,,
SYN_0091,skipped,already exists,/Users/sandeep/Workspace/Personal/LunaVisionAi/exoplanet_pipeline/data/processed/lc_detrended/SYN_0091.npz,,,,
SYN_0092,done,ok,/Users/sandeep/Workspace/Personal/LunaVisionAi/exoplanet_pipeline/data/processed/lc_detrended/SYN_0092.npz,39346.0,56.792,0.011253,0.007508
SYN_0093,skipped,already exists,/Users/sandeep/Workspace/Personal/LunaVisionAi/exoplanet_pipeline/data/processed/lc_detrended/SYN_0093.npz,,,,
SYN_0094,done,ok,/Users/sandeep/Workspace/Personal/LunaVisionAi/exoplanet_pipeline/data/processed/lc_detrended/SYN_0094.npz,128889.0,26.697,0.003631,0.00344
SYN_0095,gated,robust rms 0.0305 > 0.02,,,,,
SYN_0096,skipped,already exists,/Users/sandeep/Workspace/Personal/LunaVisionAi/exoplanet_pipeline/data/processed/lc_detrended/SYN_0096.npz,,,,
SYN_0097,skipped,already exists,/Users/sandeep/Workspace/Personal/LunaVisionAi/exoplanet_pipeline/data/processed/lc_detrended/SYN_0097.npz,,,,
SYN_0098,skipped,already exists,/Users/sandeep/Workspace/Personal/LunaVisionAi/exoplanet_pipeline/data/processed/lc_detrended/SYN_0098.npz,,,,
SYN_0099,skipped,already exists,/Users/sandeep/Workspace/Personal/LunaVisionAi/exoplanet_pipeline/data/processed/lc_detrended/SYN_0099.npz,,,,
SYN_0100,skipped,already exists,/Users/sandeep/Workspace/Personal/LunaVisionAi/exoplanet_pipeline/data/processed/lc_detrended/SYN_0100.npz,,,,
SYN_0101,skipped,already exists,/Users/sandeep/Workspace/Personal/LunaVisionAi/exoplanet_pipeline/data/processed/lc_detrended/SYN_0101.npz,,,,
SYN_0102,skipped,already exists,/Users/sandeep/Workspace/Personal/LunaVisionAi/exoplanet_pipeline/data/processed/lc_detrended/SYN_0102.npz,,,,
SYN_0103,skipped,already exists,/Users/sandeep/Workspace/Personal/LunaVisionAi/exoplanet_pipeline/data/processed/lc_detrended/SYN_0103.npz,,,,
SYN_0104,skipped,already exists,/Users/sandeep/Workspace/Personal/LunaVisionAi/exoplanet_pipeline/data/processed/lc_detrended/SYN_0104.npz,,,,
SYN_0105,skipped,already exists,/Users/sandeep/Workspace/Personal/LunaVisionAi/exoplanet_pipeline/data/processed/lc_detrended/SYN_0105.npz,,,,
SYN_0106,skipped,already exists,/Users/sandeep/Workspace/Personal/LunaVisionAi/exoplanet_pipeline/data/processed/lc_detrended/SYN_0106.npz,,,,
SYN_0107,skipped,already exists,/Users/sandeep/Workspace/Personal/LunaVisionAi/exoplanet_pipeline/data/processed/lc_detrended/SYN_0107.npz,,,,
SYN_0108,skipped,already exists,/Users/sandeep/Workspace/Personal/LunaVisionAi/exoplanet_pipeline/data/processed/lc_detrended/SYN_0108.npz,,,,
SYN_0109,skipped,already exists,/Users/sandeep/Workspace/Personal/LunaVisionAi/exoplanet_pipeline/data/processed/lc_detrended/SYN_0109.npz,,,,
SYN_0110,skipped,already exists,/Users/sandeep/Workspace/Personal/LunaVisionAi/exoplanet_pipeline/data/processed/lc_detrended/SYN_0110.npz,,,,
SYN_0111,done,ok,/Users/sandeep/Workspace/Personal/LunaVisionAi/exoplanet_pipeline/data/processed/lc_detrended/SYN_0111.npz,34385.0,51.298,0.005456,0.005207
SYN_0112,skipped,already exists,/Users/sandeep/Workspace/Personal/LunaVisionAi/exoplanet_pipeline/data/processed/lc_detrended/SYN_0112.npz,,,,
SYN_0113,skipped,already exists,/Users/sandeep/Workspace/Personal/LunaVisionAi/exoplanet_pipeline/data/processed/lc_detrended/SYN_0113.npz,,,,
SYN_0114,skipped,already exists,/Users/sandeep/Workspace/Personal/LunaVisionAi/exoplanet_pipeline/data/processed/lc_detrended/SYN_0114.npz,,,,
SYN_0115,skipped,already exists,/Users/sandeep/Workspace/Personal/LunaVisionAi/exoplanet_pipeline/data/processed/lc_detrended/SYN_0115.npz,,,,
SYN_0116,gated,robust rms 0.0237 > 0.02,,,,,
SYN_0117,skipped,already exists,/Users/sandeep/Workspace/Personal/LunaVisionAi/exoplanet_pipeline/data/processed/lc_detrended/SYN_0117.npz,,,,
SYN_0118,done,ok,/Users/sandeep/Workspace/Personal/LunaVisionAi/exoplanet_pipeline/data/processed/lc_detrended/SYN_0118.npz,169060.0,49.18,0.00551,0.005246
SYN_0119,skipped,already exists,/Users/sandeep/Workspace/Personal/LunaVisionAi/exoplanet_pipeline/data/processed/lc_detrended/SYN_0119.npz,,,,
SYN_0120,skipped,already exists,/Users/sandeep/Workspace/Personal/LunaVisionAi/exoplanet_pipeline/data/processed/lc_detrended/SYN_0120.npz,,,,
SYN_0121,skipped,already exists,/Users/sandeep/Workspace/Personal/LunaVisionAi/exoplanet_pipeline/data/processed/lc_detrended/SYN_0121.npz,,,,
SYN_0122,done,ok,/Users/sandeep/Workspace/Personal/LunaVisionAi/exoplanet_pipeline/data/processed/lc_detrended/SYN_0122.npz,32290.0,132.643,0.006985,0.006873
SYN_0123,skipped,already exists,/Users/sandeep/Workspace/Personal/LunaVisionAi/exoplanet_pipeline/data/processed/lc_detrended/SYN_0123.npz,,,,
SYN_0124,done,ok,/Users/sandeep/Workspace/Personal/LunaVisionAi/exoplanet_pipeline/data/processed/lc_detrended/SYN_0124.npz,15300.0,24.178,0.013639,0.013504
SYN_0125,skipped,already exists,/Users/sandeep/Workspace/Personal/LunaVisionAi/exoplanet_pipeline/data/processed/lc_detrended/SYN_0125.npz,,,,
SYN_0126,skipped,already exists,/Users/sandeep/Workspace/Personal/LunaVisionAi/exoplanet_pipeline/data/processed/lc_detrended/SYN_0126.npz,,,,
SYN_0127,done,ok,/Users/sandeep/Workspace/Personal/LunaVisionAi/exoplanet_pipeline/data/processed/lc_detrended/SYN_0127.npz,115125.0,23.921,0.00579,0.005579
SYN_0128,done,ok,/Users/sandeep/Workspace/Personal/LunaVisionAi/exoplanet_pipeline/data/processed/lc_detrended/SYN_0128.npz,36577.0,56.219,0.039026,0.006236
SYN_0129,skipped,already exists,/Users/sandeep/Workspace/Personal/LunaVisionAi/exoplanet_pipeline/data/processed/lc_detrended/SYN_0129.npz,,,,
SYN_0130,skipped,already exists,/Users/sandeep/Workspace/Personal/LunaVisionAi/exoplanet_pipeline/data/processed/lc_detrended/SYN_0130.npz,,,,
SYN_0131,skipped,already exists,/Users/sandeep/Workspace/Personal/LunaVisionAi/exoplanet_pipeline/data/processed/lc_detrended/SYN_0131.npz,,,,
SYN_0132,skipped,already exists,/Users/sandeep/Workspace/Personal/LunaVisionAi/exoplanet_pipeline/data/processed/lc_detrended/SYN_0132.npz,,,,
SYN_0133,done,ok,/Users/sandeep/Workspace/Personal/LunaVisionAi/exoplanet_pipeline/data/processed/lc_detrended/SYN_0133.npz,15715.0,24.043,0.014508,0.013507
SYN_0134,skipped,already exists,/Users/sandeep/Workspace/Personal/LunaVisionAi/exoplanet_pipeline/data/processed/lc_detrended/SYN_0134.npz,,,,
SYN_0135,skipped,already exists,/Users/sandeep/Workspace/Personal/LunaVisionAi/exoplanet_pipeline/data/processed/lc_detrended/SYN_0135.npz,,,,
SYN_0136,skipped,already exists,/Users/sandeep/Workspace/Personal/LunaVisionAi/exoplanet_pipeline/data/processed/lc_detrended/SYN_0136.npz,,,,
SYN_0137,skipped,already exists,/Users/sandeep/Workspace/Personal/LunaVisionAi/exoplanet_pipeline/data/processed/lc_detrended/SYN_0137.npz,,,,
SYN_0138,skipped,already exists,/Users/sandeep/Workspace/Personal/LunaVisionAi/exoplanet_pipeline/data/processed/lc_detrended/SYN_0138.npz,,,,
SYN_0139,skipped,already exists,/Users/sandeep/Workspace/Personal/LunaVisionAi/exoplanet_pipeline/data/processed/lc_detrended/SYN_0139.npz,,,,
SYN_0140,skipped,already exists,/Users/sandeep/Workspace/Personal/LunaVisionAi/exoplanet_pipeline/data/processed/lc_detrended/SYN_0140.npz,,,,
SYN_0141,skipped,already exists,/Users/sandeep/Workspace/Personal/LunaVisionAi/exoplanet_pipeline/data/processed/lc_detrended/SYN_0141.npz,,,,
SYN_0142,skipped,already exists,/Users/sandeep/Workspace/Personal/LunaVisionAi/exoplanet_pipeline/data/processed/lc_detrended/SYN_0142.npz,,,,
SYN_0143,skipped,already exists,/Users/sandeep/Workspace/Personal/LunaVisionAi/exoplanet_pipeline/data/processed/lc_detrended/SYN_0143.npz,,,,
SYN_0144,gated,robust rms 0.0288 > 0.02,,,,,
SYN_0145,done,ok,/Users/sandeep/Workspace/Personal/LunaVisionAi/exoplanet_pipeline/data/processed/lc_detrended/SYN_0145.npz,30026.0,757.217,0.019376,0.00795
SYN_0146,skipped,already exists,/Users/sandeep/Workspace/Personal/LunaVisionAi/exoplanet_pipeline/data/processed/lc_detrended/SYN_0146.npz,,,,
SYN_0147,skipped,already exists,/Users/sandeep/Workspace/Personal/LunaVisionAi/exoplanet_pipeline/data/processed/lc_detrended/SYN_0147.npz,,,,
SYN_0148,skipped,already exists,/Users/sandeep/Workspace/Personal/LunaVisionAi/exoplanet_pipeline/data/processed/lc_detrended/SYN_0148.npz,,,,
SYN_0149,done,ok,/Users/sandeep/Workspace/Personal/LunaVisionAi/exoplanet_pipeline/data/processed/lc_detrended/SYN_0149.npz,34437.0,51.454,0.016216,0.011231
SYN_0150,done,ok,/Users/sandeep/Workspace/Personal/LunaVisionAi/exoplanet_pipeline/data/processed/lc_detrended/SYN_0150.npz,130394.0,27.303,0.002695,0.002649
SYN_0151,skipped,already exists,/Users/sandeep/Workspace/Personal/LunaVisionAi/exoplanet_pipeline/data/processed/lc_detrended/SYN_0151.npz,,,,
SYN_0152,skipped,already exists,/Users/sandeep/Workspace/Personal/LunaVisionAi/exoplanet_pipeline/data/processed/lc_detrended/SYN_0152.npz,,,,
SYN_0153,skipped,already exists,/Users/sandeep/Workspace/Personal/LunaVisionAi/exoplanet_pipeline/data/processed/lc_detrended/SYN_0153.npz,,,,
SYN_0154,skipped,already exists,/Users/sandeep/Workspace/Personal/LunaVisionAi/exoplanet_pipeline/data/processed/lc_detrended/SYN_0154.npz,,,,
SYN_0155,done,ok,/Users/sandeep/Workspace/Personal/LunaVisionAi/exoplanet_pipeline/data/processed/lc_detrended/SYN_0155.npz,35885.0,56.856,0.040423,0.00605
SYN_0156,skipped,already exists,/Users/sandeep/Workspace/Personal/LunaVisionAi/exoplanet_pipeline/data/processed/lc_detrended/SYN_0156.npz,,,,
SYN_0157,done,ok,/Users/sandeep/Workspace/Personal/LunaVisionAi/exoplanet_pipeline/data/processed/lc_detrended/SYN_0157.npz,24226.0,52.262,0.006528,0.006049
SYN_0158,skipped,already exists,/Users/sandeep/Workspace/Personal/LunaVisionAi/exoplanet_pipeline/data/processed/lc_detrended/SYN_0158.npz,,,,
SYN_0159,skipped,already exists,/Users/sandeep/Workspace/Personal/LunaVisionAi/exoplanet_pipeline/data/processed/lc_detrended/SYN_0159.npz,,,,
SYN_0160,skipped,already exists,/Users/sandeep/Workspace/Personal/LunaVisionAi/exoplanet_pipeline/data/processed/lc_detrended/SYN_0160.npz,,,,
SYN_0161,skipped,already exists,/Users/sandeep/Workspace/Personal/LunaVisionAi/exoplanet_pipeline/data/processed/lc_detrended/SYN_0161.npz,,,,
SYN_0162,skipped,already exists,/Users/sandeep/Workspace/Personal/LunaVisionAi/exoplanet_pipeline/data/processed/lc_detrended/SYN_0162.npz,,,,
SYN_0163,skipped,already exists,/Users/sandeep/Workspace/Personal/LunaVisionAi/exoplanet_pipeline/data/processed/lc_detrended/SYN_0163.npz,,,,
SYN_0164,gated,robust rms 0.0208 > 0.02,,,,,
SYN_0165,skipped,already exists,/Users/sandeep/Workspace/Personal/LunaVisionAi/exoplanet_pipeline/data/processed/lc_detrended/SYN_0165.npz,,,,
SYN_0166,skipped,already exists,/Users/sandeep/Workspace/Personal/LunaVisionAi/exoplanet_pipeline/data/processed/lc_detrended/SYN_0166.npz,,,,
SYN_0167,skipped,already exists,/Users/sandeep/Workspace/Personal/LunaVisionAi/exoplanet_pipeline/data/processed/lc_detrended/SYN_0167.npz,,,,
SYN_0168,skipped,already exists,/Users/sandeep/Workspace/Personal/LunaVisionAi/exoplanet_pipeline/data/processed/lc_detrended/SYN_0168.npz,,,,
SYN_0169,skipped,already exists,/Users/sandeep/Workspace/Personal/LunaVisionAi/exoplanet_pipeline/data/processed/lc_detrended/SYN_0169.npz,,,,
SYN_0170,skipped,already exists,/Users/sandeep/Workspace/Personal/LunaVisionAi/exoplanet_pipeline/data/processed/lc_detrended/SYN_0170.npz,,,,
SYN_0171,skipped,already exists,/Users/sandeep/Workspace/Personal/LunaVisionAi/exoplanet_pipeline/data/processed/lc_detrended/SYN_0171.npz,,,,
SYN_0172,skipped,already exists,/Users/sandeep/Workspace/Personal/LunaVisionAi/exoplanet_pipeline/data/processed/lc_detrended/SYN_0172.npz,,,,
SYN_0173,skipped,already exists,/Users/sandeep/Workspace/Personal/LunaVisionAi/exoplanet_pipeline/data/processed/lc_detrended/SYN_0173.npz,,,,
SYN_0174,done,ok,/Users/sandeep/Workspace/Personal/LunaVisionAi/exoplanet_pipeline/data/processed/lc_detrended/SYN_0174.npz,15967.0,25.791,0.011529,0.01104
SYN_0175,done,ok,/Users/sandeep/Workspace/Personal/LunaVisionAi/exoplanet_pipeline/data/processed/lc_detrended/SYN_0175.npz,15305.0,24.178,0.014158,0.01399
SYN_0176,done,ok,/Users/sandeep/Workspace/Personal/LunaVisionAi/exoplanet_pipeline/data/processed/lc_detrended/SYN_0176.npz,19474.0,27.719,0.017075,0.017102
SYN_0177,skipped,already exists,/Users/sandeep/Workspace/Personal/LunaVisionAi/exoplanet_pipeline/data/processed/lc_detrended/SYN_0177.npz,,,,
SYN_0178,skipped,already exists,/Users/sandeep/Workspace/Personal/LunaVisionAi/exoplanet_pipeline/data/processed/lc_detrended/SYN_0178.npz,,,,
SYN_0179,skipped,already exists,/Users/sandeep/Workspace/Personal/LunaVisionAi/exoplanet_pipeline/data/processed/lc_detrended/SYN_0179.npz,,,,
SYN_0180,done,ok,/Users/sandeep/Workspace/Personal/LunaVisionAi/exoplanet_pipeline/data/processed/lc_detrended/SYN_0180.npz,36550.0,408.586,0.081297,0.008131
SYN_0181,skipped,already exists,/Users/sandeep/Workspace/Personal/LunaVisionAi/exoplanet_pipeline/data/processed/lc_detrended/SYN_0181.npz,,,,
SYN_0182,done,ok,/Users/sandeep/Workspace/Personal/LunaVisionAi/exoplanet_pipeline/data/processed/lc_detrended/SYN_0182.npz,136675.0,27.881,0.002658,0.002565
SYN_0183,skipped,already exists,/Users/sandeep/Workspace/Personal/LunaVisionAi/exoplanet_pipeline/data/processed/lc_detrended/SYN_0183.npz,,,,
SYN_0184,skipped,already exists,/Users/sandeep/Workspace/Personal/LunaVisionAi/exoplanet_pipeline/data/processed/lc_detrended/SYN_0184.npz,,,,
SYN_0185,skipped,already exists,/Users/sandeep/Workspace/Personal/LunaVisionAi/exoplanet_pipeline/data/processed/lc_detrended/SYN_0185.npz,,,,
SYN_0186,skipped,already exists,/Users/sandeep/Workspace/Personal/LunaVisionAi/exoplanet_pipeline/data/processed/lc_detrended/SYN_0186.npz,,,,
SYN_0187,skipped,already exists,/Users/sandeep/Workspace/Personal/LunaVisionAi/exoplanet_pipeline/data/processed/lc_detrended/SYN_0187.npz,,,,
SYN_0188,skipped,already exists,/Users/sandeep/Workspace/Personal/LunaVisionAi/exoplanet_pipeline/data/processed/lc_detrended/SYN_0188.npz,,,,
SYN_0189,skipped,already exists,/Users/sandeep/Workspace/Personal/LunaVisionAi/exoplanet_pipeline/data/processed/lc_detrended/SYN_0189.npz,,,,
SYN_0190,done,ok,/Users/sandeep/Workspace/Personal/LunaVisionAi/exoplanet_pipeline/data/processed/lc_detrended/SYN_0190.npz,26944.0,49.613,0.026625,0.017841
SYN_0191,skipped,already exists,/Users/sandeep/Workspace/Personal/LunaVisionAi/exoplanet_pipeline/data/processed/lc_detrended/SYN_0191.npz,,,,
SYN_0192,skipped,already exists,/Users/sandeep/Workspace/Personal/LunaVisionAi/exoplanet_pipeline/data/processed/lc_detrended/SYN_0192.npz,,,,
SYN_0193,done,ok,/Users/sandeep/Workspace/Personal/LunaVisionAi/exoplanet_pipeline/data/processed/lc_detrended/SYN_0193.npz,13519.0,23.896,0.008196,0.007976
SYN_0194,skipped,already exists,/Users/sandeep/Workspace/Personal/LunaVisionAi/exoplanet_pipeline/data/processed/lc_detrended/SYN_0194.npz,,,,
SYN_0195,skipped,already exists,/Users/sandeep/Workspace/Personal/LunaVisionAi/exoplanet_pipeline/data/processed/lc_detrended/SYN_0195.npz,,,,
SYN_0196,skipped,already exists,/Users/sandeep/Workspace/Personal/LunaVisionAi/exoplanet_pipeline/data/processed/lc_detrended/SYN_0196.npz,,,,
SYN_0197,done,ok,/Users/sandeep/Workspace/Personal/LunaVisionAi/exoplanet_pipeline/data/processed/lc_detrended/SYN_0197.npz,28380.0,50.656,0.007138,0.006219
SYN_0198,gated,robust rms 0.0306 > 0.02,,,,,
SYN_0199,skipped,already exists,/Users/sandeep/Workspace/Personal/LunaVisionAi/exoplanet_pipeline/data/processed/lc_detrended/SYN_0199.npz,,,,
