tic_id,ra,dec,tess_mag,stellar_Teff,stellar_logg,stellar_rad,stellar_mass,stellar_dist_pc,stellar_metallicity
231663901,318.737012,-55.871863,12.4069,5600.0,4.48851,0.890774011611938,1.05,375.31,
149603524,87.139821,-63.988329,9.7109,6280.0,4.32092,1.21,1.28,175.631,0.24
336732616,312.457488,-24.428694,11.5232,6351.0,4.22896,1.4,1.27,411.211,
231670397,319.949697,-58.148933,9.8638,6036.0,3.93359,2.21866989135742,1.16,316.678,
144065872,337.457824,-48.003099,9.4995,5630.0,4.37759,1.2382400035858154,1.03,137.544,
38846515,68.959816,-64.027039,10.3157,6900.0,4.438,1.77,1.44,364.411,
92352620,313.783239,-34.135751,9.6433,6153.0,4.18077,1.71,1.14,211.211,0.22
289793076,316.96148,-26.09672,13.163,5523.0,4.52192,0.8098679780960083,0.95,421.855,
29344935,313.215475,-25.687376,13.2366,5346.0,4.48823,0.98486602306366,0.93,513.011,
281459670,5.618525,-59.942589,11.6714,5943.0,4.42524,1.1570600271225,1.03,342.14,-0.1
355703913,0.774487,-62.469317,13.183,5380.0,4.4337,0.940697014331818,0.95,508.842,0.245387
388104525,55.933639,-65.19378,11.6035,5650.0,4.28867,1.13732004165649,1.0,302.448,
97409519,332.714337,-30.749719,12.1893,6050.0,4.45061,1.02,1.17,448.637,
25155310,63.374706,-69.226593,10.6103,5800.0,4.28004,1.24175000190735,1.01,216.526,0.20683
281541555,6.70264,-56.316102,13.0417,5377.0,4.42476,0.877584993839264,0.96,453.808,
238176110,357.846434,-70.152862,11.0443,4920.0,4.49371,0.906655013561249,0.81,149.942,0.32
322307342,15.006077,-58.904724,11.7806,5704.8,3.84,2.00441002845764,1.02,603.955,-0.25
266980320,349.559266,-56.903986,9.179,5586.0,4.36763,1.05,0.97,94.1719,
278683844,99.238421,-58.016153,9.2789,5332.0,4.56429,0.82,0.86,66.6187,
394137592,4.447163,-66.358928,7.1062,5479.3,3.77,2.48771,0.96,79.5702,-0.02
207081058,331.867517,-41.815511,9.9358,6053.0,4.3135,1.23,1.14,182.169,
231702397,332.948236,-58.946085,13.084,3318.0,4.9581,0.334125012159348,0.315858,62.118,
290131778,319.699588,-26.616374,7.87598,6188.0,4.27166,2.62,1.263,161.498,
29831208,66.58263,-67.806354,11.1311,5080.0,4.48159,4.09,,809.252,
52368076,23.593425,-66.676349,10.1985,5154.0,4.47072,0.85,0.91,111.059,
70440470,339.489275,-35.154203,12.7923,5751.0,4.35036,1.0722399950027466,1.09,573.027,
234523599,15.551889,-61.756133,14.1266,3424.0,4.438,0.445371985435486,0.44159,140.225,
391949880,79.520938,-80.964384,7.9849,6086.0,4.26269,1.13,1.13,68.4727,
201248411,0.185606,-54.830823,9.9005,4486.0,4.49914,0.764401018619537,0.7,61.7856,
263003176,12.546778,-83.743767,7.4371,6295.7,4.438,1.13742005825043,1.23,57.5846,
235037761,353.828713,-64.561917,9.8567,4174.0,4.34197,0.9,,,
89020549,338.399662,-43.436872,10.8061,5673.0,4.55383,0.940805971622467,0.91,163.678,
219338557,354.397374,-58.955078,9.9762,4028.0,4.55902,0.650533020496368,0.67,48.6326,
234994474,350.028592,-60.065729,9.22978,3794.0,4.67812,0.597006976604462,0.58564,25.1496,
267263253,7.328916,-76.304032,9.2205,6888.0,4.23416,1.59,1.46,196.852,
410153553,340.496204,-69.172108,11.9238,3043.0,5.09707,0.18862399458885196,0.157909,14.8846,
176957796,101.297491,-66.238326,10.702,4651.0,4.56937,0.69,0.74,88.8838,
277683130,328.926018,-61.673257,9.5739,5722.0,4.35582,1.11,,128.488,
62483237,336.402414,-34.909713,9.3636,4356.0,4.53491,0.700726985931396,0.69,42.4061,
140068425,330.301777,-49.060077,9.7828,6174.0,4.27404,2.35511,1.2,337.105,
403224672,338.983717,-59.864829,7.384,5795.29,4.438,1.13,1.04,48.0883,
425934411,4.60586,-62.847875,14.7109,3658.0,4.438,0.608075976371765,0.594628,320.237,
25375553,328.767739,-22.6126,9.77486,6371.0,3.94807,1.95411002635956,1.336,298.109,
261136679,84.29928,-80.464604,5.1054,5950.0,4.438,1.15,1.1,18.2702,0.0887839
265612438,333.174716,-55.978803,11.6789,5430.7,4.4,1.58,0.97,438.421,
355636844,358.302034,-56.013252,10.7124,,,,,739.632,
220435095,73.641474,-57.513453,11.8999,5620.9,3.6,2.61261010169983,1.0,820.079,-0.773322
393940766,338.320803,-38.159828,11.7835,5814.3,4.34,1.15,1.13,395.257,
260985861,76.635176,-80.768009,10.8727,5095.6,,,,380.81,
271893367,112.965421,-73.606036,10.9031,5982.9,4.03,1.6798700094223,1.1,336.267,0.211186
382302241,83.349121,-58.745093,11.0264,5037.6,4.72,0.79,0.87,137.504,0.102405
403287048,332.357482,-62.334453,11.3569,6347.0,4.23,1.22,1.26,376.849,
231081369,68.073785,-66.916299,11.7349,6338.3,4.16,1.49,,436.225,-0.26861
389525208,313.261454,-38.594923,10.0704,5910.7,3.59,2.57,1.17,402.734,
129637892,321.11498,-37.850181,9.0284,6220.5,3.99,1.79,1.35,187.131,
220518305,41.467598,-64.320687,10.294,5823.9,4.6,1.28,1.21,234.138,0.19
140691463,73.70144,-76.680606,12.0166,5638.0,4.35,1.10645997524261,1.0,355.683,
403136413,333.578718,-55.378981,11.2314,5988.0,4.08,2.3,1.15,601.367,-0.03
394657039,51.782268,-78.549831,10.5132,6979.2,4.22,1.58746004104614,1.53,347.593,0.17
253917293,337.500827,-31.924356,11.2901,5935.0,4.29,1.28,1.12,341.854,
348770361,46.686553,-82.316371,11.4964,5388.0,,0.98,,333.651,
99493790,317.639908,-23.305817,11.6834,5404.7,4.4,0.99,0.971,274.733,
179317684,79.768253,-71.895527,10.8719,6671.0,4.14,1.66401994228363,1.41,411.719,
79395355,320.054292,-51.309972,11.407,5926.0,4.27,1.3,1.15,360.131,
350743714,88.886226,-57.290745,9.6686,6038.0,3.96,1.91151,,210.311,
147203645,323.196086,-44.018036,10.7258,5254.0,4.45,1.00216996669769,0.94,172.157,
149990841,90.662482,-64.819484,11.6349,5766.0,,,,310.951,
369457671,311.64359,-37.904399,11.5147,4801.5,,0.73,0.74,130.977,
183120439,16.778688,-75.198945,11.788,5817.0,4.23,1.29660999774933,1.05,407.84,
394698182,54.989595,-83.088518,11.9692,5973.0,4.31,1.22,1.1,428.915,
309257814,124.269428,-63.213403,11.6626,5237.0,4.2427,1.10722994804382,0.88,256.345,
29857954,316.631879,-26.692865,10.7379,5801.8,4.32,1.79,1.031,342.831,
270341214,33.458853,-80.582711,8.8784,6409.0,4.20097,1.46862995624542,1.41,152.023,
425997655,55.459031,-62.767267,8.7513,4813.0,4.38,0.69,0.78,39.0341,-0.19
307210830,124.53286,-68.314466,9.41242,3469.0,4.9401,0.31,0.292836,10.6194,
272086159,115.003473,-72.205678,13.4004,3270.0,4.98242,0.271,0.302101,65.9528,
262530407,20.438428,-46.714723,9.49275,3703.0,4.76229,0.52,0.515356,22.4751,
251848941,7.302011,-30.454116,10.42,4111.0,4.55528,0.66,0.68,62.699,
207141131,44.262014,-56.191869,8.1796,5058.0,4.51761,0.8026329874992371,0.85,38.5653,
51912829,14.298639,-67.496189,9.5183,6082.0,3.77654,2.07012009620667,1.21,264.72,
76923707,352.172541,-34.49141,10.4654,4983.0,4.61445,0.8055729866027832,0.76,96.2338,
76989773,353.293998,-35.463992,9.683,5569.0,4.32065,0.96,,107.399,
183979262,21.650295,-72.748874,8.3291,6270.0,3.61332,2.72192,1.34,213.024,
300871545,117.657401,-70.533461,10.0433,6380.0,4.24852,1.44956004619598,1.41,247.441,
100100827,24.354462,-45.677794,8.8287,6400.0,4.36583,1.35,1.2,123.483,0.1
279741379,51.750188,-63.500166,6.9934,4628.53,4.32239,0.71,0.73,16.32,0.00265487
260304296,94.615541,-57.013501,9.109901,6725.0,4.19532,1.55194997787476,1.45,184.529,
280830734,44.555588,-70.760786,9.4668,6340.3,4.18,1.66088998317719,1.26,210.812,-0.46
278866211,100.807811,-55.244376,10.2638,6054.0,4.39416,1.04092,1.21,181.879,
166739520,36.775811,-50.284425,9.6411,6038.0,4.35513,1.2752699851989746,1.1,157.963,-0.36
183532609,359.900874,-35.031335,9.1468,5600.0,4.50501,1.0,0.99,89.9606,0.24
183537452,357.879198,-39.907121,10.2499,4800.0,4.53527,0.64,0.88,87.5953,0.17
183985250,358.668877,-37.628224,9.1031,5422.0,4.42223,0.98,0.93,80.4373,
211438925,5.160562,-23.935789,10.248,5940.0,4.23158,1.5,,211.877,0.04
230982885,24.605139,-55.772001,9.9696,5640.0,4.43703,1.13,1.01,151.068,
234519192,14.551689,-64.761541,8.0674,6495.0,3.32048,4.05956983566284,1.4,292.32,
441462736,353.033186,-21.801201,7.3566,5105.0,3.39182,2.9032399654388428,,95.5483,
12421862,2.271509,-27.121745,9.92801,3763.0,4.83739,0.44733598828315735,0.4437,23.7262,
309792357,80.105873,-59.895433,10.0391,5350.0,4.52347,0.88,0.88,102.27,
410214986,354.915467,-69.196043,7.8541,5414.0,4.438,0.951985001564026,0.94,44.0622,
350618622,87.401782,-54.910423,8.5822,6461.8,4.35,1.3303099870681765,1.31,113.825,0.18
355509914,15.52504,-59.087724,14.6723,4746.0,4.52746,0.820258021354675,0.73,627.339,
259962054,43.018076,-67.687016,12.2423,3203.0,5.01682,0.23,0.202161,24.7894,
281781375,12.97601,-59.343647,9.2182,5605.0,4.39973,1.03654003143311,0.98,95.3428,
281575427,7.975464,-56.965081,9.4525,6222.5,4.06,1.45,1.2,177.759,0.13
55650590,73.73822,-62.521874,12.4312,3358.0,4.438,0.351675987243652,0.336144,47.7465,
260271203,94.218082,-58.229798,13.4734,5963.0,4.31132,1.21025,1.18,969.506,
314865962,53.28158,-72.744051,10.3539,5493.0,4.43001,0.978380978107452,0.98,148.372,
52204645,19.394178,-66.903066,10.8545,4892.0,4.50955,0.742779016494751,0.81,113.387,
141608198,88.96184,-73.985288,12.5395,3275.0,4.438,0.330146014690399,0.311261,42.8091,
300293197,110.279707,-68.578366,9.4906,5873.97,4.35182,1.0887099504470823,,121.321,-0.560044
206609630,22.550024,-59.583246,12.5595,3332.0,4.94964,0.3,,,
234345288,38.887291,-71.624247,9.7806,4566.4,4.93,0.67,0.72,54.3256,-0.08
167415965,99.458741,-70.931327,8.0089,5346.2,4.6,0.8,0.92,38.96,-0.36
231912935,7.318008,-63.790623,10.5011,5821.0,4.44094,0.964450001716614,1.02,166.485,
55652896,73.980013,-63.26033,11.5748,5025.77,4.66348,0.801735997200012,0.84,177.945,0.316325
260043723,91.608698,-58.953703,8.735,6278.0,4.08153,1.55,1.26,142.018,
32090583,58.422001,-68.738628,13.3292,3146.0,4.438,0.28453800082206726,0.259077,52.3428,
260609205,97.453898,-57.254816,12.7222,6354.0,4.24472,2.23891997337341,1.19,1131.15,-0.194636
150098860,91.799699,-61.99721,9.6878,5272.71,3.98846,0.88,0.9,90.7402,-0.100718
316937670,356.492464,-56.344047,12.1535,3765.0,4.75169,0.525,0.385618,50.1632,
144440290,359.162484,-44.719403,8.7635,5709.0,4.438,1.0929,1.02,84.0311,
326453034,339.677571,-25.631849,10.2733,5063.0,4.48439,0.87237,,365.053,
70797900,1.977969,-29.979603,11.1427,3689.0,4.78104,0.4869999885559082,0.522,64.77016,
47525799,343.88039,-24.409733,11.0316,4658.0,4.53096,0.710767984390259,0.796,115.742,
47484268,342.967188,-24.78778,12.4253,3396.0,4.91468,0.334,0.378406,51.3563,
2760710,356.527357,-16.691464,13.8409,2808.0,5.20628,0.128,0.211546,52.3436,
77044471,358.558844,-30.013038,13.2576,5738.0,4.23836,1.1827399730682373,1.06,757.044,
120610833,5.237757,-35.998465,11.5005,5100.0,4.4651,0.874705970287323,0.91,211.196,0.43
160074939,346.319169,-36.945639,8.7435,6467.0,4.16063,1.57943,1.36,140.941,
204376737,348.157128,-22.674125,11.4779,5375.0,4.49371,0.817704975605011,0.93,197.119,-0.143
402026209,353.562915,-42.061779,11.8295,5436.0,4.46024,0.894973993301392,0.97,267.206,-0.01
415969908,343.708612,-18.912445,11.3018,3644.0,4.79912,0.380272001028061,0.36905,33.773,
12423815,2.568852,-26.282408,14.6253,3642.0,4.438,0.549329996109009,0.544652,249.345,
280095254,46.197914,-73.396374,9.4688,5454.42,3.44247,,,104.301,-1.12905
9727392,358.444734,-10.884958,11.2932,6421.5,4.19,1.47459,1.29,502.927,-0.31
305048087,353.243538,-29.416487,13.4102,3139.0,5.04944,0.21129900217056277,0.180288,38.0749,
9006668,349.231081,-18.606646,9.926601,5024.0,4.5685,0.77,0.84,80.5407,
9725627,358.408479,-10.118118,10.9774,6362.5,4.59,1.38830995559692,1.27,353.539,-0.2
101948569,14.75491,-44.160869,10.7011,4333.0,4.5109,0.702944993972778,0.67,74.881,
77031414,354.168696,-34.611304,10.9571,6286.0,4.438,1.0766099691391,1.03,232.98,
120585579,4.451423,-38.110855,12.5766,6083.0,4.28983,1.2666,1.19,577.489,
149010208,3.394115,-31.334403,11.681,6046.0,4.29639,1.94931995868683,1.31,709.175,
118327550,10.569754,-36.717974,10.3475,3342.0,4.438,0.4071030020713806,0.399476,22.0337,
154618248,345.779176,-33.500473,8.5509,6208.0,4.438,1.46,,127.272,
158623531,24.167869,-50.659308,11.2794,5070.0,4.47933,1.26,,169.272,
160148385,1.04657,-47.360635,11.9116,5540.0,4.42136,1.11654996871948,0.98,352.464,
201793781,34.684283,-54.859725,8.4642,5711.7,3.84,1.1214799880981443,1.02,75.9529,0.0
179985715,14.080026,-38.949234,11.2738,4157.0,4.59257,0.603417992591858,0.63,70.6272,
184240683,359.349028,-41.27722,11.5464,5700.0,4.39502,1.09409999847412,1.02,309.137,0.154118
224225541,353.062066,-37.255863,9.3258,5862.0,4.51783,0.955756008625031,1.04,99.523,
237924601,57.553653,-63.053919,11.7497,5071.0,4.48308,0.874822020530701,,190.596,
322063810,14.318503,-51.585251,9.3626,4020.0,4.438,0.639370977878571,0.63,30.8431,
49687222,351.705383,-11.725573,9.8343,6101.0,4.48196,1.01859,,133.3143,
204317710,346.075086,-21.272017,13.7426,5700.0,4.39704,1.00957000255585,1.01,745.116,
92226327,11.248632,-15.274109,11.2991,3131.0,5.05701,0.215534999966621,0.184589,14.9861,
200723869,47.517261,-50.832263,7.0286,6382.7,4.05,1.76557004451752,1.28,76.9028,
350445771,85.467425,-56.740455,11.0932,6474.57,4.26363,1.98958003520966,1.32,530.555,-0.169551
12862099,3.903273,-11.938264,12.3993,5410.0,4.47919,0.93,0.96,364.512,
37749396,4.773018,-9.96615,8.4991,4111.0,4.6461,0.6181730031967163,0.63,20.1852,
63898957,15.218141,-24.423993,9.03971,5890.3,3.92,1.28017997741699,1.069,114.495,-0.35
70513361,32.534687,-31.070627,8.1345,5302.58,4.53515,0.848675012588501,0.91,43.932,0.263727
120916706,37.108277,-25.097329,15.6198,3116.0,5.06043,0.439738005399704,0.435505,277.404,
122612091,41.040078,-30.169078,10.4614,6250.0,3.98811,2.66,1.03,434.754,-0.361602
159951311,49.562173,-41.302023,11.7276,5310.0,4.59604,0.846670985221863,0.87,212.472,
164767175,26.209253,-18.401384,9.45661,5784.0,4.438,0.9189170002937316,1.037,101.694,
166836920,39.897669,-50.008193,8.93,6180.0,4.11766,1.7092700004577637,1.14,158.66,
219253008,65.915528,-53.851102,10.0733,5868.0,3.57327,2.17,,320.497,
220479565,75.846283,-54.177721,12.2958,3607.0,4.438,0.39792400598526,0.389135,57.0225,
259377017,68.41608,-51.957394,10.4981,3551.0,4.83982,0.37435799837112427,0.362274,22.4793,
259511357,70.775511,-50.219478,8.4332,6025.0,4.33135,1.3301199674606323,1.15,100.245,
268766053,31.909164,-20.661843,11.7617,4953.0,4.55653,0.858618974685669,0.818,201.338,
279740441,51.504472,-64.548108,11.481,4304.6,4.57,0.66174,0.67,106.16,-0.15
281979481,130.505379,-75.801869,10.4929,5181.0,4.54631,0.8072980046272278,0.87,113.378,
373844472,81.516646,-67.232772,11.0611,5616.0,4.3762,0.82,1.0,144.866,
382188882,81.353084,-55.019925,10.6559,6366.0,4.16217,1.5808299779892,1.3,352.383,
439456714,19.076698,-20.953277,11.7315,3748.0,4.7573,0.523113012313843,0.520428,64.6692,
244161191,4.883562,-5.911561,13.1672,2955.0,5.13527,0.300639003515244,0.277347,44.397,
122613513,41.18845,-32.211043,10.5012,4140.0,4.46332,0.73,0.69,74.3761,
42054565,24.168388,-36.414011,9.9955,5454.0,4.59104,0.782680988311768,0.95,99.66,
38696105,66.136252,-60.129932,10.5041,6002.18,4.12354,1.52031004428864,1.11,283.856,0.257514
29781292,65.238307,-68.102688,8.9387,6321.0,4.22436,1.41189002990723,1.24,139.611,
382626661,118.569306,-65.441482,9.6768,5250.0,4.64176,0.81,0.9,82.7013,
277103955,84.254356,-66.790853,9.2927,4779.8,4.57,0.78,0.74,52.1472,
220459976,74.697171,-56.393814,12.1677,3891.0,4.64044,0.615038,0.622424,115.801,
150030205,90.984276,-60.666335,9.1059,5245.0,4.57666,0.79,0.86,59.2293,
2758565,356.283058,-17.449264,12.3611,5807.0,4.32,1.17008996009827,1.04,486.856,
47316976,340.307693,-28.032657,8.97174,6530.0,3.96,2.02086997032166,1.346,215.387,
201292545,2.900716,-56.599679,11.4483,5728.0,3.99,1.69,1.02,454.65,
201233610,359.516588,-49.300838,12.9528,5736.0,3.97,1.73,1.02,933.836,
49710555,352.16451,-10.85962,12.3035,5920.0,4.22,1.34,1.08,551.16,
180285396,14.714189,-36.688474,13.2806,4463.0,4.49,0.789514005184174,0.7,295.784,
355637190,358.154531,-54.468938,11.024,5905.0,4.13,1.4,1.11,336.367,
188570092,339.02584,-17.000305,11.3875,4521.0,4.5,0.79,0.711,127.589,
327952677,359.091858,-13.271638,12.141,5864.0,4.26,1.27070999145508,1.06,488.387,
382463648,353.105143,-45.909568,13.1066,5290.0,4.45,0.94608598947525,0.91,471.798,
115242351,6.17695,-36.114458,13.1099,4871.0,4.26,1.094290018081665,0.79,461.513,
206686292,344.060721,-34.361106,12.7602,6273.0,4.08,1.67605996131897,1.22,957.936,
156075294,10.594621,-48.293622,12.3012,5541.0,4.28,1.1931300163269,0.98,447.784,
166697854,35.737437,-53.070195,10.8387,5776.5,2.99,1.94,1.04,397.391,-1.09
144301052,354.297402,-42.010321,12.0684,6048.0,4.03,1.70457994937897,1.13,667.745,
229111835,17.481278,-52.239486,12.9317,4130.0,4.51,0.74,0.65,195.124,
145750719,341.364034,-14.991775,12.0213,5659.0,4.1,1.47,1.0,486.474,
262530873,20.494025,-44.416747,12.5145,6292.0,3.98,1.88,1.23,964.641,
102030574,15.844704,-44.705826,12.3294,5852.0,4.03,1.65,1.06,689.883,
114749636,359.191512,-22.153232,11.7607,5909.0,4.21,1.34089994430542,1.07,436.098,
9100874,350.578516,-22.67741,13.1198,5747.0,4.24,1.28155994415283,1.03,738.175,
281710229,11.484724,-55.922662,11.7628,4801.3,,0.85,,,
228507250,358.039579,-15.80105,12.4154,5329.0,,,,345.288,
175477257,351.105814,-36.975998,12.4191,5798.0,4.22,1.30429995059967,1.04,557.751,
434105231,354.335773,-13.455795,12.9517,4062.7,4.61,0.95,0.63,232.861,
180145006,14.523332,-37.942558,12.2607,5755.0,4.23,1.28259003162384,1.03,506.715,
9102327,350.779775,-19.41965,11.3018,5963.0,3.41,1.13,0.929,304.942,-1.3
316769613,354.668284,-32.860745,11.1741,4822.0,4.55,0.78,0.78,131.567,
66356824,12.076269,-32.119461,12.4245,5671.0,4.19,1.34,1.01,551.619,
8988289,354.759157,-9.882022,13.1186,4312.0,4.59,0.84,0.66,275.027,
402319411,353.540235,-14.860039,12.9238,5391.0,4.46,0.947584986686707,0.94,446.344,
206352378,355.015732,-53.039017,13.2316,4696.0,4.53,0.775888025760651,0.75,319.923,
389753172,351.290752,-47.945596,12.7464,4349.7,4.58,0.74,0.65,182.561,
188593930,345.522623,-16.360699,12.3574,5912.5,4.36,0.88,1.11,379.256,
175476629,350.977923,-38.225789,12.8509,5349.5,4.44,0.84,0.93,380.053,
198077394,63.825203,-56.253674,10.7074,5868.2,,2.76442003250122,,277.798,0.07
251852984,8.20273,-32.059418,13.3547,4558.0,4.52,0.775641024112701,0.72,315.141,
156002449,8.481996,-50.729434,13.4081,6113.0,4.29,1.27295005321503,1.15,944.552,
66413476,13.877098,-33.512305,12.004,4391.0,4.36,0.9,0.69,180.753,
144336525,356.11482,-46.866601,11.7549,6316.0,3.75,1.7439500093460083,0.94,462.239,-0.4
206669860,343.633009,-34.502725,13.4573,5960.0,4.23,1.31971001625061,1.09,958.071,
139357541,349.487743,-43.925529,12.7703,6074.0,4.33,1.20333003997803,1.14,659.967,
169765334,351.321095,-15.634631,10.6929,5560.5,4.01,1.61147999763489,0.98,284.388,-0.11
27966179,358.751682,-22.538908,12.8696,4314.0,4.57,0.703041017055511,0.674,200.326,
262531275,20.419256,-42.481783,13.0261,5608.0,3.94,1.76,0.99,939.136,
139285832,348.058952,-44.876485,11.5273,5190.0,4.42,0.96,0.88,222.852,
224245334,353.357499,-41.171521,11.5166,6150.0,4.4,1.12899994850159,1.17,352.269,
233964642,36.498718,-63.647607,9.5498,6090.2,4.11,1.57,1.18,199.657,
41865539,21.32225,-39.947872,12.3571,5875.0,4.36,1.11,1.2,472.613,-0.28
55452495,70.670279,-64.885209,9.9524,7859.0,4.12,2.8,1.88,600.497,
155986102,7.330079,-50.140052,12.0235,5446.0,4.43,1.33,,292.682,
116156517,7.709529,-40.573461,11.3151,6561.0,4.1,1.72,1.36,542.251,
69838258,337.921615,-21.945702,12.0885,6048.2,4.28,1.66,1.23,650.653,
80439101,11.747329,-44.369951,12.6435,5829.0,,,,497.551,
33911302,355.844989,-23.998023,13.3302,4775.0,4.38,0.94,0.77,415.551,
415969574,342.170406,-18.520467,12.8691,5800.0,4.38,,,508.84,
66497310,356.045365,-18.889525,12.4115,5885.0,4.31,1.20235002040863,1.07,519.27,
13023378,347.053748,-28.007825,11.9221,6149.0,4.44,1.07939994335175,1.17,404.201,
308208458,5.696956,-34.392162,13.5263,5136.0,4.47,0.903365015983582,0.87,516.33,
118327533,10.344507,-37.34302,12.7291,6177.0,4.25,1.35,1.18,745.217,
224271611,354.48982,-36.571634,11.2043,5692.2,4.1,1.4829800128936768,1.01,344.084,-0.46
70785910,1.583584,-30.336391,12.2494,5879.0,4.11,1.51209998130798,1.07,607.923,
382474101,12.274291,-52.046528,10.179,6054.0,4.29,,,216.661,
199731190,21.292047,-47.262831,12.3856,5635.0,4.41,0.85,1.0,341.681,
228381868,357.580647,-17.077595,12.0719,5570.3,3.93,1.77737998962402,0.98,602.236,0.22
47423120,342.067547,-24.838685,11.014,5518.0,4.34,0.89,1.0,183.391,
100099031,24.272371,-46.945342,13.4735,4965.0,,2.63993000984192,,1367.8,
100097716,24.047859,-42.303706,11.3534,5767.0,4.15,1.41,1.03,366.824,
183593642,17.888208,-36.709119,10.9767,6049.0,4.25,1.31649994850159,1.13,313.032,
369336146,6.070055,-37.222035,13.0524,5499.0,4.01,1.59897005558014,0.96,835.557,
220016044,32.321881,-48.48474,10.3987,6300.3,3.72,2.54649996757507,1.24,480.322,-0.22
321982642,3.061189,-47.355422,12.8895,5467.0,4.26,1.21,0.96,579.028,
80432617,11.673176,-42.361791,12.3409,5573.0,3.89,1.85,0.98,715.834,
13023738,347.08487,-29.590446,12.2524,5657.0,3.97,1.71,1.0,646.707,
144276942,353.903687,-44.808809,11.9699,4215.0,4.59,0.744572997093201,0.64,123.083,
305048116,353.23837,-28.319813,12.5633,5692.0,4.41,1.03392004966736,1.01,451.998,
262530780,20.547265,-44.862146,12.9465,5177.0,4.39,0.99,0.88,440.102,
47425697,342.25617,-24.959295,10.4913,6219.7,,1.33,,265.729,0.12
118586896,10.922368,-38.043213,13.2642,5808.0,4.23,1.29,1.04,821.517,
251878904,9.692072,-34.214907,13.5477,5504.0,4.21,1.27965998649597,0.97,841.958,
9033144,349.606266,-19.823843,9.74346,5756.9,3.9,1.2,1.09,157.667,-0.21
77031413,354.170634,-34.611893,11.4996,5444.0,4.48,0.93,0.95,233.586,
175482273,351.229397,-38.160792,9.1692,,,,,126.36,
251855940,8.659679,-32.166578,13.5134,5805.0,4.41,1.05485999584198,1.04,748.227,
156016136,8.923918,-50.316967,12.6635,5389.0,4.49,0.910220980644226,0.94,383.318,
441075486,359.759069,-15.612021,12.0312,5769.7,4.42,0.99,,340.037,
9032368,355.901919,-11.26957,13.2889,5997.0,4.39,1.11,1.11,741.257,
183675732,358.227453,-41.700468,12.9998,5719.0,4.23,1.28193998336792,1.02,702.626,
280097543,47.149903,-77.383328,10.4471,5001.6,,3.27393007278442,,396.213,0.0
144301273,354.44576,-42.966387,12.4502,5317.0,4.34,1.07114005088806,0.92,398.356,
139285736,348.039774,-45.017093,11.9969,5039.5,,0.87,0.77,244.271,
20892672,1.399014,-19.489511,13.105,5894.0,4.32,1.18,,629.792,
220396259,68.891541,-56.138849,9.9124,5825.0,4.04,1.71,1.07,231.803,-0.28
100014359,23.280585,-47.882084,13.5029,5227.0,,1.0,,,
207084429,22.757528,-51.215733,7.1995,5883.0,,1.77,1.13,75.5476,
229091748,3.797833,-46.272428,12.7226,5777.0,4.35,1.03,1.03,506.62,
167418898,99.609604,-67.656396,10.2401,5951.0,,1.27,,204.207,-0.409232
155995204,7.658562,-52.049331,13.5281,5819.0,4.34,1.35,1.06,958.366,
300810086,116.813442,-69.030386,9.0567,5159.0,,3.77,,262.782,
238059180,104.138355,-53.545449,10.0139,8562.0,3.91,2.67,2.13,627.07,
92359850,52.225639,-19.979808,9.65521,6270.0,4.14,1.57,1.256,218.294,
422655579,29.263451,0.758825,10.1638,6059.0,3.92334,2.143249988555908,1.18,362.715,0.37
271900960,112.941928,-75.527552,8.2606,6457.7,4.43,1.38,1.46,104.344,
250386181,30.114481,-4.985686,9.89377,6321.46,4.1984,1.08,1.247,167.306,-0.4916
382391899,43.688074,-10.898024,11.0529,5400.0,4.53926,0.873417973518372,0.969,184.848,0.13
328350926,46.93171,0.860922,8.300901,5624.7,,1.44028997421265,0.99,87.4715,
29960109,42.250066,-14.537646,11.2003,3450.0,4.78,0.45,0.443322,37.8932,
9858404,48.499479,-8.573851,8.00006,6216.1,3.73,2.25,1.254,142.401,
38541473,56.304651,-10.973454,10.7706,5949.2,,1.53715002536774,1.13,321.882,-0.232902
178155732,42.984978,-30.814061,5.9053,6308.31,4.438,1.28450000286102,1.24,31.964,
219379012,76.833621,-48.115889,10.231,5973.5,3.89,1.14,1.0,167.009,-0.880207
1129033,37.155522,-7.060667,9.62713,5500.0,4.48298,0.933974981307983,0.991,105.166,0.07
219388773,77.047577,-50.858906,10.6793,4752.8,4.37,0.982066,0.76,106.507,0.08
35857242,41.63916,-0.464125,11.3161,6272.0,4.25771,1.42,1.25,414.234,
259701242,74.466453,-53.817948,8.235,5928.0,4.48,0.96,1.1,64.4827,
120896927,36.867885,-27.636117,8.3157,5175.2,4.37657,0.841841995716095,0.88,44.8155,0.06
257567854,52.818037,-23.819792,11.185,6153.0,4.34152,1.25,1.17,317.652,0.26
166833457,58.429011,-34.328272,12.3943,5473.0,4.60845,0.718635022640228,0.97,281.742,
176984236,101.909492,-66.328317,10.5683,6249.0,4.28,1.29,,266.9,
153065527,49.262643,-42.244149,11.2828,3349.0,4.94138,0.388608992099762,0.378565,31.0597,
349518800,111.211721,-62.092431,12.7862,5830.0,4.26,1.86,1.24,959.461,
176778112,47.82774,-35.628068,9.6114,5600.0,4.43748,0.98,1.0,109.991,
167754523,104.181674,-60.687954,9.1536,4913.8,4.54,0.73,0.82,53.3027,-0.09
206466531,56.815012,-52.985207,10.0081,6000.2,4.36,1.33,1.27,223.145,-0.16
100990000,54.819538,-42.763028,7.757,6101.0,4.38774,1.1167199611663818,1.17,62.7792,
7624182,64.311488,-38.844171,8.7929,8666.0,3.80083,3.13,2.26,460.728,
170634116,66.370902,-30.600436,9.6757,6600.0,4.20892,1.48531997203827,1.54,246.69,0.19
325680697,36.853585,-12.03893,9.15779,5773.74,3.51,1.23,1.035,115.124,0.0
152476657,62.616081,-45.898243,10.5831,6450.0,4.03776,1.6844300031662,1.36,381.174,
49899799,48.854393,-2.175314,8.28222,6084.8,4.01,1.82,1.263,131.962,
339733013,110.851802,-58.696738,10.0793,5834.2,4.24,1.27,1.07,186.807,0.0378755
178284730,60.385539,-20.450999,10.3074,5260.0,4.51363,0.844379007816315,0.924,117.598,
279251651,104.153958,-59.181309,10.5886,4119.1,4.73,0.555,0.549943,42.76,
408159788,78.447702,7.055842,10.6152,5747.3,4.57,0.85,0.982,145.407,
94986319,81.853282,-14.27674,9.2711,5718.0,4.35658,0.860123991966248,0.92,74.7969,
117979455,71.802796,-17.253367,8.96,5999.0,4.22,1.34654998779297,1.106,124.504,
43647325,76.081891,-6.22978,10.4408,6072.0,4.41,1.09774005413055,1.135,202.218,-0.05
117979694,71.921274,-17.745004,10.5094,5059.0,4.61,0.75,0.845,103.69,
169532369,78.098877,-13.605635,11.5781,6896.7,4.17,1.62,1.47,631.385,-0.150289
189013224,79.102193,-15.510242,9.59689,5731.0,4.46,0.989260017871857,1.023,113.59,
70914192,64.657083,-17.419833,10.361,5271.7,4.34,1.02,0.952,151.054,
117979850,71.809927,-17.248613,7.82829,5713.0,3.67,2.35,1.042,121.888,
259592689,72.977308,-53.829626,10.1672,5216.0,4.43,0.98,0.89,120.218,
459942762,60.278439,4.540868,8.2482,5997.7,,1.0,1.13,66.5727,-0.45
31374837,83.26925,-26.72387,8.1705,4891.0,4.62,0.726631999015808,0.8,32.5686,0.02
38686737,57.865664,-10.614078,12.6038,6846.0,4.23,1.2,1.42,746.646,
188989177,78.778396,-15.100464,9.1414,8242.0,3.61,3.67,2.02,547.126,
78055054,80.538242,-30.970818,12.8461,5175.0,4.46488,0.877856016159058,0.87,362.273,
44647437,59.410574,-25.189938,12.9383,3978.0,4.438,0.672832012176514,0.632,165.285,
44745077,61.639511,-25.094117,13.0734,3549.7,4.87,,0.383047,77.5383,
32499655,84.326756,-27.972576,13.5452,4860.0,4.438,0.885702013969421,0.79,446.035,
468880077,56.504694,9.990299,9.4464,5210.8,4.58,0.796855986118317,0.89,72.4646,0.149
13021029,75.299664,-26.054144,11.7231,6244.5,4.21,1.43255996704102,1.21,488.66,-0.123681
143350972,82.245986,-17.429564,7.6818,5759.2,4.45,1.02,1.03,49.3375,0.0595743
316916655,74.472782,-13.703709,9.19901,6805.0,4.26,1.44,1.472,183.952,
70899085,64.190221,-12.084864,10.7329,3779.0,4.64,0.60775101184845,0.594367,52.616,
117979897,71.824435,-17.115174,12.0682,6030.0,4.22,1.35143005847931,1.118,516.543,
179034327,64.183998,-26.766407,9.0567,5229.0,4.55429,0.794471025466919,0.85,57.3973,
14091704,77.323576,-36.591034,9.1577,6307.9,3.97,1.65,1.21,176.617,-0.38
1449640,75.17158,-35.202674,11.921,6383.9,4.03,1.66888999938965,1.29,674.155,
14091633,77.260156,-36.464478,8.8695,6350.0,4.34,1.26396,1.3,126.177,
1528696,75.795382,-30.399461,13.1686,4669.0,4.52,0.782887995243073,0.74,308.262,
139528693,63.756266,-22.11639,11.8282,6291.0,3.9,2.06259989738464,1.23,754.258,-0.07
77951245,79.005088,-31.412694,12.4258,3054.0,4.438,0.422267,0.416374,53.5063,
257605131,62.966385,-37.93973,10.2666,5481.0,4.56,0.856226027011871,0.96,123.739,
139733308,67.222847,-21.482057,11.9012,5258.0,4.51,0.875509977340698,0.9,246.384,
452808876,72.660592,1.893836,9.538961,6441.6,3.91,2.1,1.304,275.664,0.152
153077621,49.659937,-42.642329,9.441,3321.0,4.95373,0.29600000381469727,0.287,78.7806,
98796344,45.462478,-16.594496,8.84294,3562.0,4.97389,0.275952994823456,0.249439,6.86929,
77228304,69.116563,-41.246194,15.7298,5780.0,4.438,1.0,0.114299,39.4781,
89256802,58.725356,-26.423411,13.741,3054.0,5.08962,0.512880980968475,0.51064,,
64071894,39.136304,-22.244996,9.6438,5164.0,4.5371,0.829518973827362,0.84,76.6986,
38603673,64.415043,-61.39201,9.5473,6559.17,3.95184,2.084889888763428,1.36,286.94,-0.276187
9804616,47.64349,-9.276812,14.1118,3274.0,4.9794,0.273,0.591222,210.988,
4646810,38.271253,-10.352178,8.8723,4884.0,4.49,0.74413001537323,0.8,45.5621,-0.01
420049884,36.276465,1.32355,10.6573,5205.0,4.45924,1.30054998397827,,205.366,0.199
176831592,48.957233,-32.802396,9.1013,6497.8,4.17,1.65,1.33,187.812,0.1
398733009,32.169791,-9.046045,15.61,31000.0,5.59998,0.18,0.47,2220.36,
270380593,32.782085,2.418194,10.7307,4910.0,4.60108,0.847379982471466,0.811,122.066,
4616072,101.994246,-21.910711,12.8893,6675.0,4.20094,1.23732995986938,1.38,772.11,
20178111,89.897418,-40.395746,10.2767,5890.0,4.48757,0.94,1.06,151.504,
33521996,88.146808,-19.031627,13.3383,3724.0,4.68255,0.596800982952118,0.585471,169.318,
33692729,93.057845,-14.649317,8.7615,6114.0,4.5101,1.00528001785278,0.91,68.192,
37770169,94.009904,-25.031411,10.6995,5418.0,4.57259,0.840970993041992,0.862,130.46,
47911178,98.351102,-23.486086,9.79059,6400.0,4.34435,1.34555995464325,1.277,201.224,
52280468,99.86703,-33.540223,12.3123,3294.0,4.438,0.5,0.500534,,
52640302,101.114922,-32.858388,12.0506,5400.0,4.38782,1.09538996219635,1.0,369.926,
59843967,94.112091,-22.546882,12.7632,5403.0,4.50146,0.982638001441956,0.91,416.459,
100608026,86.748329,-32.532543,10.8835,4105.0,4.60015,0.619400024414062,0.62,58.7502,
156987351,99.581416,-47.613867,8.8742,7691.0,4.11671,2.05,1.71,244.897,
170102285,101.127503,-42.76223,11.7583,5150.0,4.55754,0.887269973754883,0.84,207.49,0.05
172464366,100.158863,-27.571261,11.0913,6332.0,4.26074,1.37266,1.117,344.517,
306362738,91.089719,-16.96539,10.8164,5600.0,4.4291,1.02094995975494,0.989,194.553,
317548889,88.378462,-16.265397,6.7799,6212.63,4.438,1.50004005432129,1.2,54.5306,
339672028,110.512686,-57.384998,9.3935,5760.0,3.97699,1.73,1.04,179.366,
365639282,81.399006,8.440499,13.084,3692.0,4.78092,0.488,0.555463,173.8201,
393414358,94.336356,-38.323383,10.439,5570.0,4.01069,1.79224002361298,1.02,290.684,0.28
427348923,83.531883,-0.207762,11.6888,4425.0,4.57,0.9,0.692,149.953,0.034
427352241,83.622986,-4.415044,9.9955,6084.0,4.28965,1.87,1.42,282.205,
260708537,98.454881,-58.525032,9.36854,3445.0,4.85243,0.426676,0.421238,15.2142,
31852980,52.540546,-70.399584,9.8542,5450.0,4.40968,,,,
452866790,120.593607,3.337163,11.1972,3332.0,4.91528,0.354528993368149,0.33944,27.3644,
455096220,123.250703,4.787029,11.8997,6096.0,4.21513,1.35671997070312,1.18,506.965,0.12
455135327,123.949843,5.836867,9.93908,6304.0,4.35913,1.3400399684906,1.254,213.985,0.12
468987719,128.925689,10.206587,12.7656,5645.0,4.37683,1.11,1.01,528.825,0.171049
17746821,118.063438,12.139347,11.3155,6280.0,4.08133,1.7295800447464,1.25,515.458,-0.134
19025965,119.627721,12.88326,11.4479,4383.0,4.56546,0.811864972114563,0.648,107.355,0.132533
19519368,124.695407,-6.785921,10.0854,4985.0,4.67,0.8,0.83,89.9559,0.124
22529346,107.600231,-39.09727,10.056,6459.0,4.24006,1.52,1.45,269.898,
88977253,123.097668,-5.768659,12.33,6717.03,4.2,1.54739,1.46,791.384,-0.068
108645766,112.446414,-28.483916,13.2312,3333.0,4.94824,0.302,0.288049,56.336,
121338379,129.090789,-3.860202,9.58094,6218.0,4.26662,1.3227299451828,1.351,188.364,-0.01
123702439,115.638695,-43.553495,10.1374,5997.0,4.45722,0.97,1.21,158.659,
134200185,106.559098,-47.587816,9.4022,4590.0,4.50961,0.751824975013733,0.7,47.3924,
134537478,108.301409,-42.409762,10.3887,5720.0,4.16816,1.51,1.06,250.121,
172193428,98.53195,-28.404168,10.3773,5642.0,4.16735,1.21355998516083,1.107,215.387,
186812530,124.320365,12.601322,9.19813,7887.0,4.28126,1.68,1.835,255.416,
219164808,90.77407,-52.084311,9.6646,6915.0,4.17618,2.56,1.62,425.719,
268644785,117.414976,-52.120447,10.6815,6003.0,4.16979,1.5223799943924,1.33,324.683,
274138511,116.68702,6.445569,10.4215,5280.0,4.44454,0.945062,0.9,267.292,
348538431,121.629579,-15.76469,13.2304,3338.0,4.9469,0.505078017711639,0.503052,110.884,
425206121,111.509529,7.615776,9.654,7346.0,4.14208,1.67,1.7,300.276,0.453561
453211454,117.924642,9.385241,7.9259,5560.26,4.438,0.96,0.98,48.9739,
238086647,104.95898,-49.50748,8.4633,5915.0,4.1283,1.29,1.07,93.0994,
440777904,108.825117,14.262606,11.3072,6373.0,4.27283,1.41885995864868,1.25,415.344,-0.21
119292328,96.646702,-38.60721,8.9767,5581.0,4.52166,0.882674992084503,0.92,67.3975,
431999925,120.789948,-20.010091,14.7095,3266.0,4.98546,0.269,0.432904,190.2254,
366576758,127.882912,11.922255,13.6674,5027.0,4.51935,0.875935971736908,0.81,475.758,
366622912,128.067093,11.63071,13.7988,4973.0,4.438,0.749559998512268,0.82,442.813,
318937509,112.381555,2.847953,14.114,3109.0,5.06577,0.202,0.504545,150.5,
308307606,120.199911,-60.865633,13.2361,5522.0,4.39493,0.819195985794067,0.94,416.217,
264979636,115.71678,8.866906,10.1432,5596.0,4.32233,1.13674,1.069,159.814,
218795833,124.606758,-19.662792,14.4347,3225.0,5.00457,0.355309009552002,0.34034,115.557,
148479278,102.657977,-37.960195,9.3777,7450.0,4.33986,1.5294899940490725,1.66,222.315,
27649847,123.344257,12.222108,12.4029,3439.0,4.97486,0.420028001070023,0.413895,60.9425,
19451711,124.602684,-7.571238,7.3645,7381.0,4.438,1.862190008163452,1.681,111.179,
93125144,84.846558,-19.55834,9.6833,4692.0,4.29723,0.941705,0.79,77.8471,
365690646,81.54323,6.912307,10.094,6962.64,4.14716,1.67983,1.511,293.27,-0.187102
71512186,90.169954,-8.468341,8.7784,7064.0,4.22374,1.62231004238129,1.284,152.042,
200593988,85.335762,11.194448,12.3069,3617.0,4.81052,0.45,0.464152,70.9325,
148228019,101.188744,-36.657354,8.2488,7403.0,4.13809,1.83685994148254,,163.677,
403693875,105.006164,11.043248,13.3675,3965.0,4.68568,0.613,0.628,192.351,
438490744,100.255965,16.588795,14.1396,3021.0,5.10725,0.172,0.214929,63.0507,
387690507,103.412833,12.881578,13.5287,3688.0,4.78199,0.544768989086151,0.540526,148.762,
302895996,83.11641,15.555883,13.8097,3462.0,4.88307,0.368,0.377,167.3049,
144700903,85.080054,11.562637,12.6785,3946.0,4.69039,0.623609006404877,0.606938,135.047,
309791156,80.054863,-62.646186,10.9621,4666.1,4.23,0.885680019855499,0.74,123.391,0.23
281909674,102.721143,-5.086456,14.4266,5945.0,4.46721,1.13706994056702,1.08,1148.93,
280210963,100.765687,-1.296444,14.7971,5675.0,4.37342,1.03673994541168,1.02,1126.37,0.17
234825296,97.720425,0.226893,13.8786,5880.0,4.47813,1.29981005191803,0.94,844.061,
234112540,101.27724,0.815216,13.4831,6100.0,4.28733,1.27298998832703,1.21,882.472,0.04
237751146,104.33198,4.028698,14.1477,3411.0,4.90948,0.433512,0.428732,133.21,
238004786,102.568389,-53.005503,10.5958,4836.0,4.44968,0.813125014305115,0.8,108.368,
200322593,76.309695,-47.937539,11.5045,3042.0,4.438,0.197117000818253,0.166161,14.0022,
143271144,90.727491,-30.832906,14.7117,4978.0,4.438,1.16766,0.86,1105.38,
49771092,96.066232,-28.1347,14.8067,5084.0,4.48093,0.942521989345551,0.85,939.127,
53593457,100.306094,-3.925831,15.0404,3085.0,5.0795,0.193,0.291869,,
50618703,82.290072,-0.342898,9.6504,4665.0,4.67631,0.663414001464844,0.66,41.1166,
37168957,98.172417,-0.031604,14.2465,5440.0,4.41615,0.934028029441833,0.97,764.889,
36440357,102.194623,-0.672786,13.1573,6190.0,4.36651,1.12270998954773,1.21,726.412,
36352297,102.079859,-3.102139,13.0501,5950.0,4.32551,1.29,1.26,787.909,0.0656466
42821097,97.033598,-0.170729,13.1861,6090.0,4.08625,1.63950002193451,1.03,790.663,
32830028,86.752182,-24.842642,14.2321,3009.0,5.10976,0.169,0.284217,80.6542,
311183180,55.031969,5.874619,9.1073,5076.0,4.71,0.69,,62.0121,0.089
192826603,82.714213,-36.630981,13.9143,3916.0,4.71907,0.567866027355194,0.561044,218.121,
44737596,60.949392,-25.408921,13.8231,3654.0,4.438,0.587105989456177,0.577439,194.964,
161477033,73.261286,-45.540405,10.0614,5465.0,4.57025,0.839854,0.91,108.159,
407966340,60.748336,9.207768,6.4386,6337.87,4.438,1.42717003822327,1.25,45.6181,
170849515,70.339767,-32.320417,14.857,3837.0,4.72608,0.633668005466461,0.614735,385.689,
59003115,57.225546,13.483139,11.3075,5062.0,4.62,0.707445,0.844,146.905,-0.371
55488511,59.017813,-10.272008,11.6434,3883.0,4.71022,0.573952972888947,0.566298,75.9623,
207110080,42.291509,-58.024683,10.9923,6025.8,4.0,1.76094996929169,1.12,402.63,-0.62
209459275,46.818616,-31.162995,10.5704,5972.0,4.31,1.21,1.1,233.266,
101011575,129.688303,-13.256527,8.5925,4695.0,4.5,0.63,0.75,31.5666,-0.21
377064495,148.185152,6.216103,9.5273,5391.0,4.52526,0.84,0.95,85.799,
413248763,144.007464,-21.665063,8.74094,3505.0,4.90573,0.36,0.34592,9.44181,
405454160,143.243168,-17.343474,10.4397,5383.0,4.42352,0.983025014400482,,157.152,
1003831,130.295154,-16.036327,10.6701,5752.0,4.47122,1.12196004390717,0.977,199.581,
1103432,130.581439,-17.189424,12.8283,6231.0,4.26445,1.82228004932404,1.13,988.801,-0.169824
1133072,131.086145,-28.07677,12.625,3380.0,4.92521,0.325,0.493652,83.5896,
13349647,131.58039,-8.026985,12.212,5959.0,4.4894,0.95958799123764,1.08,386.346,-0.01
37575651,135.340486,-28.324589,8.2866,5780.0,4.438,,,305.676,
123482865,115.102779,-42.154663,9.4727,6845.0,4.36113,1.47,1.04,156.226,
126733133,136.955524,-51.867213,10.027,5973.0,4.27298,1.31,1.27,193.468,
270468559,135.344358,6.097083,11.5598,5743.0,4.14093,1.41374003887177,1.059,405.238,
289535142,131.524924,-13.20287,12.54,6621.0,4.20742,1.17441,1.41,660.815,
296780789,142.346908,-14.511711,12.519,3404.0,4.91079,0.337999999523163,0.339,88.3935,
315002523,144.926859,-28.5856,12.4257,6071.0,3.93311,1.91031002998352,1.16,861.843,
386435344,127.99531,-16.885121,8.77728,6529.0,4.00314,1.88186,1.323,181.987,
408310006,144.875105,-20.982419,8.86849,6313.0,4.32632,1.25,1.141,114.173,
410094645,133.258916,-22.198143,12.4167,7341.0,4.14244,1.5,1.27,680.747,
423275733,140.506316,-23.946102,12.3368,6010.0,4.13259,1.70948004722595,1.1,730.933,
238061845,104.121254,-50.157911,9.6668,4959.7,,4.94,,,-0.54
81419525,123.108274,-46.10914,9.5518,11159.0,4.51,1.58,2.92,346.494,
180987952,130.261455,-41.442796,9.5287,10585.0,4.35,1.84,2.74,434.207,
287474726,127.128062,-28.359254,9.3994,9988.0,3.59,4.23822,2.56,900.651,
131743355,118.476378,-39.992999,9.3761,10902.0,4.42,1.72,2.84,354.432,
74482749,137.518351,-43.924957,9.1103,9255.0,3.88,2.909889936447144,2.35,436.431,
190990336,134.373008,-39.778423,8.9544,6118.1,4.29,1.66,1.34,157.612,
131979339,118.913661,-37.857713,8.2268,9511.0,4.05,2.42,2.42,253.02,
294090620,130.395919,-22.194298,7.81307,9333.0,,2.04114007949829,2.523,210.139,
130415266,104.74986,-47.023366,7.3123,10416.0,4.35,1.82,2.69,154.186,
412961700,127.222618,-20.950461,6.725,10817.0,,5.78883981704712,,390.393,
270841724,132.068717,-47.114757,10.441,,,,,,
146261607,123.581899,-34.819322,10.1749,9365.0,4.08,4.18,2.38,1219.08,
196286587,125.557166,-25.06947,10.1985,6439.3,4.12,1.97,1.3,358.441,
128463355,118.059584,-29.714072,10.1078,6333.0,3.81,2.29,1.252,382.898,
146406806,123.733512,-31.60831,10.3979,,,,,992.63,
287329267,109.783542,-59.302042,9.9959,6258.1,3.59,2.94,1.22,432.642,-0.335808
144956678,122.068635,-35.559433,9.9071,6017.0,3.55,2.93328,1.11,388.682,
146208651,133.457963,-48.81268,9.796,4951.7,3.55,2.65,,253.619,
81429971,123.178216,-42.93501,10.1356,8000.0,,3.59,,869.555,
145982812,133.145204,-50.008798,10.4708,6991.1,3.83,2.65,2.56,618.602,
134396419,122.272933,-37.06186,10.2681,9156.5,,,,829.726,
141363913,129.462346,-43.042017,9.9223,6221.0,3.53,3.1,1.2,409.766,
175176327,115.825326,-36.496714,10.0465,10633.0,4.08,2.506500005722046,2.75,613.411,
262746281,141.107854,5.766056,9.74179,5900.8,4.04,1.63,1.072,205.924,0.176
145027461,122.257466,-30.787939,10.4029,5001.6,,7.97,,1006.54,
181304295,130.919589,-36.656997,10.4349,8265.0,,2.12,,508.905,
122262940,133.238613,-57.940623,10.2688,6514.0,4.03,2.27,1.44,431.861,
153651591,121.009264,-26.165676,10.5259,9389.0,3.92,2.80165,2.39,921.917,
186547153,132.838846,-34.431856,10.1978,7471.9,4.09,2.14,,500.647,
134404603,122.339812,-39.164589,9.836,5759.0,4.3,1.19,1.03,144.623,
80275202,121.526219,-44.375085,10.4989,7889.0,4.53,1.61,2.07,437.969,
154459165,122.034347,-28.066189,10.4259,4869.0,4.54,0.79,0.79,97.3234,
284738182,110.881841,-37.835468,10.1939,7126.0,4.29,1.5,1.59,292.623,
77527511,142.262995,-5.375669,9.94921,4949.2,,2.19,,221.016,-0.350552
118021229,128.475094,-20.940646,9.947331,5362.0,3.75,2.15,0.962,255.901,
190496853,133.408689,-40.543701,10.3015,7437.0,4.21,1.7,1.7,360.408,
145879095,132.873965,-51.328222,9.9794,,,,,862.802,
141227133,129.315369,-47.38349,10.251,2838.0,,,,6149.76,
173640199,112.570665,-39.33963,10.1277,6515.0,4.25,1.43,1.34,234.072,
267527924,114.050732,-48.063487,10.1853,5354.5,,,,,
296739893,142.173446,-12.167165,10.2139,3633.0,4.80423,0.547452986240387,0.542958,33.0231,
30828562,134.718341,-43.452796,8.1327,7850.0,4.08695,1.92,2.09,184.125,
83092282,125.305054,-46.484296,8.5615,7056.0,4.33435,1.40719997882843,1.42,123.297,
101395259,148.720293,-23.332118,10.1913,6422.0,4.20608,1.48854994773865,1.34,275.377,
399870368,74.552333,9.997979,9.3371,8730.0,4.19,1.97,2.19,330.739,
379929661,130.505638,3.710566,9.6129,7668.6,4.13,1.91,1.796,341.263,0.176
65412605,108.123114,-24.95356,9.50712,8489.0,4.03,2.32,2.11,437.215,
365781372,81.92358,7.918525,10.0267,7852.8,4.08,2.79,2.42,629.834,
281408474,99.263061,1.76755,9.65646,6174.0,4.23,1.38,1.179,178.68,
293853437,95.827908,0.883347,8.69437,9165.0,4.05,2.38,2.321,333.379,
123898871,90.916011,-19.04084,9.84786,7210.5,4.11,1.7,1.629,309.705,
97158538,105.945472,-30.726357,8.783341,6852.0,3.91,2.24201,1.483,233.697,
349790953,113.454773,-61.292453,10.3357,4997.1,2.36,12.23,,1278.41,-0.53
348755723,134.088088,-12.934871,13.9036,3267.0,4.438,1.0,0.427418,116.496,
344926234,151.55755,3.946493,9.1299,5872.0,4.43995,1.02918,1.09,92.8368,0.005
286132427,146.72453,-4.29824,8.1075,5914.0,4.46485,1.00635,1.05,58.7453,0.106
146463781,123.885413,-31.556521,14.7034,3278.0,4.97806,0.275,0.368528,158.67,
133334108,120.787418,-38.74201,8.9454,5637.0,4.52053,,,64.5529,
78154865,147.86736,-4.123323,8.9225,6030.0,4.41585,1.08524,1.12,96.6355,
82362447,124.250133,-47.651954,15.2474,3601.0,4.81887,0.441,0.271062,160.84,
147977348,99.734594,-36.64613,10.0367,6442.0,3.91,2.09,1.3,341.997,
49079670,101.0717,-23.819187,9.90377,5646.0,4.4,1.04,1.002,134.043,
79292541,104.055775,-20.052499,9.4247,8550.0,3.93,2.63,2.13,472.224,
432008938,120.69393,-23.696727,13.7006,3359.0,4.93457,0.315,0.341657,87.7731,
63303499,104.922683,-24.883877,10.194,5952.0,,1.25,,203.532,
157568289,106.767434,-36.770799,10.4091,5710.5,3.6,2.43,1.28,414.522,
238197709,57.265805,-72.947299,10.3001,6104.0,3.96,1.86397,1.15,316.643,
92992033,83.955484,-18.649591,10.2339,4900.0,,5.01,,553.626,
78672342,103.00276,-18.95443,10.1347,6492.5,3.57,3.56,1.46,637.257,
35582553,102.22267,-13.527269,10.0461,6779.0,3.83,2.43,1.454,430.622,
349373192,110.261044,-60.155475,9.7839,8658.0,3.92,,1.8,402.762,-0.458135
72090501,92.105662,-11.147333,9.0185,8576.7,,,,74.834,
22221375,149.123515,-24.099186,7.3635,5903.0,4.44653,1.03,1.09,45.683,0.0169231
33153766,144.77363,-45.426185,8.5234,6054.0,3.47323,3.13,1.08,213.947,
35009898,164.724551,-5.547545,12.2255,3433.0,4.89676,0.427953004837036,0.422643,57.7553,
35516889,148.416767,-45.659108,11.6044,5568.0,4.39267,1.0280499458313,0.97,268.325,0.21
36734222,154.908187,-9.806443,11.1184,4400.0,4.64555,0.757649004459381,0.65,86.7467,
48103627,147.4067,-33.218503,12.4399,6122.0,4.283,1.28305995464325,1.11,562.256,
48476907,150.152654,-34.681865,9.5359,6521.0,4.22041,1.6,1.31,212.005,
48476908,150.153861,-34.681446,10.245,5990.0,4.00966,1.42,1.2,245.318,
53189332,166.429628,-5.079485,10.99,6055.0,4.22795,1.41549003124237,1.24,352.181,
53735810,158.22503,-34.989907,11.248,6580.0,4.0663,1.47740995883942,1.56,500.258,0.05
54085154,160.180141,-31.927233,8.2046,6380.0,4.438,1.18,1.27,87.2682,
54962195,160.065852,-8.511083,11.7602,3719.0,4.76941,0.512360990047455,0.510139,64.2308,
55092869,161.706905,-9.399365,7.3212,5370.0,3.72765,2.78714990615845,,99.1596,0.27
73723286,155.637125,-40.516347,9.1116,6157.0,4.20407,1.47641003131866,1.01,131.018,
82128636,124.110352,-46.429818,8.8252,6680.0,4.20036,2.3351099491119385,1.59,237.035,
101955023,153.70907,-47.154936,10.8372,3202.0,4.86375,0.226407006382942,0.195794,12.613,
102195674,154.191741,-42.559071,11.3425,6159.0,4.37691,1.22606003284454,1.19,344.134,
124573851,158.900701,-5.181374,10.1755,5581.9,4.13,0.99,0.996,142.867,-0.006
147660201,163.9091,-42.84928,11.1557,5688.0,4.48774,0.950534,0.88,191.494,
151681127,166.888906,-40.206918,9.1379,7949.0,4.21106,1.82,2.13,279.74,
151825527,167.990863,-39.328115,11.6739,3765.0,4.75169,0.5440679788589478,0.539888,66.9071,
151959065,168.998428,-36.459406,11.955,6114.0,4.28439,1.6581699848175,1.4,677.796,
158588995,164.586559,-36.858109,11.8764,3467.0,4.87946,0.421943992376328,0.416017,46.0851,
169226822,160.558765,-3.834999,9.62959,5620.0,4.18582,1.34736001491547,1.05,159.507,-0.193
219187649,171.205976,-18.617278,13.4629,5430.0,4.41381,1.23205995559692,0.96,758.199,
280206394,144.119359,-50.463093,9.271401,6446.0,4.37882,1.29,1.18,141.812,
294395926,109.330734,-55.597929,10.9162,5624.0,4.39124,1.057000041008,0.99,205.847,
308050066,155.436002,-17.224364,9.99028,6655.0,3.9,1.91,1.402,320.671,-0.27
335499997,179.163601,-12.377519,8.98207,5967.0,3.9495,1.76279997825623,1.102,163.41,
410450228,117.894946,-60.41239,10.6845,7447.0,3.79,1.68980002403259,1.65,421.349,-0.122325
429304876,167.88543,-22.07278,9.2231,5085.0,3.92,1.08,0.85,83.1548,0.27
437248515,169.43886,-19.054778,11.4553,6302.0,4.30907,1.268669962883,1.2,383.829,-0.08
462162948,150.433636,-59.850029,9.8532,9488.0,4.07548,2.35947,,2228.79,
281731203,163.032312,0.493167,9.9623,5287.7,3.88,1.73,0.96,213.283,
339857675,111.601066,-54.452065,9.9362,6279.8,4.26,1.59007000923157,1.37,255.337,
74534430,137.672815,-45.098845,9.8445,4253.9,4.57,0.617519021034241,0.66,42.4467,
339636032,110.194274,-55.379531,8.5885,6636.0,3.99,1.98,1.39,176.054,
445822015,147.005591,-48.320751,10.7014,4841.3,4.71,0.78,0.79,108.513,
101497191,149.225807,-33.799397,10.298,5463.2,4.39,,,3500.23,
156991337,99.953812,-42.045199,10.234,5846.0,4.4,,1.06,169.117,
320417762,118.004229,10.249288,9.0188,9622.0,3.95,2.74,2.45,481.966,
458589703,124.274902,8.248819,11.2248,4654.2,4.59,0.72,0.74,114.765,-0.249859
55383975,77.383578,-64.026083,11.2595,5354.96,4.45894,1.04170000553131,0.93,223.882,0.425802
55559618,73.138235,-64.928868,10.749,5591.0,4.38111,0.811462998390198,0.96,144.045,
77156829,68.178987,-39.790874,10.4276,3450.0,4.89044,0.338189989328384,0.320556,19.8782,
77253676,69.704221,-36.681326,9.3553,5447.0,4.39971,0.96814900636673,0.97,93.7714,
141527579,87.739087,-76.61961,12.1293,3570.0,4.83196,0.471841990947723,0.469549,63.3731,
149302744,83.38224,-62.109022,9.8106,6138.6,4.07,1.42,1.16,193.29,-0.39
150428135,97.095717,-65.578615,10.9102,3482.0,4.438,0.419456988573074,0.413261,31.1265,
219239945,64.52165,-53.80127,10.966,5837.0,4.37713,1.10089,1.03,217.621,
237914496,56.174949,-65.198339,11.8371,4015.0,4.61505,0.577735006809235,0.62,84.4039,
237928815,57.999823,-59.882442,10.2036,5384.0,4.54758,0.91,,120.984,
260004324,91.089986,-55.311538,10.1428,3625.0,4.7833,0.50406801700592,0.502062,29.8424,
391904697,106.477148,-72.558765,11.4994,5249.18,4.68369,0.877876996994019,0.9,191.058,0.257849
219345200,74.752657,-49.736179,8.3643,5709.6,3.53,1.49810004234314,1.02,94.697,-0.43
167342439,98.729589,-67.537274,10.0906,5409.22,4.46229,1.02101004123688,0.94,130.959,0.327557
391821647,82.764859,-70.357179,10.8623,6636.0,4.60452,0.975121,1.52,214.756,
396720998,65.655386,-54.147179,13.987,50000.0,5.80276,0.146999999880791,0.5,1350.32,
309402106,124.748703,-65.278089,8.488401,7053.0,4.22463,1.59688,1.71,157.721,
38510224,62.516131,-61.942668,11.7481,4356.0,4.60471,0.68140697479248,0.68,118.28,
150151262,92.936106,-65.825839,9.9059,4504.0,4.58833,0.72,0.71,58.6212,
167600516,102.021376,-65.624257,10.6925,4316.7,4.60858,0.651075005531311,0.67,69.3653,
219195044,92.392417,-53.822988,11.5436,3782.0,4.438,0.473141014575958,0.470893,53.8473,
271971130,113.852328,-73.577409,13.5308,3075.0,4.438,0.2298240065574646,0.199363,42.4048,
119081096,136.238912,-18.502674,12.4268,3776.0,4.72,0.52,0.501502,88.8248,
275248683,147.970536,2.116647,11.4407,3788.4,4.87,,0.377486,34.7229,
150247134,94.167445,-62.648403,11.4845,5031.0,,0.81,,726.88,
184952758,128.144178,-36.346818,9.0349,5653.0,4.46,0.97,1.0,84.7306,
131419878,118.037196,-37.799016,8.8154,6482.3,4.21,1.52,1.41,151.634,
38571020,63.199385,-64.347805,10.1805,6008.62,4.21807,1.3,1.11,206.294,-0.159903
38509907,62.379568,-62.850656,11.9755,4082.0,4.63162,0.660762,,57.6851,
177077336,103.243335,-70.641686,10.0686,4907.96,4.57809,0.76,0.8,80.9812,0.0501746
339961200,112.555258,-58.53966,9.7333,5330.0,4.51,0.882830023765564,0.92,95.3452,
410245915,133.964876,-20.274779,10.2658,6173.3,4.22,1.5,,272.834,
174143743,113.88333,-36.386962,10.1007,6629.0,4.41,1.21,1.39,206.755,
149788158,130.736931,-2.498585,11.0002,3653.0,4.74,0.5,0.495286,42.972,
96097215,146.891712,-7.33087,10.5656,5648.0,,0.98,1.029,172.097,
144138509,176.035412,-9.948864,10.5568,6023.2,4.05,1.232990026473999,1.12,235.665,-0.57
11561667,149.823667,-27.392817,14.9181,4105.0,4.438,0.693859994411469,0.64,436.176,
34068865,146.121464,-45.779016,8.031941,3518.0,4.82492,0.46,0.454797,9.41263,
36724087,154.644903,-11.717801,10.5848,3329.0,4.94957,0.374139010906219,0.362023,21.9814,
106402532,159.409318,-40.888259,8.8411,5969.0,4.5172,0.94,1.01,75.2092,
146846569,160.889636,-44.621815,15.173,3010.0,5.10976,0.20127999782562256,0.170263,,
150271680,94.754704,-63.864708,9.5215,5316.6,3.88,1.28725,0.92,121.755,-0.82
181804752,165.690484,-16.406444,13.5571,2940.0,5.14315,0.171430006623268,0.14169,26.4927,
219189765,171.014792,-19.556959,14.7599,3394.0,4.9186,0.615218997001648,0.600332,299.389,
260304800,94.535471,-57.558727,12.7474,5324.0,4.43563,0.942255020141602,0.91,389.884,
279425357,104.991003,-57.618675,11.6049,6083.61,4.3203,1.15840005874634,,340.416,-0.617295
310009611,152.118034,-50.307503,9.529,5776.0,4.40631,0.97,1.1,115.091,
359271092,140.399376,-60.281169,7.66874,3766.0,4.75957,0.53,0.522473,10.454,
373424049,140.056794,-53.119685,8.6333,8688.0,4.32187,1.82039,2.12,227.265,
434486077,156.572646,-23.508063,14.3858,5156.0,4.46838,0.824288010597229,0.82,638.972,
437242640,165.399368,-23.860946,9.7566,5700.0,4.50578,1.11,1.014,132.096,0.04
444842193,147.757437,-55.318299,10.5488,5741.0,4.47122,0.972998023033142,1.07,175.381,
167418903,99.620795,-67.64895,11.3786,5614.9,4.47,0.957719027996063,0.99,234.418,-0.159866
15445551,185.324682,-52.840816,10.349,6271.0,4.08214,1.56802999973297,1.31,298.392,
104024556,196.043793,-35.549529,10.3182,7000.0,4.13412,1.94,1.57,423.552,
5868998,187.781988,-23.773715,13.9372,3602.0,4.8169,0.442,0.527,232.123,
14614418,173.95742,-29.156064,13.3898,5600.0,4.43826,1.01655995845795,1.01,624.368,
14661418,174.009869,-29.543364,12.4806,4803.0,4.64154,0.793235003948212,0.757,229.518,0.024189
61538902,176.299052,-42.063958,11.3743,5900.0,4.52994,1.12783002853394,1.1,301.462,
61988212,178.074448,-47.583414,14.3042,5591.0,4.38111,1.06168,1.02,597.747,
72985822,189.297113,-42.413637,12.2397,6214.0,4.26729,1.22623002529144,1.14,498.36,0.188862
73228647,190.036564,-44.312078,9.4628,6003.0,4.47356,0.99,1.03,106.307,
73649615,192.103738,-45.470471,12.5554,3614.0,4.81257,0.50762802362442,0.505544,86.1759,-0.475514
130924120,187.994843,-35.554452,9.0498,5499.0,4.39962,0.76,0.92,60.3418,
131081852,189.76217,-31.992266,9.957501,6072.0,4.29177,1.2612600326538086,,154.532,
152147232,169.909474,-39.46208,11.6713,6107.0,4.11585,1.53,1.28,516.041,
162362398,169.414385,-44.017088,10.6171,7852.0,4.20409,2.2974100112915,1.94,651.263,
165317334,179.262998,-38.104794,10.9217,4368.0,4.56706,0.684759974479675,0.63,66.8154,
178709444,166.074742,-47.821496,13.6615,3399.0,4.91468,0.426784992218018,0.421357,98.4458,
178819686,194.468098,-39.758061,9.5275,5767.0,4.34736,0.906760990619659,0.97,95.1274,
181159386,174.302837,-38.307191,11.1689,6632.0,4.20607,2.78211998939514,1.43,789.341,
219401954,78.165188,-53.743438,9.647,5724.7,3.82,1.45505,1.02,168.781,-0.24
219698950,175.52524,-23.354845,11.5122,5870.0,4.4,0.913091003894806,1.18,283.971,0.1
229047362,195.359758,-27.522227,11.2175,5703.0,4.51085,0.92,1.025,211.416,0.06
229811538,198.635626,-24.14419,12.2864,5956.0,4.31259,1.15,1.21,469.997,
248075138,192.981203,-42.073617,11.3728,5315.0,4.51737,0.79,0.92,177.291,0.29
248111245,193.55246,-46.587716,12.3335,6438.0,4.10962,1.68053996562958,1.41,816.988,
277634430,164.11389,-72.985174,12.0874,3231.0,4.438,0.241857007145882,0.2121,25.2788,
286864983,190.191401,-21.872782,10.8815,5184.0,4.57383,0.81537401676178,0.858,135.371,
286865921,190.151956,-19.284353,11.5037,5510.0,4.44137,1.09,0.963,271.103,
294301883,203.758195,-17.503496,11.3473,6070.0,4.4201,1.0903600454330444,1.134,297.462,0.09
304042899,164.799978,-59.23397,9.5369,6746.0,4.41572,1.52880001068115,1.45,220.953,
306996324,178.577997,-37.553357,9.73597,3806.0,4.73575,0.53302401304245,0.52973,27.1701,
334305570,183.118731,-49.00774,9.3712,7199.0,4.3586,1.60283005237579,1.18,182.314,0.115163
335630746,199.33385,-15.273705,8.69009,6780.0,4.08247,1.68,1.428,161.743,
374095457,159.933006,-48.996687,8.2158,5780.0,4.438,,,634.714,
398943781,190.618803,-30.639818,10.7875,5545.0,4.52787,0.88,0.976,163.371,0.06
413376180,176.738826,-22.56301,12.7492,5227.0,4.47443,0.931470990180969,0.825,341.925,
429358906,183.920361,-18.910338,12.2875,3331.0,4.94964,0.40651598572731,0.398817,52.5122,
451645081,172.155637,-54.784223,9.9222,4498.94,4.5,0.668361008167267,0.71,55.3043,0.25
460984940,159.341221,-63.655692,8.7537,5849.0,4.5297,0.9,0.96,64.5997,
374829238,88.33729,-65.6335,11.5026,3783.0,4.438,0.5613009929656982,0.555307,65.5548,
375059587,100.104215,-63.339108,9.8192,5853.8,4.22099,1.31,1.06,167.948,-0.00795581
350584963,87.116029,-56.004119,9.4799,6623.0,4.38359,1.315559983253479,1.44,180.291,
349829627,113.695288,-61.240068,9.0255,4997.0,3.45154,2.5686399936676,,184.204,
300710077,115.270225,-71.303764,11.9802,3471.0,4.87707,0.371140003204346,0.358579,43.407,
308994098,123.39778,-64.090901,8.9914,6988.0,4.25649,1.46080005168915,1.52,167.218,
306472057,118.434757,-69.701736,10.7525,6572.0,4.35381,1.42962002754211,1.43,341.221,
294780517,71.245764,-67.98105,11.7345,5107.98,4.5443,0.835807,0.86,215.208,0.349553
300013921,107.133952,-68.368778,10.8578,5379.0,4.50461,0.8,0.95,144.067,
299945285,106.664922,-71.446827,10.0176,6270.01,4.07467,1.59083998203278,1.22,233.131,-0.46561
278895705,100.970374,-55.639,10.2477,6168.88,4.24191,1.3109699487686155,1.18,216.257,-0.176312
277099925,83.986551,-67.459594,10.721,5780.0,4.438,1.0,,9590.75,
271596225,108.563086,-74.603095,11.7144,3704.0,4.77431,0.473702013492584,0.471474,56.1927,
260640693,97.820494,-58.320438,11.908,4270.0,4.57808,,,121.052,
255685030,98.469125,-52.460296,10.5868,5643.0,4.48066,0.915518999099731,1.0,158.526,
179308757,79.765915,-69.637926,12.3323,5780.0,4.138,1.0,,7596.91,
177258735,102.221691,-73.299335,7.5412,6283.39,4.438,1.3560899496078491,1.23,71.3672,
167303382,97.985715,-68.7118,7.5209,5235.78,4.438,0.749819993972778,0.89,28.1042,
143526444,125.645029,-19.254613,9.3309,5370.0,3.32339,4.16,,403.772,-0.218126
41227743,91.519783,-69.420238,10.714,5988.0,4.30679,,,285.647,
38460940,61.135799,-62.989132,13.1018,3376.0,4.438,0.281129002571106,0.25524,51.8767,
33831980,63.416059,-76.098013,11.9763,4130.0,4.438,0.63160902261734,0.65,104.44,
30853470,75.915921,-66.654923,11.3042,4662.0,4.56787,0.693073987960815,0.74,106.984,
30122649,133.74855,-44.28863,10.0659,5216.0,4.52613,0.833198010921478,0.87,98.1848,
149301575,82.979518,-60.476724,10.3046,5804.3,3.89,1.30725,1.04,195.029,-0.37
388106759,62.854009,-69.474879,10.5173,5704.59,4.09162,1.40065002441406,1.02,232.47,-0.166535
100757807,88.030314,-32.925074,10.9339,6025.9,4.3,1.24,1.12,284.002,0.17
363914762,89.235658,-49.006949,10.9582,6707.0,4.2,1.57,1.42,426.024,
55525572,72.69401,-60.905461,9.8467,5823.7,3.77,2.04354000091553,1.05,263.145,-0.03
255760319,99.714619,-53.107598,8.9944,5920.4,3.91,2.14,1.16,196.472,
102840239,155.871938,-43.834925,9.36,4953.9,4.59,0.76,0.82,59.7117,0.0371026
175180796,116.010481,-36.996503,11.143,4146.6,4.6,0.62,0.65,74.5217,-0.14
30312676,74.286788,-66.390334,11.3029,8747.0,4.08022,2.23767,,7294.41,
46096489,214.683011,-20.275437,10.6481,5700.0,4.49158,0.95,1.02,194.134,0.127692
73717937,192.189568,-47.613679,11.7528,5846.0,4.41665,1.32,1.05,400.331,
111991770,208.928011,-32.159712,10.4445,6300.0,4.16979,1.48,1.176,282.091,-0.1
125405602,209.615851,-23.277572,11.1825,3669.0,4.78896,0.477,0.444969,39.5907,
127530399,217.6092,-46.159516,11.1116,4775.0,4.60305,0.789876997470856,0.76,122.91,
158978373,218.658293,-40.739863,9.9623,6309.0,4.23525,1.30032002925873,1.24,201.873,
193641523,222.16547,-57.588867,10.0732,4452.0,4.49909,0.729635000228882,0.7,63.9262,
220029715,208.856746,-21.207859,12.4284,4944.0,4.50243,0.781958997249603,0.819,240.707,0.255864
243200602,203.106019,-42.475273,10.491,5625.0,4.49092,1.06,0.99,172.256,
270507305,98.893269,-79.715754,11.5746,5848.0,4.33233,1.27409994602203,1.09,336.988,
271168962,210.193571,-30.583608,9.47199,6030.0,4.09435,1.95756995677948,1.01,200.075,-0.25
276128561,224.208391,-37.042983,10.5623,5636.0,4.3723,0.948885023593903,0.9,142.461,
281924357,129.756861,-74.763114,10.9303,5900.0,4.36304,1.0430999994278,1.07,222.995,
307610438,229.033411,-38.87541,8.8098,5808.0,4.33972,1.14478003978729,,86.0601,
350332997,84.081627,-54.191199,11.7611,5623.0,4.37483,2.09,0.97,586.704,
362249359,145.645472,-62.475886,10.1461,3965.0,4.68337,0.603335976600647,0.590802,41.7148,
404340025,195.828164,-49.639773,10.7036,6783.0,4.24271,1.34414994716644,1.1,258.777,0.147754
405700729,192.057325,-56.894318,10.849,6012.0,4.76675,0.882827997207642,1.0,166.834,
440887364,225.079883,-24.454202,8.6486,4476.0,4.58156,0.69,0.66,27.5024,
460205581,157.037281,-64.505211,9.9322,6513.0,4.53694,1.01,1.15,142.488,
461271719,203.166643,-38.845947,8.7823,7313.0,4.14443,2.62982988357544,1.72,305.237,
466840711,166.979879,-61.14625,14.1491,6933.0,4.25089,1.5994399785995483,1.79,1627.63,
287563610,198.132842,-45.590574,13.0546,5318.0,4.43686,0.97,0.98,488.176,
238932509,94.942993,-53.226707,12.5528,5153.0,4.46892,0.9,0.84,306.068,
141768070,91.937566,-73.391862,12.6264,5376.0,4.42496,1.00073003768921,0.9,368.8,
437333618,207.907675,-23.78124,12.472,5715.0,4.34342,1.1185200214386,1.03,471.158,
380886535,19.461136,0.346971,11.7952,5829.6,4.1,1.51594996452332,1.05,472.297,-0.053
32283946,24.172722,-31.670795,11.7582,5818.3,4.4,1.49,1.06,475.359,
229141709,26.376875,-51.296821,11.766,6316.3,4.3,1.21,1.22,446.815,
231289421,43.875521,-53.665545,12.0594,5286.9,,2.29,,659.753,
42015200,24.216097,-39.142583,11.6818,4513.0,,2.87,,527.114,
33595516,28.715796,-29.421709,11.5485,5311.0,4.47,0.92,0.914,225.734,
423670610,9.765924,-17.221806,11.3488,5863.5,4.38,1.28,1.1,342.206,
40083958,7.387843,-10.468279,10.9994,5485.0,4.64,0.77,0.961,154.477,
29918916,24.740265,-7.280979,10.9495,5574.0,3.95,1.73,0.98,351.426,
138727432,32.914289,-37.892988,10.7598,5937.0,4.19,1.38,1.08,287.558,
160222069,28.078089,-43.047613,10.717,5928.0,4.19,1.3775399923324585,1.08,279.96,
269558487,15.543042,-2.144574,10.6541,6671.0,4.41,1.22,1.41,294.418,-0.43
306338882,14.094894,-14.788329,10.3244,5179.9,,4.34,,574.712,
404467699,25.871364,-14.149185,10.2676,6143.0,4.08,1.63,1.16,286.484,
198008005,60.199826,-54.592918,10.6444,5857.0,4.24,1.297469973564148,1.06,250.489,
150430484,97.144014,-61.150325,11.9587,4971.0,4.59,0.7561969757080078,0.82,193.087,
321011127,43.546163,-41.514421,11.6704,5906.0,4.07,1.58,1.07,494.093,
372913430,119.533518,-60.780499,8.3502,10341.0,3.8,3.39,2.66,422.358,
309254930,124.300024,-65.65708,8.9904,,,,,,
238898571,93.729429,-49.756087,9.954701,5867.0,4.5948,0.85030198097229,1.0,111.279,
231728511,81.443395,-51.357031,11.4966,3460.0,4.438,0.39860999584198,0.38991,38.0915,
44797824,62.454351,-26.022091,9.7976,5181.0,4.14486,1.19843995571136,0.95,136.022,
381976956,77.546589,-57.586679,9.0099,4866.0,2.50648,7.56825,,455.064,
358460246,119.014208,-64.941154,10.4283,5777.36,4.30388,1.23499000072479,1.04,200.12,0.00784038
271596418,108.568016,-74.970528,10.7109,5670.45,4.16644,1.18329,1.01,230.697,-0.0318574
200807066,53.178982,-51.788532,8.9043,5908.0,4.28153,1.24840998649597,1.07,110.247,
219229644,63.31929,-50.944261,10.7791,3927.0,4.6966,0.611136019229889,0.59708,53.8027,
219344917,74.737626,-50.627415,9.7607,4939.0,4.58489,0.732188999652863,0.81,68.0473,
220459826,74.868182,-55.92906,11.8348,4872.54,4.68951,0.756359994411469,0.79,179.254,0.209392
237920046,56.736636,-63.336878,12.1249,3797.0,4.74005,0.520399987697601,0.517851,76.9563,
232025086,96.069345,-46.93762,8.7542,6437.0,4.2473,1.4178800582885742,1.26,130.527,
14165625,78.037215,-37.708481,11.3877,4407.0,4.56293,0.719466,0.67,106.12,
32497972,84.109334,-24.244444,11.534,3955.0,4.68874,0.603739023208618,0.591129,78.1864,
255704097,99.11511,-50.297401,10.6237,7836.0,4.14,1.59434998035431,1.8,452.682,
219380235,76.761786,-51.766957,10.8239,5518.3,3.93,1.77,0.97,334.457,0.34
37084932,98.123772,-3.54484,9.5254,8829.0,3.91,,2.51,602.726,
34077285,94.164473,-13.987337,9.2563,4935.0,4.52,0.82,0.81,60.6679,
237808867,104.479884,5.748028,9.792,5274.0,,9.78,,994.732,
92013169,89.16524,14.785575,9.73965,7069.0,3.88,2.37,1.565,387.97,
123846039,103.369061,-6.507835,9.3722,5651.0,4.43,1.01,1.003,102.637,
167031605,93.921031,11.832621,9.9534,11246.0,,5.45,,1390.46,
25334160,98.26778,-10.870679,10.1775,4312.9,,8.43,,693.394,
120269103,101.693856,-6.144778,8.26522,8844.0,3.76,3.25795,2.225,364.928,
437984134,94.545308,15.952049,8.16507,7173.0,4.03,2.26,1.665,192.612,
438295981,96.666044,13.29938,9.52621,6565.2,4.09,1.9,1.471,263.022,
284288080,106.649775,-53.546434,10.8457,6466.0,4.11,1.68,1.32,388.477,
333607525,100.36319,-12.285043,10.936,6600.0,4.17,1.67,,474.565,
33690636,93.122299,-16.792043,11.0427,4696.0,,0.79,0.699,123.997,
66561343,86.738228,-11.23534,10.9739,7723.0,4.43,1.35,1.82,340.543,
123958679,103.678583,-7.131316,11.4847,9856.0,4.01,2.59,2.52,1241.42,
42755801,96.793934,-4.7801,9.1672,9900.0,3.68,3.83,2.53,661.74,
250484865,94.205654,-2.92914,8.7973,5998.0,4.39,1.11,1.11,96.3043,
102283403,89.15458,10.551759,9.08959,6627.0,4.31,1.37,1.39,156.139,
229384040,98.59774,8.413625,9.11269,6128.0,4.08,1.62,1.158,165.943,
124543547,104.480707,-9.924849,10.5672,5652.0,4.32,2.74,1.07,479.081,
177162886,104.492446,-71.523106,11.5865,5591.0,4.30695,1.18787002563477,0.99,304.798,0.222103
210873792,245.905129,-31.373574,11.9085,3861.0,4.71767,0.6807109713554382,0.666,121.037,
214361331,261.062847,-50.386051,9.6877,7062.0,4.49596,1.38435995578766,1.24,190.467,
216935214,259.49578,-45.883555,8.957,7142.0,4.15713,2.29503011703491,1.27,219.439,
238197638,57.489027,-72.793731,11.7874,6266.0,4.27,2.21,1.17,739.231,0.180043
261257684,89.371273,-83.129726,10.846,3992.0,4.61929,0.532438993453979,0.529185,46.0891,
261867566,227.658675,-71.361632,10.5721,5565.0,4.46277,1.00018000602722,0.93,158.649,
298372701,239.825514,-49.366664,8.5097,5954.53,3.68582,1.42,,133.752,-0.1648
305424003,262.183407,-62.840383,9.9444,6272.0,3.8399,2.05978989601135,1.2,312.529,
350153977,53.159427,-81.250745,10.6513,5500.0,4.99,1.05236005783081,0.96,175.748,0.0
364107753,251.362526,-71.839588,7.0514,6059.06,4.29,1.31,1.13,51.8209,-0.51
369327947,290.23794,-82.559788,10.1508,3194.0,4.96718,0.287497013807297,0.262417,12.4814,
389070884,262.335243,-38.645969,7.9771,5963.0,4.438,1.44708001613617,1.09,84.7758,
406941612,229.328567,-80.473345,10.4904,3566.0,4.83519,0.426465004682541,0.421006,26.1072,
407126408,234.572324,-80.803427,9.6181,4948.0,4.60394,0.732535004615784,0.82,65.1769,
153027658,48.726093,-44.961855,10.2413,5963.4,3.65,1.54,,233.2062,-0.95
259389219,68.803771,-51.396562,11.2486,5753.0,3.83,2.05,1.03,506.371,
348844154,105.956649,-60.297493,11.2532,5493.2,3.92,1.89,1.05,427.276,
207237016,49.816476,-59.400109,11.2459,6070.0,3.65,2.62865996360779,1.13,704.528,
294869729,71.799228,-68.985641,11.2716,5614.0,3.5,2.94,0.99,549.872,
150167117,93.413565,-62.219723,11.1835,5811.1,,1.13699996471405,,,-0.221005
271722899,110.312488,-73.453234,11.191,3818.0,,,,3540.18,
278775625,99.674204,-56.22054,11.2559,6055.5,4.38,1.14,1.13,294.015,-0.0579013
278199349,110.890427,-79.504188,11.499,4120.0,,,,1220.48,
301051430,50.036337,-45.061851,11.0264,6049.0,4.3,1.24609994888306,1.13,302.944,
382068562,79.656888,-55.888562,11.3593,5682.0,4.45,0.993826985359192,1.01,251.24,
300599466,113.047662,-68.012289,11.3377,5027.7,,10.05,,1811.81,-0.65
176796997,48.378728,-32.00557,10.5926,5658.4,,2.61,,216.207,-0.24
261258875,89.730768,-79.743374,9.2691,6639.0,3.73,2.66,1.4,314.616,
300557619,112.599235,-71.595463,11.4124,5848.0,4.35,1.13,1.1,310.211,-0.106992
175532955,45.907166,-39.930776,11.4337,4451.0,4.57,0.72,0.7,114.421,
100921768,54.308702,-44.472006,8.1605,6504.0,3.32,4.18,1.33,306.118,
206474443,57.336855,-47.91819,11.5458,5928.0,,2.31,,,
260417932,95.940941,-54.578024,10.7378,4444.0,4.55,0.734072983264923,0.7,85.3837,
260130483,92.305335,-55.403754,10.6361,5546.9,3.93,1.78672003746033,0.98,300.423,-0.95
220475245,75.350678,-56.141416,12.708,4833.0,4.51712,0.869755029678345,0.79,301.872,
260476837,96.248202,-59.804574,12.7918,4814.0,4.51946,0.804149,,282.203,
278198753,111.036157,-78.442588,12.6327,4320.0,4.57232,0.85,,238.321,
425163745,58.896845,-2.505949,10.855,5341.6,4.09,1.78,1.033,321.78,-0.061
332660150,63.032344,-12.118836,10.8479,5981.0,4.49,0.99,1.1,215.034,
67772767,63.786841,-7.315748,10.9335,6159.5,4.14,1.53,1.17,352.195,-0.23
248434716,77.403593,-5.67097,11.0057,5100.2,,0.85,,,
408137826,78.300525,6.545915,10.9968,5920.0,4.32,1.18,1.078,263.386,
146520535,76.649617,-20.245613,11.0462,4945.0,4.43,0.91,0.814,152.601,
399871011,74.555144,8.980825,11.0412,6794.0,4.28,1.45,1.46,397.789,
434234955,63.811095,14.944839,11.3818,7011.0,3.51,3.6,1.54,938.401,0.182
167714792,80.455333,-36.673792,11.1224,7019.0,4.19,1.65,1.55,516.104,
219205407,92.833906,-51.466622,10.8732,5008.3,,1.05,0.83,164.458,
262330063,78.318822,4.809898,10.642,6251.5,4.0,1.79,1.24,390.775,
146438872,75.531735,-22.711864,10.5068,6092.9,3.65,1.92,1.05,370.711,-0.675
189013222,79.101853,-15.512686,10.2892,5136.1,,0.84,0.898,112.611,
245947683,70.375099,14.815533,10.2098,6706.0,4.23,1.51,1.424,211.593,
449050247,67.551337,5.298825,10.0938,5761.5,4.35,1.4,1.231,206.344,
319312479,61.77946,-13.766859,10.0716,7110.0,3.9,2.33,1.58,459.161,
449050248,67.552495,5.298431,9.87405,5772.0,4.1,1.54,1.19,204.316,-0.16
44792534,61.941059,-25.208803,9.77919,5756.0,3.88,1.93,1.03,238.768,
146467675,76.081839,-20.731341,9.70467,5888.8,3.99,1.72,1.068,211.351,-0.463348
146434840,75.360839,-22.382135,9.49344,6029.5,4.22,1.77,1.161,210.646,-0.58
249067445,79.432431,-0.370122,8.95699,8897.0,4.27,1.82,2.241,280.188,
92880568,83.215825,-19.575073,10.964,5745.1,4.14,1.43,1.03,297.121,-0.22
279999655,114.012456,4.715116,10.649,8264.0,4.09,,1.72,639.564,-0.126478
5109298,107.59809,-5.432679,10.6698,9385.0,4.12,2.22468,2.38,789.891,
265077027,127.178328,4.038553,10.6596,5782.5,4.37,1.3,1.08,246.177,
141776043,117.712497,-21.015735,11.2295,,,,,447.244,
25799609,119.1493,-0.772849,10.6412,5814.9,4.4,1.06615996360779,1.046,203.873,-0.016
179155220,109.106905,-8.329732,10.6659,5146.2,4.61,0.83,0.895,127.566,
179159972,109.056276,-9.893473,10.6124,5947.5,4.22,1.15,1.151,224.488,
178367144,123.392246,-1.982787,10.5572,6316.0,4.37,1.21069002151489,1.244,253.985,
445586472,117.084021,-57.236311,10.5704,7051.0,3.87,2.40368,1.56,522.06,
453209605,116.914289,11.980797,10.5766,4968.3,,,,,
280437559,115.136686,2.098588,10.5424,4249.1,4.43,0.82,0.66,77.2554,0.086
174599051,114.699006,-39.135518,10.5248,5189.0,4.33,1.0653200149536133,0.88,147.148,
177722855,107.42144,-11.328877,10.5224,5743.0,4.18,1.37,1.026,229.595,
125894957,115.280389,-26.070939,10.5484,4770.0,,36.51,,3083.92,
409459226,109.950322,-11.942687,10.5816,3435.0,,102.03,,4153.03,
333821572,116.274911,-17.17511,10.4337,8192.0,4.21,1.84,2.005,522.177,
133654092,121.185099,-41.559812,10.4527,2828.0,,,,4947.72,
347098457,117.470237,-16.023413,10.4856,4240.0,,49.1612,,4189.87,
268371979,105.063071,-2.347448,10.5153,4538.0,,0.74,,6862.39,
73038411,120.204125,-2.010837,10.339,6368.0,4.18,1.52,1.269,291.631,
5772442,111.766458,-7.129696,10.351,5650.4,4.32,2.62,1.044,414.876,
93594834,114.420797,-7.33674,10.3138,5322.0,3.82,1.96337,0.92,269.611,
127476180,117.113226,-28.204828,10.2957,6711.0,4.25,1.48129,1.426,297.758,
177126182,106.405063,-11.979855,10.3075,8502.0,3.78,3.08,2.11,793.408,
148659924,114.864422,-32.903754,10.3437,9260.2,4.08,,,551.738,
33091633,104.87593,-4.812169,10.2763,6184.6,4.11,0.52,,442.789,
425220920,111.644015,7.01633,10.2462,5906.8,4.22,1.59,1.108,260.641,0.0954963
320536216,120.105441,10.343871,10.1796,8274.5,4.17,1.65,1.94,407.542,
52548453,100.9257,-30.491967,10.1887,6080.0,3.78,2.27,1.23,375.582,
113553629,113.424039,-30.996054,10.1989,6056.9,4.17,4.82,1.27,785.176,
207277638,110.506534,10.238635,10.1094,7814.0,,2.06,1.88,476.811,
88684250,121.913554,-5.770077,10.0998,8388.0,4.22,1.86,2.08,465.99,
7561203,114.346166,-11.151301,10.1137,9855.0,4.18,2.13,2.52,616.305,
108835813,112.616704,-26.080682,10.0813,9412.5,,,2.82,822.322,
259353953,113.960841,-15.499455,10.0634,8035.0,4.28,1.67,1.944,366.482,
93963408,115.046333,-9.084269,10.0267,10393.0,4.32,1.87739,2.679,543.152,
317951248,110.811443,5.56285,10.0781,4805.2,,,,1080.88,-0.13705
142918609,119.349948,-19.516015,9.7925,8007.0,,2.05,,379.693,
341729521,121.319521,-59.579798,9.7727,5786.0,4.52,0.926261,1.04,113.667,
54390047,118.319555,-14.218823,9.6952,8322.0,4.01,2.34986,2.05,482.278,
341186896,118.864086,-58.22206,9.6171,6635.0,4.35,1.3,1.39,180.02,
50365310,112.357708,-12.69596,9.604,10249.0,4.19,2.16986,2.64,485.735,
88863718,122.580465,-5.513852,9.42344,7070.0,4.03,2.01,1.565,295.862,
124709665,104.726966,-10.580455,9.299501,8924.0,,5.73,,943.109,
106997505,110.559945,-25.207017,9.3003,5388.5,4.15,,,7728.17,
238597883,122.178195,-48.802811,9.1355,9219.0,4.14,2.15,2.34,356.437,
169904935,120.704811,-11.101521,9.1309,5613.0,,1.09,,100.711,
156115721,124.359239,-27.273521,9.2386,6616.0,,1.53429,,,
65212867,112.752393,-4.463359,8.87759,6596.0,3.71,2.7,1.376,283.291,0.154
440801822,109.382839,13.395219,8.9362,6858.5,4.2,1.57,,144.297,
107782586,111.667845,-24.462111,8.4331,8868.7,,,,866.147,
139853601,112.293981,-21.832912,8.45086,9438.0,,1.0,,485.122,
114018671,113.984761,-32.841999,8.2388,5413.7,4.46,0.94,0.94,52.62,-0.1
427508467,117.095285,6.785064,8.12718,8928.0,3.92,2.72,2.251,295.959,
97700520,107.286063,-31.933523,7.6095,8868.7,,,,510.295,
96246348,103.561602,-34.22282,7.678,9307.0,,,,224.672,
155044736,122.895964,-27.971896,10.7069,4897.0,,6.79961013793945,,906.496,
175310067,116.110771,-36.098285,10.6257,7601.0,4.31,1.53641,1.77,368.646,
182943944,124.726411,-37.78325,10.6019,6995.2,4.07,1.61,1.6,406.997,
291555748,111.716019,-50.266567,10.6254,5889.0,3.86,2.0,1.07,360.541,
341420329,120.147994,-54.878552,10.6348,7645.0,4.3,1.5620299577713,1.79,399.544,
140706664,128.381976,-43.828421,10.7173,8734.2,4.1,,,906.827,
143994283,119.30075,-42.999149,10.5551,6022.6,4.52,1.22,1.35,235.974,
47384844,162.96491,-5.788708,8.72924,6084.0,4.13,1.41,1.192,120.666,
238374636,120.837688,-51.345626,9.697,5050.8,3.56,2.99,1.08,316.398,
141482386,86.820714,-72.422611,10.0814,4709.0,,7.61,,692.266,
297967252,142.521159,-51.517114,5.5324,8598.7,,,,129.838,
388624270,125.434634,-51.759442,9.9138,5690.0,4.58,0.853898,1.01,105.677,
20318757,167.133275,-29.653135,10.2103,4272.0,4.6,0.68,0.67,56.3449,
447283466,157.098337,-51.705409,7.9059,4634.0,4.64,0.68,0.74,23.7748,
374908020,88.73909,-65.958839,6.841,,,,,,
464296022,155.831478,-57.590248,9.5706,4807.6,4.17,1.07,,78.41273,
304021498,140.88389,-67.026006,9.7318,6415.4,3.98,1.92,1.29,270.771,-0.273697
146589986,159.221506,-42.541639,9.7611,10395.0,4.13,2.33837008476257,2.68,587.196,
149601557,87.282586,-60.498444,10.0163,6113.1,,2.01,,219.94,0.0917514
400595342,134.441752,-49.000578,9.8174,9810.0,4.43,1.607759952545166,2.51,363.44,
361413119,144.150273,-61.583182,10.1126,5964.0,3.7,2.43038010597229,1.09,347.556,
146172354,157.867112,-42.240448,10.2855,5771.0,4.31,1.18,1.03,184.015,
363260203,147.385172,-63.306478,9.0211,9158.0,4.32,1.74,2.32,279.698,
90544017,128.454638,-49.940347,8.7157,8904.0,4.09,2.17,,280.765,
461867584,149.688545,-58.760453,8.5483,,,,,2864.34,
310483807,128.61421,-61.488262,8.3854,10037.0,,6.04,,732.432,
385624852,138.402252,-55.19791,8.0981,9081.0,3.83,3.05,2.3,305.034,
360286627,141.975215,-61.33004,9.718,9917.0,3.75,3.508660078048706,2.54,792.633,
90448944,128.302319,-52.714202,9.5719,6902.0,4.25,1.52,1.5,208.055,
463402815,153.811023,-58.766393,10.0031,5215.2,,,,494.689,
54044474,159.887704,-32.51188,9.6306,7013.8,4.21,1.9,1.58,300.696,
309787037,126.419468,-60.907514,10.0119,6762.0,4.11,1.75,1.45,301.298,
370745311,144.581535,-67.505097,10.2355,5622.0,4.5,0.93,1.0,134.926,
384549882,136.527702,-54.903922,8.802,11892.0,4.14,2.52,3.17,440.426,
16288184,253.768848,-28.710584,11.0657,6599.0,4.21017,1.2714600563049316,1.198,314.995,
66818296,239.962248,-28.061794,11.0261,6650.0,4.1639,1.57,1.354,405.908,-0.07
259863352,40.365939,-71.462749,7.1278,5625.0,4.438,1.56486,,53.19149,
317060587,337.510274,-75.646561,9.0197,5958.2,4.34,1.58,1.09,129.804,-0.25
112395568,290.977117,-33.351416,8.8849,5664.0,3.26574,3.86959,,263.729,
366989877,302.114174,-54.317501,8.4362,6122.0,4.30881,1.17,1.14,88.4343,
320004517,293.286615,-54.532728,8.0888,5783.54,4.49925,0.974668979644775,1.04,57.2651,-0.0525569
421894914,339.258703,-76.917605,9.6663,6124.3,4.38,1.36962997913361,1.16,168.354,0.18
323132914,127.996917,-78.407564,9.4091,5599.0,4.46138,0.943355977535248,1.01,98.2855,
31553893,288.911772,-31.790813,9.3781,5785.0,4.344,3.44756007194519,1.06,338.831,
380783252,269.714503,-60.922727,9.7825,5509.0,4.39758,0.94,0.88,98.8783,
101230735,299.290995,-48.934476,9.6652,5687.9,4.6,1.14,1.01,128.491,-0.11
253990973,284.688908,-41.242483,9.7345,5525.0,4.25342,1.21935,1.04,133.171,
299799658,38.120968,-78.023683,9.478,5394.0,4.50942,0.89,0.89,82.1733,
406976746,230.555493,-83.056214,9.0689,5552.0,4.61783,0.7917420268058777,0.9,61.1201,
79748331,296.003935,-47.56203,10.0059,4803.0,4.52079,0.737188994884491,0.74,68.0726,
7088246,286.36675,-50.06735,13.2851,5780.0,4.32928,1.2,1.03,639.004,
201604954,285.096517,-54.893341,11.9707,5670.0,4.3925,1.07,0.99,353.891,
201642601,288.672005,-59.57935,13.1686,4351.0,4.438,0.767009973526001,0.69,263.609,
6663331,284.399762,-49.138513,13.2887,5498.0,4.47934,0.92,0.96,535.383,
31858843,289.479212,-32.860124,10.4293,5703.0,4.25824,1.22,1.025,197.996,
31858844,289.478541,-32.861327,15.7114,5740.0,4.29219,1.28,,,
120247528,280.184169,-58.459388,11.5803,5639.0,4.37172,1.114989995956421,0.98,290.198,
140830390,75.627307,-72.913998,11.7106,5765.0,4.34773,2.4494,1.05,703.878,
158297421,287.484402,-49.664942,13.6699,4444.0,4.438,0.698300004005432,0.69,300.67,
327301957,310.761004,-72.010267,10.6339,5206.0,4.63095,0.741671025753021,0.85,107.356,
351601843,309.971209,-65.449699,11.1186,4046.0,4.60963,0.58033698797226,0.571742,61.4592,
360742636,294.633694,-55.330269,11.2474,5659.0,4.44653,1.03997004032135,1.01,248.46,
369960846,173.810798,-88.096213,13.461,5192.0,4.4617,0.984326004981995,0.82,463.683,
370133522,306.928646,-56.462287,10.1165,3325.0,4.88693,0.390989005565643,0.381272,20.373,
379240073,283.119492,-55.387928,13.1284,6519.0,4.22068,1.72339999675751,1.34,1179.27,
161032923,276.368325,-52.214573,12.7067,3296.0,4.96636,0.19998799264431,0.168986,25.559,
253728991,282.140409,-40.11177,11.5247,6027.0,4.29978,1.23975,,354.05,
261108236,83.275809,-80.815478,11.8835,4310.0,4.57345,0.64961302280426,0.64,100.248,
322270620,296.822194,-87.32281,12.0936,3614.0,4.81257,0.491322994232178,0.489415,68.9109,
380589029,268.890707,-61.7474,12.2851,6346.0,4.38484,1.14759004116058,1.18,494.182,
381979901,77.605399,-59.535664,11.6577,6102.0,4.28649,1.28,,444.066,
468148930,305.56982,-88.568495,12.2303,5818.0,4.33787,2.08400011062622,1.04,736.397,
426077080,238.001011,-76.49349,9.4142,6907.0,3.63,3.09,1.5,416.25,0.229216
343648136,272.311383,-76.300955,10.4613,6093.0,4.2,1.4,1.14,240.901,
129319156,228.84306,-52.885989,10.3918,11600.0,4.13,2.48,3.07,778.127,
361034196,242.016315,-68.588832,10.0196,7009.8,3.6,2.95,1.61,566.502,
193413306,222.101134,-56.025931,9.3529,7348.0,3.9,2.39,1.67,321.671,
387079085,217.022882,-64.634285,9.0039,6534.0,3.95,2.04,1.35,209.919,
382331352,215.805264,-63.045983,10.0067,,,,,1710.22,
136274063,230.498827,-53.819601,9.9806,7710.0,3.98,2.28,1.81,426.003,
375223080,133.968965,-75.926187,10.4291,7066.0,3.78,2.66473007202148,1.56,582.521,
375225453,133.826684,-73.173308,10.11,6553.0,3.65,2.89088988304138,1.36,490.288,
360630575,189.775859,-74.57402,8.7215,5876.0,4.48,0.98,1.06,79.5561,
383390264,192.589285,-88.121111,8.7581,6153.0,4.34814,1.14582002162933,1.29,105.096,
290348383,328.718171,-77.338802,7.3661,4867.0,4.438,0.8,0.78,23.606,
318608749,9.126138,-83.567067,10.5135,6033.0,4.37,1.1484899520874,1.12,205.43,
271581073,319.551469,-77.529113,10.5891,5803.5,4.07,1.56,1.04,262.794,-0.22
311890977,263.003209,-76.858265,10.5652,4138.1,4.54,0.63,0.63,58.0624,
351603103,310.086743,-63.789963,10.5598,4437.0,,3.13,,320.212,
451599528,279.721286,-85.709137,7.5622,6058.6,4.2,1.3920300006866455,1.13,70.0154,
274151135,146.053969,-89.471513,10.2809,4664.0,4.55,0.76,0.74,79.5225,
384513078,253.110033,-79.135182,10.0717,5042.0,,4.94,,523.425,
394561119,155.607863,-82.218869,10.0068,6501.0,4.08,1.74836003780365,1.33,281.314,
295599256,274.221618,-68.197779,9.941,7860.0,4.15,1.91,1.99,417.08,
50309953,30.198486,-77.610376,9.7906,5317.0,4.49,0.91,0.94,102.238,
446549905,286.791829,-58.697242,9.6789,6610.0,4.15,1.64,1.38,243.838,
412014494,291.373783,-60.941042,9.3871,7262.0,4.0,2.13,1.64,312.461,
369864738,163.628917,-87.269735,9.5162,6819.0,3.92,2.21,1.47,292.085,
290348382,328.710839,-77.337433,9.66865,3469.0,4.71,0.53,0.531332,23.8853,
409934330,302.147728,-71.552443,8.1129,8048.0,4.438,,,174.475,
379286801,283.301843,-54.910806,10.526,6708.3,4.2,1.57,1.47,359.215,
304100538,27.699972,-75.848774,9.5268,5551.0,4.46214,0.906282007694244,0.96,94.4178,
295541511,273.602061,-66.419974,10.4055,5731.0,4.43,1.02,1.02,167.598,
90919952,277.432937,-44.625506,10.5084,4898.4,,,,,
261369656,292.604815,-46.278074,10.5024,6456.0,3.92,2.07,1.31,421.518,-0.42
143257766,293.389272,-45.892667,10.4063,7301.0,4.23,1.64,1.65,386.323,
24094603,269.648642,-46.065523,11.0605,,,,,338.644,
304774444,281.369481,-52.262928,10.2934,6317.0,,1.38,,249.826,
469782185,292.391505,-37.304009,10.2398,5159.8,4.23,1.27,0.96,161.932,
128790976,300.212928,-43.982529,7.2235,6690.0,4.24,1.49,1.42,75.7145,
80166433,298.287708,-46.369991,8.0465,8271.0,3.95,2.50272989273071,2.03,237.593,
405862830,279.062469,-43.620606,10.3579,5034.0,4.64,0.73,0.86,97.8115,0.0964554
269450900,292.195297,-36.00026,7.3163,8268.5,3.93,,2.18,177.741,
425721385,289.761799,-43.074223,9.7298,6209.0,4.09,1.63,1.19,222.529,
91576611,284.157959,-29.398357,8.7823,7101.9,3.91,2.32,1.577,247.414,
254113311,286.376004,-41.43764,10.1429,4236.0,4.52,0.74,0.66,58.2609,
198213332,248.433545,61.718334,9.2872,5579.0,3.67,2.39803004264832,0.985,222.74,
267489265,298.781281,54.781445,9.2293,7851.0,4.17,1.86,1.882,286.668,
69997672,294.824079,31.958037,9.11458,6244.0,3.84,2.2,1.21,233.369,
122220263,290.02096,36.637774,9.03609,6277.0,4.09,1.65,1.226,170.732,
154872375,193.39637,85.129495,9.02855,5962.7,4.38,1.15,1.155,114.048,
142276270,192.184898,64.855276,8.9361,5729.0,4.47,0.98,1.03,84.5362,
89389197,301.17768,30.409951,9.00558,4919.6,,6.30703020095825,,419.435,
110428269,291.463084,25.189437,8.90601,9994.0,4.02,2.59,2.559,395.12,
202563254,304.034336,31.925687,8.86193,7947.0,4.2,1.83,1.909,238.726,
320525204,264.961539,56.078974,8.88797,5941.5,,1.34,1.122,121.182,
159510109,247.534722,80.307766,8.8523,5894.7,4.37,1.11790001392365,1.08,97.3391,
284450803,290.708965,56.615386,8.64028,7518.0,3.82,2.68,1.735,299.294,
160268701,182.538652,77.352264,8.63287,6152.0,3.84,2.24,1.274,191.984,
28230919,297.710176,48.081864,8.5077,4757.3,4.56,0.76,0.77,37.7647,0.299646
350995812,291.92142,36.529898,8.5011,8562.5,,,,438.395,
21755546,292.286802,30.297329,8.40386,8598.7,4.1,2.6243200302124,3.131,411.307,
288391628,266.962207,83.428826,8.36544,6259.0,3.59,2.92,1.217,218.258,
349827430,161.909027,71.655727,7.9179,6403.9,4.16,1.55,1.25,96.5173,
117789567,300.774016,26.892025,7.9172,8737.5,,,,632.553,
16740101,307.8599,39.938916,7.58204,9435.0,4.11,2.2877299785614,2.431,204.455,
69679391,294.661413,31.2192,7.55216,8894.8,4.38,1.62,2.282,136.426,
237184773,283.489697,37.380825,8.0348,5485.0,,,,105.334,
154840461,182.691562,85.705076,8.40534,6528.3,4.21,1.69,1.689,147.134,
459970307,254.924043,64.699214,9.3188,5704.0,4.51,0.93,1.02,93.8819,
161450762,309.275852,32.471019,9.711,,,,,,
117256577,300.419309,26.971662,9.7032,,,,,6079.49,
147576037,144.341393,68.458705,9.6043,5709.8,3.37,3.59,1.11,432.113,
379931600,293.427359,29.596296,9.5967,4884.5,,1.3,,,
48188920,282.42081,48.098942,9.5937,6449.5,3.94,2.1,1.37,292.83,
89510024,301.317709,30.67067,9.577,,,,,2320.13,
158324245,286.971388,46.868246,10.2306,7986.1,,,,519.096,
13419950,305.289344,41.462366,9.65306,8730.0,,,,348.481,
375542276,294.091757,19.639255,9.47751,9311.3,,,,148.342,
16102323,307.336613,37.508561,9.329701,,,,,827.868,
458478250,232.146641,66.35871,9.76703,5787.0,4.5,0.96,1.071,126.261,
138361973,293.764981,37.53859,9.7604,5900.4,4.39,1.13,1.14,153.743,
232967666,198.152378,71.618139,10.3874,5807.0,,1.14,,209.618,
41330864,301.710466,38.431023,10.381,5969.0,4.17,1.5,1.199,274.162,
302518439,134.120039,72.533276,10.6405,6134.3,,1.24,,259.0,
294176967,300.805115,52.040842,10.349,7875.0,3.61,3.5,1.82,880.107,
101929303,299.273862,35.988359,10.3075,7266.0,4.06,2.05,1.75,482.763,
1717732429,282.474539,55.26639,10.3018,,,,,875.061,
232967440,197.683097,70.768012,10.2938,5429.6,4.44,0.96,0.917,132.353,
154089169,209.217175,68.618211,10.2549,5029.5,4.61,0.76,0.85,94.6375,
30329585,289.238688,31.323574,10.2026,6229.0,4.31,1.27,1.203,216.517,
230088370,247.35668,71.505873,10.1772,6557.7,4.18,1.5743499994277954,1.38,295.561,
169177766,297.30004,41.326844,10.1617,9121.5,4.21,2.1,2.572,602.899,
359496368,279.101036,55.391781,10.1358,4043.4,4.69,0.56,0.552175,36.7224,
148914726,187.055897,67.240043,10.1313,4927.9,4.57,0.78,0.81,86.444,
158002130,214.555774,82.193764,10.112,4738.1,4.59,0.73,0.75,72.0238,
229510866,297.215817,64.354351,10.079,6122.0,3.93,1.93,1.16,302.819,
341544930,201.614657,65.306346,10.0049,6496.7,,2.05,,,
258777137,286.74712,71.712377,9.9478,5095.6,,1.06,,112.868,
233087860,272.20452,60.678785,9.9469,4534.0,4.61,0.69,0.71,58.5946,
83210867,297.459433,34.829667,9.94025,5997.0,4.0,1.73,1.105,246.798,
289539327,251.633465,65.715035,9.92402,6115.7,3.89,2.01,1.143,294.85,
372757221,162.893176,81.322174,9.9002,6389.0,4.26,1.4,1.28,221.071,
15247229,306.730853,38.93227,9.886581,8156.0,4.35,,2.031,347.452,
112026224,292.223229,24.20119,9.8744,5286.9,,,,,
287196418,292.734132,59.403853,9.80529,7106.7,4.2,1.63,1.532,280.948,
237185205,283.526697,37.720014,9.7831,6800.0,3.91,2.21,1.46,355.809,
158276040,286.550056,44.0808,10.4999,6479.3,,1.28,,283.025,-0.176
89643259,301.41088,33.049205,10.4813,7166.8,,1.87,,501.963,
147950620,167.821481,69.964775,10.4782,5339.9,4.41,0.99,0.918,149.667,
24364065,291.12047,33.273702,10.4717,4974.4,,3.85,,500.014,
69068526,291.707693,17.808736,10.4318,6689.0,3.96,2.06,1.417,424.442,
92677094,293.26832,15.736136,10.4247,7649.0,4.04,2.12,1.788,405.634,
203189770,304.800032,32.581045,10.4219,8324.0,4.28,1.71,2.053,470.878,
99869022,166.880658,61.352572,10.4221,5618.0,4.06,1.54,0.99,248.427,
288185138,222.841424,82.952258,10.402,6105.0,4.31,1.24,1.149,224.444,
29960110,42.2477,-14.537283,10.9473,3948.0,4.68962,0.482387989759445,0.480382,37.8871,
327017634,210.427355,-63.852645,8.386,3773.0,4.438,0.577983,,818.829,
23434737,168.226736,-34.406937,7.9995,5742.22,4.29,1.17321002483368,1.03,64.9943,-0.39
467666275,169.119109,-60.567675,8.004,6711.0,4.06358,1.7756799459457395,1.1,106.505,
287776397,127.128017,-74.954728,8.3902,6090.0,3.29864,4.1956000328064,1.27,309.932,
308034948,180.325704,-60.200439,8.6014,5824.0,4.438,1.1512,,1698.55,
364393429,116.594329,-64.056009,9.2397,6282.0,4.37809,1.10742998123169,1.1,113.758,
273985865,30.508742,-83.227962,10.5924,5626.0,4.56195,0.823019027709961,0.98,134.757,
30037565,73.541918,-70.379109,9.597,5914.0,3.98,1.55953001976013,1.08,173.833,-0.2
33878688,66.221959,-73.333516,11.1762,5168.33,4.60584,0.77,0.88,144.133,-0.168765
50312495,31.178933,-73.126759,9.8135,5572.9,3.83,1.14,0.98,133.335,-0.78
389924075,87.874157,-70.991808,10.4016,5909.57,4.26154,1.1142,1.07,190.986,-0.302155
399144800,163.198824,-67.387472,10.6392,6270.0,4.54537,0.989666998386383,0.95,161.33,
451606970,285.049519,-84.448187,10.0329,5262.4,3.98,0.937973022460938,0.9,107.048,-0.19
453260209,146.87585,-77.296816,10.42,3751.0,4.75718,0.518,,34.6633,
141527965,87.714849,-75.688563,11.546,4280.0,4.61209,0.635811984539032,0.67,99.5413,
248092710,193.260548,-44.09936,9.6517,6354.0,4.24472,3.4868700504303,1.24,463.223,
294781547,71.484109,-68.761805,10.3869,5455.96,4.46737,1.0182499885559082,0.95,135.689,-0.0173639
294981566,72.332562,-67.368745,10.1207,6734.0,4.18582,1.59,1.6,301.291,
319259194,71.650779,-78.561605,9.5298,6308.0,3.98679,2.09822010993958,1.33,273.698,
349095149,107.921025,-65.508857,10.0564,5802.0,4.44521,1.01813995838165,1.01,138.411,
374997123,99.224785,-63.079384,10.3014,6082.0,4.33287,1.3266099691391,1.13,226.932,
382437043,117.214876,-63.720125,9.3109,6516.0,3.99366,2.0417799949646,1.3,237.7,
299798795,37.197836,-80.899105,11.556,3442.0,4.893,0.404403001070023,0.396442,37.3312,
150428703,97.166308,-64.596432,11.7582,5522.87,4.67156,0.888162970542908,0.97,252.615,-0.0112057
177115354,103.754836,-69.867129,11.5514,5668.15,4.52573,0.986943006515503,1.01,257.93,0.128964
360156606,186.767363,-72.45185,13.802,3050.0,4.438,0.441280007362366,0.437175,100.641,
300038935,107.843685,-68.83334,9.0963,8208.0,4.25979,1.8,2.13,272.217,
140760434,74.130396,-74.920333,10.779,6028.84,3.96199,1.98892998695374,,254.584,0.0445224
287156968,118.129594,-83.825063,9.6245,5696.0,4.26563,1.15280997753143,1.14,143.138,
447061717,156.74726,-52.467872,10.2565,3535.0,4.84874,0.46527099609375,0.462709,27.6227,
364395234,116.501399,-61.879794,11.7835,5739.0,4.28235,1.0959700345993042,1.05,328.604,
260647166,186.574063,-51.363052,8.6522,5723.87,4.438,0.864172995090485,1.02,64.5978,
90504905,290.57223,26.319493,13.7991,3443.0,4.81617,0.411471,0.404369,104.912,
103633434,152.218255,69.27662,9.91924,3912.0,4.62642,0.63,0.611578,39.6345,
120757718,286.040876,36.632536,11.0248,5242.82,4.52404,0.857369005680084,0.896,159.658,0.0414032
120960812,286.638391,39.487904,10.2768,6212.0,4.17664,1.48,1.196,243.249,-0.01
153951307,201.382339,68.836068,11.2582,3853.0,4.63168,0.6232600212097168,0.606665,70.7145,
154716798,158.011286,84.030377,10.7192,5217.0,4.59186,0.789425015449524,0.888,126.903,
158170594,286.110305,43.680961,13.8046,5832.83,4.20893,1.33402001857758,1.05,1086.24,0.371
159107668,289.73973,44.647347,11.1634,5826.0,3.7213,2.33872008323669,1.05,546.522,0.12
198212955,248.553295,60.195927,11.598,4255.0,4.55641,0.71,0.665,110.015,
219698776,135.732641,71.636416,11.1966,3489.0,4.74553,0.490729004144669,0.488819,43.1865,
219850915,256.279559,69.519093,11.0157,4599.0,4.58487,0.720551013946533,0.728,102.551,
229781583,283.53553,69.633534,12.1819,3692.0,4.71598,0.52,0.521792,80.0982,
230127302,251.11587,70.429992,11.1802,5141.0,4.49143,0.876154005527496,0.868,169.422,
232540264,227.867864,71.841296,8.4724,5711.85,4.38315,1.08,1.02,73.8713,-0.19
232612416,259.023592,63.105607,11.1153,5227.0,4.50479,0.87413102388382,0.891,168.735,
232976128,200.561576,66.308533,10.2108,5453.0,4.41707,1.0,0.952,139.49,
233059608,269.807391,64.142644,6.895,6603.0,4.438,1.58365,1.38,66.3631,
233120979,273.529238,62.858243,10.6479,5273.0,4.438,0.94,,185.952,
233211762,266.686079,70.784502,12.0623,5780.0,4.67672,0.624000012874603,0.674,123.8346,
233684822,260.902889,64.862363,9.89947,5779.0,4.88162,1.45,1.0,185.23,
236714379,239.201466,65.888838,10.794,5451.0,4.33923,1.09329998493195,0.952,199.039,
237222864,296.24462,74.062858,9.1416,5126.0,4.49772,0.87,0.86,65.9501,
274762761,301.346363,38.228325,13.5608,2972.0,5.15741,0.156193,0.12784,,
278348461,303.195436,18.104778,9.87463,6509.0,4.17233,1.57,1.336,249.325,0.08
288132261,209.484313,79.583322,9.13619,6124.0,4.15391,1.49,1.157,154.944,
288735205,282.100166,79.256476,11.1534,4699.0,4.54638,0.765000998973846,0.751,118.106,
355867695,157.144071,65.854199,10.8116,4225.0,4.5756,0.69343101978302,0.66,73.5977,
356311210,268.016064,53.730699,10.6965,5897.0,4.45922,1.00999999046326,1.071,199.964,
365938305,180.726502,74.061009,9.5966,5396.0,4.50457,0.9,0.94,93.2276,
406672232,309.353641,22.654366,8.5325,5098.0,4.54682,0.82,0.86,46.5539,
416195870,287.242092,57.344126,10.634,5040.0,4.38482,0.97,0.84,141.755,
424865156,292.24719,47.969543,10.0274,6532.23,3.96818,1.99,1.347,341.079,0.232601
467179528,197.996583,65.833697,11.0402,3618.0,4.79432,0.435665994882584,0.431082,36.0118,
158561566,287.708814,47.33305,11.636,6378.0,4.438,2.0006799697876,,,0.07
142394656,198.388583,62.30538,10.1495,5091.2,4.47,0.9,0.87,109.557,
198241702,249.69664,64.559181,10.9897,5591.0,4.38111,0.848905980587006,0.969,172.138,
237200747,293.032494,74.891073,11.463,5056.6,4.53,0.83,0.843,171.138,
286923464,203.509956,53.728188,7.4556,5828.7,3.84,2.05,1.05,92.2589,0.211367
417948359,199.196204,49.861059,11.0244,4972.7,4.54,0.81,0.825,137.572,
445859771,214.120856,58.390253,10.418,5736.0,4.39,1.07,1.015,177.118,
459969957,254.816154,65.747438,11.8994,4968.1,4.5,0.8,0.747,178.141,
13499636,320.201905,28.055829,10.5954,5518.0,4.59176,0.824734,0.969,138.591,
43064903,302.669134,40.668628,12.5405,3145.0,5.04431,0.211256995797157,0.180245,24.5209,
153949511,172.747799,66.796529,9.76775,5544.0,4.5609,0.857648,0.976,100.772,
163539739,320.478444,35.648625,11.7819,3841.0,4.69364,0.55035001039505,0.545569,75.5759,
224297258,185.062873,56.201409,9.99454,5477.0,4.5707,0.84060800075531,0.959,107.055,
230017324,291.465322,61.776153,10.6355,4665.0,4.56182,0.7460029721260071,0.74,92.4381,
232971294,199.442645,71.721051,9.6635,6191.0,4.27017,1.32,1.19,178.259,
236445129,314.268523,31.661019,11.4373,6430.0,4.25113,1.41398000717163,1.3,444.586,
266593143,324.535978,30.488188,9.7525,5336.96,4.55466,0.84,0.92,92.3831,0.0512329
267561446,311.513651,56.86715,12.5313,3855.0,4.68499,0.560391,0.554506,110.246,
274662200,316.86724,46.865373,10.9313,3526.0,4.71105,0.53023,0.527126,41.9934,
277507814,310.953619,59.576628,10.1653,6588.0,4.1855,1.57,1.372,278.771,
352764091,308.747621,63.474938,8.593,5891.0,4.30161,1.21036994457245,1.07,92.7225,
365733349,313.167029,65.608783,9.93119,6180.0,4.57956,0.92,1.181,114.865,
408203470,307.210941,33.413959,12.9984,3446.0,4.83941,0.38621,0.375832,89.21544,
417676622,291.03231,49.040213,9.50898,5875.23,4.26474,1.26,1.064,144.166,0.12598
198186769,245.818009,62.925121,10.8722,6229.0,4.0,1.81,1.2,428.123,
199688472,253.14033,57.97415,9.84566,5672.9,4.13,1.46,1.038,190.403,
202504234,230.310094,63.565285,10.8605,5923.0,4.38,1.11,1.08,239.983,
219015370,223.092641,70.476557,10.9458,5714.0,4.05,1.58,1.02,332.648,
219852584,256.672203,67.871503,10.7973,6470.0,4.15,1.59714996814728,1.32,388.227,
219854185,256.770639,70.238481,10.8041,5494.0,3.93,1.75475001335144,0.963,323.265,
229536616,195.821133,67.823436,10.9873,6292.0,,1.37,,283.32,
237104103,241.322901,70.19004,10.9585,5731.0,4.1,1.48668003082275,1.02,319.036,
258777134,286.74788,71.7136,10.451,,,,,,
293687315,216.523825,59.444274,9.823,6840.0,4.05,1.91,1.48,321.376,
356867115,275.862543,71.581748,10.5216,4820.4,4.6,0.731698989868164,0.77,90.8693,
441797803,264.378942,73.261193,10.6724,6530.0,4.23,1.47,1.346,339.455,
185405474,301.717674,45.499227,9.87278,6897.0,3.89,2.29,1.5,387.708,
186000935,303.072972,44.495878,9.76577,5992.0,4.34,1.18,1.104,156.338,
232679662,282.474539,55.26639,10.3018,,,,,875.061,
233735068,277.476856,61.049501,10.0194,5147.3,,3.07,,364.477,
236815160,283.637489,59.763193,10.7967,5009.6,,,,,
277014266,306.425841,53.561615,10.6168,5924.0,3.68,2.67,1.245,543.011,
287190564,292.50517,54.108503,10.6229,8590.0,4.12,,2.21,686.879,
294179389,300.83864,53.29562,10.5742,5938.0,4.23,1.32,1.084,247.975,
378159598,294.722734,41.565154,10.5819,8298.0,4.19,1.87493002414703,1.99,556.813,
405904232,301.562631,52.164181,10.1098,6460.0,4.0,1.86,1.26,316.176,
11111899,303.824831,36.651807,9.6996,7812.5,,1.79,,303.313,
136848581,317.7479,43.551895,9.90482,5155.0,,2.72,,285.36,
137284119,318.235161,46.26809,9.14819,8321.0,3.75,3.16,2.052,453.744,
15565627,307.016647,39.87713,10.3332,6555.5,3.83,2.35,1.36,434.962,0.067
165523947,316.813885,40.167172,10.2918,8542.0,3.66,3.56,2.13,697.116,
167092385,318.724623,38.094232,10.151,,,,,343.728,
167098530,318.627107,40.017017,9.3213,5159.2,4.5,0.87,0.88,73.6326,
167403519,319.32501,38.104855,10.334,,,,,340.289,
195199644,313.536475,37.789356,10.0849,7315.0,,5.46,,1139.32,
240450679,323.527361,46.931774,10.0819,8639.7,3.96,,2.54,713.725,
256886630,329.385067,41.449509,8.26618,9003.0,3.94,2.68,2.273,301.421,
266688542,321.02381,46.384673,10.1894,6854.0,4.1,1.79,1.484,339.736,
274942910,322.92657,41.797465,9.9809,4349.3,4.62,0.67,0.68,52.4946,
275111900,323.206851,39.072196,8.6746,8286.0,,,,285.587,
312083267,303.295223,36.725485,8.38189,8715.0,3.55,4.12,2.185,457.792,
330332501,315.110366,46.060449,10.3599,6585.0,3.94,2.07,1.37,397.905,
345996087,327.480039,44.08006,10.2835,7274.6,4.18,1.72,1.743,398.627,
357457104,315.540896,45.775741,9.521,,,,,,
387664866,323.548627,50.481445,9.08409,6135.4,3.4,3.98,1.333,402.661,
387664868,323.550356,50.481865,10.8823,,,,1.57,645.841,
395171208,325.014536,48.406767,9.03527,6696.0,4.08,1.8,1.42,200.492,
42123111,302.220069,38.245221,9.5526,11348.0,,6.37,,1276.26,
89759617,301.564685,35.588396,10.4806,7965.0,3.98,2.35,1.92,624.639,
92783821,303.017318,35.524628,10.2115,7396.0,3.89,2.45,1.69,524.29,
160708862,227.270329,-42.704966,9.8787,9364.0,4.32,1.76,2.38,427.678,
260128333,92.133096,-59.540985,11.4881,5723.2,3.6,1.51811003684998,1.02,399.017,-0.4
269701147,302.025625,66.850301,8.2929,5555.7,4.49,0.92,0.95,53.6089,
233681149,260.36481,65.012281,10.8037,5929.0,4.48275,0.987583,1.081,208.687,
233390838,301.559262,59.490771,9.53591,6477.6,4.13,1.69,1.407,236.568,
256621916,300.488392,60.246367,10.4243,5869.0,,,,,
358631536,317.575459,48.464282,10.0062,9622.0,4.39,1.65,2.452,400.034,
1400770435,264.961539,56.078974,8.88797,5941.5,4.23,1.4,,121.182,
160487753,238.031812,74.406742,10.8049,5146.0,,4.88,,788.93,
219852882,256.622675,68.843303,10.7261,4965.0,4.56,0.784108996391296,0.819,115.45,
229747848,280.326681,70.290054,10.7157,5300.0,4.56,0.846387028694153,0.945,147.476,
229770036,282.173361,70.840191,10.6666,4567.0,4.39,0.84,0.706,101.713,
272635712,231.162129,67.464751,9.34822,5711.1,4.24,1.27,1.028,130.242,
233953967,305.395161,56.462656,10.3589,6415.0,3.49,3.39,1.291,598.635,
1718201850,286.746549,71.712195,10.3267,,,,,125.308,
336740528,334.738559,61.148988,10.4209,5958.7,,1.93,,315.0431,
279177746,313.885156,46.502085,10.1503,9706.0,4.29,1.87,2.48,464.209,
365683032,312.179957,51.910696,8.78822,9224.0,4.37,1.65,2.338,245.776,
372264750,331.307643,66.775296,8.65269,9218.0,4.27,1.85274994373322,2.336,248.148,
277566483,311.19458,54.502161,8.9468,8381.3,,,,4772.59,
357972447,316.955806,50.500883,10.2193,7387.0,4.39,1.37,1.683,254.401,
275501623,320.116115,61.12025,8.63701,10445.0,4.09,2.45,2.695,356.681,
416624606,310.038053,50.323742,10.2732,5915.0,3.82,2.11,1.08,335.203,
330468175,315.166199,47.785991,10.0146,8999.0,4.05,2.36,2.27,533.615,
277447970,320.829517,52.8147,10.2202,7050.0,4.19,1.66,1.558,339.994,
395142888,335.300845,59.560814,9.7736,8129.0,,7.39,,975.533,
230017325,291.469121,61.776068,10.3843,6012.0,3.39,3.51,1.11,615.12,
26880783,293.44357,53.464527,9.2118,9598.0,3.81,3.23,2.45,595.288,
367099243,317.729186,72.615356,10.4849,6046.3,4.43,1.23,1.484,244.318,
120602501,337.686813,40.003763,8.48216,5705.0,3.97,1.73363995552063,1.02,118.59,
129539786,343.953614,39.645117,9.24102,6255.8,4.11,1.7,1.355,195.858,
136971594,317.966114,43.592849,9.1384,5717.0,3.97,1.72,1.02,158.181,
155005217,345.243825,42.549318,10.4216,9139.0,4.29,1.8,2.31,516.299,
155114483,345.748458,44.564848,9.25068,8728.0,4.32,1.7,2.189,275.493,
162130054,331.117705,31.018767,9.948,6527.0,4.11,1.75,1.46,302.295,
164150539,335.753569,30.572726,10.3126,5772.0,4.07,1.55,1.034,244.043,
176899385,354.774092,42.465987,9.995771,6893.4,4.22,1.57,1.499,275.358,-0.0340897
190430205,324.922517,46.220215,9.8261,9222.0,3.42,4.94,2.34,1013.56,
190442486,324.935562,41.950794,10.4568,7465.0,4.31,1.51,1.71,365.168,
190743990,325.787112,45.646806,10.2566,6026.0,4.16,1.45,1.117,240.012,
240613164,326.305217,45.812547,10.1441,9458.2,,,,4984.88,
249812036,339.785541,49.426562,9.624,8224.0,3.81,2.92,2.02,547.399,
252490659,344.35978,53.140835,10.3842,5984.0,3.98,2.07,1.333,366.242,
274170255,316.446344,46.845151,9.32845,5197.0,,3.84,,305.674,
275722992,318.784961,44.899679,10.379,9976.0,4.01,2.62,2.55,737.108,
276360911,329.05345,55.740977,9.62426,7184.0,4.1,1.88,1.607,285.666,
313506357,347.757547,45.93369,9.5621,6023.1,4.24,1.39,1.215,178.003,
328167090,331.663464,55.686255,10.0009,5128.9,3.88,1.93,1.034,235.218,
329864959,333.245043,53.98452,8.437,,,,,324.346,
343019899,334.504103,54.319045,10.0618,5769.0,4.43,1.03,1.033,146.858,
343442463,341.518718,55.162935,8.95861,7842.0,4.22,1.72,1.921,239.688,
346338552,344.445363,38.674919,9.76031,6051.2,4.35,1.18,1.126,158.979,0.15784
353038705,333.131944,31.364667,9.957501,5086.8,,,,,
365389353,323.86462,51.323577,10.3093,7495.0,3.88,2.5,1.73,523.373,
389182138,343.635061,54.161814,10.4602,5256.0,4.59,0.79,0.899,115.746,
416987878,322.892141,50.320713,10.399,8342.0,3.9,2.65,2.06,594.193,
430528566,333.171245,52.900886,10.1993,,,1.35,1.338,248.79,
431156009,340.395784,51.965285,9.44275,6294.0,4.13,1.58,1.234,195.022,
468472950,321.283221,40.887821,10.1277,6301.3,4.07,1.69,1.237,279.953,0.0
468845640,337.8341,53.796052,10.3217,4731.1,4.35,0.93,0.752,102.931,
64553698,338.452968,57.563539,10.1799,6057.0,4.43,1.14,1.263,194.993,
66445643,341.386298,48.161556,8.6291,8918.0,3.51,4.58,2.45,648.398,
66783360,341.970903,49.918072,10.2107,6483.0,4.28,1.38,1.323,252.396,
258801269,287.025089,66.290697,10.938,6004.0,4.06,1.62,1.11,370.791,
259126549,291.411851,69.11298,10.9828,6149.2,,1.43,,383.166,
259129875,291.880247,68.014695,10.5896,7111.0,3.91,2.32,1.58,576.745,
328750515,332.287103,57.938972,10.7387,7577.0,4.05,2.07800006866455,1.759,482.603,
352239069,292.196087,58.614764,10.9425,6051.5,4.48,1.03,1.174,247.074,
387834907,315.669109,70.0803,8.4239,5195.1,,,,,
231736113,82.127963,-48.409067,11.4266,6519.0,4.36,1.27,1.34,414.23,
69747919,336.576123,-18.011665,7.7275,6073.5,4.1,1.4713100194931,1.16,80.8994,
364186197,313.511047,72.580646,8.82374,6594.0,4.23,1.49,1.375,139.484,
115771549,339.815915,33.889459,8.3764,6112.0,,2.74,,83.2324,
199444169,334.882849,42.560314,10.1917,4634.6,4.51,0.78,0.71,72.7512,
116483514,232.946047,47.055551,9.1043,4184.0,4.57376,0.69,0.65,32.4778,
116483734,233.065833,47.860746,11.0997,4223.45,4.61744,0.66,0.66,81.0643,-0.173769
119700084,333.253171,37.627574,10.1188,5427.0,4.51461,0.890109002590179,0.945,115.417,
125442121,351.579721,38.55294,11.029,7128.0,4.23768,1.58815002441406,1.59,460.951,
148782377,219.037047,42.378458,8.39816,6383.0,4.24518,1.41048002243042,1.276,112.152,
158025009,216.923489,41.952986,9.0739,4946.0,4.53834,0.8,0.81,55.0135,
164173105,335.825303,35.03492,8.51017,7164.0,4.25661,1.55831003189087,1.599,151.528,
224600500,254.958579,58.462633,6.76754,8475.0,3.82228,2.94864988327026,2.106,161.067,
311035838,206.094014,48.028565,10.7164,5224.0,4.55801,0.82,0.89,134.554,0.41
321857016,322.941809,66.349005,11.2287,5387.0,4.46259,0.940037,0.935,201.918,
329277372,332.630396,57.282437,10.5998,5780.0,4.438,,,74.2281,
333473672,354.240829,39.639279,10.1308,5914.0,4.46,1.00826001167297,1.076,155.141,
346418409,344.609651,39.658712,10.9243,4993.0,4.66918,0.696945,0.827,112.383,
418959198,344.907267,36.517666,10.5152,4528.99,4.48318,0.799965023994446,0.71,86.8203,-0.0636122
350132371,329.091358,68.998035,9.25755,5810.6,4.13,1.49,1.105,153.904,
128501004,339.03342,37.841042,9.76952,5558.0,4.43,1.1,1.04,129.284,
2041563029,346.517442,43.898633,10.0526,5094.4,,0.63,,72.6157,
377304435,287.050161,55.303691,10.8475,6314.0,3.87,2.14,1.24,504.976,
138968089,295.101088,40.986723,11.6459,5854.65,4.1262,1.47292,1.058,435.255,0.102
293954617,300.615453,53.377442,8.3879,5064.0,4.57887,0.78,0.85,41.1706,
375506058,316.203692,55.588022,7.79824,7400.0,4.11,1.94,1.758,148.925,
256783784,329.401792,36.321404,9.4653,5587.0,4.51,0.91,0.99,95.1757,
13684720,305.538257,36.064784,12.4647,3275.0,4.75761,0.47699698805809,0.474868,67.9631,
138588540,176.380591,65.541314,8.0621,5393.86,4.67802,0.7355110049247742,0.94,37.7873,
153976959,203.537946,67.62123,9.9802,5142.0,4.54622,0.8235399723052979,0.87,92.8659,
154383539,215.602155,55.334259,11.0906,5011.22,4.6136,0.745239973068237,0.832,131.601,-0.139143
198356533,256.138751,56.842549,8.69378,6093.0,4.32207,1.22,1.144,103.297,
229650439,280.923784,74.937833,10.3237,5374.0,5.96065,0.8159239888191223,0.9,110.513,
232982558,241.763937,67.87764,9.98671,5873.0,4.043,1.62,1.063,230.306,
233617847,283.794562,64.53137,9.80972,5780.0,4.438,1.34,,237.152,
233951353,305.412906,58.140828,9.48477,5885.0,4.27782,1.24,1.067,141.133,
235683377,287.292101,74.174276,12.4934,3328.0,4.91612,0.308798998594284,0.286682,41.1659,
237232044,297.398678,76.139178,9.9377,5236.0,4.63898,0.75,0.89,85.8034,
258514800,305.474925,70.943705,10.1522,5466.0,4.48625,0.9249899983406068,0.956,125.463,
259172391,292.76774,71.497358,10.6074,6240.0,4.46607,1.06,1.208,215.246,
294471966,302.001457,51.361796,10.7502,5180.0,4.54308,0.830309987068176,0.878,133.863,0.201
298073824,201.336817,75.982713,8.1033,6906.0,4.438,4.12040996551514,,309.2709,
343628284,316.324003,57.771095,13.1717,3391.0,4.84373,0.381585985422134,0.370553,73.3345,
356158613,300.708664,39.668371,10.745,5780.0,4.64751,0.604385018348694,0.591652,56.3228,
377293776,286.854063,59.086625,10.0306,3407.0,4.7606,0.473603010177612,0.471371,22.4467,
417931607,186.524282,61.258929,8.9989,5781.0,4.43068,1.03,1.04,91.9362,
420112589,290.173974,73.195108,12.295,3248.0,4.95407,0.275364011526108,0.24878,30.5212,
198390247,258.22327,57.197778,10.1426,4920.0,4.64,0.71,0.81,78.7415,
294179385,300.842307,53.294181,11.1612,6075.0,4.38,1.14393997192383,1.136,289.372,
387259626,308.670288,66.440384,10.1543,6458.8,4.32,1.35,1.378,245.692,
199376584,306.741134,33.744388,8.0417,6125.0,4.29,1.27,1.16,80.6665,
176860064,354.836651,45.719851,7.1145,6393.0,,,,41.2482,
191284318,9.573034,42.463096,10.374,6140.0,4.32,1.24,1.164,226.637,0.12
16920150,19.361773,26.745951,10.1583,5219.0,4.55718,0.82204,0.889,101.358,
17005768,20.610639,26.925729,9.9176,5766.0,4.438,1.1282000541687,,150.102,
44631965,22.236394,35.864854,11.3805,6046.0,4.26929,1.28529,1.12,359.959,
188768068,261.349585,52.790472,5.8961,5801.89,4.25132,1.26,1.04,27.0498,
190998418,7.053937,42.061345,12.0401,5583.0,4.33946,1.11459994316101,0.99,367.658,
229944666,288.384969,62.203124,10.8597,5290.0,4.53286,0.854840993881226,0.909,151.654,
236887394,303.38187,65.162331,11.8478,4910.0,4.57248,0.77,0.804,185.615,0.2
237086564,307.396532,61.550725,11.0278,4201.0,4.5079,0.75,0.66,86.5783,
240968774,19.114644,49.233138,10.5977,3834.0,4.74552,0.490736991167068,0.488826,37.4418,
243185500,16.653872,19.224919,10.8858,3382.0,4.85532,0.369305998086929,0.356472,24.7399,
283722336,348.337203,57.169626,4.6278,4884.29,4.59034,0.7505980134010315,0.8,6.53127,0.095686
284441182,10.089143,61.213387,11.4752,3624.0,4.74607,0.490119993686676,0.488207,51.9503,
306263608,30.905006,21.281327,8.5725,5625.56,4.46798,0.97,1.0,67.5478,
306955329,14.114261,48.637517,10.5508,5103.0,4.50257,0.859483003616333,0.857,121.84,
352413427,15.598144,37.185439,8.297,5958.0,4.48217,0.99,1.09,67.6203,
427654774,349.289072,70.190576,14.1431,3453.0,4.95337,0.275946,0.249431,83.8106,
431514478,357.001275,49.790533,8.77994,10012.0,4.29876,1.88016,2.565,294.237,
432549364,0.362099,39.383795,10.2242,6596.04,4.2467,1.46,1.376,268.43,0.131
240681314,9.458744,51.288778,10.6496,6695.0,4.17494,1.61270999908447,1.419,370.284,
409794137,126.433743,-13.559548,10.2042,5623.0,4.4,1.04,0.996,152.892,
421308357,288.818098,57.760569,10.364,6423.0,3.74,2.63,1.38,531.96,
335483600,332.613639,63.55055,8.7514,8181.0,,,,893.093,
197650870,336.705071,52.227842,10.3209,8332.0,3.54,4.02,2.06,1026.12,
252616865,345.994881,52.562695,10.0687,6720.0,4.09,1.79,1.43,318.277,
452803785,338.435039,52.636337,10.4935,6109.0,4.42,1.09,1.15,209.69,
67309890,343.156204,48.55001,10.2108,5843.7,3.82,2.23,1.186,368.134,
377191482,285.937105,59.164074,8.8052,5054.0,,6.17,,386.266,
233541860,281.197877,62.685644,9.9592,4154.0,4.53,0.71,0.63,44.3531,
459978312,255.565408,64.600893,5.28906,5047.0,,8.95,,110.923,
198457103,261.921033,57.510557,8.07023,7269.0,4.08,1.93752002716064,1.638,160.832,
219751469,261.199848,61.423521,8.2285,5118.0,,8.4,,411.532,
283474780,13.017676,36.393013,8.39511,4939.0,,5.11,,247.112,
53875855,14.652947,34.148042,10.3996,5899.0,4.29,1.23,1.071,204.881,
354594208,1.887805,32.43753,9.76119,5904.0,4.31,1.25,1.119,163.083,-0.196
15692883,17.47474,25.681649,9.7116,6064.0,3.57,2.9,1.13,371.414,
411608801,18.995312,21.616906,10.3002,6434.0,4.21,1.47827994823456,1.3,278.514,
431148743,334.981312,53.662497,8.706101,3294.0,,,,1610.79,
384045439,327.275942,53.293768,10.0478,5113.0,4.71,0.68,0.86,78.3164,
371673488,343.233217,59.850951,9.95717,8911.0,4.26,1.85,2.245,405.174,
316402246,321.97348,54.519818,9.6788,8014.0,4.32,1.6,1.94,265.402,
414870287,336.872671,59.43379,7.8165,3295.0,,,,2509.86,
377420580,341.964758,60.173635,10.1871,4980.0,,,,89.156,
329145325,332.712572,59.650554,10.4089,7274.0,4.25,1.58,1.64,351.079,
410528770,328.215897,60.569156,10.4824,5647.0,3.68,2.41,1.002,387.982,
428065977,339.120372,52.115714,10.2347,6928.0,4.29,1.46,1.51,289.116,
326114850,331.569908,52.701917,9.98645,6194.0,4.16,1.5,1.187,231.273,
331034236,326.091506,58.551567,9.27116,6338.0,3.9,2.07070994377136,1.254,236.734,
64836837,338.796529,55.031026,9.8115,9195.0,3.75,3.37,2.33,705.851,
430677414,333.669705,53.239557,8.41718,7960.5,4.23,1.77,2.014,195.542,
415741431,339.14435,58.276061,10.471,8326.0,3.58,3.87,2.05,852.233,
272828463,356.588834,60.487025,9.42218,7856.0,3.78,2.91,1.872,431.14,
377739433,348.574188,65.957972,10.1975,6524.0,3.5,3.4,1.34,500.543,
376682699,340.352259,69.074447,10.381,9218.0,4.21,2.0,2.34,544.233,
434718964,345.488066,64.067337,10.262,,,,,,
269509393,350.373796,60.175637,10.2866,6221.0,4.13,1.55,1.2,275.906,
270238522,351.648417,64.304699,7.5586,7339.8,3.56,3.64,1.736,242.006,
470709084,357.368097,61.682819,10.4433,6370.0,3.81,2.32,1.27,337.288,
376637093,340.08462,69.503731,10.377,6485.0,4.37,1.24,1.324,247.054,
455962313,340.036593,65.439728,9.599,,,,,184.762,
427761355,352.267521,67.034806,8.75127,9918.0,4.32,1.82240998744965,2.537,225.888,
272049972,355.416664,62.921485,10.1914,6083.0,,1.58,,294.851,
269238073,350.232731,62.161179,9.68805,6153.0,4.15,1.5,1.169,196.55,
366074069,356.770579,69.049522,9.78876,6146.0,3.78,2.31,1.166,317.752,
367102581,314.269036,78.674917,9.39575,9024.0,4.24,1.89,2.279,303.976,
387413037,311.236535,69.151807,10.3197,6745.0,4.23,1.53,1.44,305.758,
314338017,319.144978,58.772809,9.1325,8522.0,,6.79,,792.79,
276380902,308.065776,58.328901,10.3202,9603.0,3.83,3.14,2.45,799.447,
313761775,318.347586,56.943732,9.693811,6298.0,3.77,2.38,1.235,320.06,
202375913,5.965461,51.468293,9.6968,7664.0,3.81,2.76,1.79,482.203,
285543785,13.222022,60.891685,9.716,,,,,392.878,
312259170,11.042775,59.464498,10.4049,8078.0,3.8,,2.77,969.594,
312469860,12.881425,55.710926,9.9475,6941.0,,1.67,,257.461,
312678993,13.597343,54.528009,8.3593,5095.6,,,,,
327579226,4.736238,57.200629,10.1786,6659.0,4.29,1.41,1.404,259.563,
345143460,355.246721,57.485242,10.1128,5053.0,4.48,0.88,0.843,100.051,
354600221,6.074676,57.881718,9.867621,6329.0,4.08,1.68,1.25,241.204,
420288086,10.962717,61.835626,10.4397,7715.3,3.96,2.67,2.37,694.491,
445137888,11.3024,56.070058,10.3654,10310.0,4.01,2.67712998390198,2.65,795.905,
173612049,348.58145,44.508759,10.473,5999.0,4.52,0.96,1.106,165.589,
177244357,356.995693,47.655601,9.8931,6034.0,4.39,1.12,1.12,160.251,
252636888,346.518266,52.787014,10.4116,5855.0,3.45,3.22,1.06,530.347,
318746829,349.718625,56.008598,10.4234,3593.0,,,,2537.64,
319068154,350.108816,55.52411,9.7436,9500.0,,2.36,,581.487,
367607434,348.874923,46.576022,8.40348,5119.0,,3.1,,161.65,
431585347,357.674034,50.354962,10.06,9238.0,4.08,2.32,2.34,605.832,
455791689,346.347361,46.903117,10.4143,4630.4,,,,454.3057,
127425841,6.030617,40.165571,9.83204,6905.3,4.03,2.0,1.572,355.69,0.113
194203348,1.196825,41.59388,9.87731,6223.0,4.23,1.4,1.201,210.101,-0.144
409520860,355.451893,37.186566,10.3973,5758.0,4.21,1.44,1.148,241.296,
440100539,4.358519,42.282204,8.7282,5861.6,4.3,1.21,1.06,96.5232,-0.296
191146556,8.304382,46.340305,10.3959,6116.5,4.18,1.49,1.22,282.833,
241065596,21.736201,49.388653,10.2936,6628.0,3.43,3.96,1.54,816.238,0.136
288348498,19.700387,41.506112,9.967,6745.5,4.09,1.78,1.44,313.229,-0.0652228
326919774,22.972973,46.399826,8.19,9146.0,3.45,4.72,2.32,519.941,
327341626,24.690503,42.677739,10.3478,6775.5,3.97,2.09,1.47,441.44,
299158887,289.226288,49.548281,11.0579,5450.4,4.48,0.938167989253998,0.964,194.033,0.09
441732151,257.876742,72.135555,10.1688,6025.3,4.46,1.04,1.134,169.788,
405794804,324.714399,65.039172,9.79455,8009.0,4.29,1.65,1.934,315.386,
320506985,8.163572,54.654594,10.4925,5751.0,4.0,1.69,1.028,285.876,
117322779,48.352264,49.783757,10.485,,,,,,
241040309,20.717398,48.955364,10.3978,8455.3,3.95,2.54,2.1,685.251,-0.273
241076290,29.032856,52.585482,10.1942,9035.0,4.16,2.08686995506287,2.283,560.222,
245462406,38.821696,55.703217,10.2948,6777.0,3.55,3.35,1.45,551.666,
249862365,38.123017,52.704091,9.10226,6208.0,3.99,1.84,1.194,184.69,
249945230,38.810203,48.273763,9.4397,4582.0,4.55,0.74,0.72,51.0409,
250724252,33.505238,53.121508,10.2845,8368.0,,2.3,,574.869,
251384275,44.720241,58.735245,9.2085,8494.0,,2.18,,328.658,
256414077,15.606503,60.715521,10.5907,6516.0,,1.63,1.441,377.17,
259151170,50.345888,52.692112,10.374,4503.5,4.42,0.86,0.71,86.1112,0.013
284050395,8.989872,65.026035,9.74734,5421.0,4.46,0.94,0.944,104.358,
285666479,43.61065,52.07103,10.424,5511.5,3.28,4.92,1.35,755.795,
285674856,53.196298,51.884502,9.4883,8348.0,4.24,1.8,2.06,294.123,
285677945,53.098973,50.49904,10.2353,5624.8,3.92,2.14,1.24,317.968,
292321872,31.902189,45.500156,10.4562,6322.2,3.77,2.52,1.32,505.331,
302773669,42.436612,71.753088,7.6353,5925.0,4.1,1.55,1.1,78.0863,0.2
307111282,14.640115,50.936428,10.2978,5791.0,4.29,1.21,1.039,186.665,
316254876,51.988839,54.865617,10.3775,5429.5,4.01,1.63,0.978,248.563,
327011842,23.466893,45.010329,9.7828,4975.0,,5.38746976852417,,493.702,
332154944,19.278636,57.514232,9.60027,6082.0,4.39,1.13,1.139,143.575,
348135793,34.376965,56.42149,10.1042,6742.0,3.95,2.11,1.439,341.514,
354400186,27.738026,48.352316,9.7745,8393.7,4.01,,2.24,524.755,
354469661,28.282572,52.053921,9.17925,6333.0,3.86,2.18,1.252,233.22,
370759867,28.16355,55.185971,9.76978,5865.0,4.49,0.97,1.061,124.547,
374400599,34.69789,64.356382,10.0188,6904.3,4.05,2.04,1.72,386.181,
403256331,4.249336,58.679253,9.5425,10097.0,3.52,4.62,2.59,867.296,
418987806,6.519425,63.319412,9.27904,6919.0,3.36,4.27,1.509,479.659,
444415148,6.308908,62.543115,8.9676,9542.0,,5.03,,670.885,
445144327,11.234154,58.712058,10.4396,4628.0,,8.61,,800.464,
458914949,48.423422,61.907831,10.2543,7275.0,3.91,2.51,1.87,563.997,
50120414,39.891102,62.433306,8.951,9503.0,,5.96,,742.441,
52041724,14.119486,65.679038,9.87542,7455.0,4.17,1.78,1.71,278.829,
71854745,26.299423,54.56844,10.2146,9050.3,3.96,,2.34,749.127,
82010657,48.753158,60.238195,9.64805,7519.0,4.22,1.7,1.736,282.1,
186599508,45.08847,39.068266,9.76636,5669.9,4.16,1.38826,1.02,170.592,
192372961,45.598372,43.183802,9.1222,6716.5,3.24,4.77,1.43,550.183,0.453
201154493,56.143332,41.064351,9.7479,9447.0,3.54,4.35,2.4,831.907,
385105624,50.808098,46.682113,10.4511,6222.3,4.15,1.53,1.2,295.452,-0.003
431899140,56.222542,45.507188,10.0888,7962.9,3.6,3.62,1.92,710.919,0.089
68152139,44.401798,40.016703,10.1342,6001.0,4.14,1.49,1.11,226.234,
67418624,28.660315,37.005042,8.6344,6011.0,4.04,1.73,1.192,143.239,
129979528,36.712738,37.550444,7.87611,7398.5,4.25,1.60241997241974,1.653,121.944,
187029841,34.555963,38.478824,9.66027,6056.9,3.99,1.95,1.227,252.419,-0.217
139375960,38.361569,41.013432,10.1035,5917.0,3.78,2.22,1.08,336.608,
129991079,37.13241,40.891254,10.4375,6175.9,4.44,1.09,1.179,208.771,0.095
73448352,38.308075,30.360453,10.1868,6739.0,4.21,1.56,1.438,282.096,-0.026
118301361,34.195855,29.570473,9.08054,7249.8,3.69,3.02,1.631,380.062,0.434
101037590,54.48089,33.079897,9.62924,5597.0,4.03,1.59,0.989,159.748,
125735470,56.660282,27.471523,9.08995,5626.5,,1.55,,143.312,
26433869,56.814344,30.149498,8.4107,4963.0,,7.83,,329.591,
138017750,50.80115,33.078133,7.42812,6057.7,3.84,2.13,1.148,100.635,
229951289,288.675423,60.670948,10.2572,6011.0,4.5,0.98,1.111,165.808,
219776325,263.543417,61.121472,10.3727,5740.2,4.3,1.19,1.026,191.957,0.187804
264678534,325.201645,84.333761,7.5825,5071.0,4.58,0.78,0.85,28.2938,-0.07
268403451,277.478075,85.233321,10.0521,6082.0,4.13,1.53,1.139,234.149,
272625214,356.318574,62.142699,10.4641,6651.0,4.27,1.44,1.4,304.76,
317397615,349.796329,75.017864,10.2351,5182.0,,4.04,,423.272,
317507345,351.174718,77.627113,9.68708,7170.0,4.31,1.51,1.69,260.494,
322054600,323.87017,68.987307,10.4505,6713.0,4.27,1.45,1.427,304.408,
322202434,325.32505,68.807202,10.2505,5521.0,4.48,0.94,0.97,133.496,
376838000,340.909648,69.091928,9.9272,10596.0,4.27,2.0,2.74,451.796,
377144784,342.443925,68.251071,10.0552,5017.0,,4.73,,396.201,
378291076,358.213636,61.36026,9.53523,6594.0,4.23,1.49,1.375,207.505,
387260717,309.348824,70.954088,9.97595,7257.0,4.64,1.02,1.634,161.088,
388076005,318.049804,68.05247,9.39435,5932.2,4.48,1.0,1.107,113.845,
407394748,5.420651,77.880071,9.5287,7325.2,,1.77,,280.381,
461387302,3.021798,66.650523,10.2763,6406.0,4.34,1.27,1.287,234.455,
470852531,359.741171,61.554089,10.2918,6587.0,4.27,1.43,1.372,269.476,
157586003,279.262473,40.018691,12.0545,5768.2,4.0,1.6948299407959,1.05,610.176,
424435940,274.701253,45.172219,11.2311,5930.0,4.4,1.10012996196747,1.12,290.404,
284475976,291.162386,55.473027,11.1541,6148.0,4.01,1.77060997486115,1.17,454.144,0.18
310003988,224.872859,46.9601,11.191,5939.3,4.0,1.73,1.08,435.156,0.279287
317597583,352.016676,75.552607,8.9943,5504.0,4.58,0.83,0.95,66.0929,
29054413,50.916451,25.047935,10.4289,5473.0,4.46488,0.949021995067596,0.958,140.065,
51024887,42.155188,62.18926,14.9885,2990.0,5.13581,0.165066,0.135848,41.5305,
165551882,266.767331,57.226662,12.5441,3429.0,4.90092,0.3232,0.303245,48.049,
201186294,56.39061,37.11228,11.0136,3455.0,4.76798,0.465258,0.462696,35.2736,
230086768,246.624072,66.144224,13.4447,3496.0,4.9,0.389199,0.379236,89.6716,
269892793,44.292951,33.312657,11.9056,4769.0,4.64845,0.68784099817276,0.768,152.983,
286355915,37.893241,34.368925,10.6479,6531.44,4.13711,1.64302003383636,1.35,374.442,-0.356
312862941,15.321545,55.69801,12.1312,3810.0,4.56875,0.70123702287674,0.664367,126.283,
348673213,35.807322,56.570014,12.974,3896.0,4.64192,0.611023,0.59699,153.986,
396562848,44.338874,76.551405,11.0548,3414.0,4.97292,0.26018700003624,0.231967,18.2276,
422923265,40.245588,42.871248,9.616,9898.0,3.77846,3.4,2.53,769.138,
229940491,288.049519,63.657061,11.1169,5730.0,4.09817,1.5,1.023,338.948,
298647682,272.264241,53.217729,8.6628,4763.0,4.54306,0.77758401632309,0.77,40.6988,
22843856,39.006522,25.588461,9.8203,6019.0,4.438,1.24,,163.49,
184679932,32.294112,40.401942,9.25319,6198.0,4.27912,1.30937,1.189,146.653,
387527558,312.32708,70.796604,13.0367,3514.0,4.81377,0.414101,0.407305,82.1294,
154927364,207.874218,84.071615,10.249,5821.7,3.97,1.86,1.166,306.502,
376353509,45.401179,69.229924,9.5831,4871.6,4.48,0.84,0.78,69.835,
116608612,85.66321,35.185708,9.17041,8170.0,4.24,1.78,1.996,267.683,
122485078,76.851285,36.275085,10.0106,7719.0,3.74,3.02,1.817,463.156,
138168780,94.792955,73.827567,9.88278,6724.0,4.29,1.42,1.432,235.479,
154867950,188.3547,84.678957,8.68013,5329.0,3.8,1.99,0.919,130.942,
156724719,72.031822,39.966936,9.353,7106.5,,2.5,,408.36,
258829450,287.666559,66.768082,10.1556,5286.9,,,,304.865,
266500992,61.172234,52.256992,10.3309,5411.0,4.29,1.15,0.941,165.314,
267694283,63.230018,53.68705,8.54941,6324.0,4.34,1.26,1.248,106.477,-0.102
27677846,66.370139,46.365902,9.5668,5304.0,4.6,0.79,0.91,78.7137,
286561122,65.876229,35.495109,10.2674,7325.5,3.71,2.9787700176239,1.66,506.864,0.275
288631580,277.925194,82.305949,9.56906,5977.0,4.47,1.00567996501923,1.098,122.494,
311121985,85.581285,49.513452,9.00007,6375.0,4.0,1.86,1.272,187.823,
312122956,88.475966,30.446042,10.1283,,,,,4488.38,
339538183,93.318904,63.685008,9.7053,7235.0,,1.78,,294.292,
353367071,89.934847,33.506969,9.84095,7895.7,4.06,2.11,1.888,402.261,-0.104
353782445,276.937885,55.755753,9.17708,6225.0,5.06078,1.34,1.17,143.031,
354006740,88.369051,37.339411,6.4018,6481.7,,2.03,,66.5241,
368536386,89.420179,36.765805,10.3693,7185.0,4.04,2.0,1.607,428.948,
409183335,81.807832,38.597453,9.7229,7174.0,,1.76,,225.941,
417705690,348.607533,76.93432,10.0233,5420.0,4.38,1.04,0.944,130.543,
428679607,45.956474,83.587427,9.52906,5550.0,4.37,1.07,0.977,111.276,
441739020,259.017252,72.161181,9.4682,6453.0,5.20004,1.31,1.258,168.067,
459903429,130.969393,86.228398,8.71289,4913.0,,3.96,,221.791,
468828873,91.872047,66.857699,10.045,6064.0,3.94,1.89,1.13,281.902,
470315428,64.648489,52.865034,10.2851,5562.6,,1.4,,222.358,
73104318,61.721603,58.465452,9.46925,5029.7,,2.45,,201.645,-0.504
81831095,47.806635,61.762385,9.9944,7478.0,4.05,2.06,1.72,399.401,
8400842,65.469581,57.817209,9.441,6673.0,4.13,1.69,1.41,213.053,-0.04
87090944,58.486586,58.9683,10.1089,5919.7,4.12,1.4930499792099,1.078,197.14,-0.277
96291218,73.034809,30.280386,10.3614,8001.0,,2.05,,391.546,
9837861,70.54858,54.292058,9.9021,5235.5,,2.68,,299.399,0.104
259168516,292.313979,65.973802,13.3081,3231.0,5.04064,0.213458999991417,0.182476,37.2209,
321041369,81.671049,56.963615,10.4445,5672.5,4.51,0.93,1.008,153.896,-0.131
367366318,78.295591,33.317953,8.14847,6767.9,4.1,1.77,1.45,136.681,
58542531,65.97965,27.82237,9.794,4402.0,4.59,0.695095002651215,0.69,51.1884,
85031598,65.346085,62.245206,7.3543,4815.0,,2.99,,87.5878,
28900646,68.593953,43.03704,11.1117,3457.0,4.7705,0.462408006191254,0.459708,37.6153,
102672709,61.731142,66.119599,9.86671,6141.0,4.17616,1.4585800170898438,1.164,209.153,
103448870,66.834993,73.023689,9.83739,5734.0,4.4674,0.978325009346008,1.024,124.854,
121966220,75.797813,41.785784,10.8001,5843.0,3.7177,2.35290002822876,1.054,472.704,
198384408,257.78508,56.658901,6.3196,5470.16,4.30008,1.1485,0.96,26.9148,
267574918,284.415675,53.509024,16.338,5780.0,4.438,,,24.7359,
268334473,272.404118,86.860343,9.52636,5759.0,4.44767,1.0,1.031,111.445,
288636342,279.46436,78.61111,10.741,6554.0,4.24316,1.45796000957489,1.357,341.119,
353475866,90.308345,34.77309,10.6714,3474.0,4.77152,0.461259990930557,0.4585,30.7947,
396740648,97.74871,66.360596,10.7424,5058.0,4.53907,0.81833,0.845,124.68,
422756130,21.921735,72.296615,11.0294,3575.0,4.72334,0.516104996204376,0.513745,45.1309,
470381900,65.280648,48.819831,13.9664,3181.0,4.94798,0.280474990606308,0.254505,64.9172,
1884091865,290.10886,61.085447,11.1744,4067.0,4.50609,0.65,0.64,83.7441,
190223929,98.502971,41.900782,11.1018,7697.2,,,,756.791,
22705558,125.188745,46.203604,10.8756,5654.4,4.41,1.03909003734589,1.004,205.283,0.139
23650642,126.088625,42.104735,10.8219,5524.0,4.41,1.01,0.97,189.762,0.00660561
274215536,99.898189,42.131339,10.9263,4685.1,4.42,0.878957986831665,0.747,123.643,0.287
371210825,111.559352,32.383825,10.9894,4252.9,4.37,0.89,0.665,103.107,-0.214058
453387619,113.874367,49.478068,10.6414,5747.6,4.39,1.07532000541687,1.028,198.501,0.540347
95129101,114.932863,28.120146,10.8508,6621.9,4.33,1.34,1.39,343.469,-0.011
137500798,132.635012,82.92712,10.3042,6653.0,4.14,1.67,1.4,335.518,
230377505,285.205602,60.233671,10.486,5617.0,4.47,0.97,0.994,161.185,
240148934,101.382168,31.465533,10.3135,6582.0,4.24,1.48,1.37,291.007,
241173474,116.107291,43.009079,10.388,6259.0,4.34,1.24,1.217,235.782,
29119552,118.629831,45.807841,10.2061,6157.0,4.1,1.6,1.171,268.655,
445805961,94.283837,76.21102,8.9134,5675.0,4.46,0.98,1.01,81.2271,
461662295,124.446664,51.01037,9.92871,5326.0,4.43,0.97,0.918,112.978,
67926921,127.945702,44.832314,9.9841,6831.4,3.61,3.17,1.48,574.264,-0.249923
15863518,100.520595,39.842904,10.618,5097.6,4.42,0.945999979972839,0.856,138.371,0.471968
239154970,113.184238,33.835021,10.7131,6642.3,4.14,1.67,1.4,396.11,0.021
142090065,79.073505,79.737727,9.01249,7072.0,4.28,1.50581002235413,1.566,182.907,
14336130,105.083329,56.824194,8.82897,5878.6,4.28,1.24,1.065,104.158,0.09
149833117,104.628546,67.677336,9.52339,6578.0,4.31,1.36,1.368,188.086,
257241363,112.018025,30.321732,8.2558,5378.0,4.46,0.94,0.93,52.3044,0.2
293617835,135.297462,55.85994,7.7649,6096.4,3.26,4.17,1.14,227.754,
356473034,117.026769,50.225147,10.4467,5267.0,4.32,1.08,0.902,154.273,0.38
51234631,110.388028,58.268109,10.1653,6304.0,4.11,1.62,1.238,272.655,-0.03
85242435,114.345213,61.153925,9.52682,6137.0,4.43,1.09,1.162,136.419,
71431780,116.797198,68.476685,9.09942,5777.0,4.38035,1.09,1.035,100.727,
81212286,127.032597,56.427529,12.507,3541.0,4.8452,0.380019,0.368761,58.3171,
86396382,97.636645,29.672266,11.0967,6154.0,4.02046,1.74942004680634,1.17,427.246,0.21
130181866,117.47937,27.363134,6.2683,5694.11,4.53108,0.902931988239288,1.01,22.4035,0.0169559
241225337,93.558549,53.135925,9.75149,5566.0,4.44006,0.98869001865387,0.982,115.362,
285048486,120.611679,64.797153,10.7921,3907.0,4.62346,0.63,0.614339,60.798,
298666530,278.399911,58.205529,18.3324,5780.0,4.438,,,151.383,
318022259,107.865826,48.327933,10.3595,3691.0,4.70931,0.53,0.529004,35.6917,
371234684,110.168516,37.140595,11.7946,6193.0,4.2858,1.3,1.19,455.203,0.08
470987100,111.801451,53.045268,11.3266,3876.0,4.62394,0.63257098197937,0.613891,74.7599,
53427308,118.881765,54.596601,10.379,5846.0,4.11,1.5,1.055,251.27,
224596152,254.503289,57.305263,10.2713,5773.0,4.46229,0.988897979259491,1.034,156.571,
365673804,313.339157,64.229166,8.3412,6439.0,4.35142,1.26,1.3,99.4495,
408618999,43.434461,69.101345,8.3302,5656.0,4.1408,1.41,1.0,88.9482,
233009109,248.253233,72.925534,8.57502,6669.0,4.01,1.95,1.408,177.63,
104208182,54.502163,50.955115,12.4851,3948.0,4.59404,0.669200003147125,0.641329,142.042,
159418353,240.172481,83.258659,9.812,4814.0,4.54519,0.78,0.78,70.9819,
174041208,351.017992,43.37667,10.4274,5366.0,4.56253,0.835173,0.929,114.046,
198206613,247.043455,63.499098,10.5783,4324.0,4.697,0.61,0.68,61.9251,
219857012,257.328868,71.876672,8.2865,5707.0,4.31886,1.16,1.02,72.8871,
219860288,257.747332,71.872204,12.4251,3281.0,4.90415,0.32,0.299659,41.2758,
229455001,294.291071,60.881302,9.01932,6179.0,4.3969,1.14,1.181,114.39,
232635922,281.13629,54.949899,12.7963,3759.0,4.80439,0.424468010663986,0.418805,84.0287,
232650365,281.767709,54.910682,11.9589,3340.0,4.81708,0.410465002059937,0.403244,62.55347,
233071822,270.80605,60.675192,10.4302,4435.0,4.58929,0.7,0.69,70.1306,
233071926,270.73931,60.417638,10.5657,4837.0,4.51662,0.768226027488708,0.795,101.084,
233602827,282.737228,64.419466,12.2574,3959.0,4.68416,0.561356008052826,0.555356,99.5561,
237099296,240.301978,68.9373,11.7077,4765.0,4.55138,0.768675029277802,0.767,162.46,
287080092,243.488853,63.53353,8.80616,6114.0,4.293,1.27,1.152,113.335,
287139872,253.461486,60.70962,12.7463,3652.0,4.71387,0.526987016201019,0.524085,103.021,
289580577,252.469835,61.173577,11.2078,5700.0,4.48088,0.959021985530853,1.015,226.671,
332477926,265.59431,57.447771,11.7229,3849.0,4.65688,0.593294978141785,0.582584,81.5511,
356978132,273.781707,56.878102,9.90051,6499.0,4.35362,1.27,1.331,205.933,
364074068,306.328774,77.636412,12.0948,3756.0,4.68309,0.562606990337372,0.556454,86.7159,
367753709,255.400714,79.067126,11.2906,4428.0,4.57977,0.707158982753754,0.693,104.346,
367858035,354.741581,75.685232,10.0907,5169.0,4.57,0.81,0.88,96.6215,
408636441,326.851662,62.753816,9.92838,3960.0,4.62853,0.63,0.609617,40.0654,
420112587,290.173976,73.195993,12.4989,3212.0,4.98029,0.254522,0.225771,30.5373,
424391516,281.577645,75.303367,10.5951,6311.0,4.37813,1.19406998157501,1.242,242.537,
435680451,17.915004,79.165492,10.5949,6156.0,4.55262,0.948419988155365,1.171,174.195,
441739871,259.564164,74.302721,12.8123,3520.0,4.76125,0.472869008779526,0.470612,88.0677,
1551345500,277.29301,55.313107,11.2018,4415.0,4.69831,0.62,0.69,87.2876,
272672133,234.241791,67.452579,11.7176,5203.4,4.47,0.9,0.884,229.44,
67666096,148.643119,40.387945,9.43351,6518.0,4.15,1.61,1.34,210.252,
8767448,140.102965,33.882329,9.98111,5914.0,4.07,1.59,1.076,227.537,0.05
137906197,152.102783,55.53996,9.91008,5994.0,4.4,1.1,1.104,157.597,
287225295,144.000344,51.607784,9.4819,5493.0,4.52,0.89,0.96,90.6965,
457138169,141.367951,50.908874,9.22437,6273.0,4.2,1.44877994060516,1.224,163.438,
252479260,155.681459,50.128711,9.007,5357.7,4.37,1.04,0.93,81.7647,0.282809
85293053,156.837704,34.39095,9.3523,5583.1,4.44,0.99525398015976,0.99,97.7562,0.128242
332064670,133.146837,28.329815,5.2058,5250.0,4.42,0.963514983654022,0.9,12.5855,0.35
4897275,148.161931,35.111008,7.6474,5853.7,4.38636,1.09271,1.06,53.974,
9348006,150.115101,39.457751,10.9184,5251.0,4.54337,0.84,0.898,149.234,
21535395,164.777291,40.983718,7.6586,5723.87,4.49543,0.945408,1.02,44.647,
29191624,151.807032,46.114881,8.737001,5859.45,4.4776,0.98,1.06,79.7665,
39699648,136.777644,46.672425,8.4594,6023.0,4.23995,1.329439997673035,1.12,99.451,
67646988,147.768528,35.968556,12.4368,3138.0,4.91873,0.31,0.283907,33.928,
99834717,165.167198,64.963845,12.212,4974.0,4.44059,0.9,0.82,262.706,
137881699,150.572626,53.950824,12.5119,6101.12,3.92024,1.95,1.15,935.456,0.136938
160045097,213.078772,74.411791,11.3069,4336.0,4.62012,0.668693006038666,0.68,95.2649,
229938290,287.681017,64.153662,9.2742,5406.0,4.42475,0.984511,0.94,88.3983,
241196395,153.549683,29.085524,9.61433,6435.69,4.3758,1.23,1.301,171.945,-0.238012
230386259,285.728523,63.948849,9.6746,6264.0,4.25903,2.87,1.19,384.225,
86280613,141.721087,61.698996,9.5173,6505.0,4.04,1.83,1.33,248.695,
372730331,152.33046,39.162411,10.3774,6427.0,4.11,1.67,1.3,327.863,
450327768,160.229227,35.913354,10.1883,5776.0,4.25,1.26,1.035,191.532,
172518755,142.743406,26.539995,9.1824,5971.4,3.77,2.26,1.1,229.067,0.316
310981412,161.42778,69.20078,10.2728,6149.0,4.57,0.93,1.167,164.178,
233684293,260.762886,63.110741,9.05769,6153.0,3.72,2.47,1.169,247.435,
29191596,151.720029,45.883328,8.676,5502.5,4.43,0.99,0.97,69.3223,0.120465
304142124,164.856336,-56.623556,7.8436,5175.0,4.51,0.87,0.87,36.9941,0.207904
286916251,203.397486,49.060843,9.69924,5707.0,4.21803,1.2992099523544312,1.017,155.791,
135083444,184.3669,19.839989,10.0721,6071.0,4.36,1.16271,1.134,183.175,
138819293,175.550536,26.703067,8.40346,3456.0,4.8,0.425431996583939,0.419868,9.75321,
368435330,162.776697,25.641065,8.6259,5922.0,4.43,1.05,1.08,82.3432,
198153540,211.093937,46.519283,10.5191,5165.2,4.59,0.7846180200576782,0.874,113.181,0.137577
8967242,167.232915,34.303015,8.3662,5690.0,4.48062,0.956941,1.01,62.1274,
17993892,171.274935,41.028021,11.1065,5634.0,4.24009,1.26,1.0,277.278,0.04
119584412,175.575599,23.027033,9.85623,3815.0,4.69775,0.55,0.541272,30.6796,
138762614,164.255313,24.882338,11.1341,3859.0,4.66612,0.582436,0.573516,60.6931,
144401492,178.046105,35.1718,11.1476,4868.61,4.6604,0.69,0.793,119.24,0.114053
148679712,172.171122,46.480464,10.1345,5428.81,4.3631,1.06,0.946,139.11,0.210717
165763244,232.140492,55.18532,10.7939,5232.43,4.52455,0.8554329872131348,0.893,142.849,-0.239
166648874,166.118147,30.458576,12.6196,3272.0,4.82521,0.401574999094009,0.393258,55.5211,
180695581,201.282626,38.922367,9.0363,4612.99,4.56172,0.74,0.73,42.5775,-0.0713156
307734817,171.59704,28.056535,11.6735,6351.66,4.13453,1.59204,1.26,556.917,-0.484283
347329162,183.36604,23.055687,11.5384,5797.0,4.36164,1.11,1.04,321.084,0.43
373693175,188.266205,44.915367,11.6281,5555.05,4.36832,1.07,0.98,294.419,0.269388
376524552,188.922358,27.214377,11.1237,4719.0,4.49738,0.81,0.756,128.23,
207425167,242.747885,58.294553,11.6463,5059.36,4.62542,0.738692,0.84,172.534,0.00263019
377290815,286.592985,56.629312,9.91892,6194.2,4.0,1.84,1.239,285.002,
160440924,236.816882,77.232643,10.8247,4971.0,,2.38949990272522,,362.522,
233720539,276.379287,63.488103,10.8946,6454.0,3.77,2.48,1.31,617.233,
237108272,257.139454,78.587055,9.303001,5845.0,,1.16,,117.652,
285094173,186.581874,46.470824,10.4966,6131.3,4.18,1.4524400234222412,1.16,276.417,-0.0524025
330799746,193.131175,34.901028,10.9901,6236.9,4.09,1.6333199739456177,1.21,401.96,-0.161623
341815767,267.520221,54.636127,8.98018,6610.0,4.24,1.47,1.382,160.295,
393831507,187.686721,27.452002,10.5268,5778.2,4.16,1.4,1.036,248.504,0.0180147
82308728,168.637658,25.710596,6.9859,5120.0,4.6,0.77,0.86,21.5618,-0.24
9392421,167.777848,39.526673,10.7184,5637.7,3.97,1.71,1.0,312.52,-0.127
142381532,196.21972,63.753261,9.7722,4760.0,4.49,0.82,0.77,71.6456,
142387023,197.731229,61.744849,8.9754,5182.0,4.55,0.82,0.88,59.4314,
229750058,280.679168,66.303112,11.7204,5450.0,4.42,1.01,0.97,285.509,
229400092,292.458821,62.529189,11.2086,5418.3,4.31,1.15613996982574,0.988,265.471,
390651552,191.981531,9.749418,8.8223,3297.0,4.89,0.331472009420395,0.312792,8.07426,
232982938,241.562248,69.621802,11.1315,5759.8,4.07,1.56,1.04,369.986,
235905185,290.877426,78.754217,12.8784,5565.0,4.41544,1.02,0.98,479.529,
20182165,226.181249,38.605375,7.0166,6327.16,4.37297,1.21,1.25,50.3098,
27194429,200.452735,17.765435,7.43229,6864.0,3.89932,2.26817011833191,1.488,128.273,
307956397,256.662266,63.778635,12.9233,4652.0,4.52358,0.78,0.74,270.313,
61098812,205.454246,-0.128171,9.87229,6097.47,3.99566,1.78076004981995,1.145,251.303,-0.118922
71612483,202.294251,31.401916,11.4951,5610.0,4.42006,1.02,0.993,265.941,
347332255,189.839224,20.027338,7.6621,5297.0,4.61016,0.782479,0.91,32.1585,
207468071,245.907924,54.690077,9.29416,6351.0,4.12,1.619879961013794,1.261,191.649,
144441148,207.905911,33.49239,8.70842,5961.28,3.87842,1.99038,1.092,159.375,0.134111
162689341,246.69204,51.041133,12.423,6046.76,4.28918,1.25618994235992,1.12,575.889,0.062
381714186,196.833111,5.852046,10.2173,5382.69,4.55152,0.848098993301392,0.934,116.086,0.252
165987272,195.981836,30.640145,9.8469,6266.0,4.08874,1.65,1.22,240.726,-0.16
168699373,213.14386,47.014783,12.4474,5115.16,4.34437,1.03,0.86,347.85,0.367285
404505029,201.962655,9.030644,9.26733,6115.0,3.87646,2.05,1.153,223.465,
258871793,287.894787,66.328065,12.6445,5954.0,4.26,1.2752,1.09,627.627,
198108326,209.388645,43.49331,11.7551,4652.87,4.61265,0.7,0.74,142.751,-0.0631697
272758199,237.317086,71.442944,12.889,5271.0,4.44,0.943401992321014,0.9,418.239,
198385543,257.954965,54.527848,11.8467,3512.0,4.81618,0.411451995372772,0.404348,47.2496,
54002556,23.52145,-14.419149,11.6235,5076.0,4.53,0.83,0.85,190.422,
219824469,204.440006,48.250123,10.5038,5923.0,4.05,1.62,1.08,296.945,
23740089,208.099647,37.748612,10.4985,5595.0,4.32,1.14,0.989,189.09,
149577217,195.761884,21.923072,10.626,5224.6,4.28,1.14,0.891,171.205,0.126
378976682,197.748635,6.686564,13.1369,4567.0,4.53,0.76,0.72,274.942,
219728669,197.072025,23.120937,13.4891,5356.0,4.49,0.9,0.93,543.277,
73540072,211.459347,16.99237,11.3719,4968.8,4.5,0.84,0.82,165.105,0.205368
157225097,206.845428,19.758454,13.0383,4836.0,4.45,0.871730983257294,0.78,346.457,
81247740,205.353953,17.686872,10.6503,5347.0,4.33,1.08,0.92,176.833,
224313733,234.099145,57.890738,10.9374,5616.4,4.44,1.0,1.02,210.486,0.00160549
180652891,199.607344,35.953983,9.2427,7218.0,3.94,2.26,1.62,317.527,
424733642,199.412592,22.850101,12.8777,4220.9,4.49,0.77,0.66,205.385,0.0767659
229742722,279.831764,69.522873,9.93689,6415.0,4.26,1.4,1.291,224.385,
202426247,226.456731,64.047682,7.7885,5668.0,4.51,0.93,1.01,45.864,0.03
323295479,130.80013,-83.061258,9.9486,5490.0,4.45,1.06113004684448,1.01,135.758,
321668398,264.26302,53.021275,11.5429,6310.0,4.1,1.63591003417969,1.24,527.995,
356919658,273.580728,57.992976,11.2542,6404.0,4.31,1.32,1.29,383.432,
229791084,284.443905,69.570837,12.2856,6023.0,4.25,1.32,1.12,559.068,
207425203,242.919358,58.477001,11.871,6618.5,3.99,1.92,1.3,757.572,
400430915,295.382219,57.325664,12.6557,6728.0,4.03,1.92153000831604,1.43,1152.5,
400476523,295.558877,59.589129,12.2339,6615.0,4.14,1.65,1.38,775.054,
230087585,247.125627,69.030975,12.6053,6016.0,4.1,1.56043004989624,1.11,766.271,
299780329,37.530328,-79.75656,10.9679,5435.9,4.2,1.39294004440308,1.07,305.601,0.244475
230375747,285.020668,63.42983,12.8079,6511.0,4.25,1.43103003501892,1.34,876.378,
233503636,251.235703,77.344038,11.5906,5955.3,4.06,1.67,1.17,526.243,
229490898,296.257303,64.791904,11.9414,6305.2,,1.57,,608.57,
328933398,212.568476,84.371858,10.7447,5699.0,4.47,0.97,1.015,182.014,
232641326,281.44921,56.381701,11.5816,7013.0,4.2,1.63558995723724,1.54,639.003,
233047097,268.6609,60.356411,12.9417,5817.0,4.27,1.25,1.05,677.874,
233078665,271.611889,62.176751,12.8182,6748.0,4.12,1.73025000095367,1.44,1119.32,
233497719,249.519983,77.756401,12.8746,6051.0,4.48,1.01,1.13,565.519,
219762508,262.605271,63.123014,12.9737,5976.0,4.43,1.06446003913879,1.1,603.015,
243335710,289.861603,59.670112,12.9935,6531.0,4.22,1.49610996246338,1.35,982.768,
359357695,182.726187,-75.13193,13.0614,3631.4,4.69,0.5560579895973206,0.550671,102.608,
59859387,110.369675,-45.567737,10.2761,6564.4,4.26,1.47,1.45,294.281,
396368313,212.839201,-75.833202,11.2394,8828.7,4.39,1.63131999969482,2.39,708.598,
348755728,134.089246,-12.930644,13.3462,3477.0,4.74303,0.493575990200043,0.491671,115.369,
219879302,261.129456,67.989121,12.6183,5225.0,4.5,0.882284998893738,0.89,340.55,
258510872,304.665223,66.155954,11.9742,6232.0,4.03,1.76,1.2,560.901,
403136415,333.559696,-55.373338,13.0934,5744.0,4.51952,0.924044013023376,1.03,529.373,
229586455,271.368524,75.145628,12.2415,4250.0,4.58048,0.705729007720947,0.653,138.272,
459997997,156.250032,-60.575142,10.4748,7397.0,4.1,2.04,2.12,521.829,
139771134,324.128236,-52.513101,12.5093,4791.0,,0.771804988384247,0.72,211.794,0.160856
288636599,279.744502,79.23835,11.6819,5857.0,4.26,1.26949000358582,1.06,372.335,
139198430,345.630986,-46.085195,9.3059,5984.0,4.30752,1.22,,135.265,
63698669,5.165323,-33.984476,9.9312,5256.0,4.55251,0.795284986495972,0.95,97.4697,
264544388,326.438392,79.613939,8.43389,6996.0,4.29542,1.46151,1.538,134.912,
280865159,100.798591,-78.281094,10.7519,5611.0,4.37718,1.06920003890991,,178.372,
384159646,243.713459,-81.680597,9.7556,6762.0,4.39031,1.37387001514435,1.41,206.229,
174302697,352.17861,47.349521,8.88374,6750.0,4.18569,1.60572,1.442,169.851,
420645189,48.370422,75.268379,10.1374,5937.0,4.44855,1.03,1.084,158.493,
91987762,144.5553,23.546746,7.4098,6303.91,4.11765,1.61033999919891,1.24,79.6682,
172370679,299.426847,40.143346,12.5826,3854.0,4.63619,0.61786299943924,0.602425,128.438,
178879588,67.418582,-28.197215,13.2554,5735.0,4.41,1.03865003585815,1.02,623.232,
19684256,140.087589,-31.269212,13.1758,5790.4,4.44,1.02,1.04,555.134,-0.284288
272212970,180.208788,-46.13642,13.174,6393.0,4.24,1.43,1.28,960.109,
77156657,68.136479,-38.968297,11.8831,5909.0,4.42,2.04,1.1,715.383,
272213425,180.165072,-45.799456,11.1138,6457.0,3.9,2.13,1.31,564.409,
429302040,188.386428,-10.146214,10.418,4233.2,4.64,0.73,0.66,64.7414,
308098254,168.292908,-17.657779,11.5688,5473.0,4.26,1.2,0.958,310.841,
453789494,199.433742,-47.237575,10.7316,6942.0,3.94,2.09,1.61,538.11,
37718056,4.146347,-10.976423,11.7083,6239.0,4.15,1.53,1.21,524.993,
232038798,96.744643,-46.821364,11.3187,5818.8,4.24,1.09,1.15,303.941,
437261733,170.324325,-22.388177,13.2958,5652.0,4.36,1.1,1.0,642.884,
44745133,61.657801,-25.349667,12.5757,5549.0,4.0,1.64,0.98,679.761,
50712784,126.337825,-11.500989,10.5579,6410.0,4.14,1.59,1.289,343.08,
53458803,102.847425,-29.058655,11.8656,5711.0,4.27,1.22959005832672,1.02,389.57,
53750200,103.517356,-27.050416,12.2309,6405.0,4.13,1.62776005268097,1.29,737.668,
98283926,108.452399,-33.437346,13.1472,6208.0,4.31,1.2652599811554,1.19,800.377,
98545929,109.104521,-31.244395,12.4539,8549.0,4.11,2.12127995491028,2.13,1458.83,
339522221,296.688442,-63.565649,12.0457,6155.0,4.24,1.35,1.17,514.555,
308425348,167.582816,-58.982985,12.2876,6271.0,4.45,1.09,1.22,477.322,
102192004,195.794015,-41.384862,11.3287,6333.7,4.21,1.46,1.25,410.149,-0.1
363851359,200.634864,-44.688839,13.2755,5652.0,4.2,1.31,1.0,748.585,
112099249,209.51701,-30.348153,12.1577,6116.0,4.07,1.65,1.15,663.231,
112604564,112.419225,-29.937916,12.3213,6687.0,4.09,1.78295,1.42,878.521,
114299824,114.283382,-32.755419,12.9264,6781.0,4.54,1.07,1.45,609.838,
371443216,147.580067,-66.113925,8.0552,8004.2,4.2,1.84,2.0,170.696,
118956453,135.416303,-20.720369,11.9397,5515.0,4.39,1.04,0.969,305.603,
143143769,89.598895,-30.811799,12.3686,5111.9,4.5,0.860256016254425,0.859,280.555,-0.188957
14344979,163.788852,-0.737066,12.3353,5424.8,4.49,0.916163980960846,0.94,325.377,-0.49
207077681,320.762876,-40.048439,12.3119,4879.0,4.5,1.21163,0.81,355.513,
157266693,176.628323,-33.860076,13.1648,5697.0,4.39,1.06,1.01,585.77,
160578764,223.658719,-38.744547,12.1014,6017.0,4.22,1.35,1.11,508.885,
162922904,171.845053,-44.088703,12.0233,6090.0,3.88,2.03,1.14,757.84,
386259537,127.38723,-12.944768,11.3299,6013.5,4.17,2.21327,1.17,627.066,
172598832,100.571247,-29.77678,12.941,6561.0,3.93,2.08347,1.36,1342.29,
125739286,215.122762,-31.20207,10.5288,6540.6,4.26,1.71,1.34,356.391,-0.29
176685457,141.920643,-19.347648,12.2682,6245.0,4.24,1.38,1.21,609.128,
178289267,60.948278,-19.056818,11.7076,5593.0,4.46,0.97,0.99,279.485,
268301217,116.370721,-52.383259,12.4933,5707.0,4.39,1.07,1.02,415.135,
128449971,219.389377,-42.0294,10.7347,6200.5,4.33,1.10563004016876,1.24,245.295,
325172035,177.494824,-63.949071,8.2376,8862.0,4.1,,,3847.17,
7413227,212.647819,-27.993072,9.46381,5986.0,3.66,2.1905200481414795,1.176,264.051,
167009792,95.102051,-66.400466,8.5122,5883.8,3.77,2.1,1.08,153.896,
308919449,122.61813,-65.852379,9.8146,5614.1,4.34,1.02,1.06,130.335,
382980571,183.704117,-63.086718,10.1598,5309.7,,0.95,1.03,129.892,
461080504,159.580056,-61.289786,10.9572,7023.2,4.11,1.82219004631042,1.66,525.922,
357536526,137.66287,-64.471528,10.6707,5342.5,4.01,1.66,0.98,279.155,
127315102,217.279625,-43.361979,8.4672,6670.3,4.29,2.56,1.54,230.033,
460140752,156.738469,-60.665225,8.9301,4990.7,,,,,
31268146,88.071315,-70.920308,10.1302,5928.0,4.24,1.47579002380371,1.11,219.482,0.109784
334125713,182.772117,-52.672196,9.4306,6531.7,4.29,1.45,1.47,200.156,
327663613,189.810101,-69.542013,8.4215,9208.0,3.85,,2.61,362.573,
356590734,172.156226,-78.801587,9.8722,5877.5,4.18,1.9558299779892,1.35,278.462,
394509844,154.996219,-79.802603,10.5,5488.0,4.14,1.41,1.06,241.981,
242536549,215.145569,-41.983318,9.5187,6422.1,3.86,1.85,1.4,253.478,
466113537,165.033297,-59.978409,8.9718,7119.5,4.14,1.98082995414734,1.51,232.276,
166184426,206.105083,-40.336403,11.1825,3625.0,4.81,0.31,0.289172,22.4731,-0.494175
334911765,213.978422,-62.906643,10.4877,5586.2,4.21,1.11,1.13,191.877,
302659412,134.966386,-67.955597,9.4845,5844.8,4.13,1.79,1.1,206.826,
356747847,175.33562,-78.163008,9.9055,4851.6,,5.42,,496.731,
400323948,166.085979,-67.991833,11.0897,4866.2,,2.6241500377655,,407.801,
318828309,173.314149,-60.075995,9.1962,6466.2,3.7,3.28,1.5,400.718,
179319057,211.593423,-40.523909,10.0032,6231.8,4.21,1.52,,240.34,
141663464,228.629109,-43.387085,7.185,8049.0,3.3,5.08,,326.628,
190271688,221.343502,-54.761146,10.163,5394.6,3.77,1.1891499757766724,0.97,158.09,
242083025,201.642206,-39.629886,10.7892,6308.3,4.0,1.7140400409698486,1.36,405.208,
295354126,223.151952,-61.568677,8.177301,9096.5,,,,401.097,
242120884,209.982525,-43.327316,9.0492,6390.7,3.83,2.30849003791809,1.37,254.169,
320079492,174.845028,-65.176299,9.9666,5343.0,4.1,1.499079942703247,1.01,186.789,
210445631,212.193247,-56.322341,10.52,6535.3,4.2,1.55,,357.686,
293708935,222.333572,-60.080256,8.5941,5796.0,4.14,1.51715,1.12,106.955,
162695785,190.720365,-53.688304,11.0048,6432.2,4.11,1.5699599981307983,1.44,421.946,
253132689,194.769773,-57.253713,10.3345,5418.0,4.17,1.67,1.01,247.145,
267414551,176.070255,-59.911853,9.7472,6105.1,4.12,1.48,1.19,202.033,
47617161,220.4268,-33.826133,10.7565,5149.0,4.35,,,204.984,
295562522,171.378387,-67.778575,10.5833,5342.0,4.09,1.49,0.98,238.426,
467281353,168.076087,-60.93258,10.2081,5408.7,,1.48,0.97,205.367,
329888006,212.846611,-50.069977,8.8681,4956.8,,,,201.2072,
383531859,216.147711,-60.383601,9.5918,9184.7,4.09,2.14182996749878,,437.902,
458856474,161.140515,-59.737608,5.666,8719.5,4.08,1.0,,2503.46,
458857720,161.046711,-59.92517,9.8678,8832.5,4.26,,,395.582,
127793615,218.270079,-43.298512,10.9805,5898.8,4.08,1.45,1.22,343.388,
378613125,155.59062,-63.65462,10.001,8749.3,,2.14,2.49,540.252,
437329044,207.584824,-23.383379,10.1919,6617.0,4.21,1.41,1.393,266.509,
89535068,127.281049,-57.194209,10.3349,5725.0,4.54,1.072350025177,1.01,162.148,-0.0475684
162246865,168.871533,-44.428987,10.361,6237.0,4.24,1.3,1.32,252.81,
469212332,148.390562,-58.376077,9.9681,6101.8,,2.05,1.85,332.321,
468997317,144.023758,-51.744648,8.135,8613.8,,,,,
349088467,185.331855,-14.062379,9.62418,5635.4,3.71,2.33,1.044,273.491,
161156159,190.132487,-48.740903,10.1854,5368.0,,2.15,1.0,299.378,
324395151,176.866343,-64.882975,10.2581,8046.5,4.12,,,1541.16,
457939414,158.670633,-59.748482,10.1574,5579.5,4.22,1.10456001758575,1.14,171.127,
82707763,169.958638,-51.866071,10.1405,5805.6,4.13,1.73,1.12,268.254,
147340931,162.91688,-44.984741,10.5287,,,1.72,1.44,375.933,
453464017,152.28015,-72.798117,10.248,6190.4,4.15,1.48,1.48,290.78,-0.0811697
445903569,147.174575,-51.756564,10.2396,7369.0,4.27,2.22,1.88,515.603,
299023386,143.466387,-53.561643,9.8153,7804.8,3.78,4.44,,873.401,
275384718,178.547176,-46.896887,10.2372,6249.4,4.19,2.32,1.31,422.884,
142378043,181.632505,-31.645713,9.8916,6311.5,4.17,1.61,1.33,254.439,-0.11
429295277,184.259218,-51.075153,10.186,5972.0,4.08,1.4,1.11,218.438,-0.276956
447206604,156.995108,-48.428547,10.4109,5843.0,4.33,1.16,,183.691,
371188886,146.397063,-66.686631,10.3579,5400.0,4.43,1.18,0.98,175.713,
118084044,128.181355,-58.575511,8.9578,7896.3,3.6,3.96114993095398,1.81,500.027,
356453768,134.190203,-61.371461,10.4879,5986.5,4.32,1.56,1.21,296.179,-0.555712
58463434,201.527127,-27.41256,9.6569,7043.2,3.98,2.46,1.52,379.972,0.04
439610306,143.46695,-55.175763,9.0607,6136.9,3.85,2.46,1.49,258.885,
147660886,164.031654,-43.376697,9.4916,6995.5,4.1,2.227590084075928,1.65,328.475,
41173048,91.22465,-69.360322,9.2225,4650.0,2.54,8.3,,485.257,-0.32
219466784,209.858415,74.151228,10.199,5249.0,4.48682,0.895408,0.897,115.409,
70887357,63.857632,-16.902144,8.64807,5463.0,3.77778,1.94771003723145,0.992,139.212,
243187830,16.908292,22.952868,7.3551,4755.33,4.62683,0.701498985290527,0.76,20.5272,0.199069
26547036,292.166942,53.487369,9.26693,5842.0,4.39929,1.07351994514465,1.054,109.19,
136916387,230.440115,-48.318817,5.0494,5739.0,4.51,1.02606999874115,1.03,14.682,-0.26
138294130,229.99122,36.229545,10.6506,5981.0,4.07,1.6,1.1,320.451,0.275
188589164,239.577568,35.408114,10.2705,3352.0,4.8984,0.325635,0.306053,15.8095,
198588220,256.610728,44.776885,9.63331,6417.0,3.7,2.65,1.292,371.686,
368287008,232.132653,27.361073,12.8387,3223.0,4.89993,0.32,0.304345,47.3444,
219508169,246.797267,42.687767,10.408,5175.0,4.54,0.84,0.877,115.834,
357416482,228.949819,27.36181,8.2057,6362.6,,1.34,,115.605,-0.049
357501308,229.837442,29.207877,8.962,4218.9,4.67,0.622511982917786,0.66,27.9956,-0.812
159781361,234.431765,48.955206,9.6087,5588.0,3.92293,1.8,0.987,198.007,
39903405,245.151432,41.04796,8.27468,6412.8,4.09,1.7,1.29,127.774,0.0535135
236312126,240.549275,28.169625,10.5484,5729.0,4.52,0.92,1.023,163.553,-0.08
11996814,31.17055,65.289331,11.6484,3975.0,4.62844,0.627144,0.609693,89.3047,
16884216,232.863345,33.902516,8.5049,4958.0,4.66667,0.695992,0.82,36.9284,
255930614,247.622983,38.347535,7.6262,6084.0,4.17,1.46,1.14,75.8643,0.33
394050135,282.795256,82.245414,10.9461,6042.0,4.15,1.4799599647522,1.123,335.985,
407059875,5.469534,66.168119,10.5782,5050.0,4.59,0.77,0.842,108.076,
335996558,333.331904,62.857385,10.5027,6168.0,4.29,1.28,1.176,238.061,
336456596,334.434433,62.465008,10.9141,7751.0,4.0,2.25,1.83,609.996,
445254275,12.216148,59.386718,10.9415,7125.0,3.54,3.56,1.59,910.693,
422656370,349.672086,68.299217,10.8489,5778.0,3.74,2.29,1.04,367.355,
470127886,331.117808,81.565951,10.7609,6664.0,4.44,1.18444001674652,1.41,276.105,
470159478,333.311732,81.739729,10.9293,6542.0,,1.5,,293.0,
53617134,17.680098,65.249648,9.46221,7014.0,4.05,1.95,1.544,281.184,
427279997,351.380744,54.601182,10.5682,9714.0,3.98,2.68,2.48,909.511,
53709089,17.73671,61.092107,9.1196,9387.0,,2.35,,359.404,
368320811,233.014923,24.085016,8.97913,6549.0,3.89,2.18,1.354,231.827,
405559035,234.861293,55.153498,10.67,6319.0,4.38,1.19,1.25,263.958,
235937532,293.914601,81.554791,10.5352,6570.0,3.68,2.8,1.36,603.172,
237071229,307.022746,61.871411,10.4719,6308.0,4.19,1.48,1.24,276.053,
427730490,352.27473,71.506474,10.8407,5019.0,4.43,0.92,0.834,144.717,
54364414,19.234846,62.35169,10.4608,5825.0,4.44,1.02,1.049,177.331,
269424395,350.369407,60.801171,10.9518,6535.0,3.9,2.16,1.348,511.22,
346929661,0.977557,59.334681,10.1976,6178.0,4.33,1.23,1.18,203.562,
270333769,351.880281,61.392515,10.4887,9953.0,4.09,2.38,2.55,664.006,
347013211,1.119248,54.934497,10.7799,6125.9,4.03,1.72,1.157,366.962,0.072
468574941,16.184942,74.331306,10.996,6081.0,4.31,1.24319005012512,1.139,289.668,
363761216,5.867146,71.158807,10.4708,5887.0,4.35,1.14,1.068,196.538,
159873822,237.924107,52.306308,10.7545,5021.6,4.6,0.76,0.835,116.567,0.101813
314835525,346.90982,56.694513,10.6568,6054.7,3.41,3.48,1.13,571.487,0.23
316468545,323.908297,65.437536,9.70362,5985.0,4.59,0.88,1.101,113.725,
375850439,336.295039,67.971168,10.6234,11265.0,4.07,2.6170699596405,2.96,809.88,
1100766816,238.501017,19.596887,10.0943,5016.1,,1.01,,115.724,
315755496,310.331372,82.435302,10.5008,4772.0,,5.27874994277954,,583.511,
378355116,358.248392,60.481667,10.7633,8124.0,,2.08,,,
322062001,324.238857,69.283946,10.6526,6782.0,,1.61,,376.423,
396356111,2.599567,58.489439,7.3307,6748.7,4.13,1.72,1.44,92.8913,
229888286,226.116513,28.215715,10.7165,6081.3,,1.8373199701309204,,255.849,0.254591
326732851,359.678289,62.625907,10.5365,4963.0,,4.96,,550.191,
403308915,5.198855,55.542814,10.1731,8398.0,4.27,1.75,2.079,385.274,
285542903,13.27005,60.618112,9.8722,10125.0,3.62,4.14,2.6,914.062,
327577308,4.747716,56.367066,10.636,4475.0,4.59,0.7,0.7,78.9495,
373785851,27.778642,63.081422,10.155,6895.0,3.87,2.36,1.5,419.142,
334811204,331.70177,63.599044,10.3499,7577.0,3.9,2.46,1.759,514.968,
115524421,254.130502,44.302536,11.5906,5701.0,4.47,0.94,0.95,246.353,
356710041,192.577265,26.159536,9.0024,5701.43,3.56597,2.75644993782043,1.02,234.294,0.261546
141663460,228.631968,-43.385063,8.522,9277.7,,2.26,2.66,326.04,
147951030,167.865299,71.540754,10.4547,5491.0,4.5359,0.88,0.962,138.308,
417931300,186.27356,60.418346,11.1806,3700.0,4.70036,0.5425729751586914,0.538526,52.9328,
198187049,245.728968,61.694836,7.9726,5268.0,4.56138,0.823126018047333,0.9,38.6215,
233182695,219.043374,68.940695,9.74428,5849.0,4.33017,1.1635299921035769,1.056,148.003,
198360694,256.601181,57.661033,11.04,5873.3,4.46212,1.00285995006561,1.063,231.311,0.048
900715901,173.986546,75.546629,11.6434,3546.0,4.93943,,,39.1185,
441642457,209.882326,58.93291,9.45253,5729.0,4.32178,1.15631997585297,1.023,123.946,
158075010,218.184395,43.756428,8.38689,6594.0,4.16825,1.59978,1.375,131.275,
23814735,210.044615,38.705641,11.1345,4065.0,4.59496,0.667797029018402,0.64,74.1469,
27491137,217.392016,39.790399,8.3745,5149.6,4.6,0.772148013114929,0.87,41.9091,
230075227,244.376954,68.894664,9.7807,5284.0,4.54246,0.85,0.91,91.8282,
159244568,227.179973,82.446925,11.0372,5244.0,4.58339,0.800741,0.896,151.103,
224298134,185.338193,57.752364,10.8515,3577.0,4.75448,0.48055300116539,0.47851,37.066,
367739494,250.382981,80.04588,11.4547,4868.0,4.61964,0.722519993782043,0.793,141.436,
321669174,264.302263,53.025567,11.642,3742.0,4.72382,0.515546977519989,0.513208,62.3446,
160039081,241.581203,53.514641,7.8206,6004.0,4.36245,1.15,1.11,63.7194,
233633993,284.767733,60.154455,11.8737,4410.0,4.507,0.767286002635956,0.69,146.594,
441738827,259.254539,72.747023,13.3257,3630.0,4.76664,0.47,0.464271,114.549,
103633672,152.223473,70.394557,9.8499,5134.0,4.57244,0.799050986766815,0.87,84.5772,
230387153,285.921685,65.785672,11.316,5337.0,4.48036,0.91,0.921,202.265,
219462190,208.052955,75.165261,10.0537,5647.0,4.48001,0.953815,1.002,131.542,
441765914,261.374894,75.88228,10.8812,4902.0,4.5026,0.831422984600067,0.802,126.46,
341815197,267.307163,54.415932,11.5509,5274.27,4.61038,0.78,0.904,187.927,-0.06
233721037,276.394048,64.636881,8.80613,6395.0,3.89312,2.1204,1.282,203.217,
219778329,263.852071,64.380132,8.1529,5809.0,4.33351,1.15024995803833,1.04,70.2105,
393965778,212.547487,45.563868,10.6375,5468.73,4.37458,1.05,0.956,176.759,-0.122053
402898317,302.737523,70.869653,10.6699,4455.0,4.55621,0.730261027812958,0.7,82.7982,
356016119,254.142533,70.027316,12.2669,3457.0,4.84825,0.376774996519089,0.365046,50.0248,
235678745,285.636524,75.418514,11.0788,3746.0,4.76979,0.463205009698868,0.460544,41.9176,
142748283,151.618699,74.827211,13.4764,3285.0,4.98992,0.247330993413925,0.217977,48.4809,
279982557,297.393769,66.293958,11.6685,5264.0,4.59586,0.791524,0.901,198.345,
356700488,254.455649,68.699581,8.20773,7788.0,4.32577,1.54577994346619,1.845,148.944,
230386397,285.786011,64.230256,11.2011,4316.0,4.56,0.71,0.67,95.3985,
219436394,205.59347,76.647981,10.8676,5535.0,4.57126,0.846615016460419,0.974,163.982,
165527918,266.13371,54.090971,10.6397,5619.0,4.44,0.997588992118835,0.995,178.427,
289590465,253.442793,65.293961,11.4106,5292.0,4.58201,0.80781102180481,0.909,183.737,
160491359,239.016918,73.07392,10.3366,4884.0,4.54,0.799715995788574,0.8,95.5156,
367630162,151.612215,83.08784,10.0556,4907.0,4.62,0.72,0.8,76.7418,
156199502,181.064438,83.438034,9.8565,4718.0,4.49012,0.821066975593567,0.76,72.9091,
393911494,207.178453,44.911752,9.85649,5590.0,4.45374,0.976212,0.988,121.167,
446549906,286.796541,-58.696835,11.3819,5565.0,4.45,0.97,0.98,236.705,
347538174,247.481601,21.495162,10.223,6300.0,4.22,1.42268002033234,1.236,251.884,
392476080,253.186297,16.579915,9.78569,6647.0,4.12,1.7,1.399,262.041,
394029948,282.229631,78.568946,9.69902,6073.0,4.21,1.39,1.135,182.323,
356235833,260.096376,20.281856,9.1597,5477.0,4.46,0.95,0.96,83.1749,
427320001,343.854335,70.29729,7.1776,7184.0,4.25,1.58045995235443,1.61,86.1058,
1400212743,267.354593,40.457105,10.5163,5286.9,,1.76,,250.755,
9828416,261.096395,33.205073,9.8251,6382.0,3.9,2.1,1.28,317.845,
54464870,19.595393,63.545086,8.29254,8153.0,4.09,2.11,1.99,213.097,
422838133,23.829473,72.936844,9.68129,6927.0,4.18,1.65,1.512,239.945,
279212407,25.690461,65.895769,9.98272,6280.0,4.05,1.72,1.227,255.917,
17416749,242.201,35.691135,8.63532,6398.0,3.89,2.13,1.283,186.825,
236387002,244.429882,26.304211,10.3978,3606.0,4.74,0.5,0.496373,31.4006,
389900760,23.507315,65.513988,12.8233,3179.0,4.99978,0.24023300409317,0.210366,32.1755,
88996391,263.944366,36.196492,11.9441,4325.66,4.438,0.628365,,,-0.0245085
311408969,264.27351,25.731147,12.658,5852.0,4.40684,1.06725001335144,1.06,511.388,
105840719,243.940883,17.023904,9.5373,5432.0,4.56341,0.8437020182609558,0.95,86.2732,
159742538,268.304336,37.21174,11.1116,6184.0,3.9042,2.00851988792419,1.18,515.98,0.26
116242971,267.640491,36.570176,10.1213,6350.0,3.87,2.16,1.26,368.03,
116264089,268.029111,37.546327,11.7213,5489.0,4.59342,0.820181012153625,0.962,231.337,-0.24
21744120,256.346376,33.012325,11.733,4790.0,4.58765,0.740113,0.773,161.4,0.14
21832928,256.9818,32.105303,6.6813,5991.11,4.37711,1.12505996227264,1.1,36.578,-0.11
101721385,260.116172,38.242168,9.54417,6727.6,4.22,1.55,1.433,222.663,0.126637
320798691,271.537672,26.426606,11.0269,6115.0,4.16703,1.46701002120972,1.153,344.05,
27848472,278.631741,35.661431,10.1058,6352.0,4.27,1.36,1.261,231.161,-0.04
358516596,283.305449,24.127248,10.2025,5703.0,4.16,1.38951003551483,1.016,197.572,0.23
39200363,261.243831,32.798397,10.8571,4175.0,4.54,0.716311991214752,0.65,75.1973,
75878355,271.935501,39.072927,7.7945,4406.0,4.50428,0.77,0.69,22.6202,
76419763,274.405533,36.621462,11.3998,5833.0,4.35385,1.1295599937439,1.051,303.336,0.11
336128819,281.176343,36.563132,11.7371,3384.0,4.87998,0.343879997730255,0.327134,33.3631,
23059280,274.143956,34.173012,12.2186,4882.0,4.45655,0.873951971530914,0.797,244.755,
336267424,281.6619,41.56002,12.5466,6835.31,4.37191,1.3128399848938,1.48,772.026,-0.169973
308172249,267.284885,29.879043,12.4197,4984.0,4.41028,0.934976994991302,0.82,298.214,
399860444,286.808526,49.316421,10.854,5854.0,4.45,1.01612997055054,1.057,215.32,-0.03
287256467,258.762346,18.340345,8.8975,5674.0,4.49483,0.94,1.01,77.682,
44313455,267.046624,15.980109,11.0768,3472.0,4.86042,0.36396598815918,0.350325,27.7525,
103195323,62.572982,75.170931,10.1041,7437.0,4.09,1.95,1.7,378.684,
428988981,350.25314,79.441782,9.90667,5452.0,4.53224,0.88,0.952,105.806,
88992642,263.758075,40.695043,8.55942,6202.0,3.63,2.78,1.191,224.731,
158916431,269.989998,29.655175,9.9094,7272.0,4.0,2.13,1.64,402.908,
341630071,155.641594,83.083724,10.7047,6115.0,4.25,1.33633005619049,1.15,282.108,
233569098,281.814167,64.806519,10.6746,5930.0,4.11,1.51,1.08,299.668,
1716467085,285.596508,42.507414,10.1099,6020.0,4.18,1.34,1.11,222.25,
230267547,264.591131,18.473875,10.4288,6446.3,4.03,1.84,1.306,370.536,-0.015
23389848,275.117976,30.85588,10.142,5660.0,3.86,1.95,1.005,277.934,
395393265,26.338972,77.790123,10.7053,6688.0,4.11,1.7323499917984,1.416,303.006,
406855039,274.87052,71.248626,9.54581,5668.0,3.76,2.18059992790222,1.007,238.675,
428787891,71.028148,84.364265,10.6611,6243.0,4.24,1.38718998432159,1.21,296.46,
461591646,5.800269,84.452839,10.9939,6144.0,4.02,1.74,1.17,416.077,
258402425,274.416666,23.917679,9.87437,4872.0,,2.74,,253.011,
298495970,261.71771,25.84927,10.7033,5756.0,4.51,0.93,1.03,178.43,
342642208,276.810053,20.526887,10.1669,5389.0,4.06,1.5,0.935,198.473,
270515566,264.45404,47.230289,10.8595,5844.0,4.16,1.41,1.05,294.398,
284477310,291.125974,56.881296,10.6071,6021.0,4.29,1.25,1.115,244.804,
366563452,304.444709,77.166678,9.5998,5028.0,4.55,0.81,0.84,73.1018,
284564230,291.524023,58.510182,10.2182,6610.0,4.14,1.66,1.38,315.323,
43429656,261.440953,23.057031,10.235,6318.0,4.2,1.47,1.245,261.045,
49967354,277.907741,13.897884,10.879,5274.0,,3.39,,529.49,
73560357,281.405754,16.415367,10.8207,7421.0,4.0,2.16,1.697,557.364,
233680651,260.30306,63.239282,10.0788,6515.0,3.97,1.99,1.34,348.554,
160162987,242.364094,84.491119,10.7791,5752.0,4.3,1.19,1.029,232.304,
364075352,306.223028,74.837343,10.9591,6641.0,4.38,1.26,1.396,310.885,
8516795,279.170112,23.258619,10.5527,6183.0,4.0,1.81,1.183,351.487,
154741689,164.313856,89.086923,10.4679,6018.0,4.39,1.12,1.113,206.368,
75656058,270.898715,38.073512,10.8181,6528.0,,1.49,,420.268,
76197937,273.702683,37.629995,10.8642,5085.0,,3.7,,600.502,
293567206,145.799111,87.86853,10.4929,5829.0,4.41,1.06,1.05,185.849,
159815224,268.823955,40.167475,10.5817,6069.0,4.24,1.33,1.134,262.427,
405717754,286.243446,50.040367,12.9614,5967.0,4.08,1.569659948349,1.09,881.386,0.05
123495874,282.629633,46.323281,12.9934,5883.0,4.25,1.27991998195648,1.07,722.795,0.19
123233041,281.288134,42.451098,13.1448,6179.0,4.11,1.58169996738434,1.18,1021.87,-0.05
164892194,285.240829,46.668241,13.4633,6041.0,4.22,1.36388003826141,1.12,1005.84,0.33
237913194,22.445812,-60.73991,11.4864,5713.0,4.34,1.12898004055023,1.02,306.063,
298663873,277.94363,56.650679,8.56854,5739.0,4.03,1.62761998176575,1.025,116.685,
233068569,270.558091,63.54963,12.1625,5574.0,4.51,0.91,0.984,322.09,
268823307,299.407034,44.035039,12.7655,6295.0,4.03,1.78184998035431,1.23,899.777,0.07
1715469662,283.489697,37.380825,8.0348,5485.0,,,,105.334,
176956893,100.833125,-66.947656,11.4057,5731.8,3.65,3.1513800621032715,1.02,788.317,0.124314
355096431,314.576665,-40.268633,12.7421,5440.3,4.4,1.08637,0.98,493.871,
238171173,357.002336,-68.487698,13.0654,5772.2,4.4,1.37147998809814,1.02,771.822,
270472265,96.940806,-79.409779,13.0769,5344.0,4.4,1.14,1.07,587.277,
260797169,347.94394,-69.85417,13.0943,5829.0,4.3,1.3681800365448,1.04,780.137,-0.0919707
270342589,34.085419,-78.70071,13.458,4979.4,,1.00253999233246,0.89,542.659,
389421473,311.751171,-38.670656,12.5965,5477.0,4.4,1.5522700548172,1.01,677.662,
262471759,313.40292,-36.821547,12.8641,5741.0,4.3,1.13908,1.07,596.389,
277890574,353.281713,-76.819155,12.5625,5262.0,4.4,1.12916004657745,0.92,426.477,0.31519
401604346,313.691232,-72.80464,11.3996,6079.0,4.33912,1.19653,1.14,337.064,
271478281,299.156339,-31.335181,7.4259,4669.0,4.63,0.69,0.74,19.5711,
24695044,34.840097,-72.708894,10.9916,5101.7,,0.933443009853363,0.91,174.267,
372172128,312.340074,-70.485072,11.3643,5728.0,4.4217,1.02917,1.02,259.947,
389352124,311.042756,-39.225486,9.0532,6562.0,4.24,1.47,1.36,162.303,0.147692
100566492,309.511234,-48.462083,11.117,6282.4,3.92936,1.99207,1.23,523.756,-0.305
369455629,311.673345,-41.820983,11.4513,5614.86,4.21917,1.28017,0.99,327.602,0.32079
142105158,98.783507,-72.456778,12.3181,4983.6,0.2,0.83,0.85,251.245,0.273342
219306934,316.66971,-57.577978,10.2001,6252.0,4.19,1.47,1.21,252.501,
358107516,51.228421,-73.957546,12.173,5064.0,4.53576,0.82388299703598,0.85,235.933,
355600246,325.104572,-54.034226,12.3775,6344.0,4.21787,1.44638001918793,1.26,701.717,
467971286,289.297427,-60.89176,13.191,5103.0,4.48023,0.883426,0.86,414.537,
260298958,94.315682,-56.509859,15.0804,3653.0,4.60969,0.6498870253562927,0.627042,409.034,
381856447,322.253764,-58.836147,10.7218,4683.0,4.62,0.701795,0.75,91.299,
90850770,307.596693,-44.887618,10.9651,6146.0,4.12,1.557379961013794,1.17,373.345,
38680052,65.528812,-61.36859,15.7438,3228.0,4.90232,0.321846008300781,0.301683,181.731,
271806353,111.442356,-77.776659,13.3304,4955.0,4.4,1.21438002586365,1.01,626.478,
317089588,347.462945,-79.699998,13.4669,5077.7,4.4,0.836243987083435,0.95,483.235,
212253390,308.539086,-29.672613,9.2551,5253.0,4.54958,0.834386,0.9,70.2932,
280803917,44.529245,-66.949285,12.4235,5116.3,4.45,0.920804023742676,0.89,324.412,
406318573,326.582729,-61.107837,13.2598,5784.0,4.3,1.21171998977661,1.06,762.655,
272236017,117.867565,-72.285046,12.6562,5727.0,4.3,,,571.376,
425561347,286.073121,-32.354279,9.977,4882.7,4.6,0.729817986488342,0.77,70.9015,
39018923,12.074996,-68.439297,12.0253,6295.0,4.3,1.38611996173859,1.23,563.621,
234330672,35.750418,-71.457945,12.8172,5916.0,4.3,1.3126300573349,1.1,698.996,0.0209229
348995212,107.155704,-64.232801,11.5547,6282.0,4.3,1.05,1.23,330.15,
278138619,107.819578,-78.238464,12.9901,5161.7,4.3,1.39859998226166,1.14,687.409,
150437346,97.320501,-65.337781,11.6659,5615.0,4.39,1.20948994159698,1.04,356.5,
441420236,311.291137,-31.34245,6.755,3588.0,4.60198,0.698009,0.662074,9.7221,
306510653,119.185192,-67.071931,12.7427,6381.0,4.2,1.5,1.41,859.449,
273695332,18.689893,-81.982165,12.0599,5847.0,4.3,1.5913599729538,1.19,601.919,
388198242,61.242969,-78.374681,11.9987,4996.3,4.5,1.01488995552063,0.9,290.755,0.0689733
271891552,112.767471,-72.667447,13.3639,5823.3,4.3,,,842.388,
403135192,333.559598,-59.568325,9.6968,5828.0,3.9,1.36,1.04,164.418,-0.09
405425498,337.517756,-67.850146,10.0106,5763.48,3.99846,1.21,1.03,165.441,-0.0502762
61733521,289.018075,-46.480756,10.8911,5420.0,4.5,0.9,0.94,167.24,
143410850,294.572181,-46.398078,10.6658,6046.0,4.06,1.64,1.12,329.989,
129432342,304.452849,-44.968454,10.9198,4884.0,,4.7,,713.6,
100504381,308.563699,-48.274725,8.565,,,1.69,,,
439444938,301.540122,-33.667484,8.776,,,,,,
421455387,296.919659,-32.575966,10.9896,5226.0,4.28,1.134160041809082,0.89,193.007,
271491157,299.229827,-35.397179,10.7837,6103.0,3.64,2.69,1.15,558.211,
267093376,41.091524,-74.789817,10.8988,6378.0,4.1,1.67,1.27,405.817,
394722182,20.166011,-86.979965,10.8673,6209.0,4.09,1.62,1.19,355.59,
389238529,302.999475,-37.561663,10.9987,7000.0,4.33,1.41,1.54,416.129,0.25
231077395,67.657808,-70.35491,10.7188,6113.8,4.19,1.43,1.15,285.78,-0.34
388130235,65.410196,-67.467038,10.7891,5030.6,,3.0,,454.103,-0.29
98494121,290.986777,-36.910419,10.9931,5285.0,4.7,0.71,0.91,123.796,
96973930,295.256495,-27.859275,10.1738,4779.7,,5.76,,,
92562123,315.171774,-35.871099,9.9279,6037.2,3.66,2.58,1.12,349.478,-0.494098
1990842033,310.483615,-38.878009,10.8068,6664.0,,,,128.552,
1989628303,308.563502,-48.274841,9.1984,5286.9,,1.95,,174.318,
278415929,117.281011,-80.893886,10.8366,5042.0,4.04,1.51,1.08,264.842,
349786918,113.043495,-65.811395,9.9676,5807.0,4.14,1.59,1.12,226.06,
376168473,310.483618,-38.878003,10.787,6394.3,,1.75,,325.492,-0.06
179580045,80.624017,-70.254329,10.4653,7546.0,4.24,1.66,1.75,380.513,
152714791,304.628882,-30.648846,10.3486,4982.0,,4.35,,502.103,
264303333,296.355007,67.310971,10.1583,5729.0,4.47487,0.97,1.023,142.086,
229715760,278.989527,70.160757,12.7778,5776.0,4.13,1.45780003070831,1.04,711.751,
233066156,270.277609,61.347153,10.8841,6582.0,3.69,2.7841100692749,1.37,713.878,
367855829,276.868143,73.264575,9.9558,5697.0,4.21712,1.29609,1.01,172.284,
233688779,275.393588,62.369002,9.34244,5706.0,4.84423,1.37,1.015,139.078,
265146266,316.892698,74.383252,12.0836,6049.0,4.438,1.25,,394.556,
262880065,225.315683,40.946827,10.446,5270.9,4.438,0.813543975353241,,117.892,0.122
198485881,194.739614,77.661716,12.9672,3446.0,4.89707,0.326932013034821,0.30755,57.7911,
219821826,268.029535,62.79094,12.2169,5980.0,4.39,1.11,1.1,455.408,
219501568,244.5642,42.62706,7.97758,6690.0,4.1059,1.74489998817444,1.417,122.859,
232568235,247.667,49.046789,9.75874,5432.0,4.51,0.9,0.947,101.251,
229787062,284.022679,70.25412,12.4841,5392.0,,0.986401975154877,,368.055,
165530380,266.406455,59.514199,10.4267,6328.0,4.32136,1.28,1.25,250.998,
159400561,237.961131,83.110888,9.7115,5599.0,4.57217,0.852643,0.99,99.9023,
235943205,295.927746,78.725919,10.5653,6140.0,4.54184,0.957395017147064,1.164,189.22,
310231275,239.787768,32.395973,9.1021,5951.67,4.438,1.52424,,88.0815,0.035
8348911,245.28004,31.577041,13.5042,3244.0,4.97167,0.261162012815475,0.233038,51.6004,
459837008,65.061496,84.900824,12.2591,3022.0,4.99625,0.242744997143745,0.21305,,
20203297,226.46964,39.636553,10.1338,5910.35,4.35957,1.13489,1.075,173.996,0.099
441798995,264.147896,77.126216,11.9521,3872.0,4.69525,0.548484,0.543889,82.1896,
198178505,244.382265,61.368246,7.7293,6380.43,4.1278,1.61077,1.27,94.2106,
258389327,296.710289,70.071943,11.8248,6180.0,4.06,1.68,1.18,543.564,
265460043,359.853101,68.384119,8.1526,6258.0,3.68336,2.63025,1.217,179.828,
142117976,81.240221,79.74934,8.75584,6495.0,4.43957,1.15083003044128,1.329,110.177,
289164482,277.459311,40.541412,10.3543,3943.0,4.62547,0.630720019340515,0.612463,48.876,
272679240,234.512299,69.017531,11.4208,4863.0,4.63136,0.712387979030609,0.792,138.034,
198456933,261.836763,58.214352,8.9072,5482.02,4.5343,0.87704199552536,0.96,68.1461,-0.0350573
288516853,273.497311,80.658462,7.98614,6358.0,3.76624,2.43663,1.264,156.777,
243313296,289.513338,56.236779,12.4199,3412.0,4.9014,0.32,0.302712,43.5829,
115623434,255.245795,45.386283,10.2455,4962.0,4.55115,0.79,0.82,94.186,
115583726,254.588507,45.936445,8.44143,6175.0,3.37301,3.7007,1.179,282.689,
264171144,294.390164,66.971432,9.13648,6683.0,4.22146,1.5259200334549,1.414,179.493,
237211410,294.376052,74.78231,9.29735,7020.0,4.09526,1.84504997730255,1.546,242.63,
198211976,248.333273,63.524496,11.2076,3621.0,4.7197,0.520283,0.517739,49.7627,
115446313,252.471891,47.316983,9.88372,6109.0,4.33438,1.21,1.15,174.932,
329148988,332.563264,58.706093,11.3078,3546.0,4.77262,0.46001398563385,0.457187,42.409,
237201858,292.823315,72.538317,9.85236,6863.0,4.27882,1.46480000019073,1.487,233.507,
160077104,222.75079,85.895391,8.5709,6037.0,4.32817,1.20105004310608,1.12,94.9685,
462615350,251.11918,60.086043,12.709,4066.0,4.67766,0.605243027210236,0.636,132.907,
82452140,255.097557,39.73025,10.0011,5717.0,4.43377,1.01496005058289,1.02,139.616,
321688498,321.599582,68.640531,11.1079,3863.0,4.67991,0.56630402803421,0.559686,58.0924,
236934937,304.299053,65.871559,11.9959,3869.0,4.75875,0.475701004266739,0.473535,69.3787,
236934268,304.266636,65.153844,10.8746,5781.0,4.45679,1.0,1.037,204.888,
71347873,115.593377,70.404076,11.814,3668.0,4.73795,0.499375998973846,0.497439,62.7576,
284361752,288.108567,54.640427,9.78288,6424.0,4.33722,1.27807998657227,1.295,191.396,
48018596,281.576196,50.492466,9.00772,5660.0,4.10485,1.47,1.005,126.279,
165554103,266.931576,55.872814,10.4431,5373.01,4.49164,0.907169997692108,0.931,135.723,-0.211
233500935,250.739892,76.449587,11.6702,4836.0,4.53282,0.794435024261475,0.785,168.911,
229608594,274.512058,74.466535,11.1919,4239.0,4.61861,0.659937024116516,0.66,84.1738,
362220495,286.227961,79.755949,9.863,5780.0,4.56973,0.699972987174988,0.66347,,
280031353,297.416187,68.883354,11.8231,5607.0,4.63178,0.796891987323761,0.992,221.705,
283829553,228.568622,51.468846,8.36872,6187.0,4.09624,1.61,1.184,120.221,
144000801,336.279186,-52.536671,11.0075,5228.0,4.45189,0.928507,0.89,171.909,
197959526,348.296702,-53.832813,11.8199,6454.0,4.3,1.69458,1.26,643.988,
70420766,339.436261,-30.608282,10.2356,6223.0,4.33525,1.23310005664825,1.2,218.091,
232079930,29.608056,-66.339155,12.8483,5382.0,4.4,1.1659,0.99,568.299,0.33329
147284470,324.800775,-44.375271,13.3456,5535.6,4.4,1.10304999351501,1.01,694.32,
270219048,330.135944,-29.148589,12.2294,5465.0,4.4,1.2849999666214,0.99,470.156,
234489976,8.980505,-64.722442,12.2397,6373.5,4.2,1.33378005027771,1.27,613.155,
328012209,2.944822,-68.57012,10.0596,6276.1,4.25063,1.37617003917694,1.23,223.516,-0.24
38467100,61.524005,-60.467252,12.9565,5266.7,,1.18,,,
25139786,326.272747,-20.032514,12.0892,5289.4,4.5,0.885125,,264.874,
147425389,327.617657,-46.295257,12.526,5590.5,4.4,,,490.314,
325468685,354.816867,-78.746529,11.449,5816.0,4.3,,,330.949,
355446093,350.869745,-52.175942,11.7493,6093.1,4.1,1.55033,1.16,540.268,
302333151,320.524083,-27.554409,11.0675,5941.2,4.3,1.1648900508880615,1.22,290.436,
61980227,335.53692,-30.763927,12.0516,6764.0,4.3,1.25844,1.37,539.486,
274599700,255.328342,51.529396,11.8831,5635.75,4.12397,1.43565,1.0,448.143,0.164
88840705,262.589332,40.369465,8.6512,4968.0,4.438,0.844548,,45.0103,
349488688,253.784885,20.491524,8.40302,6329.0,4.24509,1.3961900472641,1.25,107.898,
207501148,247.657124,56.399869,9.85317,5879.0,4.28122,1.23623,1.065,167.542,
138126035,196.736409,16.54934,9.84325,5645.84,4.46148,0.97,1.002,120.535,-0.103
300812741,116.973103,-71.001967,10.0534,4465.0,4.6,0.697547018527985,0.7,59.861,
293527670,352.192845,-76.636896,10.3338,5522.0,3.99,1.64,0.97,238.68,
69819610,337.887071,-23.16505,9.14425,6413.0,4.2,1.5,1.29,165.158,
152800085,343.544632,-36.287777,9.5103,6580.0,4.16,1.62,1.37,223.852,
175456679,350.491313,-40.174352,9.456,,,,,154.124,
177308364,103.422149,-73.075713,9.4088,6115.0,4.5616,0.957772016525269,1.04,100.351,
394287035,31.690742,-81.247376,11.584,5302.3,4.4,0.93,0.94,231.782,
238920875,94.278691,-52.338502,11.7944,5424.0,3.35,1.33,0.89,333.701,-0.05
180991313,172.858645,-41.689518,11.8699,5960.4,4.27,1.26,1.09,416.784,0.0136379
168751223,62.671535,-32.99244,13.3666,3798.0,4.67,0.57,0.565187,163.356,
286000547,139.741548,-15.30808,12.2015,5596.2,4.43,1.0,0.99,360.478,0.128624
358579111,54.221383,-60.061476,12.3462,6115.0,3.97,1.83,1.15,817.874,
200743403,49.154193,-48.107918,12.1385,5556.0,3.97,1.7,0.98,593.163,
160003961,50.826623,-40.453518,12.1323,6004.9,4.39,1.12,1.11,439.747,-0.66
88902249,230.230416,-33.69246,10.1757,6458.0,4.03,1.83,1.31,297.716,
230001847,290.619895,60.853904,11.2347,4784.0,,3.22859001159668,,536.046,
24358417,81.344582,-34.668249,11.7024,5523.0,4.33,1.12,0.97,313.996,
279514271,105.762026,-55.368285,11.9507,5636.8,3.66,2.43730998039246,1.0,753.745,0.0573276
29959761,42.261441,-16.557655,11.8012,5027.0,4.64,0.73,0.836,178.999,
100267480,306.843521,-53.220653,12.722,3495.0,4.64,0.62,0.601869,121.433,
100589632,86.458859,-32.947641,11.1581,4794.0,4.47,0.84,0.77,139.546,
166834768,58.616173,-31.344895,12.2539,5927.0,4.28,1.25,1.08,511.208,
311179742,257.715033,-75.729992,12.2766,5929.0,3.86,2.03,1.08,802.875,
91555165,43.884794,-34.977975,10.3759,4621.0,4.54,0.758575022220612,0.73,81.6541,
317483660,88.092907,-13.372469,11.5584,6605.0,4.33,1.33,1.38,437.484,
301343785,52.487605,-0.904217,11.6751,6033.7,3.92,1.93,1.12,587.369,-0.692786
317019074,86.254678,-13.326617,11.6884,6595.0,4.3,1.38,1.38,487.854,
405452527,143.259339,-13.830634,11.8929,5782.0,4.04,1.61,1.04,528.869,
47601197,97.408122,-21.994385,10.6477,5484.0,4.35,1.08,0.96,185.506,
290036495,192.661632,-14.565099,12.1103,5728.0,4.24,1.27,1.02,457.57,
32925763,87.373285,-25.375613,11.0863,5695.0,4.41,1.04,1.014,231.907,
177079323,103.245394,-67.53926,11.895,6510.3,3.97,1.97616004943848,1.34,723.392,-0.586405
219766989,192.32172,-21.333033,11.9951,6095.0,4.13,1.53,1.14,569.651,
124515764,199.021029,-33.76396,11.7959,6296.0,4.39,1.17,1.23,418.251,
30947715,79.61789,-28.00593,11.7118,6150.0,4.33,1.22,1.17,415.04,
124206468,197.200536,-31.499464,11.4586,6493.0,4.17,1.58,1.33,503.535,
124095888,196.285834,-31.985378,11.5137,6423.0,4.36,1.24,1.29,395.046,
436102447,83.818664,6.587708,11.0331,6130.0,3.64,2.7,1.16,594.265,
31656385,46.659674,-66.007932,11.9961,5963.1,4.08,1.57,1.09,580.188,0.23
204671232,184.982551,-27.284837,11.9196,5395.0,4.36,1.06,0.937,314.877,
302924206,34.954262,-62.503817,12.3715,6104.5,4.19,1.41945004463196,1.15,634.033,-0.273778
445456888,112.875366,-52.985887,12.1046,6510.0,4.05,1.81,1.34,721.25,
39414571,89.130026,-5.01203,11.5521,5216.0,4.44,0.94,0.888,219.614,
344085117,108.017449,-50.247778,11.9732,5832.0,4.26,1.2511199712753296,1.05,415.137,
39218269,88.505022,-3.639907,11.8402,6049.7,3.87,2.05,1.126,439.569,-0.037
441159680,333.111347,-26.92637,12.3193,6046.0,4.42,1.08,1.12,467.516,
401125028,134.957623,-48.488493,11.6955,5177.0,4.48,0.8926849961280823,0.88,210.915,
220068921,83.913807,4.82797,12.1227,5713.3,4.24,1.27,1.02,418.29,0.504
347357977,132.898822,-16.386277,11.4878,5851.0,4.43,1.04,1.057,294.752,
432132155,137.31171,-19.778021,12.2036,5774.0,4.23,1.29,1.03,471.152,
189620016,144.040606,-24.751118,12.2186,6127.1,3.67,2.6058199405670166,1.16,1092.91,-0.284303
332558858,61.68622,-16.755755,12.5882,5517.0,4.26,1.2,0.97,508.686,
439366538,319.498241,-22.049823,11.2057,4929.5,0.1,0.8,0.773,134.655,
164150537,335.74211,30.573268,12.6389,5669.0,4.29,1.19,1.01,521.117,
326522874,344.743989,-23.148028,12.7119,5672.5,4.4,1.39540004730225,1.03,665.583,
146165619,341.871773,-15.572947,14.1858,4155.0,4.66247,0.6226660013198853,0.65,288.642,
231063955,31.617523,-56.19888,13.3921,4940.0,4.53,0.807969987392426,0.81,390.618,
201177276,358.092047,-53.043156,13.6521,3770.0,4.61871,0.638902008533478,0.61874,211.247,
176220787,0.325761,-8.926251,9.4834,6067.2,3.73,2.39014005661011,1.13,275.587,-0.37
39080923,13.643588,-67.915159,12.3643,5337.0,4.5,1.16636002063751,0.93,422.151,0.224288
2760219,356.375185,-16.114124,11.4408,5884.5,4.3,1.52373003959656,1.09,434.92,
20897611,1.484836,-20.653955,10.459,5503.0,4.4,1.06,1.0,174.593,
382602147,36.156146,-65.000196,13.3147,3678.2,,0.666652023792267,0.639465,191.51,
231850364,26.965078,-61.686758,13.5445,4367.6,,1.02417004108429,0.68,401.837,
32487566,4.603042,-15.267404,10.5853,6034.0,4.26998,1.28427,1.12,252.759,0.16
237885040,20.410382,-64.87571,11.8933,5859.8,4.4,1.1873699426651,1.05,396.308,-0.592726
382625239,118.388357,-63.769812,8.115,,,,,,
89544985,357.962301,-19.17848,13.3922,5335.0,4.5,0.91048401594162,0.94,526.591,
369965258,5.128602,-61.386174,11.3641,7022.0,4.2,1.9976099729538,1.4,659.201,
299897516,10.162056,-60.880424,12.937,5774.8,4.4,1.75826001167297,0.96,859.509,-0.715146
149349867,83.783703,-64.11662,10.3998,6187.3,3.87,1.76,1.21,325.608,-0.05
231071138,32.943352,-56.756226,12.0585,5603.0,4.35,1.1,0.99,372.18,
144297844,178.890769,-10.029102,11.9522,5356.0,4.59,0.81,0.93,236.363,
144124187,175.879369,-7.296091,11.7622,6394.0,4.43,1.13572001457214,1.28,413.22,
333734769,170.150082,-26.153136,11.4944,5735.0,3.96,1.76,1.02,469.613,
306337838,18.496744,-6.826842,12.0749,5527.0,4.37,1.06,0.97,330.684,
322807675,173.703285,-25.604717,11.6701,5099.0,4.55,0.82,0.856,195.153,0.285164
219701535,175.472837,-21.796763,11.738,6597.0,4.16,1.61,1.38,611.359,
260849386,118.937216,-54.266268,10.7961,6444.0,3.84,2.28,1.3,465.461,
11521555,146.44726,-25.457737,9.0982,6294.0,3.55,3.1,1.23,323.506,
1525480,156.527712,-17.262814,12.2668,5519.0,4.45,0.97,0.97,345.003,
293435336,26.632936,2.700389,9.02706,6278.2,3.97,1.8912099599838257,1.226,194.459,0.38476
142087638,98.442149,-74.190098,11.1464,6142.0,4.35874,1.18002998828888,1.16,295.737,
231297123,45.144066,-51.793599,12.5515,4001.0,4.47278,0.756551027297974,0.62,153.332,
212957629,8.806054,-3.372083,14.3109,3163.0,5.0701,0.196600005030632,0.165654,55.419,
153078576,49.746545,-46.458025,12.5264,3596.0,4.71597,0.524573028087616,0.52181,92.4366,
67630845,18.24241,-32.966016,11.9205,4935.0,4.59823,0.75,0.81,186.328,
321068176,44.338399,-41.191773,11.2711,5017.0,4.38114,0.972753,0.83,187.553,
248391319,19.626878,-0.056398,12.2478,4785.0,4.45252,0.86,0.772,232.822,
10837041,20.922457,-8.701794,10.4238,4099.0,4.52,0.727642,0.64,59.5362,
684936227,62.379568,-62.850656,11.9755,4131.3,,,,57.6851,
206498307,332.188392,-18.992719,11.3882,5184.9,3.9254,1.69269,0.88,340.766,-0.87
237320326,344.873588,-60.447819,12.003,5627.0,4.45645,0.97906,1.0,327.506,
161223358,340.976993,-53.428366,14.9333,3558.0,4.63662,0.617345988750458,0.602015,341.299,
237922465,57.338941,-60.787186,12.4333,5515.2,4.24,1.39,1.0,557.733,0.33
49617263,37.885227,-40.016204,10.2589,5485.4,3.9,1.83,0.96,257.337,-0.24
65347776,39.725259,-27.324227,10.9166,5095.0,4.56,0.8,0.855,135.101,
358248442,53.270375,-56.588436,10.4354,5924.0,4.14,1.35,1.1,245.495,
268532343,14.826814,-19.771164,10.8285,5707.0,3.76,2.2,1.02,435.174,
70524163,33.154021,-35.390918,10.6918,5618.0,3.93,1.79,0.99,327.927,
29919341,24.884512,-7.394729,9.4843,6159.7,,0.88,,100.804,-0.27
197807043,53.467245,-57.621295,9.5137,6057.0,4.41,1.1,1.13,133.354,
313891529,0.315071,-28.493223,10.2845,6173.5,3.76326,2.36235,1.18,410.945,-0.31
248387177,19.130697,-0.290103,11.2415,5216.0,4.6039,0.78,0.89,159.676,
97486178,43.811698,-20.78129,9.97008,5716.0,4.42,1.02,1.019,138.301,
142937186,52.291732,-31.362867,9.0138,4072.0,4.58,0.68,0.64,28.5147,
274193763,53.831468,3.028639,9.966,,,,,,
420051632,36.363902,1.057529,9.4752,5517.8,4.57,0.8428329825401306,0.97,87.0852,0.175
23170835,46.558777,-9.810051,10.3682,6409.0,4.14,1.59,1.29,297.858,
258804746,37.765299,8.381625,9.5209,4079.0,4.58,0.68,0.64,36.0559,
347553438,45.112779,0.380842,10.1849,6130.5,3.58,2.89,1.16,463.05,0.099
405763009,299.440244,56.971091,12.0349,3323.0,4.91599,0.308919,0.286819,32.6094,
155001079,345.155415,46.032536,9.06657,9431.0,3.64947,3.83824,2.397,594.987,
298164705,219.338411,56.666184,10.5142,5650.08,4.55536,0.874994,1.003,150.086,0.028
154568734,191.297899,72.123084,8.55595,6291.0,4.34633,1.2336,1.232,102.97,
251094370,37.938574,-5.514987,11.2571,5927.0,4.37728,1.11457,1.08,286.8,
686072378,68.226889,-32.88712,16.2463,5780.0,4.438,,,299.842,
274194927,54.028395,1.933815,11.2212,5283.0,4.438,0.946146,,246.165,
129839175,55.270024,-36.943731,11.0529,5256.8,4.27128,1.14951,0.9,212.588,-0.78
219175972,91.410152,-51.679614,12.8332,3478.0,4.76582,0.467689990997314,0.465235,84.5243,
168871868,65.100654,-31.081604,11.402,5762.0,4.44944,1.0,1.03,262.475,
318753380,40.179861,1.199676,8.2969,4214.44,4.52845,0.732115,0.66,23.9258,-0.01
29959760,42.263784,-16.55928,13.6732,3556.0,4.65625,0.594044,0.583202,190.748,-0.489923
439867639,43.316155,0.052337,13.1292,3333.0,4.95786,0.272233009338379,0.245288,48.582,
142868621,50.942745,-31.265187,10.208,5926.0,4.48242,0.987496018409729,1.08,159.87,
1167538,70.997586,-31.906637,10.0127,5825.0,4.43,1.04,1.049,148.987,
231721005,80.740227,-53.76459,10.0039,9671.0,4.33,1.78,2.47,490.818,
170729775,67.984371,-34.455533,9.8999,6054.0,4.43,1.08,1.13,156.786,
408114363,77.952525,6.795745,11.4894,5426.0,4.63305,0.776644,0.945,188.967,
4294779,81.312676,-0.770748,15.8552,3199.0,4.70217,0.540483,0.536614,361.474,
219208037,93.098193,-50.930948,11.1925,4456.2,,1.09813,0.69,148.462,
59128183,74.837485,12.936353,12.4223,3609.0,4.73522,0.502497971057892,0.500519,81.9043,
67782629,64.32265,-7.766009,10.7047,4431.2,4.45,0.82124,0.69,91.9976,-0.005
434260570,64.243824,14.771562,12.986,3553.0,4.74625,0.489915996789932,0.488002,143.9793,
311271011,80.57987,10.575049,9.588,4968.0,4.55877,0.788051,0.82,69.1329,
117799904,70.167322,-12.890726,10.8749,4045.0,4.63657,0.631569,0.63,61.425,
449197831,79.621529,1.253439,8.71008,6092.0,4.25,1.32975,1.143,112.958,
192790476,82.143332,-39.373046,9.3951,4195.0,4.59888,0.675092995166779,0.66,36.6113,
454224694,79.528174,2.563675,11.3357,5994.0,4.44879,1.03783,1.104,279.5,
411839167,78.91982,16.278699,10.8243,6513.0,4.08,1.73931002616882,1.338,372.632,
248434780,77.314465,-5.557409,11.7884,5365.0,4.41,1.82733,0.98,516.495,
452375478,88.090245,-48.09086,9.0318,6481.0,3.54495,3.2125198841095,1.32,332.825,
32949762,87.679561,-27.623322,12.3352,5160.0,4.49546,0.87,0.873,288.326,
146523262,76.737031,-18.904621,10.2994,6808.4,4.59,1.01507,1.466,219.093,0.29
293612446,76.867332,16.867695,12.0364,6475.0,4.0609,1.77,1.32,663.834,
71013298,65.717639,-12.677035,10.2712,4909.0,4.52554,0.808740973472595,0.8,94.7639,
31114545,80.896099,-24.121296,10.3598,6102.0,3.75,2.37,1.15,421.726,
117843067,70.308489,-15.672123,10.6749,6931.0,3.8,2.57,1.51,632.183,
298981199,70.428548,-0.600003,10.0632,4562.0,4.56,0.74,0.72,66.7536,
71088556,66.514805,-12.51168,10.4723,5908.4,3.55,2.88,1.07,499.452,-0.04
248650906,67.042733,-3.145653,8.94848,5824.0,4.0,1.69,1.049,148.667,
399868187,74.374979,10.416737,10.5347,6589.1,4.21,1.53,1.373,284.183,-0.097
449257028,79.844207,3.122675,7.82622,4971.0,,3.5,,132.686,
373453507,76.524234,10.594174,10.7302,5600.0,4.16,1.37,0.99,235.608,
43868600,78.108877,-7.257924,10.1263,4731.6,,5.67,,537.765,0.13
412054152,79.742457,15.203062,10.2422,7505.2,4.09,1.96,1.73,362.227,
262435954,73.554354,1.233623,10.6827,5748.0,4.34,1.1287,1.028,209.93,
167661160,79.709348,-36.037694,9.354,5363.1,4.08,1.20992994308472,0.93,104.896,-0.48
1449756,75.174905,-34.815988,10.8256,6421.0,3.98,1.92,1.29,470.356,
262258341,77.804406,2.427361,10.6675,5567.0,4.56,0.86,0.982,151.756,
117938087,71.518246,-15.343431,9.6254,4779.1,,0.61,,,
219151731,89.835166,-49.469569,10.1217,6137.7,4.19,1.51,1.27,259.299,
68035559,219.734215,37.02674,10.8945,5632.0,4.54,0.89,0.998,179.127,
328934463,205.204322,22.983969,10.9687,6016.4,4.01,1.72,1.11,397.953,0.097
369376388,59.85217,-36.476026,11.1869,4307.3,,0.77,0.66,96.5003,
394346745,42.888322,-81.006992,12.8466,5822.0,4.3,1.21,1.16,646.188,
139251123,347.136174,-45.026493,10.6292,5394.0,4.4,2.31961011886597,0.94,385.238,
279327604,332.553092,-45.049614,11.2451,5421.0,4.6,1.02349,0.91,215.394,-0.48
77437543,73.124509,-36.257098,11.2759,5459.0,4.27837,1.17142,0.95,267.648,
80567842,87.283391,9.627515,11.0233,8343.0,4.36705,1.55754,2.06,533.726,
282498590,90.099738,5.11447,11.6749,6519.0,4.22,1.49,1.34,421.423,
123664207,89.746248,-21.575094,11.433,4242.0,4.62878,0.652251,0.66,93.1416,
282576340,90.159529,0.131482,10.7202,5376.0,4.49858,0.9,0.932,152.866,
33091590,104.827007,-4.828274,12.2285,3356.0,4.8711,0.352909,0.337569,43.0789,
160328683,91.196155,-32.580197,14.1969,3273.0,4.66823,0.579963028430939,0.571424,196.683,
97568467,90.062588,11.884058,9.14112,6715.0,3.79727,2.49897003173828,1.428,285.289,
263179590,95.41622,11.251648,10.844,5938.0,4.25146,1.29068005084991,1.084,275.265,
67196573,89.456648,-11.418203,10.7996,5844.0,4.33,1.13,1.097,233.953,
206785987,96.69897,8.200979,11.619,7837.0,4.31121,1.58,1.86,702.71,
134471108,108.066593,-44.027544,11.6751,4066.0,4.60684,0.658726990222931,0.64,93.8832,
52689469,101.394805,-33.881692,13.6373,6534.0,4.09026,1.73408997058868,1.35,1477.98,
124778445,94.444759,-35.706364,13.9819,5457.0,4.44807,0.963518,0.95,743.972,
206906112,97.214862,11.53189,10.6358,8389.0,4.29787,1.69484996795654,2.08,508.561,
443127052,95.486535,-11.541394,10.7015,5879.0,4.09,1.55,1.065,282.783,
393298446,92.010974,-39.010809,9.9257,6456.0,,1.46,,236.243,
354519019,82.559826,-43.798459,9.4951,5824.0,4.53,0.923281013965607,1.05,103.454,
147430118,104.817965,-14.444511,10.3559,6796.0,,1.61,,306.597,
143282930,94.409738,-9.631072,10.7088,6694.0,4.02,1.92,1.42,446.952,
170103435,101.397361,-46.565471,10.0879,6317.0,4.35,1.23,1.24,204.166,
124702477,104.752514,-7.897455,10.9539,6811.0,4.02,1.96,1.467,523.867,
124491883,93.509715,-20.997714,9.22605,6393.0,4.08,1.72,1.281,199.337,
59842822,94.027709,-21.279477,10.0509,6039.0,4.03,1.7,1.122,258.693,
317134140,86.719534,-17.029089,10.667,5563.0,4.45,0.98,0.981,173.764,
123627908,89.293899,-18.672245,10.1083,6127.0,4.02,1.74,1.16,281.448,
295947393,109.0444,-17.453065,9.9552,9623.0,4.08,2.37,,545.079,
48178229,99.172585,-23.309761,10.0386,6863.0,3.93,2.19,1.49,403.768,
96925186,105.44485,-34.919687,10.2282,6016.0,4.49,0.99,1.11,160.825,
47720259,97.891717,-23.951598,10.2807,4742.0,4.57,0.75,0.76,81.856,
177414713,106.841463,-11.436773,9.859901,5298.0,4.62,0.77,0.91,87.4053,
72556406,93.529144,-8.062309,10.8218,5491.4,3.85,1.72,1.023,341.347,
148883384,107.118513,-12.147866,9.1239,5531.0,4.45,0.97,0.97,84.5017,
443213925,95.809871,-11.348617,10.1424,5809.0,4.36,1.12,1.044,166.257,
169249234,160.886843,-1.912698,12.1772,5758.3,4.3,1.19,1.03,438.842,0.13
149601126,86.850974,-60.521308,13.4006,4944.0,4.51,0.824284017086029,0.81,395.398,
380836882,270.134849,-65.613808,11.0586,5923.0,4.25,1.29,1.08,302.145,
126572546,136.653301,-50.48045,11.1673,6919.0,3.54,3.45,1.51,743.085,
83154030,188.834597,-18.029479,12.9363,5980.0,4.56,0.91,1.1,513.431,
269333648,118.994535,-52.354833,10.6693,5822.0,3.97,1.75,1.05,296.271,
52059926,16.772687,-68.368103,12.7296,4490.0,4.55,0.74,0.7,216.581,
262843259,52.531218,-60.875623,12.4329,5320.0,4.52,0.873131990432739,0.92,314.693,
20579360,201.167653,-19.89616,12.646,5560.0,4.54,0.88,0.98,363.49,
418012030,212.638797,26.42343,11.6417,6144.3,4.4,1.13,1.17,368.409,-0.325
219332978,338.644613,-57.570425,10.8209,6421.5,4.12,1.64,1.29,392.929,-0.14
204698337,185.529463,-24.943187,12.7024,5278.0,4.51,0.88,0.91,343.587,
20299658,90.963936,-39.546448,12.7022,5780.0,4.438,,,631.951,
399967279,54.388266,10.057746,12.0294,4696.7,4.54,1.01429998874664,0.74,184.986,0.244
443115574,95.226318,-7.29894,10.597,7340.8,4.09,3.5,1.93,906.746,
201508515,93.038442,-30.787931,11.5606,5799.4,4.11,1.38013,1.018,386.525,
354518617,82.558548,-42.697946,8.2731,4036.3,4.65,0.661076009273529,0.63,19.1419,
31054498,80.508824,-25.722355,9.9048,7839.6,4.13,3.52,1.89,737.809,
431971818,120.556913,-23.523374,14.9801,5780.0,4.438,,,4625.12,
270604417,136.596917,3.56767,10.8165,6349.8,4.11,1.86618995666504,1.219,426.798,-0.446295
341419787,120.153396,-54.509002,10.7607,5441.0,4.41,1.9885900020599363,1.12,377.872,
149845414,135.545803,-3.420819,8.90594,5846.29,4.26525,1.2532399892807,1.055,107.118,-0.272928
388089437,120.969221,11.135462,11.8215,6125.96,4.17403,1.46,1.16,515.356,-0.053
444013020,133.324298,8.523017,11.302,5785.79,4.39543,1.07008004188538,1.038,273.703,0.336
350293646,131.106996,1.859893,10.0471,5238.0,4.54438,0.84,0.894,100.588,0.1
80711765,121.98269,-44.666911,11.732,8303.0,4.438,,,970.123,
294500964,122.228117,12.207623,10.7757,5509.1,4.52,0.916742026805878,1.025,182.937,0.274
6276559,112.515604,-11.79048,11.7664,7980.0,4.37685,1.49,1.92,730.421,
31515092,115.918702,-10.257081,11.8762,4007.0,4.56359,0.684741020202637,0.626,102.256,
238542895,121.852319,-49.602939,11.8225,5757.5,4.29,1.0226399898529053,1.15,339.025,
144043410,126.755088,-20.680147,10.5484,6969.2,4.17,2.04438,1.5,483.922,
155491828,123.488475,-24.7173,11.1169,6337.5,,1.6,1.3,441.932,
468981993,128.702871,8.569483,10.7003,5886.2,4.25,1.33027994632721,1.129,277.281,0.29018
269400980,119.245948,-49.473563,11.2047,6683.6,,2.865319967269897,1.48,797.474,-0.101732
283307274,128.24579,-25.256245,11.6919,5834.0,4.25,1.3839499950408936,,400.905,
441453629,312.011689,-35.842605,13.1141,5709.9,4.53,0.91,1.02,502.887,-0.11322
441155146,332.759205,-27.295719,13.5328,5321.0,4.42,0.98,0.92,594.274,
422385684,318.600471,66.404803,12.1504,5905.0,4.05,1.62,1.07,581.074,
420177051,292.018975,77.378608,12.5945,6054.0,4.3,1.24,1.13,587.158,
387409975,310.743276,70.275792,13.3848,5487.0,4.41,1.02,0.96,501.58,
334482103,123.272901,9.447684,12.4683,5698.0,4.33,1.1429500579833984,1.01,486.785,0.497689
321086563,117.047514,2.123685,12.3642,5840.0,3.9,1.89732003211975,1.05,801.435,
284679064,195.312675,58.419067,13.0599,4927.6,4.52,0.8166130185127258,0.81,343.975,0.248634
258920431,288.465668,66.347938,11.7489,5609.0,3.96,1.71761000156403,0.99,504.775,
257067559,115.680423,1.361299,12.104,7250.0,4.26,1.57,1.63,751.206,
248655556,67.278845,-1.909532,11.1769,5496.1,4.04,1.54,0.96,317.912,-0.28
239816546,87.18804,32.084043,11.9775,5639.0,4.34,1.12141001224518,1.0,361.857,
239638934,333.592905,32.490119,10.5284,5633.0,,1.08,,184.514,
234489133,114.263688,6.716773,13.258,6303.0,4.21,1.45,1.24,1038.2,
160037058,336.709476,-39.789358,13.1657,5525.0,4.37,1.07,0.97,593.937,
159332859,232.809527,79.267227,12.881,6734.0,4.41,1.25,1.44,834.038,
142784687,153.799642,72.010236,13.152,6140.0,4.18,1.45617997646332,1.16,928.149,
115453244,83.653961,30.406374,12.2323,6166.4,4.34,1.21,1.175,430.46,0.102
112316665,112.022979,-34.343112,11.5955,7899.0,4.16,1.89,1.89,786.59,
104986789,68.052102,52.252655,10.5863,6427.8,4.35,1.26629996299744,1.297,285.53,-0.112
103751498,157.412341,70.527083,10.9101,5783.0,4.21,1.32,1.04,281.498,
102713734,62.199207,67.116526,10.8064,6590.0,4.05,1.83,1.373,379.253,
37862966,65.854872,-10.471779,12.9754,5450.0,4.35,1.08,0.95,515.179,
21279791,277.291791,48.059938,12.4848,5238.0,,0.93,,348.135,
7548817,272.267029,45.3369,12.0453,6050.0,4.14,1.49,1.13,566.189,
458641144,125.108796,7.588913,12.731,6502.7,4.25,1.43,1.33,840.101,0.0271573
62530991,132.541715,-2.979643,9.8961,5276.5,4.6,0.78,0.9,89.409,-0.0826829
458647887,125.421468,6.334945,10.505,5781.0,3.89,1.91,1.04,336.733,
68007716,115.93171,-1.073333,10.9657,5674.8,4.04,1.72,1.04,373.675,0.116
284418751,109.05005,-45.214851,10.6713,6495.7,4.26,1.75,1.47,413.058,
157698565,107.48815,-37.230948,10.7211,5581.0,4.16,1.07,1.08,200.273,
234832821,97.800408,3.470486,9.47351,6162.0,4.4,1.13,1.173,139.151,
229285649,98.024193,11.852283,10.7669,6287.0,4.23,1.41,1.23,316.228,
284122875,108.494567,1.964281,10.871,9290.0,4.08,,,592.714,
258983679,105.223561,8.095671,10.3513,6514.0,3.88,2.19,1.338,436.802,
229167359,91.216391,8.365173,10.2626,8528.0,,5.28,,1295.5,
151284882,91.399969,14.356915,10.7212,6033.7,4.47,1.02,1.12,212.383,-0.0391479
37089434,98.01194,-5.479794,10.9058,4811.0,4.45,0.87,0.779,127.734,
220139435,99.021022,8.430202,9.536,7080.0,3.67,3.05,1.57,457.178,
12036590,91.233761,-1.134248,10.9766,4405.0,4.41,0.86,0.689,107.256,
235333495,103.357151,7.266611,10.9402,6352.0,3.44,3.53,1.26,836.394,
234160911,101.408331,0.668553,10.276,4825.0,,3.5,,380.422,-0.111
456844391,113.407619,-21.468152,10.8943,7668.0,,1.93,,641.596,
191928543,136.507536,-39.548224,11.83,6770.0,4.11942,1.73783004283905,1.45,622.34,
176772671,142.566679,-18.843066,13.8995,3947.0,4.65587,0.5944910049438477,0.583571,,
189625051,144.287609,-29.800444,12.487,6606.0,3.93691,2.091789960861206,1.38,1080.15,
146776480,124.356588,-34.466852,10.4767,3821.0,4.74216,0.494574993848801,0.492668,36.2852,
355800238,132.301391,-60.334982,11.7785,6472.0,4.37386,1.24,1.32,442.105,
149539158,86.018583,-59.946092,9.1251,6422.3,4.10848,1.65991997718811,1.29,176.841,-0.46
269850928,69.427367,-80.507846,13.2247,5385.7,4.4,1.57270002365112,0.99,884.523,
308883808,152.492231,-12.178676,11.4514,5979.0,4.29665,1.23369002342224,1.099,347.307,
268914377,118.049909,-48.498597,15.8953,3148.0,4.75166,0.48374900221824646,0.481767,296.761,
234282389,335.268299,-64.71227,13.5294,5458.0,4.4,0.81,0.99,541.431,
149572298,86.441717,-61.660023,13.2303,6636.1,,1.12,,636.656,
52315301,22.910564,-67.609909,13.1488,6042.0,4.43,1.0687700510025,1.12,683.482,
263075864,17.195291,-78.17312,11.457,5860.3,4.3,,,315.469,
38965512,11.477733,-66.833497,13.2052,5690.0,4.38,1.07850003242493,1.01,639.15,
273850708,34.562228,-64.806837,13.426,5355.0,4.46,0.68,0.93,401.511,
260537454,96.953582,-58.051575,13.1982,4961.0,4.43,0.98,0.9,467.32,
231076038,67.774353,-68.033517,12.0635,7386.5,4.2,1.59,1.57,766.74,
31943299,54.408387,-70.330657,13.2834,4966.0,,0.79,0.83,377.66,
394346647,42.919909,-80.675467,12.9873,5896.0,4.27,1.26,1.07,662.246,
388202128,62.222329,-83.951914,13.4394,6190.0,4.34,1.22,1.19,867.586,
382259755,82.55168,-57.41168,13.5093,5991.0,4.43,1.06,1.1,782.496,
403288821,332.926877,-63.167437,12.4978,5073.0,3.5,2.84,,995.741,-0.41523
349410350,110.358754,-61.318059,13.4354,5141.0,4.6,0.78,0.87,390.263,
308396509,120.194098,-64.182197,13.2317,5876.0,,,,843.028,
300604770,113.559595,-67.748369,12.6082,4404.0,4.52,0.752031981945038,0.69,192.435,
262829328,349.381113,-54.270063,13.4702,5427.0,4.45,0.97,0.95,598.582,
260541432,97.08024,-56.965142,13.3024,5969.0,4.31,1.21,1.1,765.238,
259901731,41.51867,-68.957624,13.1508,5893.0,4.16,1.42198002338409,1.07,859.725,
391900348,115.68867,-68.864513,11.786,6125.1,4.0,1.88,,517.402,-0.289775
140067837,330.103141,-48.71064,12.4487,5752.2,4.4,1.07898998260498,1.02,454.87,
231703293,335.467524,-57.758448,12.4537,6164.0,4.4,1.13,1.17,540.632,
386131764,111.590401,-13.925637,11.6886,7811.0,4.25974,1.67013001441956,1.85,746.036,
318812447,41.036551,3.910232,10.9648,5349.16,4.438,0.95524001121521,,155.755,0.055
358557578,151.148732,-42.905058,11.2581,6502.0,3.65751,2.83273005485535,1.33,792.01,
119925436,162.41273,-50.599282,10.9786,7176.0,4.13,1.9022400379180908,,502.342,
349408306,110.426175,-64.014145,15.8445,5780.0,4.438,,,874.657,
458342769,159.842558,-55.491807,11.1671,5780.0,4.438,,,647.694,
98753307,187.357691,-10.985068,14.3693,5417.0,4.46174,0.943467020988464,0.94,858.145,
135036669,150.273202,-52.435796,15.709,2999.0,4.95462,0.274906992912292,0.24827,131.444,
162802770,171.130372,-42.732139,11.1897,6309.0,4.32298,1.27131998538971,1.24,344.045,
448589187,166.3188,-34.122745,12.3077,6229.0,4.34122,1.22,1.2,539.36,
152852327,182.166267,-8.747217,11.0295,4933.0,4.438,3.79,,609.818,
385332171,181.692982,-16.510294,10.9206,5383.0,4.438,0.983025014400482,,235.146,
372818426,67.136823,-56.515644,12.3956,5465.0,4.47,0.94,0.96,360.674,
349966879,114.43704,-63.551482,13.1875,5202.0,4.53,0.84,0.88,389.119,
234527228,16.317956,-65.048931,13.5231,5270.0,4.14,1.33221995830536,0.9,792.816,
231833236,24.174488,-64.876085,13.3316,5904.3,4.28,1.24129998683929,1.07,815.182,-0.403746
230980206,24.009341,-55.793785,12.4752,6408.0,4.38,1.22,1.29,626.504,
453100296,115.95416,-68.582565,13.4404,5913.0,4.2,1.37478995323181,1.08,870.557,
29830212,66.302329,-66.717121,13.3994,4884.0,4.5,0.83,0.8,396.637,
372852036,98.03586,-64.395761,13.3074,6240.8,,,,860.552,
149394317,84.275368,-64.464325,12.208,6317.3,4.31,,,488.621,
200805484,52.981538,-47.994691,13.0725,4396.0,4.52,0.76,0.69,248.964,
166851829,40.357932,-52.362841,13.2854,5601.0,4.39,1.05,0.99,617.763,
231065398,31.900021,-56.14061,13.5011,5091.5,4.48,0.85,0.89,488.29,
160004025,50.902882,-40.211208,13.4765,5416.0,4.33,1.09,0.94,674.476,
31634579,45.374736,-68.945247,13.4228,5528.3,4.38,1.02337002754211,1.03,666.807,
147456499,41.060793,-40.196949,12.7331,4926.0,4.43,0.91,0.81,328.18,
372817671,66.885596,-54.184998,12.1651,5011.2,4.49,2.15,,630.124,
144125079,59.909995,-46.988413,13.0533,5606.0,4.3,1.17,0.99,635.045,
423672208,21.498236,-14.818658,13.4675,5542.0,4.41,1.02,0.98,640.511,
423666115,9.289758,-13.941227,12.7147,6288.0,4.29,1.32,1.23,730.972,
277871306,156.922386,0.501027,10.1483,5863.0,4.43,1.04,1.06,156.291,
186936449,134.15896,-34.628475,10.3716,6112.0,4.27,1.3,1.15,222.0,
170889511,139.480865,-3.387525,6.9887,5212.0,4.3,1.11,0.89,32.6024,0.08
348684813,133.993484,-14.35529,9.6732,5133.0,,4.75,,454.873,
192076548,137.028642,-39.350904,10.1782,6859.0,4.16,1.68,1.49,314.451,
348835438,134.722645,-13.312579,9.9917,4859.0,,3.98,,393.443,
190721237,133.755005,-37.341245,9.5986,6332.0,,1.39270997047424,,171.703,
190081497,132.269994,-36.578257,10.3364,6187.0,4.26,1.34,1.18,233.793,
129372561,118.897492,-25.86546,10.6734,7830.0,4.07,2.07155990600586,1.86,625.01,
1018843,130.932185,-26.980824,8.8448,5601.4,4.24,1.24,0.99,98.3018,0.328235
434496663,173.024957,-20.632635,10.185,6433.0,3.91,2.1,1.3,370.146,
179033846,64.262587,-29.524909,11.7919,6712.0,4.28,1.37,1.35,523.999,
420016507,35.419766,0.513621,12.7082,6231.4,4.11,1.59,1.2,840.941,-0.093
398736713,35.242357,-10.385468,10.8489,5186.9,,1.53,,230.6234,
354517490,79.671516,-44.466494,13.4391,5614.0,4.49,0.94,0.99,602.385,
323295908,52.733981,-39.613572,12.4453,5805.0,4.52,0.93,1.04,403.17,
219366908,75.439417,-49.284463,12.653,5508.0,4.63,0.79,0.97,344.16,
209408136,45.019629,-32.74462,12.1692,6078.0,4.25,1.32,1.14,547.103,
200803270,52.705622,-49.715496,12.6795,5516.0,4.49,0.93,0.97,414.029,
200320748,76.314156,-42.128668,12.4435,6295.5,,2.21,,573.731,
161568891,74.431769,-47.021434,13.2964,4633.0,4.5,0.8,0.74,330.145,
161479081,73.369061,-45.034739,13.322,5593.0,4.39,1.05,0.99,645.065,
159989004,50.654419,-36.751886,12.9852,6257.0,4.25,1.37,1.22,861.62,
155993822,56.110097,-13.108709,12.4052,5650.0,4.03,1.6,1.0,634.2,
98728690,44.173861,-15.055586,11.3437,5530.0,4.08,1.48,0.97,350.687,
92363023,52.68049,-22.003846,12.6443,5001.0,4.46,0.89,0.83,315.805,
92359852,52.231039,-19.974666,10.732,,,,,,
71345362,45.115585,-21.26916,12.5728,5283.0,,0.95,,374.763,
38399060,54.095284,-9.374473,13.3717,5343.0,4.55,0.84,0.92,472.632,
30016082,42.96122,-15.632723,13.3201,5388.0,4.44,0.97,0.94,537.182,
146467673,76.083135,-20.725762,12.575,5095.6,,,,451.486,
140284353,85.314319,-34.832198,13.0494,5200.0,,1.7,,,
139445621,80.674425,-20.42779,12.4762,6191.0,4.41,1.12,1.19,537.943,
139445453,80.658108,-20.654114,13.1506,5683.0,4.03,1.61,1.01,911.81,
100683605,87.624787,-32.777806,13.3713,5219.5,,,,440.358,
77958378,79.489758,-33.399418,13.0583,4964.0,4.19,1.2,0.82,511.659,
56096837,70.127698,-9.890482,12.0698,5720.0,4.32,1.16,1.02,404.662,
44791617,61.836947,-27.26974,12.5257,5823.0,4.2,1.35,1.05,600.01,
43604949,75.475796,-7.660236,13.0115,6950.0,4.21,1.6,1.52,1115.16,
43475220,74.825739,-7.383684,13.3652,5435.0,4.45,0.96,0.95,558.907,
32677675,85.704592,-25.996545,12.7063,6552.0,4.39,1.23,1.36,718.493,
169448771,77.481063,-12.629684,12.6139,5740.0,3.91,1.85,1.03,759.341,
457202957,72.210785,2.475949,13.4046,5807.0,4.26,1.25,1.04,780.028,
455036659,68.974396,2.431273,12.1569,6202.0,4.03,1.75,1.19,651.897,
452810327,72.669098,5.387256,12.5398,6114.0,4.02,1.74,1.15,825.004,
452810326,72.668157,5.386163,13.0639,6124.0,4.16,1.48,1.16,892.418,
408231638,82.349235,-23.761849,13.3942,4701.0,4.72,0.63,0.751,278.402,
396896334,62.594692,3.762823,13.0719,5530.3,4.33,1.12,0.97,470.297,0.464
362026280,66.147282,2.575275,13.0933,5140.1,,,,598.388,
332660287,63.150132,-12.317659,12.483,4967.0,4.6,0.75,0.82,246.568,
332534326,61.401248,-14.926746,12.7979,5737.0,4.28,1.21,1.02,597.873,
311239796,75.945973,14.305611,13.0115,6323.0,3.95,1.95,1.25,981.407,
284859630,76.989171,5.969123,12.3425,5949.0,4.42,1.07,1.09,447.236,
269077474,75.410841,1.840649,12.8212,6341.0,4.04,1.78,1.26,1017.77,
248655096,67.288211,-3.189669,13.5252,4694.0,4.48,0.83,0.75,373.363,
176314383,71.554945,-0.804872,12.0676,5701.0,3.99,1.69,1.02,588.368,
169448297,77.277149,-12.635305,12.4742,5834.0,3.81,2.12,1.05,850.437,
167714124,80.421253,-38.656827,12.8482,5744.2,,0.97,,497.376,
153725446,66.413097,-43.72027,11.1522,5678.0,4.08,1.52,1.01,349.979,
152477897,62.724267,-43.247264,13.3164,5848.0,4.1,1.52,1.06,1001.29,
119290630,96.610774,-41.416669,13.1901,5142.0,4.54,0.83,0.87,396.678,
100780304,88.651171,-31.859618,12.058,5958.8,4.57,0.9,1.09,341.371,-0.12
100589633,86.453974,-32.947519,13.4034,6351.0,4.26,1.37,1.26,1065.58,
51830822,97.895728,-34.882869,13.0537,5632.0,3.67,2.43,1.0,1248.07,
42763678,96.814362,-3.235402,12.7993,5776.0,4.18,1.37,1.035,635.053,
39724477,90.095814,-3.757326,12.263,5240.2,4.64,0.75,0.895,245.949,0.186
37240067,98.267785,-3.167141,13.4848,5909.0,4.11,1.51,1.07,964.327,
34729329,96.069759,-17.053231,9.92029,5697.0,4.6,0.84,1.014,107.926,
34466256,82.46986,-9.158548,12.0195,6699.0,4.18,1.6,1.42,675.112,
34266522,94.847707,-12.762332,13.2843,6065.0,3.94,1.9,1.13,1080.65,
21505121,85.826619,-40.383532,12.6746,5785.0,4.26,1.25,1.04,590.401,
20069685,88.785064,-38.388989,12.95,4687.0,4.58,0.74,0.75,262.97,
91869778,88.841655,15.37845,10.9521,6539.0,3.99,1.94,1.35,493.21,
445946478,102.193683,12.282471,12.5745,6272.0,3.6,2.91,1.22,1368.69,
445145355,100.781108,-17.9585,13.5607,,,,,,
319473643,100.569452,-50.144165,11.9013,5102.2,4.68,0.7,0.86,188.151,0.106162
301281965,100.260562,2.349279,13.2633,5414.2,4.88,0.58,0.942,314.782,0.067
283303192,104.005957,-0.442588,11.7299,6636.0,4.29,1.4,1.394,518.63,
282102605,103.018282,-2.032864,13.5917,4882.0,,,,,
280212554,100.873785,-1.871278,13.3574,9742.0,4.01,2.59,2.49,2363.78,
279989567,100.564751,-4.949889,11.4746,4899.5,,,,,
237770757,104.377746,3.994035,11.9685,7122.0,,1.74,,744.184,
237736186,104.075097,3.83621,11.9063,9668.0,4.39,1.65,2.46,1006.85,
237632488,103.503578,4.293583,12.8494,6116.2,3.89,2.01,1.15,995.15,-0.446
237552878,103.054435,3.357831,12.8401,5688.0,4.36,1.1,1.01,539.161,
235448190,104.055648,6.731795,11.3789,7616.0,4.02,2.16,1.77,847.999,
235300016,103.285033,10.65591,11.8145,,,,,,
231157209,100.613362,6.816715,13.4603,5262.0,4.57,0.81,0.9,451.187,
170367033,103.204081,-44.550824,13.1606,5822.0,4.3,1.21,1.05,703.37,
168191686,101.578458,-3.72159,13.4585,6020.0,4.22,1.35,1.11,890.799,
148233571,101.346587,-41.249216,12.2082,5544.7,4.37,1.07,0.98,361.811,0.0216201
148004811,100.136001,-37.056243,13.2899,5709.0,4.28,1.21,1.02,703.295,
147437399,104.906202,-17.404791,12.2592,4801.0,,3.08,,768.897,
147125706,104.335512,-14.109962,12.6603,6704.0,4.3,1.4,1.42,792.979,
147034452,104.240485,-16.746469,13.1915,4693.0,4.5,0.81,0.749,314.062,
134315574,107.356081,-44.683482,13.205,6033.0,3.86,2.06,1.12,1269.03,
130611752,105.752117,-43.493068,12.8004,5643.0,4.1,1.48,1.0,684.386,
96736412,104.823819,-31.38747,13.2221,6356.0,4.35,1.24,1.26,848.053,
79431527,104.244375,-19.683669,12.4325,6294.0,4.42,1.13,1.23,522.789,
78441371,102.498007,-20.90678,11.996,,,,,580.471,
53122063,102.751656,-34.738847,12.6918,6494.0,4.06,1.78,1.33,901.072,
52976395,102.339612,-32.28248,12.1304,6865.0,4.24,1.53,1.49,710.345,
284288093,106.631185,-53.534681,11.7351,6792.7,4.24,1.4,,453.429,
48806546,100.642573,-20.24152,11.1649,5023.0,,5.19,,877.955,
443556801,99.364134,-15.481203,11.3676,4008.0,4.6,0.66,0.63,78.4525,
443534757,99.113031,-15.724613,13.4832,5381.0,,,,,
438057373,95.182655,14.783576,13.2389,4976.0,,1.7,,731.074,
437893926,94.017995,15.270666,12.4432,6733.4,3.98,2.02,1.44,985.074,-0.037
435934762,83.479821,10.276406,12.8662,6293.8,,,,1301.57,
420962989,82.08319,-19.621497,12.993,6232.0,3.62,2.81,1.2,1695.32,
388934707,83.99283,-7.688372,12.627,4926.5,,1.54,,547.79,
36574157,102.412686,-0.495979,12.9127,5112.0,4.56,0.81,0.859,334.97,
35636165,102.219197,-16.780503,13.3684,7911.0,4.19,1.83,1.89,1444.65,
35483319,101.968908,-17.724863,13.3742,4856.0,,1.14,,,
332860211,84.626068,-9.83753,12.3409,6288.0,4.42,1.14,1.23,386.737,
319735319,99.678448,2.43106,12.4889,6570.0,4.21,1.51,1.364,736.602,
317546777,88.244157,-16.286213,12.8475,7169.0,4.08,1.92,1.6,1353.97,
317417916,87.820416,-13.381044,12.9395,3868.0,4.57,0.7,0.662139,,
306903715,98.004524,16.585417,13.3612,5250.0,,,,851.138,
302976834,83.450594,16.810667,12.373,,,1.55,,517.422,
302766000,82.878464,15.771332,12.428,5784.0,4.38,1.09,1.037,392.4,
300204369,92.815098,-41.721945,13.099,5251.2,,,,,
281987399,88.908628,1.167967,13.3318,5605.0,3.88,1.89,0.99,716.889,
270677031,87.554742,-53.330742,13.425,5139.0,,2.5,,1272.53,
255756918,99.631107,-49.444946,13.4177,5647.0,4.5,0.93,1.0,587.395,
251209368,95.47532,-4.321544,13.0632,5906.0,4.14,1.45,1.07,766.071,
247518629,85.967216,16.360063,12.273,6901.0,4.04,1.93,1.5,832.581,
237406657,96.172915,-36.929228,12.7587,6425.0,3.94,2.02,1.3,1148.8,
237362186,95.110693,-38.17295,12.3337,5945.0,3.92,1.9,1.09,777.673,
235077268,86.473805,-46.94361,13.2886,5562.0,4.36,1.08,0.98,618.274,
232139628,90.627138,4.150327,13.0577,6151.0,3.97,1.85,1.17,809.18,
232052748,97.367971,-46.177185,13.4809,5325.0,4.51,0.88,0.92,517.465,
220076110,84.152719,0.896279,11.916,5449.5,4.13,1.38,0.95,350.343,-0.0650515
206897186,97.187829,7.699212,13.194,5798.0,4.35,1.13,1.04,642.911,
160347548,91.437408,-33.187516,12.8054,5931.0,4.06,1.61,1.08,836.501,
156887426,99.011337,-45.280583,13.1811,5873.0,4.4,1.07,1.06,651.979,
147804034,98.617856,-41.147731,12.18,5504.0,,1.17,,386.71,
140287227,85.500078,-31.873186,13.4242,5425.0,,1.71,,,
139444326,80.731186,-21.955687,11.526,5668.0,4.35,1.58,1.05,441.989,
124379043,93.11474,-23.492496,12.0753,6384.0,4.41,1.16,1.28,494.818,
44764338,146.418889,-38.887361,8.9118,5913.9,4.12,1.50620996952057,1.08,129.525,0.217016
5024743,142.107198,-38.947381,10.1015,8469.0,3.96,2.51,2.1,571.204,
193220940,157.921439,-24.224832,10.0524,6334.6,4.2,1.47,1.25,240.359,-0.32
11936042,146.114558,-35.104589,9.6854,5645.0,4.32,1.14,1.0,130.409,
192988021,155.316019,-25.109334,9.9139,4853.0,4.69,0.66,0.79,64.4886,
45655786,149.034708,-38.088834,10.9095,6225.0,,1.33770000934601,,308.013,
80682484,165.955117,-50.887152,9.0397,5910.0,4.42,1.05,1.07,99.5473,
78775584,143.466543,-42.714874,10.7217,8058.0,3.57,3.79,1.95,940.002,
105801221,156.685218,-38.042191,9.6913,6888.0,4.25,1.52,1.5,241.582,
133427311,120.850783,-38.715281,12.4783,9162.0,4.51,1.39742004871368,2.32,854.236,
268187322,116.249354,-48.750526,11.1664,6332.7,4.2,1.53076994419098,1.44,427.312,
306663205,107.708648,-12.833057,13.2181,6097.0,4.01,1.75,1.15,1028.76,
131581522,118.347733,-36.800418,13.2864,5657.0,4.37,1.08,1.0,494.985,
285526706,120.031887,-42.172067,12.1234,5900.0,4.48,0.98,1.07,331.16,
151483286,119.059818,-35.11671,11.3944,5758.5,4.27,1.14,1.36,312.674,
387275908,109.783871,12.776861,11.6805,5796.0,4.12,1.9670100212097168,1.17,655.523,-0.087
130948731,117.112936,-41.851643,13.2795,5448.0,4.7,0.72018301486969,0.95,374.417,
281489322,110.862995,-50.24341,12.9152,5606.0,3.81,2.04,0.99,907.894,
130349701,120.003728,-28.633446,12.8504,6086.0,4.04,1.69,1.14,898.797,
271035369,125.179823,-25.691466,12.1195,8083.5,,,,1106.49,
128135100,117.680162,-28.321662,13.0931,5827.0,4.23,1.3,1.05,732.634,
268496304,117.015231,-48.182978,13.0215,6041.0,4.22,1.36,1.12,747.884,
123462119,102.832655,-11.586243,12.8565,9168.0,,,,936.741,
440775339,108.721945,11.989395,11.1865,5857.2,3.94,1.49,1.103,382.261,
268042363,115.628942,-53.037166,12.9858,6888.0,4.37,1.33,1.5,844.26,
114103134,113.981399,-30.748672,11.6079,6755.0,4.0,1.99144995212555,1.44,721.776,
307456716,124.346776,-17.493754,11.8365,6053.1,4.17,1.68,,566.013,
259165246,113.519372,-15.933992,12.0778,9669.0,4.18,2.11,2.47,1402.73,
107340585,110.910659,-26.711311,12.9674,6685.0,4.4,1.25,1.42,838.737,
238335094,120.662363,-49.593238,13.0718,,,,,448.289,
156172268,124.385982,-28.046133,11.288,5928.2,4.56,1.15,1.156,317.232,
98286422,108.496989,-34.939529,13.1057,5306.0,4.51,0.88,0.91,404.202,
144628120,121.482329,-30.93849,11.4675,6434.3,4.46,1.19,1.322,388.876,
238020894,103.00138,-49.561684,13.5012,4841.5,,,,,
81231810,106.616499,-18.80809,12.9,5878.0,4.03,1.64,1.06,821.496,
182470056,123.753462,-36.248077,12.9604,6259.0,4.06,1.7,1.22,888.752,
178577607,108.649235,-6.835297,12.9159,5957.0,4.39,1.11,1.09,609.523,
79930628,120.820607,-42.411054,12.6313,9394.0,4.25,1.92,2.39,1246.64,
178162579,108.044207,-10.63934,12.0327,6019.0,4.29,1.26,1.114,460.995,
79030066,103.639572,-20.288853,13.4949,6436.0,4.34,1.27,1.3,960.345,
387342052,110.203228,13.01869,11.5829,6843.0,,1.82,1.54,705.803,0.025
177612321,106.179342,-0.02951,13.2863,6397.0,3.83,2.29,1.28,1558.37,
66151343,108.905266,-28.059293,13.3693,6718.0,4.34,1.34,1.43,1083.88,
175604949,116.689433,-39.131536,12.2224,5329.0,4.52,0.87,0.92,259.399,
285524410,119.999359,-42.928955,11.422,6758.0,4.19,,,573.391,
61687533,109.412182,-6.372974,13.2877,6370.0,4.26,1.39,1.27,982.982,
453105377,91.41105,-41.288263,10.7599,4608.0,4.35,0.88,0.72,106.964,
174206540,113.85425,-40.877509,13.0923,7141.0,4.2,1.66,1.59,926.193,
52869977,102.113987,-32.457696,13.3947,5635.0,3.81,2.07,1.0,1232.83,
173818213,112.919032,-38.310526,13.4546,6300.0,4.35,1.24,1.24,808.212,
50989813,109.100834,-4.730664,12.5461,9267.0,4.03,2.46,2.35,1961.51,
437156845,123.43693,-18.877652,12.7325,6066.0,4.34,1.18,1.13,626.536,
172630205,101.010233,-26.030612,12.6989,5220.0,,3.19,,1238.08,
419148828,120.614522,-35.485708,12.4644,8038.0,4.37,1.50847995281219,1.95,802.97,
47587394,100.66585,-26.084036,13.3606,5118.6,,,,,
157655504,107.27446,-39.164377,12.9395,6551.0,4.1,1.73,1.36,1047.94,
419029830,120.504844,-30.622233,13.4746,5722.4,,,,1267.82,
157572174,106.939794,-38.43372,13.0316,5940.0,4.13,1.48945999145508,1.08,819.583,
231937059,93.577763,-42.883675,13.0436,5958.0,4.3,1.22,1.09,707.53,
412257781,110.446018,-22.597941,12.7797,6550.0,4.21,1.5,1.35,890.314,
157011920,100.149235,-44.661655,12.818,5286.9,,,,748.5,
231337271,97.015646,-35.398536,12.685,6353.0,4.46,1.1,1.26,598.315,
409896170,126.898381,-14.125433,13.2495,5288.0,4.52,0.87,0.908,456.797,
156949982,104.345323,-40.578998,13.4861,5904.0,4.03,1.65,1.07,1086.1,
147857396,98.965621,-41.56033,12.9702,5817.0,4.25,1.27,1.05,680.951,
409264172,109.657119,-13.064781,12.9451,8531.0,,,,2887.19,
14709225,111.797558,14.957871,12.5266,5409.0,,2.0,,423.114,
155807906,123.825652,-29.23165,13.0777,6541.0,4.33,1.32,1.35,879.564,
151930063,119.619171,-35.664564,12.8919,11632.0,4.35,1.95,3.08,1142.16,
119448220,97.790166,-39.210426,12.6587,5000.0,,,,269.192,
123106490,113.755213,-43.876527,11.3002,6408.0,4.26,1.30783998966217,1.47,398.13,
385658469,110.778713,-11.990525,12.5365,8573.0,3.9,2.72,2.14,1833.11,
10827386,110.247353,-21.114638,11.7038,5137.0,4.45,0.92,0.866,225.744,
348477542,121.311321,-16.595309,13.0814,6237.0,4.33,1.24,1.21,805.159,
4999813,107.358337,-1.732243,12.6063,6163.0,4.56,0.94,1.174,474.693,
146836153,124.319317,-30.632887,13.3181,5744.0,,1.1,,602.935,
344140617,108.412415,-48.696216,13.2873,6605.0,4.07,1.79,1.38,1251.5,
320541238,109.29759,1.114636,13.2222,6032.0,4.05,1.65,1.12,1059.52,
142405475,103.039992,-12.68971,13.1101,6656.0,4.37,1.28,1.4,855.978,
319932686,109.559167,-32.95761,12.3661,6016.0,,,,696.926,
318413374,109.640338,-9.70194,13.4518,5896.0,3.97,1.77,1.07,1150.7,
140019355,115.517784,-18.889988,11.7507,9608.0,4.11,2.28,2.45,1301.56,
318796593,110.007657,-10.569841,11.7858,6141.0,4.33,1.22,1.164,413.673,
134183038,121.985508,-39.014522,13.3009,7185.0,4.52,1.14989995956421,1.61,781.709,
80713983,121.957411,-45.377044,11.1893,9307.0,,,,1658.85,
355796887,132.225584,-61.904997,12.973,5765.0,,,,937.591,
355655412,137.699604,-50.922,12.6223,6496.3,,1.39,,776.868,
342167886,122.890573,-57.315237,11.7498,6693.0,4.07,1.81,1.42,627.007,
340559155,116.213624,-59.551153,13.3763,5068.0,4.58,0.79,0.85,374.866,
340144218,113.57776,-56.581794,13.296,5467.0,4.45,0.96,0.96,518.198,
315120585,145.428958,-24.78535,13.0815,6004.0,4.47,1.02,1.11,617.411,
315117300,145.329475,-28.354658,13.3064,6749.0,4.17,1.63,1.44,1274.13,
310537530,128.916062,-62.114976,12.8047,5434.0,,3.36,,1362.17,
308987429,122.960237,-61.733279,13.3406,5777.0,4.47,0.98,1.04,583.358,
308612785,121.487048,-61.667199,13.4268,7186.0,4.18,1.71381998062134,1.61,1441.09,
307366709,125.68696,-67.723522,13.0077,5881.0,3.94,1.83,1.07,983.354,
298206077,142.73104,-51.141043,13.4609,4649.5,,,,1036.78,
295093397,140.609503,-52.043622,11.9357,8097.0,4.26,1.72,1.97,808.284,
290302097,136.335932,-62.966781,12.7858,5301.0,4.5,0.89,0.91,363.632,
268125229,116.065365,-51.874845,12.7318,5594.0,4.5,0.93,0.99,381.002,
267536225,114.184839,-53.204584,12.5519,5673.0,4.21,1.31,1.01,519.895,
260120451,130.961641,-45.972021,12.41,5163.2,,,,804.13,
192259856,137.390723,-37.796842,12.7318,6524.0,4.49,1.09,1.34,591.529,
192003741,136.755357,-36.560064,12.3447,6020.0,,,,931.375,
191671884,135.94385,-39.21708,12.6467,6788.0,4.55,1.06,1.46,554.906,
191496430,135.668568,-37.016822,11.3289,7776.7,,1.64,,,
141574742,129.629817,-42.141881,13.3395,4989.6,,,,842.929,
141141249,129.080557,-46.365534,13.381,4430.1,,0.77,,,
118406995,128.826991,-56.640286,11.3838,6614.0,4.05,1.83,1.38,557.087,
101588793,150.480802,-31.738573,13.3564,4269.0,4.48,0.78,0.67,265.527,
90127880,127.623784,-48.820612,13.21,7902.0,4.14,1.94295001029968,1.89,1245.8,
89617284,127.414073,-55.560709,12.5254,5003.8,,,,455.243,
76663549,140.683121,-45.092394,13.108,6706.0,4.63,0.96,1.42,588.385,
75744886,139.336601,-46.114722,13.0699,4976.0,,,,785.617,
74881311,138.138217,-46.400703,13.2889,6511.0,4.57,0.99,1.34,632.543,
74274839,137.261531,-44.69446,12.5917,5475.0,4.53,0.89,0.96,332.108,
48210046,148.043561,-34.637781,12.8212,6060.0,4.2,1.4,1.13,728.811,
45896295,131.498216,-57.970633,12.8854,6302.0,4.34,1.25,1.24,706.87,
45492609,148.530378,-36.533331,11.7768,5924.0,4.35,1.15,1.08,366.67,
45299834,130.312867,-59.003312,12.8521,6153.0,4.31,1.25,1.17,668.938,
45048546,129.565989,-54.087096,12.1466,6571.0,4.31,1.34714996814728,1.36,552.876,
44510874,145.470604,-41.4836,11.49,7164.0,4.28,1.51,1.6,504.705,
34499178,146.894352,-44.938923,13.1845,6632.0,4.01,1.92,1.39,1301.83,
33651215,145.556049,-43.004208,13.3754,7019.0,4.46,1.22,1.55,890.006,
33159936,144.684864,-43.027284,12.9639,6910.0,4.39,1.3,1.51,754.398,
31975443,137.057803,-43.58446,13.2135,5773.0,4.55,0.89,1.03,464.854,
30300445,133.916868,-43.399202,11.6526,7176.0,3.91,2.34,1.6,768.578,
29505837,133.202995,-43.353789,12.1511,6133.0,4.01,1.77,1.16,663.064,
29418536,133.035477,-46.012169,12.6396,7320.0,4.01,2.1,1.66,1052.16,
29336129,132.871698,-47.739206,12.5246,6361.0,4.09,1.67869997024536,1.27,762.471,
28945511,132.464537,-43.285817,12.8016,6220.0,4.56,0.95,1.2,466.664,
24837152,142.271234,-34.764775,13.4581,5751.6,4.28,1.22,1.03,733.784,0.125349
22020459,147.853628,-25.593913,12.5961,6561.0,4.12,1.67,1.36,923.797,
18794442,138.05522,-33.831997,13.4212,6074.0,4.11,1.56,1.14,954.421,
11417087,145.935851,-25.544412,11.4932,5516.0,4.49,0.92,0.969,234.45,
5485318,149.759485,-22.94676,12.6819,6567.0,4.26,1.44,1.36,841.049,
5224772,142.330001,-37.471567,13.487,5262.9,,,,1080.4,
4729001,141.424753,-41.762818,12.6858,5625.4,,0.98,,483.964,
3840990,139.819823,-39.68824,12.9356,6442.0,4.02,1.85,1.3,1025.86,
3233861,138.829697,-37.410488,13.2005,4728.0,4.34,0.98,0.76,383.85,
340700241,116.957847,-56.764275,13.3106,6307.0,4.21,1.44677996635437,1.24,927.97,
286152207,123.958625,-51.130941,12.9512,7438.0,4.03,2.09,1.7,1152.65,
302798365,135.596925,-70.947587,12.3977,4394.0,4.56,0.72,0.69,171.017,
374847873,151.064827,-63.377022,12.5964,5371.5,,,,440.02,
357896777,138.357768,-62.446432,13.175,,,1.18,,1335.32,
357299852,136.925615,-65.641899,13.2338,5945.0,4.42,1.06,1.09,645.262,
356206412,133.789047,-65.572667,12.5781,6368.0,4.16,1.55,1.27,773.248,
304025075,140.738354,-68.83153,13.417,,,,,,
302527524,134.192664,-68.510453,12.6359,3558.0,4.73,0.51,0.50723,88.6944,
469184909,148.534383,-57.048538,12.4794,,,,,1205.9,
464328419,155.841298,-55.678986,12.3743,12745.0,,,,1968.35,
464326872,155.862144,-55.935756,13.0882,7366.0,3.89,2.43,1.68,1516.96,
463508231,154.066894,-55.712617,12.445,5820.0,4.55,0.9,1.05,362.235,
463469906,153.779587,-54.937282,13.5248,6650.0,4.38,1.27101004123688,1.4,888.14,
463203560,153.250338,-58.763396,10.6758,6211.0,4.46,1.07,1.2,206.3,
462162963,150.368272,-59.851711,12.3935,14466.0,,,,1001.96,
462072242,150.439538,-54.113651,13.0013,6600.0,3.83,2.36,1.38,1421.21,
446684383,156.12964,-49.765876,12.2985,7388.0,4.34,1.44,1.68,763.001,
444394183,147.510243,-55.451603,12.131,4881.0,,2.79,,755.197,
441334829,145.150907,-55.815548,12.5449,7664.0,4.51,1.23,1.79,654.773,
439512298,143.626372,-56.592738,12.484,8408.0,4.57,1.24,2.08,644.948,
146841337,160.908055,-47.790465,12.5853,6548.0,4.06,1.79,1.35,920.771,
136504576,150.73136,-48.628391,12.4016,5698.0,3.67,2.44,1.01,852.718,
103245940,156.596157,-44.177389,13.0742,5824.0,4.53,0.92,1.05,512.984,
103183399,156.533167,-46.621981,13.397,5195.1,,,,825.971,
36452991,150.062625,-47.445244,11.9361,4581.0,4.51,0.78,0.72,163.996,
461136782,165.500672,-25.690599,11.406,,,,,390.3626,
453452264,169.648172,-11.977097,13.0634,5875.0,4.4,1.08,1.06,622.713,
448536355,166.000894,-30.171945,13.562,5301.0,4.24,1.2,0.91,724.88,
437259571,170.187631,-20.785861,13.113,,,,,508.705,
437253811,169.921678,-21.249763,13.0812,5270.0,,2.6,,1241.9,
423393242,157.270287,-20.929269,13.1221,5333.5,4.43,0.96,0.92,481.558,-0.0275274
413372087,160.936851,-21.540781,13.2277,5941.0,4.33,1.18,1.09,750.393,
361343239,143.926518,-60.357476,11.9383,5356.0,,1.22,,,
315096343,145.160952,-26.642033,11.6687,5667.3,4.35,1.88,1.02,547.599,
311252710,151.885665,-43.629408,13.5214,6364.0,,,,1322.42,
289931756,176.258442,-12.411672,13.4767,5736.0,4.38,1.09,1.02,729.185,
287145649,163.487394,-25.524599,12.7533,6055.0,4.46,1.03,1.13,527.789,
211446495,165.802238,-9.96347,13.4964,5268.0,4.92,0.55,0.9,314.561,
168449943,166.841016,-27.218365,13.5714,5231.0,4.47,0.91,0.89,530.686,
168405330,166.534888,-25.014827,11.9316,4935.8,4.59,0.75,0.811,187.506,0.0629342
168384845,166.479877,-27.768338,12.9575,6382.0,3.94,2.01,1.28,1262.02,
148497855,163.771561,-6.478452,12.0682,5940.7,4.13,1.49,1.09,563.149,0.146
141631253,129.802678,-44.370051,10.8521,7051.0,4.42,1.26839995384216,1.56,327.463,
105759569,156.387891,-37.407655,12.426,5564.2,,1.36,,441.41,0.208857
97825640,171.231675,-27.062362,12.7103,4262.0,4.49,0.77,0.666,195.795,
73433128,154.711314,-41.194007,12.023,6439.0,3.97,1.95,1.3,763.643,
49046332,164.359312,-34.690336,12.7171,4455.0,4.53,0.76,0.7,213.888,
49045066,164.316564,-32.322438,11.9728,5999.1,4.11,1.54,1.11,542.026,0.0400724
48768158,162.226841,-32.419951,13.5586,,,,,608.631,
36718161,150.756919,-43.799904,12.148,9045.0,,,,3222.05,
36381058,150.061473,-44.016324,12.796,6504.0,4.28,1.38,1.33,779.544,
35855047,149.079889,-46.62453,11.6828,5939.0,4.32,1.18,1.08,354.772,
35652085,148.72505,-43.688471,12.3898,6313.0,3.89,2.08984994888306,1.24,884.499,
34737413,147.174566,-46.080575,12.5382,6683.0,3.96,2.05,1.41,1019.27,
34505005,146.921503,-46.86526,12.9093,6749.0,4.53,1.08,1.44,645.965,
23435610,168.196196,-32.852693,12.7959,5836.5,4.51,0.94,1.05,468.285,-0.129111
468977648,143.945436,-52.371382,13.0698,6328.0,,2.08,,1142.68,
402053027,136.391768,-50.666102,13.2952,4978.0,,1.47,,,
400762242,134.578932,-50.238323,11.9236,7517.0,4.08,1.98,1.73,703.242,
400395395,134.002198,-50.328351,12.4564,6947.0,4.19,1.64,1.52,668.659,
386297468,139.190353,-59.528015,12.3487,6793.0,4.2,1.6,1.46,768.845,
386161311,139.204348,-54.047081,11.9644,6595.0,4.17,1.6,1.38,561.854,
384034837,135.63986,-56.012801,13.1623,5691.0,3.96,1.73,1.01,888.503,
383666033,135.035068,-56.069246,11.2123,6138.0,4.48,1.03,1.16,263.513,
357634632,137.948702,-60.624704,12.9119,9582.0,4.3,1.83,2.44,1705.62,
357202877,136.943889,-61.011529,11.9656,5816.0,4.25,1.27,1.05,421.094,
356461227,134.446403,-61.614319,13.2464,5952.0,,,,1011.72,
437560683,141.416611,-54.841235,13.7563,5804.0,,,,1423.27,
383949205,135.5761,-57.527088,12.7007,5847.0,3.57,2.8,1.06,1173.06,
383806208,135.238555,-56.556931,13.2576,6351.0,4.09,1.68,1.26,1023.59,
357801293,138.006878,-61.463614,13.2438,6375.0,4.04,1.79,1.27,1146.27,
356200601,133.394721,-62.783451,13.1847,6451.0,4.21,1.49,1.31,930.905,
122418622,133.702194,-55.479525,12.5422,6802.0,4.32,1.38,1.46,718.959,
45684223,131.14418,-59.19729,12.7818,5809.0,4.48,0.97,1.04,461.758,
45296362,130.09764,-58.977679,13.4834,5950.0,4.47,1.0,1.09,676.133,
45191604,130.155224,-57.223839,13.4366,7124.0,4.13,1.79,1.58,1498.36,
45054849,129.778031,-56.261649,13.5566,5869.8,,,,,
287721202,126.368785,-73.258972,11.7834,5354.0,4.35,1.07,0.93,282.631,
454248975,165.315823,-72.356704,11.4848,5512.0,3.97,1.69,0.97,389.916,
452576848,142.531213,-76.220601,13.5618,5996.0,4.35,1.16250002384186,1.11,777.224,
452464529,139.044906,-76.505813,13.4826,5823.0,4.15,1.42,1.05,888.822,
449491381,160.711159,-71.890559,12.8527,6002.0,4.38,1.13,1.11,585.662,
282091492,135.300422,-75.088116,12.2231,6072.0,4.04,1.67,1.13,652.69,
467955232,169.881185,-64.90164,13.1106,4817.8,,,,,
465540915,163.675474,-60.347787,10.8257,3600.5,,,,11925.2,
465275307,163.111582,-64.523443,12.804,5769.0,,,,1107.81,
460686828,158.389233,-61.716692,12.4404,5709.0,4.5,0.94,1.02,353.147,
401283491,188.120105,-50.314168,13.2727,5645.0,4.29,1.18,1.0,673.183,
398725538,161.953093,-68.150937,13.5836,5509.0,4.53,0.88,0.97,549.708,
391645374,161.80711,-60.750286,13.2714,5649.5,,,,730.429,
390444761,160.76911,-63.878462,13.156,,,,,606.208,
390157607,183.561597,-56.773252,13.4748,6721.0,4.55,1.05,1.43,786.783,
376209245,179.184668,-56.756623,13.146,7428.0,4.3,1.52,1.7,1110.66,
376036292,152.74539,-64.117254,13.5635,6185.0,4.11,1.58556997776031,1.18,1134.31,
373033374,153.120744,-67.255542,12.4816,5691.0,4.33,1.13,1.01,455.237,
372596795,151.501627,-66.898002,12.1787,6026.0,4.34,1.19,1.12,457.568,
371864043,149.324748,-68.779105,11.2553,6267.7,4.0,1.84,1.22,484.97,0.069803
361219651,143.920843,-64.876111,12.7296,6277.0,,,,1084.92,
360706000,142.584862,-65.217734,13.3257,6019.0,3.85,2.08,1.11,1213.32,
357538688,137.549077,-63.406609,11.5088,6364.0,3.75,2.48,1.27,737.306,
344568128,156.217054,-69.29013,11.8172,7763.0,4.21,1.77,1.83,835.785,
323966987,176.928172,-60.068872,13.1849,6320.0,4.27,1.35,1.25,803.709,
316652224,171.95644,-61.531221,13.1043,7798.0,4.31,1.57,1.85,1270.07,
304426002,177.796145,-65.316829,12.3662,,,,,4849.87,
303867090,140.219914,-69.791681,12.4092,5211.7,,,,459.056,
302003748,131.475658,-67.411708,12.7985,5568.0,4.05,1.55,0.98,690.712,
288224503,187.315131,-51.00392,12.077,6506.0,3.9,2.15,1.33,851.976,
287584141,184.612759,-56.002127,12.5285,7300.0,4.05,2.01,1.65,1049.05,
269859655,148.573222,-64.296904,12.4041,5247.0,4.39,1.01,0.9,337.627,
267712001,176.291571,-55.498787,12.8798,6412.2,,1.16,,718.133,
160522555,189.473702,-49.115185,12.3858,5958.0,4.51,0.96,1.09,405.819,
67798337,185.664501,-58.429108,13.2765,6905.0,4.12,1.77,1.5,1181.19,
67622702,182.263818,-55.394539,13.4444,6875.0,4.37,1.33,1.49,1034.65,
464711858,156.943489,-56.760433,12.5068,6155.0,3.98,1.82,1.17,810.583,
464067218,155.307542,-58.537011,11.2012,3301.0,,,,,
463681005,154.513775,-56.787877,13.5552,6091.0,4.05,1.66057002544403,1.14,1298.66,
463590116,154.328233,-58.277113,13.4909,6040.0,,,,2578.83,
463343283,153.673619,-55.379354,13.5173,6137.0,4.34,1.21214997768402,1.16,774.109,
463103749,153.114718,-58.081193,12.5954,,,,,1411.83,
463070290,152.992107,-59.753708,10.4321,3194.0,,,,5724.18,
462135459,150.38774,-59.339479,13.3906,9626.0,4.56,1.35,2.45,1000.8,
461968320,149.941406,-56.077873,11.5622,6454.0,4.45,1.13,1.31,337.489,
459157691,161.949345,-59.033182,11.686,9230.0,4.09,2.29,2.34,1269.3,
458995583,161.412843,-58.133377,12.7752,6809.2,,,,1180.26,
457268255,158.941809,-50.498637,11.4573,6610.0,4.44,1.18,1.38,367.188,
452049244,173.39914,-56.702405,13.3727,6520.0,3.8,2.41,1.34,1689.05,
452006073,173.279052,-56.503387,11.8706,6296.0,4.26,1.36,1.23,485.219,
451084885,170.55529,-55.528909,13.2671,6879.0,4.09,1.81,1.49,1213.37,
448744179,182.339327,-32.886681,13.0695,5417.4,4.37,1.05,0.94,511.362,0.497744
447976172,157.913593,-48.994078,13.325,,,,,481.009,
447891218,157.99031,-52.179142,12.9687,5982.0,4.01,1.72,1.1,871.063,
447593267,157.399234,-53.658868,11.8468,14677.0,,,,2138.77,
443341002,146.924252,-56.98976,12.3984,7689.0,4.06,2.07,1.8,901.32,
443042089,146.555933,-56.299385,12.7683,7433.0,4.14,1.84,1.7,921.264,
441444262,145.306301,-54.34913,13.6374,,,,,1508.11,
439926641,143.84521,-57.864852,13.2159,6993.0,4.16,1.7,1.54,1068.84,
432467894,146.539767,-49.577322,13.263,5438.0,,2.63,,1196.4,
428699140,195.908072,-19.218984,11.7662,4249.0,4.59,0.68,0.664,113.048,
405620289,191.111635,-14.258179,13.0723,5997.0,4.03,1.68,1.11,1007.21,
397423462,178.054473,-27.517679,13.2733,5495.2,4.41,1.01,0.96,555.622,0.284115
376740324,153.301542,-62.875354,12.1229,9046.0,,,,1938.67,
374158843,159.910145,-48.538112,11.4005,4530.0,4.56,0.73,0.71,116.69,
364427226,161.280595,-48.649273,12.3411,6920.0,,,,780.12,
362607799,145.38646,-50.939504,12.928,3946.9,,,,,
347715478,182.850444,-11.997569,12.4641,5229.0,,0.93,,314.298,
309913305,152.074959,-53.287048,13.0037,4580.9,,,,,
306255021,166.624264,-56.05583,11.9519,10146.0,4.36,1.77,2.6,1082.78,
274911536,149.573667,-58.926569,12.8017,6273.0,4.59,0.93,1.22,449.139,
272885406,161.701642,-49.048228,12.9661,7109.0,4.24,1.57,1.58,989.462,
272645619,161.433493,-52.538148,12.5612,5915.3,,1.16,,707.151,
270075071,149.062666,-60.00347,13.0517,6022.0,4.46,1.03,1.11,536.222,
229465678,197.187667,-28.234466,13.151,,,,,277.823,
163262555,173.074702,-47.496395,12.99,5000.0,,0.89,,347.415,
163260812,173.137772,-46.315267,11.315,6438.0,4.29,1.35251998901367,1.3,401.011,
163030461,172.108389,-45.016427,12.5869,5990.0,4.53,0.95,1.1,444.736,
162620529,170.330028,-44.30802,13.1472,6229.0,4.45,1.08,1.2,697.681,
157213708,175.816278,-30.073164,13.2285,5933.0,3.96,1.79,1.08,1121.79,
147092818,161.945206,-47.024943,12.7544,5569.2,,,,744.917,
133129971,149.409755,-51.335534,12.842,6513.0,4.32,1.32,1.34,730.225,
132963419,149.263633,-49.750476,12.6304,4445.0,,,,,
124454726,198.803835,-31.368751,11.6814,6068.0,4.41,1.1,1.13,354.09,
124453339,198.648685,-30.722726,11.8817,5506.2,,1.28,,288.3,0.260796
124174267,196.726352,-31.716391,12.477,5776.0,4.05,1.6,1.04,650.592,
124146529,196.472218,-31.791555,13.1948,5205.8,4.53,0.85,0.89,410.81,0.429424
120723776,164.06056,-52.482296,12.483,,,1.77,,,
104022675,195.986628,-32.436442,13.0326,5635.9,4.35,1.11,1.0,572.747,-0.304823
103832313,194.760859,-35.972917,14.6574,4539.0,4.27,1.02,0.71,726.621,
98662211,185.727447,-11.599585,12.5042,4911.0,4.19,1.19,0.8,384.707,
94346376,177.104652,-52.483406,13.2725,5980.5,,,,1394.86,
94011343,176.36839,-50.888443,11.6001,5478.0,4.27,1.18,0.96,304.599,
93093765,174.699184,-52.400336,12.5831,6455.0,4.51,1.06,1.31,550.038,
80778619,165.951263,-48.526307,12.4173,6316.0,4.14,1.57641994953156,1.24,713.76,
73082014,189.667798,-45.416556,13.4259,5552.0,4.19,1.32,0.98,787.785,
58461209,201.376867,-28.413642,11.4553,5406.0,3.91,1.78,0.94,423.105,
57793060,174.759354,-32.190584,13.0462,6407.0,4.2,1.49,1.29,971.254,
22384839,184.037125,-45.426342,13.0772,6276.0,,,,763.939,
14715294,174.752258,-29.842071,13.1194,6296.0,4.01,1.81,1.23,1180.61,-0.166968
61117473,226.954057,-28.156608,12.123,6504.0,4.34,1.2941800355911257,1.33,520.156,
60768923,211.217739,-29.947758,11.099,6368.0,4.08,1.7,1.27,450.78,
454918388,178.147139,-77.417249,12.6177,5567.0,4.23,1.25,0.98,486.768,
160023,223.71844,-29.152093,12.8296,5972.0,4.05,1.64,1.1,802.611,
454876465,177.840549,-76.87837,13.2585,5655.0,4.15,1.39,1.0,693.951,
17361,219.336233,-24.958522,11.342,5775.3,4.25,1.26,1.035,308.901,-0.21
453677947,157.261362,-75.214992,11.9346,6011.0,4.16,1.45,1.11,444.507,
4711,218.918812,-26.179337,10.9198,5949.1,4.12,1.51,1.088,321.683,-0.1
453396346,150.7847,-72.267792,13.5606,5117.0,,2.9223198890686,,1511.72,
2876,218.820321,-25.055977,13.1643,6148.0,4.33,1.23,1.17,764.831,
448923766,214.426637,-70.36436,13.1311,6107.0,4.29,1.27,1.15,715.396,
448775221,213.370342,-68.010933,11.938,6130.0,3.92,1.95,1.16,630.243,
448688668,212.675539,-66.457671,13.3397,6386.0,3.88,2.14,1.28,1245.7,
448098793,207.859228,-69.772563,11.0994,5632.0,4.41,1.03,1.0,221.673,
418471796,205.332577,-79.40995,12.7666,5914.0,4.33,1.17,1.08,572.389,
395514100,207.680537,-77.302536,11.528,,,,,,
270347814,215.522835,-30.512524,13.5117,4270.3,4.57,0.74,0.657,260.826,
48661942,229.740751,-28.410491,11.9118,5449.0,4.24,1.43,,488.081,
394900138,203.170833,-72.926273,13.0885,,,,,1010.18,
394443982,200.21869,-73.774851,12.4712,6695.0,4.32,1.37,1.42,678.463,
387791274,217.301861,-62.053831,13.229,,,,,1517.54,
384244834,216.568723,-63.050473,12.048,,,17.34,,,
361176558,192.621574,-75.651848,13.1885,6623.0,4.33,1.33,1.39,775.951,
360816296,190.950263,-76.69611,12.1258,4803.0,4.07,1.34,0.78,283.803,
360816293,190.946764,-76.696666,12.2077,5083.0,4.26,1.13,0.85,280.355,
359572563,183.820158,-75.568053,13.0237,5230.5,,,,828.066,
323980895,146.086848,-79.545167,11.681,5097.8,,1.36,,342.833,
296670796,223.977871,-61.063084,13.4841,4136.6,,,,,
195256633,222.683091,-57.761231,12.0697,7822.0,4.04,2.15,1.86,872.272,
36607746,225.524773,-55.288205,12.6499,7235.0,4.44,1.27,1.63,677.678,
467484304,168.613521,-61.55911,13.3551,7691.0,4.42,1.37,1.81,1195.67,
466318137,165.732079,-60.196871,11.2789,3294.0,,,,,
465176038,162.663087,-60.847019,12.802,6347.3,,1.73,,1020.98,
457272901,203.531487,-59.575607,11.6104,5110.0,4.44,0.93,0.86,201.727,
457110913,202.922779,-58.998117,13.2294,5132.0,4.34,1.04,0.87,445.1,
456962262,201.47318,-59.18126,13.6244,5068.9,,,,,
451254008,171.015386,-57.543638,12.534,6282.0,3.92,2.01,1.23,935.189,
449549170,200.464421,-62.542122,11.2925,5732.0,3.93,1.81,1.02,428.115,
440872576,224.565856,-27.68255,11.9333,6200.0,4.09,1.62,1.19,567.678,
438777551,201.760571,-53.448129,12.9306,7014.0,4.26,1.52,1.54,937.758,
433546897,190.402872,-65.797305,11.6387,6560.0,3.89,2.19704008102417,1.36,677.547,
425316308,191.088792,-55.013313,11.8232,6782.0,4.2,1.6,1.46,572.474,
419946164,202.818012,-48.69895,12.5348,6394.0,4.33,1.28,1.28,629.894,
419858461,191.643659,-59.564831,13.6313,6748.0,4.49,1.1250300407409668,1.44,844.49,
412371819,190.745817,-59.795682,12.9852,6263.0,,,,1011.69,
411796826,219.168773,-57.009862,12.5526,6918.0,4.28,1.47,1.51,688.505,
410554986,214.225596,-55.013245,11.7627,5340.0,4.14,1.36,0.92,326.088,
403911354,188.458725,-50.597457,12.6738,6232.0,4.25,1.37,1.2,684.827,
400712525,167.095117,-71.234231,12.4163,6898.3,,,,694.986,
399058051,162.996504,-69.590115,13.5735,5164.3,,,,811.401,
398502253,161.321203,-68.46059,13.5411,6212.0,3.95,1.91287004947662,1.2,1373.41,
398466662,179.944412,-59.17366,11.569,6057.7,,1.9,,590.194,
392112968,174.287225,-67.519336,13.2785,7108.0,4.26,1.55,1.58,1156.97,
391510223,161.524658,-61.869847,13.6512,7910.0,,,,,
389999924,160.108553,-62.685964,12.6453,6213.0,4.37,1.1804399490356443,1.2,546.557,
383410746,183.95117,-64.567485,12.6967,5254.0,4.49,0.89,0.9,335.166,
381996371,208.700857,-62.685154,12.0729,,,,,1937.21,
378227267,155.142566,-62.650952,12.0974,5904.0,,1.18,,360.136,
372960748,152.638846,-67.577925,12.7602,5809.0,4.07,1.56,1.04,716.553,
372596796,151.49954,-66.897501,12.298,5971.0,4.37,1.14,1.1,455.304,
372448111,151.311753,-65.941982,12.9615,5641.0,4.47,0.96,1.0,469.912,
370385007,225.991509,-51.182394,12.7414,6841.0,3.93,2.2,1.48,1085.05,
366248595,226.648869,-47.225034,12.2859,6071.0,4.04,1.68,1.13,649.368,
363661031,200.003563,-47.707563,11.162,6762.0,4.03,1.93,1.45,554.954,
363632843,147.899643,-62.786004,13.3586,7520.0,4.25,1.63647997379303,1.74,1403.69,
245027119,197.579939,-48.908885,11.1799,5438.8,4.3,4.54,1.09,1018.11,
363202582,147.149005,-64.564647,13.4016,6356.0,4.13,1.6,1.26,1072.85,
361998994,145.2336,-63.487213,13.6447,6320.0,4.26,1.37,1.25,1049.88,
344745774,156.680692,-66.504894,13.3066,7833.0,4.1,2.0,1.86,1679.95,
342375120,204.385594,-66.251049,12.1441,6426.0,3.78,2.42,1.3,864.432,
336613507,196.373989,-66.385163,12.882,7057.0,4.27,1.51,1.56,860.344,
334757798,213.964279,-60.836844,13.6132,5322.0,,,,1907.31,
333511802,213.320899,-60.330954,13.3682,4460.0,4.4,0.87,0.7,293.249,
332880327,216.271435,-53.504985,12.594,6842.0,3.71,2.82,1.48,1216.73,
331297805,212.596515,-60.138326,12.4383,5670.0,4.52,0.91,1.01,321.341,
331160996,212.282531,-62.268693,13.5902,5146.9,,,,1246.7,
121625070,225.760711,-37.303281,12.6029,5483.2,4.36,1.08,1.03,476.319,
330885564,213.95997,-50.538725,13.0904,5411.0,4.48,0.92,0.94,439.309,
330014070,213.082385,-53.704865,11.8912,5267.2,,,,,
329921262,192.328452,-68.75053,11.9963,4883.2,,,,,
329691586,212.54751,-51.453035,12.3574,5828.0,4.44,1.02,1.05,373.996,
329609449,212.569448,-50.104977,12.5757,6915.0,4.25,1.52,1.51,813.39,
326662822,188.601563,-69.758095,13.31,5172.7,,,,1656.76,
322862882,218.476437,-24.652822,13.364,4313.2,,0.59,,,
321802774,206.103286,-64.496601,12.6265,8213.0,4.16,1.94,2.01,1095.74,
320994166,175.204109,-65.026903,13.3096,,,,,14728.3,
319949055,174.389345,-65.307937,13.3011,7822.0,4.42,1.39,1.86,964.011,
319806044,174.495736,-61.471059,13.0789,4297.6,,,,6817.48,
318668441,173.340353,-63.341897,12.7521,6905.0,4.26,1.51,1.5,709.721,
323002911,125.684734,-79.967892,12.4531,6131.0,4.24,1.36,1.16,622.381,
316236118,171.894125,-65.144422,13.3216,4515.0,4.53,0.76,0.71,272.762,
314013231,184.044295,-66.055079,13.0427,3931.6,,,,1181.83,
312508092,210.678525,-52.863246,11.7696,5992.0,4.24,1.31,1.1,392.044,
307888842,180.050068,-61.656157,12.9273,,,,,868.982,
306547699,179.457833,-62.327546,13.1235,3922.8,,,,7186.76,
309436531,138.805858,-79.774383,12.3297,6189.4,4.32,1.25,1.19,522.663,-0.347252
305739565,206.026527,-32.522975,12.885,5765.0,3.92,1.85,1.03,942.122,
305492348,178.575415,-62.37515,12.8427,7108.0,4.11,1.83,1.58,1227.81,
304950588,178.357087,-61.097733,13.2566,3505.0,,,,3327.99,
303883880,177.688743,-62.75265,13.3733,,,,,2275.78,
303686889,139.599794,-66.646095,12.8239,6409.0,3.95,2.0,1.29,1100.93,
297668572,180.606425,-66.529163,13.2272,3905.6,,,,2825.07,
297457992,180.242096,-69.945817,13.0791,6084.0,4.15,1.48,1.14,833.486,
401952328,220.32663,-61.611797,10.7188,4474.0,,,,,
295233473,170.310352,-66.172341,13.4461,4668.0,4.22,1.11,0.74,419.587,
294385899,168.998194,-69.318291,12.6795,5317.7,,,,528.262,
294365631,168.864866,-66.837395,12.0317,6222.0,3.81,2.25,1.2,769.274,
290263093,173.708318,-64.73169,13.0502,8532.0,4.14,2.06,2.12,1295.58,
289445553,219.321096,-48.051596,12.1896,4994.0,4.43,0.91,0.83,254.27,
280857321,173.32243,-67.449283,11.627,7588.0,3.65,3.28,1.76,1206.09,
269439355,148.00043,-63.075191,11.3983,6096.0,3.5,3.13,1.14,825.812,
265633507,174.569775,-56.962612,12.8299,6959.0,3.98,2.09,1.52,1251.25,
260776145,189.182345,-52.057029,12.5913,5853.2,,1.17,,655.714,
243641947,207.473849,-46.066514,13.2486,3375.0,4.85,0.37,0.359832,72.811,
242460075,214.31811,-44.33969,12.9841,5955.0,4.24,1.31,1.09,717.079,
242389810,213.499311,-44.36654,13.086,6678.0,4.24,1.49,1.41,1016.11,
241752370,208.889334,-52.524511,13.534,5032.0,,,,,
241569046,206.981105,-49.721915,13.5286,5905.0,4.16,1.42673003673553,1.07,967.034,
241514551,206.327123,-50.480521,12.8713,5096.5,4.59,0.77,0.86,304.365,0.30655
241326434,204.13817,-51.044343,11.7754,5912.0,4.51,0.96,1.08,300.417,
209923610,211.181028,-55.447698,12.3666,6695.0,4.27,1.45,1.42,676.235,
209707800,210.884268,-55.44311,11.7219,6386.3,,1.42,,,
208091447,207.892594,-59.762737,12.3921,8608.0,3.94,2.6,2.15,1206.98,
203476998,217.801851,-23.054805,12.6561,6397.0,4.1,1.67,1.28,881.501,
179715231,213.538657,-37.558384,12.2936,5783.0,4.26,1.25,1.04,486.177,
167597352,216.219416,-38.014361,12.8813,6076.0,3.89,2.01,1.14,1100.56,
165667705,203.846742,-38.28398,12.6831,5544.0,4.19,1.32,0.98,576.031,
159262969,219.568388,-40.751081,13.3359,5570.7,4.26,1.21,0.98,691.946,0.0190117
125424836,210.096262,-22.34234,12.0858,5717.0,4.3,1.18,1.02,410.674,
121194926,224.78787,-40.870645,12.27,,,,,728.917,
112037211,209.185479,-35.288854,12.4299,5042.0,4.48,0.87,0.84,280.347,
112037203,209.183512,-35.292443,13.2041,4486.0,4.5,0.78,0.7,277.718,
107506563,212.731306,-31.240072,13.201,5286.9,,,,555.221,
83395136,214.96711,-28.921092,13.2494,4377.0,4.51,0.76,0.68,256.899,
322901324,124.321302,-78.014945,12.5755,5829.0,4.5,0.96,1.05,426.474,
76505260,228.684363,-31.902206,13.2608,6038.0,4.22,1.36,1.12,761.766,
369789627,157.014455,-85.529118,12.6593,4508.0,,,,,
68523365,202.792828,-58.289062,12.9104,5629.0,4.53,0.9,1.0,411.798,
370138999,48.785978,-75.72207,12.1225,6193.0,4.15,1.52,1.19,599.768,
358070912,47.728524,-73.531972,12.4923,5151.4,4.51,0.86,0.87,300.141,0.265233
280096473,46.360258,-74.472778,12.0461,5953.0,4.39,1.1076899766922,1.09,404.221,
469821652,300.625098,-74.344504,11.7593,5998.0,4.13,1.51,1.11,480.702,
468055102,286.481864,-35.815774,12.6347,6690.0,4.21,1.56,1.42,867.089,
466167563,299.089231,-60.177164,12.599,6125.1,,,,637.042,
451566438,270.950419,-86.309236,12.2613,5737.0,,1.12,,334.472,
410372968,290.91348,-70.609525,12.8058,5890.0,4.17,1.41,1.07,714.829,0.0116067
410358456,60.057545,-87.911943,11.9039,5293.0,4.38,1.02,0.91,272.053,
410314178,37.613585,-84.053383,12.839,5657.6,,0.53,,489.606,
407922734,290.676649,-76.322332,12.2017,4899.8,,,,,
406236094,292.968878,-52.645652,11.059,6014.9,,1.96,,365.226,0.15
388280249,126.256924,-85.1578,13.2598,5197.0,4.11,1.37,0.88,611.415,
372443687,318.360827,-66.481594,12.3525,5875.0,4.51,0.95,1.06,396.881,
360822008,304.233188,-55.874695,12.9127,5709.0,4.3,1.18,1.02,599.012,
325275736,318.356223,-73.064186,13.445,4511.0,4.51,0.78,0.71,311.738,
320327056,295.508668,-59.35635,12.6919,5021.0,4.52,0.83,0.83,297.407,
319568619,290.856966,-54.330649,12.7572,4887.0,4.57,0.77,0.8,273.098,
304130406,291.866861,-62.094877,13.5215,5729.0,4.19,1.35,1.02,904.752,
179987678,11.092003,-75.629805,12.6889,5430.0,4.4,1.3954199552536,0.99,614.459,0.00102958
290302491,328.277886,-77.198103,13.0099,5849.3,4.08,1.56,1.06,793.087,0.321233
254142310,286.528834,-38.990524,11.1165,6243.0,3.97,1.89,1.21,467.976,
219924802,298.522938,-53.381214,11.7212,6296.0,4.27,1.35,1.23,470.939,
201660996,288.951272,-56.354296,12.4005,5983.0,4.31,1.21,1.1,527.005,
166220082,295.191984,-49.420378,11.0125,6329.0,3.92,2.03,1.25,511.737,
114181798,295.315233,-35.246927,12.6771,5969.0,4.17,1.43,1.1,614.218,
113648563,293.856895,-38.43229,12.926,4950.0,4.49,0.85,0.82,312.259,
113117112,292.757611,-31.633962,13.0201,6567.0,4.21,1.52,1.36,988.609,
79920467,297.110316,-43.018001,13.2956,3913.0,4.59,0.67,0.641966,200.5,
31786438,289.343349,-33.054784,12.8999,5955.0,3.99,1.75,1.09,915.052,
31697707,289.140291,-34.781754,11.3612,5642.0,4.07,1.54,1.0,369.444,
464593883,286.967116,-63.991599,12.7602,5302.0,,0.95,,363.935,
464481762,284.211364,-61.717588,13.3827,5674.0,4.13,1.43535995483398,1.01,894.68,
464445045,282.51078,-62.094156,13.1675,6650.0,4.1,1.75,1.4,1270.93,
464280516,279.640407,-62.301798,11.481,5003.0,,1.39,,286.439,
456574511,282.011353,-57.545386,13.2972,6193.0,4.2,1.44,1.19,981.113,
456560485,281.55889,-57.694363,12.3726,5590.0,4.31,1.15,0.99,437.919,
451538240,264.825476,-87.299445,13.0197,6200.0,4.1,1.61,1.19,900.488,
407772585,274.804997,-71.793902,12.2415,6103.0,4.17,1.46,1.15,588.129,
390723664,281.311417,-47.086382,13.3888,5121.0,4.57,0.8,0.86,417.019,
384299730,246.034734,-82.550772,12.6579,5918.0,3.98,1.75,1.08,791.797,
384016413,240.470403,-78.602561,12.5815,5773.0,3.91,1.87,1.03,786.257,
383299778,185.130699,-84.916673,12.909,5590.0,4.08,1.5,0.99,705.625,
381982417,284.048901,-70.249425,10.5695,7400.0,3.92,2.37,1.69,615.178,
381789320,270.132239,-52.68301,12.0148,5986.0,4.17,1.42,1.1,502.336,
380775661,269.546056,-62.477432,12.9876,5297.4,4.52,0.86,0.91,394.443,0.33686
369861731,161.042028,-86.319954,12.3483,5617.0,4.31,1.15,0.99,403.582,
369861728,161.036801,-86.316421,13.1045,5636.0,4.32,1.14,1.0,560.726,
365554300,274.046382,-65.608083,13.3095,5813.0,,,,,
365021641,271.991949,-49.555097,11.8633,5306.0,4.35,1.06,0.91,288.963,
364072092,267.445726,-53.407556,13.0374,6362.0,4.22,1.45,1.27,890.249,
337274055,269.063581,-57.100597,13.1052,5552.0,4.42,1.01,0.98,521.922,
332314607,272.905634,-36.782023,12.5578,3930.3,,,,450.91,
327210623,270.656968,-37.440201,12.6827,3689.6,,,,8341.8,
315398848,279.610687,-40.802254,12.4749,5355.0,,1.37,,353.719,
312030014,264.934249,-73.37763,11.8748,6375.0,4.2,1.49,1.27,565.094,
311565540,260.706965,-73.434885,13.4449,5789.0,4.47,0.98,1.04,642.134,
311292015,258.402253,-74.303176,12.8739,6136.0,4.03,1.73,1.16,974.737,
310854881,255.271159,-75.430201,13.3675,5281.8,,,,586.486,
310267134,251.382358,-76.937828,13.5252,5259.0,4.41,0.98,0.9,557.804,
307320565,267.895964,-63.005947,12.4472,6693.0,4.04,1.89,1.42,956.388,-0.224834
306648160,265.760335,-65.008252,10.6651,5930.0,4.14,1.47,1.08,285.895,
306357884,265.087598,-63.251885,11.5624,6307.0,3.72,2.53,1.24,809.845,
305512837,262.640686,-64.723142,12.7316,4653.0,4.56,0.75,0.74,234.721,
304695574,278.474993,-70.946262,12.9566,5852.0,4.1,1.52,1.06,803.35,
303617735,272.205469,-59.891679,12.8376,5332.0,,,,522.799,
301455423,256.43032,-70.909631,13.1482,5897.0,4.33,1.18,1.07,685.8,
292477426,281.602174,-68.126095,12.4256,6151.0,3.92,1.96,1.17,891.92,
276647494,266.123677,-79.594616,12.1098,5767.0,4.23,1.28,1.03,426.298,
256158543,266.880985,-79.466679,11.6723,6411.0,4.29,1.34,1.29,441.315,
255768108,268.693269,-53.392923,12.4794,6260.0,4.02,1.78,1.22,834.968,
194795551,271.324167,-34.107171,11.3208,5544.0,4.47,0.96,0.98,217.193,
194179013,271.039719,-34.12037,12.7825,3540.7,,,,6634.95,
193782529,270.881486,-35.447285,13.334,3986.0,,,,,
160930264,276.041754,-51.036649,12.8757,6324.3,4.19,1.48,1.25,851.085,-0.172305
120033290,279.109348,-57.452396,12.5521,5568.0,3.89,1.86,0.98,744.585,
119950057,278.746802,-55.663421,12.388,,,,,535.977,
119089245,275.147902,-58.253155,13.3234,6070.0,4.35,1.18,1.13,781.789,
86419190,271.923408,-42.543178,12.5052,6208.0,4.42,1.11,1.19,533.245,
86021841,271.611136,-44.117222,12.2962,5766.6,,,,,
76761591,270.726679,-55.841807,10.9207,6701.0,,1.57,,402.859,
75919790,268.399733,-59.653938,12.7691,6040.0,4.45,1.04,1.12,543.009,
75076261,266.358966,-56.882951,11.8482,5748.0,4.38,1.09,1.03,340.802,
58046864,275.164944,-39.220957,13.4411,5805.0,4.1,1.51,1.04,991.209,
57093805,272.450977,-31.891545,10.9308,5488.0,4.2,1.29,0.962,248.097,
21997420,268.05232,-45.1783,13.207,7222.0,4.12,1.84,1.62,1356.21,
6404965,283.664945,-47.994244,11.9812,4323.0,4.58,0.7,0.68,132.574,
131581531,118.348267,-36.803031,12.0536,4999.4,,1.59,1.21,491.072,
131347421,117.924589,-37.171337,11.4872,7002.0,,0.83,,820.182,
50909831,108.967811,-4.24652,11.3546,6505.5,,1.81,1.392,574.167,
4959676,141.699699,-38.626819,10.6418,4793.8,4.42,0.9,0.77,112.087,-0.24
941340744,162.916411,-44.985551,10.9932,6777.0,4.29,1.57,1.45,388.82,
33840683,64.841462,-74.585973,10.2756,5598.0,3.85,1.96,0.99,281.692,
391903064,106.529815,-75.819559,8.7843,6365.0,4.54516,1.02,1.0,78.7577,
260367888,95.151882,-59.754672,10.9567,6307.9,4.07,1.69624996185303,1.24,415.22,0.10236
382045742,79.323673,-59.068391,10.8204,6257.0,4.42,1.13,1.22,261.681,
229138584,25.719671,-48.78843,12.1289,5466.0,3.94,1.46,0.97,495.996,0.23
412259468,110.390835,-21.93839,11.0285,8037.0,4.26402,1.70185,1.94,607.29,
146244533,133.542032,-48.072792,10.5387,8072.0,4.37,1.58,2.06,454.844,
360714300,142.919776,-63.367397,9.6216,5746.7,4.43,1.01,1.06,119.49,
342343963,123.676678,-55.642735,10.6857,6549.0,3.62,2.97,1.35,564.342,
440324561,144.456031,-59.115086,10.956,4688.0,4.33,0.99,0.75,136.169,
464300749,155.984143,-56.843117,10.3823,6509.8,3.99,1.8,1.38,366.987,
385858569,138.759017,-54.314261,10.2509,8582.0,4.09,,,2157.7,
280655495,144.537771,-49.335223,10.8137,5805.0,4.13,1.44840002059937,1.04,277.899,
34297761,146.497112,-46.267641,10.8467,5970.0,4.24,1.31798005104065,1.1,273.225,
220547837,155.332076,-50.081462,10.7038,6144.0,,1.3,,238.294,
131730580,147.793034,-49.410563,10.6973,,,,,5366.25,
131419624,118.086505,-37.720846,12.8281,6702.0,4.07,1.82,1.42,886.655,
190981760,134.39908,-36.850749,12.7345,5453.0,,,,815.313,
131250246,117.781828,-41.578402,12.0148,6589.0,4.24,1.47,1.37,549.076,
186470510,132.699163,-35.006901,11.5432,7462.0,,1.85807001590729,,627.758,
131036011,117.531459,-38.714129,13.1038,,,,,1521.09,
186459119,132.627958,-31.982173,12.889,5826.0,4.16,1.41,1.05,677.509,
131025778,117.265588,-36.677812,13.0959,7517.0,4.21,1.71,1.73,1040.31,
185482513,130.052164,-31.994286,12.6206,6117.0,4.1,1.59,1.15,735.596,
130797885,117.091727,-38.018985,13.4213,7311.0,4.27,1.55,1.65,1055.67,
184670625,127.670065,-40.280004,12.5004,5860.0,3.88,1.95,1.06,810.822,
133655284,121.289884,-41.187617,12.0588,5320.0,4.21,2.69264006614685,1.67,915.563,
130191319,119.75408,-25.648554,12.1038,6056.0,4.38,1.14,1.128,446.453,
176148945,121.585737,-22.094073,11.756,8516.0,,2.19,,1062.66,
129881395,119.489473,-28.122701,13.4704,5982.0,4.17,1.42,1.1,1001.57,
13737885,133.755772,-9.1652,11.5546,6289.3,4.25,2.16,1.25,713.283,
175317833,152.043987,-1.217947,12.8451,6300.4,4.26,1.37284994125366,1.24,810.86,-0.11
118603213,130.223468,-19.851233,12.2146,7257.0,3.75,2.82,1.63,1520.39,
175079720,115.874489,-38.90883,12.4698,5786.0,4.56,0.89,1.04,343.21,
174426662,114.317625,-36.27316,12.4768,6446.0,4.45,1.13,1.31,511.818,
118072143,128.779989,-18.244506,13.2877,5908.7,,,,617.178,
173860688,113.103262,-38.574805,10.9017,4969.9,,4.52,,601.211,-0.410221
419419534,121.093981,-34.262222,10.9144,5750.5,3.81,2.35,1.2,527.277,
96055535,146.64134,-8.604797,13.2958,4977.7,,1.49,,,-0.134133
173824688,113.153512,-41.725403,13.5064,6785.0,4.05,1.88091003894806,1.46,1249.01,
80174172,121.429562,-42.702359,13.494,,,,,,
173260345,111.598673,-40.765592,13.6224,6210.0,4.41,1.13,1.19,783.101,
59536337,109.132322,-44.168203,12.1348,6715.0,4.28,1.43,1.43,646.997,
170405772,103.644859,-45.064275,12.683,5769.7,,,,440.82,
56630436,127.140149,-34.630225,12.5443,6819.0,4.11,1.7676899433136,1.47,928.163,
154616309,122.217093,-28.937824,13.3153,3811.0,4.63,0.63,0.610723,180.84,
46999289,143.540873,-7.433444,12.1945,4655.8,4.67,0.661527991294861,0.741,168.34,-0.0272426
153197346,120.464794,-24.782618,13.509,8779.8,,,,2056.31,
437215469,123.624724,-19.590655,12.6659,6464.0,4.14,1.61,1.31,913.915,
26051436,150.923685,-10.575236,13.3298,5642.0,4.38,1.06,1.0,647.95,
152685831,120.185666,-33.729847,12.6532,,,,,5066.53,
133107143,120.538954,-41.205439,12.0894,6764.0,4.19,1.60321998596191,,678.701,
18795429,138.098314,-33.256815,12.7435,6255.0,4.52,1.01,1.22,513.6,
152326573,119.870056,-30.006131,13.0178,7231.0,4.24,1.6,1.62,1203.27,
410159011,133.44721,-18.003195,12.8054,6437.0,4.1,1.69,1.3,889.866,
152005053,119.508998,-33.996094,13.0549,5596.0,,1.82,,714.755,
7904580,133.207393,-1.606521,13.3008,5713.1,4.37,1.09,1.02,665.382,-0.141
405485201,143.731993,-12.25044,11.7483,6070.0,4.42,1.09,1.13,364.285,
238012337,102.595945,-48.534456,11.581,,,,,,
150424946,117.401918,-34.451103,13.1428,,,,,1531.6,
396794358,147.482896,-14.733219,12.6977,5636.0,4.24,1.26,1.0,565.295,
149745822,116.538349,-33.48309,12.5881,8238.0,4.41,1.47,2.02,726.071,
131348451,117.917125,-36.81567,11.9685,5033.0,,1.81,1.22,537.355,
386456916,128.20788,-13.064342,12.2665,5942.0,3.66,2.56,1.09,1053.27,
145910571,123.261857,-31.320175,12.6255,8360.0,4.33,1.62,2.07,1184.46,
332710679,150.389098,-16.126786,13.4736,5454.0,4.52,0.89,0.95,548.679,
437144507,123.274547,-23.053372,11.8994,5308.5,,,,,
145904365,123.149611,-32.776684,12.935,5305.8,,,,,
293978434,122.430787,-22.868692,12.6746,6263.0,4.03,1.77,1.22,950.218,
145023816,122.092607,-30.09545,13.35,7132.0,3.98,2.14,1.59,1787.36,
286099128,140.84562,2.932484,12.239,5817.7,4.43,1.02895998954773,1.05,397.313,0.119
144970275,122.010942,-31.189361,12.6067,9598.5,,,,4030.62,
283702603,128.800451,-27.407594,12.5772,6623.0,4.09,1.76,1.39,994.33,
144682439,121.663414,-31.944461,13.0391,6034.0,4.13,1.51,1.12,923.779,
277833423,156.229013,0.435829,12.7761,5806.0,4.16,1.4,1.04,687.367,
144467913,121.316468,-31.849047,12.7363,5812.0,3.98,1.73,1.05,868.194,
271486001,125.654901,-29.187989,12.1927,,,,,,
134551640,108.858976,-42.44809,12.4493,6445.0,4.1,1.69,1.31,816.907,
118329434,129.445897,-19.63472,11.8807,6565.0,4.18,2.25,1.31,872.374,
270649648,136.852675,4.289924,13.1291,6438.0,4.08,1.73,1.3,1198.58,-0.179
133849258,121.479826,-41.46259,13.7942,3999.0,,,,,
270471065,135.455975,0.969613,12.7445,4348.2,4.48,0.78,0.68,210.527,0.282478
270457662,135.313863,0.841828,12.2609,5927.9,4.12,1.5,1.08,607.396,-0.063074
238162973,106.432017,-49.520598,13.3872,4427.0,4.52,0.75,0.69,282.594,
132320310,119.365428,-38.970243,10.9602,4957.2,3.34,3.29,1.04,566.014,
132313173,119.412446,-41.241508,13.0707,6199.0,4.63,0.874140024185181,1.19,461.605,
455272393,146.331746,3.094481,11.9581,5993.3,3.9,2.01,1.16,735.129,-0.149
394338713,151.584825,-79.37679,13.4001,5320.0,4.29,1.13,0.92,591.628,
208030798,244.330203,-54.13911,12.052,3917.3,,,,7170.63,
393196631,162.624868,-79.727859,13.2137,5763.8,4.31,1.18,1.03,652.833,0.264208
207981861,244.066558,-55.099987,12.6816,4973.0,,,,611.019,
392995938,218.278396,-60.093362,11.672,6808.0,3.51,3.52,1.47,1025.24,
161299119,241.287509,-46.565649,11.9642,6531.0,4.23,1.48,1.35,481.703,
364431259,244.138351,-41.073966,12.8311,4790.0,4.14,1.24,0.77,353.696,
149022647,231.184164,-45.380004,13.0573,5378.5,,,,740.15,
363749415,250.344907,-68.553225,12.2152,5994.0,4.12,1.51,1.1,595.56,
143934343,232.040061,-52.029676,13.2582,4907.3,,,,768.479,
363083571,248.021696,-68.24033,12.5451,6341.2,4.08,1.69,1.26,841.734,-0.152334
126125073,228.035132,-53.313368,10.376,5095.6,,,,,
361710792,243.802887,-68.876216,12.5517,5522.0,4.42,1.0,0.97,404.622,
360475034,188.770456,-73.129664,13.1151,5604.0,3.73,2.24,0.99,1024.38,
360473750,188.912112,-72.681973,12.6558,6126.0,3.81,2.21,1.16,966.604,
359426909,183.60042,-72.347311,12.9585,6011.0,4.26,1.3,1.11,633.798,
358938714,180.322203,-76.399578,13.3477,5269.0,4.25,1.18,0.9,532.33,
357661805,188.666196,-79.358969,12.0537,5022.0,4.43,0.92,0.83,222.115,
357312511,183.208269,-79.757204,11.6146,6067.8,4.23,1.35,1.13,370.666,0.124094
340228388,201.340644,-71.012028,12.6553,5056.0,4.48,0.87,0.84,302.055,
335860261,214.500086,-62.35522,12.2014,5030.7,,,,595.948,
39858507,255.920846,-30.770097,8.82719,5978.9,3.89,2.22,1.375,205.426,
334080358,192.997679,-71.601209,12.9682,6175.0,4.29,1.28,1.18,695.231,
324116813,148.249271,-78.459771,12.8749,5474.0,4.4,1.03,0.96,422.208,
292889298,221.842017,-60.544822,13.5313,,,,,,
290504044,234.483036,-44.789977,12.0719,6353.0,4.13,1.59,1.26,597.774,
454361389,168.152378,-74.610576,12.7896,5601.0,,,,876.04,
284254253,233.280288,-57.63528,12.8482,5626.0,4.15,1.39,1.0,527.819,
453289469,148.193703,-76.165857,12.8492,5473.0,3.8,2.04,0.96,715.534,
282091493,135.291964,-75.088195,13.5709,4809.0,4.51,0.82,0.78,388.495,
447192619,250.478927,-62.143614,12.5805,6823.0,4.16,1.67,1.47,885.345,
277538491,163.858368,-73.337551,13.3259,5823.0,4.2,1.35,1.05,782.847,
407166076,236.55223,-78.325666,12.8852,5666.0,4.5,0.94,1.01,454.021,
275562670,240.53688,-52.034811,13.5159,5985.0,4.72,0.76,1.1,409.504,
406861922,226.825037,-79.364112,13.0656,6599.0,4.19,1.56,1.38,1014.58,
274367763,233.503348,-47.96366,11.9672,6048.0,4.29,1.26,1.13,420.123,
403507814,230.90908,-76.895744,12.2587,7560.0,4.26,1.63,1.75,904.833,
272983172,237.008308,-50.692487,12.6718,7627.0,4.51,1.23,1.78,644.3,
402391147,247.673739,-65.228893,13.4138,6165.0,4.22,1.39,1.17,982.497,
255909950,258.660861,-67.302622,12.3282,6078.0,4.13,1.53,1.14,657.544,
402219289,220.123399,-76.170905,13.4326,5636.0,4.1,1.47,1.0,880.221,
254909777,237.663693,-43.121384,12.4119,5830.0,,,,805.466,
396316939,212.3461,-73.535099,12.8719,5055.0,,,,438.015,
254629854,236.542661,-43.368223,10.7989,6495.0,3.89,2.18,1.33,492.34,
395926728,210.024916,-77.911571,12.8749,5881.0,3.95,1.81,1.07,884.446,
221882319,249.488321,-58.780443,11.5616,6195.0,4.0,1.81,1.19,534.304,
394672497,201.749736,-73.594247,9.6181,4554.0,4.52,0.77,0.72,56.8792,
221861843,249.443203,-59.305108,11.4867,4841.0,4.52,0.81,0.79,154.715,
301160638,255.113012,-67.781031,10.1862,5992.0,4.34939,1.08,1.09,173.108,
394570569,201.174749,-72.676459,11.7789,5727.0,4.5,0.95,1.02,278.915,
221785300,248.914759,-54.855257,11.7185,5266.0,4.21,1.23,0.9,297.152,
394492339,155.199044,-78.832021,12.5911,5198.2,4.63,0.75,0.88,271.578,0.0178318
208719443,245.267413,-59.510555,11.8844,5961.0,,1.21,,377.32,
81077799,166.636671,-53.73198,8.4504,6332.0,3.7075,2.5926198959350586,1.25,201.957,
203377303,205.799033,-22.585444,8.7028,5860.0,4.29672,1.21150994300842,1.06,96.7224,
165827520,204.391966,-37.183458,12.295,3230.0,4.91717,0.307821005582809,0.285561,33.7173,
272167060,187.429331,-58.24013,8.734,6529.0,3.99995,1.92409002780914,1.35,172.372,
448358913,158.743551,-52.777606,10.3363,,,2.02,2.86,656.87,
21113347,186.787304,-48.978411,11.4007,5780.0,4.438,1.0,,403.591,
310294189,185.1383,-62.401609,12.0475,4562.0,4.54562,0.75,0.72,165.222,
446370039,155.79732,-52.750212,11.5226,5695.0,3.45316,3.12330007553101,1.01,748.181,
443666343,186.816884,-29.832996,10.8298,5406.0,4.32992,1.09809005260468,0.94,195.884,
98957720,181.000805,-28.325347,10.7413,5782.5,3.92,1.0,1.099,206.21,-0.06
452281203,174.043143,-56.624175,11.4712,7853.0,4.33241,1.54437005519867,1.87,627.463,
459850897,163.714472,-58.569285,10.2726,8405.0,4.25145,1.7878899574279783,2.08,456.891,
117689799,300.735006,24.435135,11.6006,5863.0,4.42,1.04534995555878,1.06,299.999,
390988385,297.043476,18.698914,10.9372,6220.0,,1.34,,373.477,
102159710,299.224223,31.42271,12.8624,5554.0,4.28,1.18465995788574,0.978,528.922,
86451883,298.561279,32.425717,13.3911,4896.0,4.52,0.81,0.801,378.906,
278968371,290.079022,21.371475,12.4162,6053.0,4.08,1.61,1.13,535.034,
244912396,302.196738,25.453674,13.0815,4916.0,,,,1017.59,
57753734,296.354017,30.779967,12.7595,5752.0,4.37,1.1,1.029,518.905,
416368336,287.275134,28.362632,13.4539,4670.0,4.32,0.99,0.74,427.611,
40779013,293.480154,34.573742,11.8744,6845.2,,,,611.126,
244487927,301.224694,25.009637,12.5001,7717.5,,2.14,,,0.154
1870990135,295.556776,32.614099,12.8953,5623.0,4.54,0.95,1.0,413.169,
198725468,284.513463,28.93787,12.1831,5814.1,,1.3,,508.733,0.267
30254887,288.973752,30.609158,11.2292,5823.0,4.06,1.58,1.05,378.28,
123007594,278.705159,44.758806,13.4486,5727.0,4.3,1.18,1.02,775.36,
1712954983,288.773993,30.785472,13.3015,5436.0,,1.17,,7470.05,
417129824,308.077998,21.34507,12.0676,5870.0,4.01,1.69,1.06,618.938,
120101789,284.083969,38.584869,13.3539,5984.0,4.15,1.46,1.1,966.909,
429036977,316.939742,31.780951,12.561,5757.3,,,,761.867,
106224627,301.079595,34.398801,12.9096,5285.0,4.48,0.9,0.907,383.487,
417047499,304.283458,42.906534,12.1042,6562.0,4.18,1.58,1.36,645.294,
106224626,301.078777,34.398008,13.4979,4874.0,4.53,0.8,0.795,380.532,
373576942,320.427977,37.822833,12.8424,6245.0,4.12,1.59,1.21,891.899,
89876424,301.520846,34.315352,13.3403,6125.0,3.87,2.06,1.16,1277.4,
355748785,300.263522,40.577175,12.5298,5889.0,3.71,2.40126991271973,1.07,974.576,
67247610,311.862231,37.117833,13.134,3633.7,,,,,
326203952,328.059766,27.60727,12.8771,5770.0,,1.2,,603.925,
64214215,309.083635,38.916455,11.4204,12679.0,,,,897.453,
316038054,321.377492,55.722936,10.711,6674.0,4.19,1.5884200334549,1.41,360.072,
42484503,302.324919,39.120541,12.5112,4908.5,,,,,
313408643,308.562722,35.395056,11.9114,5276.4,,,,,
27916356,296.837248,48.239969,12.6877,5613.0,4.2,1.31473994255066,0.99,587.039,0.27
304514922,315.638041,41.923195,13.4268,,,,,748.729,
27844066,296.414319,51.161973,12.5299,6292.8,,,,777.748,
294599100,302.284347,49.154874,12.6275,5848.0,4.41,1.07,1.056,449.327,
27459498,295.328172,48.162655,13.0197,6353.0,4.14,1.58,1.26,999.475,
294594423,302.078689,48.198605,13.1383,6255.0,4.44,1.11,1.22,649.212,
17865622,328.911371,28.1795,10.9541,6011.2,,1.13476002216339,,,0.201
291147951,310.121327,25.336895,13.3888,5854.0,4.36,1.13,1.057,721.677,
16187321,307.376941,36.970694,11.7211,6702.0,4.29,1.42,1.42,503.905,
275887811,305.141062,42.89367,11.9344,7849.0,,1.99,,755.648,
15460993,323.205605,26.846137,12.5531,5276.4,,,,496.773,
274641986,301.314408,37.349804,11.5954,6578.0,4.14,1.64156997203827,1.37,567.193,
13424053,305.517342,41.255055,12.1833,6111.0,4.29,1.27,1.15,500.216,
274075364,304.765094,39.595575,13.3673,5145.0,4.12,1.34,0.87,644.514,
271167979,294.557985,47.783127,13.0744,4769.0,4.59,0.73,0.77,287.244,
269269740,299.872379,45.499591,12.5769,6527.4,4.18,1.57,1.34,769.611,0.097
248058363,325.383163,29.91356,10.813,7786.1,4.08,2.06,1.84,632.507,-0.107
247283596,314.510904,25.540404,11.6084,6417.0,3.85,2.24,1.29,680.464,
247283054,314.545327,25.898469,12.2196,6123.0,3.74,2.42,1.16,885.672,
239628993,325.603811,29.869375,11.0414,6497.2,,1.46335995197296,,398.925,-0.051
239585909,321.482979,34.424583,13.3219,5359.2,,,,,
233415701,302.24715,56.508168,13.2883,5947.6,,0.73,,798.449,
230840853,312.536937,29.983516,12.7054,6374.0,4.19,1.5,1.27,795.26,
271042173,294.487932,46.002151,11.857,5877.0,,3.57,,447.387,-0.382371
195750008,314.577184,36.440693,13.2016,5866.0,4.21,1.34,1.06,772.831,
184468386,296.381383,39.959925,11.5948,9339.0,4.41,1.59679996967316,2.37,813.322,
184295571,296.063483,40.30857,10.7978,6381.0,4.32,1.29,1.275,297.852,
172754786,299.809982,38.393653,12.8903,7795.0,4.39,1.44,1.85,1067.6,
193708920,306.256232,46.923098,11.9635,5791.1,4.69,0.81,1.177,289.309,
169461816,297.45374,41.011019,10.931,6779.2,4.25,1.49114000797272,1.454,399.398,0.0814669
193482096,305.940369,46.103142,12.2617,6454.0,4.26,1.55157995223999,1.6,737.575,
1965256662,308.561885,35.395204,11.9683,6017.0,4.29,1.25,1.113,440.708,
169187982,297.295912,38.857228,13.33,6479.0,4.4,1.2,1.32,845.721,
452658846,318.104487,29.844788,12.8649,5675.0,4.38,1.07,1.01,516.364,
160390955,322.602368,34.739581,12.0729,4864.0,4.55,0.785799026489258,0.792,197.906,
436314778,307.013306,26.401654,11.0161,6157.0,,1.3,,284.927,
136122328,305.46164,34.126027,13.1749,10984.0,4.64,1.35,2.86,991.273,
2010186093,328.455439,47.392259,11.5752,7457.0,4.14,1.68,1.71,654.254,
1976308113,314.895323,52.396406,13.0852,,,,,425.989,
407905370,336.998619,38.28595,11.438,5994.3,4.13,1.49,1.1,412.387,0.306
407694390,326.599217,41.681578,13.2036,4675.9,,,,302.734,
407658979,326.473232,36.247629,12.1357,5739.0,4.33,1.15,1.03,399.524,
405897415,300.917036,52.080676,12.9084,5543.7,4.27,1.2,0.98,582.817,0.004
396133015,327.095917,48.334399,11.3209,5938.0,4.06,1.6,1.084,420.999,
358186451,317.124796,49.112843,10.9683,7176.0,4.16,1.73,1.604,460.849,
316606244,322.029218,56.823139,10.9511,3245.0,,,,4982.73,
305478010,330.271302,38.530284,13.2966,3858.0,4.69,0.56,0.5503,153.214,
295413003,303.369006,53.276849,12.9875,4903.0,,,,,
290308758,307.292565,50.076925,12.7937,5847.0,4.16,1.42,1.055,624.477,
289895191,315.8822,48.687895,12.066,3882.0,,,,,
289100911,314.895418,52.396108,12.4109,,,,,359.363,
287591638,326.807138,34.646627,11.2287,4652.0,4.48,0.82,0.74,130.802,
286080865,310.219074,50.922722,12.3944,4971.0,4.61,0.74,0.821,232.183,
267373896,316.834683,49.431813,11.5199,7486.0,,1.87,,497.23,
265242905,308.308351,50.926837,12.3142,6688.0,3.91,2.2,1.42,1023.15,
260761464,326.392082,39.495055,11.528,7658.5,4.28,1.61,1.79,574.124,0.176
236638487,329.279291,31.452973,12.3705,6592.0,4.04,1.86,1.37,911.211,
190479710,325.190963,43.529775,12.8224,5859.7,4.03,1.65,1.06,597.467,0.13
162387333,332.122967,33.349296,12.231,,,2.11,,465.275,
162289289,331.506364,34.211658,11.488,5342.0,4.41,0.992137014865875,0.923,226.63,
162179096,331.162387,32.537015,13.2319,5505.0,4.3,1.15,0.97,631.413,
440113053,4.859275,44.027596,12.8416,5090.0,4.54,0.820537984371185,0.85,329.036,
352690548,356.128305,36.361717,12.8277,5989.7,4.47,1.01,1.1,527.73,-0.131
267650535,9.516583,34.711402,11.9475,5007.0,4.56,0.795696020126343,0.831,202.078,0.32
352469839,306.049504,59.27843,12.9723,6282.0,4.17,1.5,1.23,792.835,
194461202,4.094988,38.298531,13.2597,5396.4,4.5,0.9,0.94,481.258,0.280127
343726435,316.383909,56.504367,12.9025,6616.0,4.05,1.83,1.38,607.523,
191202679,8.701208,45.387414,12.4226,6284.0,4.2,1.45,1.23,694.069,
331146317,325.972143,54.574269,11.7506,6566.0,4.36,1.2737900018692,1.36,432.426,
13961554,13.719844,24.724075,13.2666,5303.0,4.49,0.9,0.91,470.579,
330135981,333.501055,56.918981,11.7344,4893.1,,,,,
329373799,332.715604,54.481231,11.789,6321.0,4.15,1.56,1.25,526.417,
315907220,321.24506,57.666632,12.6864,3979.0,,,,,
277505161,310.704952,58.514945,13.1142,,,,,,
267867517,312.456261,56.896568,13.1802,7047.0,3.89,2.34,1.56,1162.86,
267861788,312.382517,59.710013,12.796,5519.0,4.29,1.17,0.97,474.723,
267484653,298.705925,58.301643,12.3512,5540.0,3.95,1.72092998027802,0.97,640.122,
252549844,344.964568,50.681902,12.9106,6153.0,4.08,1.64,1.17,885.434,
233948455,305.221945,59.448903,12.883,5115.0,4.45,0.91,0.86,360.313,0.23
233795794,303.361066,58.799138,13.1431,5766.0,4.49,0.96,1.033,544.531,
233831759,303.777678,59.676573,11.171,,,,,,
173711153,349.417344,44.648308,12.7295,5684.0,3.99,1.69,1.01,722.103,
173298412,346.752412,47.044576,12.0526,7316.0,3.73,2.9,1.66,1284.85,
173176491,346.125597,45.324754,12.6627,6065.0,4.06,1.64,1.13,749.393,
65981892,340.514856,52.343679,12.7362,6083.0,4.34,1.2,1.14,588.794,
64938667,338.755425,54.07911,13.1611,6133.0,4.04,1.70764994621277,1.16,924.04,
620780629,20.799194,33.24341,12.8069,5639.0,4.02,1.62,1.0,763.466,
435861696,11.88786,21.938552,12.0,5400.1,,0.86,,,0.099
432761635,14.164419,39.891611,13.2595,5688.6,4.22,1.3,1.01,773.542,0.225101
422881018,16.179358,40.614962,13.1948,5867.3,4.31,1.19,1.06,736.788,0.327
414922696,15.193796,15.166164,11.8728,6065.0,4.15,1.49,1.13,484.093,
1980725947,303.777268,59.67691,12.373,6122.0,4.27,1.30269002914429,1.16,556.008,
398912927,18.55398,19.470441,10.8154,5856.2,4.07,1.57,1.06,318.244,-0.094
1979500576,314.040517,57.708367,12.2546,,,,,272.628,
238624131,12.866044,47.662806,11.6203,5699.0,4.29,1.2,1.01,332.852,
455784423,359.793385,39.314256,12.7882,3689.0,4.64,0.61,0.600047,130.091,
189380158,21.871101,38.968114,13.0942,6026.0,4.41,1.0970300436019895,1.12,666.802,
429414530,314.040512,57.708379,11.963,5163.2,,0.83,,,
186292194,17.093448,37.700652,12.1665,6605.4,4.31,1.36,1.38,635.54,-0.036
429218084,313.317214,58.094593,12.2391,7233.0,3.54,3.6,1.62,1246.16,
80478272,12.569587,27.568806,11.224,6360.4,,1.48,,364.172,-0.0950051
428003305,349.3018,44.612336,12.7382,5972.0,3.81,2.1619598865509,1.1,1013.06,
61205803,21.065125,32.8107,12.7628,5425.9,4.41,1.00689005851746,0.95,440.089,0.290173
370981403,329.231607,53.826531,12.9487,5579.5,,,,1178.63,
47094691,23.442763,17.826631,12.5931,5263.0,4.27,1.14628005027771,0.9,425.321,
365447203,327.74025,58.840391,13.201,5856.0,4.36,1.13,1.06,577.097,
200917197,54.53824,40.475552,12.1395,8273.0,3.66,3.49,2.03,2005.29,
192878624,49.858978,44.746406,13.3405,5668.6,,,,938.451,
186614891,45.148251,39.93511,12.5822,5458.0,4.45,0.96,0.95,379.963,
453230066,23.992574,54.716441,10.9469,8364.0,4.25,1.78,2.07,635.734,
445496795,29.742342,56.85776,12.1497,7308.0,3.79,2.7,1.65,1204.71,
184733148,33.088189,36.332272,12.851,5585.0,4.33,1.13,0.99,541.244,
445407434,14.672609,57.590065,13.3858,5840.0,4.15,1.42,1.05,813.253,
149855074,44.794835,37.635422,12.3524,,,,,355.329,
433144048,40.715235,39.578934,13.0449,5858.5,3.7,2.4,1.06,1354.64,-0.103
139559780,40.216356,36.107789,13.137,6016.1,4.18,1.42,1.11,879.147,0.196
139507260,39.548888,39.278651,13.321,5670.5,,1.19,,726.26,0.2364
415976665,34.562558,44.087989,11.4822,6714.1,4.06,1.85,1.43,626.174,0.172
116848450,46.770809,49.010302,11.7419,6841.0,3.66,2.97,1.48,928.908,
410552165,27.528548,49.104842,13.0006,5981.0,4.38,1.12,1.1,622.117,
396556650,39.357061,42.971222,12.7096,5622.0,4.34,1.12,1.0,500.459,
94609570,59.643577,30.866365,12.1904,6229.9,,1.5,,535.52,-0.002
77258279,40.856559,32.557986,13.1951,5587.5,4.29,1.18,0.99,613.169,0.001
381544766,30.003263,38.529964,12.328,6191.8,,1.11,,1136.97,-0.293
71854732,26.29741,54.559653,12.6532,8951.0,,,,,
374778982,31.750309,55.178785,13.4977,5097.0,4.5,0.87,0.855,441.614,
67517533,29.513926,41.220248,12.8235,6373.0,4.22,1.44337999820709,1.27,843.524,
370123525,21.792202,58.96064,12.8309,,,,,,
65446983,54.405622,46.84287,10.7043,7934.0,,2.02,,545.117,
354151219,21.177329,51.671855,11.5917,6940.9,3.85,2.41,1.52,774.636,0.14
348437470,35.308494,59.711857,12.91,5556.0,4.29,1.18,0.979,464.748,
65440953,54.214981,44.769846,12.4829,4977.4,4.54,0.81,0.823,244.03,0.162629
346626688,44.470988,30.625597,11.4453,5961.2,4.25,1.29832994937897,1.092,319.031,0.0796136
63717709,33.811901,33.229276,13.0772,5717.0,4.14,1.4198499917984,1.02,740.924,
467580267,48.218476,35.093455,11.2959,5921.0,3.6,2.73,1.08,647.3,
63470437,31.602366,33.856295,13.4357,5958.7,,1.51,,807.206,
331854794,18.669659,57.077693,12.8464,5601.5,4.39,1.05234003067017,0.99,477.19,0.266
312345863,12.407578,56.001551,12.9892,5972.0,4.18,1.41,1.1,749.29,
50943163,41.904242,61.306342,11.2351,8290.0,3.95,2.51,2.04,812.606,
452964680,8.722569,54.743514,13.2514,5615.0,4.21,1.29,0.99,653.952,
308613965,23.877131,50.987801,13.128,5854.0,4.2,1.36,1.06,727.282,
34646336,45.204618,27.31965,13.4326,5219.0,4.29,1.12249004840851,0.89,555.939,
302470965,41.946141,49.410435,13.3318,4828.4,,,,,
458876004,35.837872,60.889963,11.9814,8469.0,4.68,1.1,2.104,369.583,
34551972,44.233304,28.771475,10.5873,7259.3,4.03,2.03943991661072,1.63,499.255,0.476
285354178,36.126714,35.528321,12.8397,5418.0,4.51,0.89,0.94,391.982,
311703724,9.644817,54.567547,11.3584,6304.0,3.83,2.24,1.24,604.837,
285272237,35.383494,32.246044,11.7524,5191.0,4.37,1.00935995578766,0.881,255.206,
28961316,50.275227,25.297266,11.3186,5501.0,3.86,1.91,0.96,404.211,
264912889,40.958303,54.780398,11.4374,7321.3,3.99,2.15,1.66,685.249,0.102
28873762,49.792323,27.263332,13.3483,6241.0,4.2,1.44,1.21,887.137,
252118701,15.754328,57.879011,13.2757,5785.0,4.29,1.21,1.04,651.558,
13533330,36.900563,59.952721,11.2381,5262.0,4.2,1.24346995353699,0.901,255.803,
250803548,34.018303,53.108335,13.3901,5854.0,,,,907.45,-0.241
245509452,39.282337,54.851215,11.8433,6088.0,4.24,1.34547996520996,1.14,396.378,
241135327,30.367906,48.636524,13.1033,6391.0,4.1,1.67,1.28,1043.15,
240989628,19.670217,52.699436,11.9017,4798.6,4.36,0.97,0.775,219.829,-0.236
240959810,18.773067,53.117687,12.6772,6702.0,4.36,1.3,1.422,607.498,
240864953,16.813747,53.671781,13.3538,5218.2,,,,1182.39,
240823272,15.654394,51.303892,11.419,5211.0,4.58,0.8,0.887,176.436,
470822809,23.432187,59.425604,12.6639,4245.0,4.49,0.77,0.664,188.226,
203096531,38.259928,45.285806,13.3968,6231.0,3.93,1.97,1.2,1431.98,
202872757,36.719078,45.037963,12.4838,6120.1,3.96,1.86,1.16,866.835,0.30868
470783598,23.042846,54.276292,11.7635,5252.0,4.12,1.37,0.898,350.16,
266425782,87.883981,36.7873,12.488,6121.8,4.0,1.7804399728775,1.16,741.97,0.0729025
266401846,60.937413,50.236205,12.7775,7046.0,4.19,1.65768003463745,1.56,770.947,
417676091,82.250858,68.481405,12.8166,6166.0,4.41,1.11998999118805,1.17,600.806,
266213232,60.362935,49.265249,13.4313,5457.0,4.35,1.07589995861053,0.95,514.526,
385400633,49.102399,58.287744,12.4434,4930.6,,,,,
260962960,76.092396,44.334107,12.3653,6530.0,3.87,2.23706007003784,1.35,786.966,
367616146,72.247199,44.419431,13.3088,5483.9,4.45,0.965058982372284,0.96,475.206,0.189
259506033,75.480167,50.131178,12.3824,5464.2,4.4,1.0259200334549,0.955,338.84,0.38
252430813,76.825224,59.729551,13.4223,6647.1,4.4,1.23066997528076,1.4,740.11,-0.286
366311757,75.952392,31.657874,13.2097,6302.0,4.09,1.66,1.24,755.552,
251652214,46.155455,59.356926,11.9786,5400.0,4.3,1.13,0.938,313.908,
356322454,67.795335,59.159564,13.3033,,,,,,
174826170,90.808637,41.649461,13.3727,6267.0,4.06,1.72,1.22,1137.19,
355008856,77.163736,66.52611,13.3125,5983.0,3.93,1.89,1.1,1158.64,
354442783,89.243696,36.358115,13.4418,4654.3,,0.8,,360.509,-0.273
171160885,67.998759,32.869383,12.5021,4571.1,4.4,0.89,0.722,224.513,0.406
155867025,69.552342,39.458003,13.1751,3538.0,4.73,0.508430004119873,0.506325,112.71,
354293303,88.890851,39.126519,12.9238,6351.8,,2.04981994628906,,348.661,-0.0687475
155351556,68.005803,36.012476,12.3186,4740.0,,,,197.528,
348099535,69.965956,46.669445,11.5813,7253.0,4.13,1.82,1.63,505.231,
417942201,65.713648,41.125315,12.1578,6455.1,3.94,2.02,1.31,767.821,0.0238195
150074121,63.286661,54.572095,12.8297,6629.1,4.24,1.47816002368927,1.39,583.038,0.035
347051112,60.696633,39.041323,11.4343,6533.0,3.72,2.64088010787964,1.347,487.904,
143687316,80.611594,40.425991,12.6975,5151.0,4.3,1.09531998634338,0.87,416.005,
346015394,50.324844,63.732522,13.186,4920.0,,1.31,,783.568,
3027681,82.215093,30.227473,13.3025,6518.1,4.39,1.22,1.34,787.446,-0.008
143642240,80.425878,36.274635,11.7012,6523.0,4.28,1.39,1.342,438.246,
339250695,84.789937,60.424358,13.135,5947.0,4.36,1.14286994934082,1.09,587.219,
122695048,77.298277,38.228572,13.0789,5925.1,4.43,1.0474200248718262,1.08,491.622,-0.377
339207847,84.479701,64.545457,11.6439,6475.0,4.23,1.46636998653412,1.32,461.037,
116257066,85.151086,34.796663,11.1843,13253.0,,,,1686.41,
322160664,86.594255,59.521666,12.9676,5051.3,,,,,
417844678,64.230918,36.924112,13.1507,4837.0,,,,960.168,-0.253055
115457180,83.891112,31.164547,11.0131,6294.0,,1.37,,300.021,
321894059,84.613821,57.031425,12.4096,6633.2,3.84,2.35,1.39,1033.68,-0.281
321436679,83.140649,57.623092,12.6396,6361.4,3.83,2.28237009048462,1.27,881.379,-0.152302
105135774,79.285641,53.723458,13.3835,4880.9,,,,,0.029
317252733,55.590143,58.295332,11.3032,6245.0,4.51,1.01575994491577,1.211,278.597,0.037
98620619,79.703512,43.815936,13.3273,6876.0,4.1,1.79471004009247,1.49,1280.39,
96074951,72.427173,35.301657,11.4963,5863.0,4.07,1.58,1.06,324.005,
312689217,88.985589,34.265809,12.1502,6806.6,4.12,1.75576996803284,1.47,715.956,-0.116271
311441461,86.635927,51.242599,13.1072,6083.0,4.05,1.67827999591827,1.14,962.115,
87597187,81.57825,47.073781,12.878,6247.6,,1.22,,,-0.096
701926762,81.578251,47.07378,13.1002,5086.8,,0.97,,452.15,
286696848,72.799655,50.096898,12.8814,3916.0,4.59,0.67,0.641063,166.818,
87091417,58.490945,58.748105,12.7508,3898.0,,,,,
86075481,60.273843,67.507635,12.4084,6257.0,3.65,2.74495005607605,1.22,938.939,
666567477,65.615413,46.536011,13.1464,4830.0,4.42,0.9,0.783,343.885,
284747017,78.040149,34.750032,11.7603,4570.0,4.54,0.75,0.721,145.759,
647636934,58.983683,57.834123,12.5715,7747.0,4.1,1.98567998409271,1.83,937.29,
82622707,51.761032,61.189331,13.2064,6087.0,4.18,1.43316996097565,1.14,796.177,
284174392,68.539495,32.806951,13.2474,5410.0,4.06,1.5,0.94,639.641,
468777766,76.423773,67.820318,12.9865,3815.0,4.63,0.63,0.611615,156.504,
284173938,68.629023,32.476637,12.8826,6400.6,4.39,1.2,1.28,613.765,0.158
81597356,46.811835,64.395362,12.8963,4879.0,,,,1310.21,
467783290,62.618611,32.306767,12.4332,6630.3,4.0,1.95,1.39,884.571,0.051122
81593515,46.934208,62.39968,11.8974,6170.0,3.56,2.98,1.18,812.367,
281196902,69.747261,66.671209,12.079,5354.0,4.34,1.07606995105743,0.926,322.356,
67300566,83.653007,36.939626,11.5552,6096.0,4.44,1.06163001060486,1.145,327.13,0.051
445751830,91.003642,55.019979,13.1858,3902.0,4.62,0.6372230052948,0.617459,181.139,
280254984,41.323613,69.106259,12.5489,5868.0,4.1,1.52,1.06,477.787,
27244707,65.615413,46.536013,12.816,,,,,420.132,
440186528,87.645924,44.687214,13.0123,4852.0,,,,,
275703182,48.669955,66.920775,12.8508,4375.0,4.53,0.74,0.684,215.482,
9833284,70.325641,55.933254,10.6872,6779.0,3.93,2.17,1.45,476.182,-0.077396
432114158,57.947685,47.149894,12.5159,7284.0,4.14,1.81490004062653,1.64,855.352,
275702126,48.791209,66.597657,12.5944,4773.0,,1.89337003231049,,502.731,
432078760,57.511805,46.681042,11.7734,7298.0,4.23,1.63943004608154,1.65,620.461,
9830791,70.242045,57.507726,13.1021,5244.0,4.4,0.99,0.896,451.666,
274545328,69.488129,52.71623,13.4784,5382.0,3.76,2.09890007972717,0.93,760.803,
268172361,83.379462,45.081717,12.9859,7166.0,4.04,1.99329996109009,1.6,1309.84,
428251130,54.82405,52.824649,10.5375,6650.0,4.12,1.7,1.4,276.632,
8621049,66.381511,57.806118,13.4706,5176.0,4.47,0.9,0.877,462.312,
3364732,82.560259,31.181746,13.1454,6717.3,4.3,1.39526998996735,1.43,810.882,0.032
426319499,86.04348,36.080653,12.6409,5119.0,4.49,0.874118983745575,0.861,309.143,
266772500,61.496952,51.724323,12.5517,5823.8,3.99,1.70744001865387,1.049,683.852,0.145
704012376,95.160582,43.165306,13.3678,,,,,609.487,
68850908,107.082369,34.674445,13.1657,5915.0,4.37,1.13,1.08,696.257,
68388114,102.827625,33.545577,12.9076,5247.2,,0.66,,,-0.072
802227190,126.818692,50.75782,13.1961,6545.0,4.27,1.41,1.35,1028.89,
53307409,116.767003,56.783436,13.0221,5353.3,4.47,0.927390992641449,0.93,429.268,0.186
742648307,104.733224,49.968735,13.4167,,,,,366.254,
468832904,92.609716,71.412134,13.4718,5765.0,4.4,1.06059002876282,1.03,610.587,
470974162,110.878729,50.349524,12.3794,4992.1,4.44,0.9,0.827,270.518,0.155
396813816,98.538646,66.634664,12.0149,6683.0,4.13,1.69,1.41,707.148,
459755750,133.705669,55.134127,12.8426,6204.0,4.17,1.48,1.19,854.987,
339503267,92.846314,65.762376,13.2906,5646.0,3.48,3.02186989784241,1.0,1702.46,
458419328,130.900226,63.078077,12.4963,3502.0,4.74,0.5,0.496104,79.7634,
321250206,95.121127,58.094196,12.3433,5973.3,4.1,1.54,1.1,632.756,0.031
457104362,133.072602,61.972124,13.398,5290.0,4.26,1.17429995536804,0.91,620.413,
312811620,94.432577,54.381306,11.3321,6510.2,4.07,1.76,1.34,516.643,-0.0290486
453410966,115.084361,49.078607,13.1351,5497.6,4.51,0.902841985225677,0.96,475.616,0.382946
29117085,118.426692,46.47193,11.2119,5373.8,4.51,0.89,0.931,188.294,-0.0224923
400432230,295.387706,56.217805,11.5787,6405.0,4.27,1.39,1.31,476.831,
453348525,102.599479,48.944982,12.7859,6125.0,4.35,1.19,1.16,640.574,
29105766,118.16493,42.786497,13.1701,6433.0,4.3,1.33299005031586,1.3,930.864,
416539317,126.849751,64.765253,12.4091,6269.0,4.26,1.35,1.22,645.718,
253030300,98.732441,49.676574,12.2361,6205.0,4.51,1.01,1.19,439.841,-0.059
393251073,115.508868,61.574659,11.6387,5279.0,4.52,0.86,0.906,216.16,
252912175,104.840901,48.30288,11.7983,5973.8,4.31,1.21,1.1,400.069,0.207091
22683951,124.114906,47.021989,12.7739,5573.0,4.37,1.07552003860474,0.98,488.429,
373614579,114.188526,44.051536,12.7085,5236.1,4.55,0.8245689868927,0.89,328.06,-0.25839
21291176,103.276084,39.132278,11.7248,7189.4,4.35,1.4,1.61,598.894,-0.214
373612558,114.010809,47.258131,12.9395,5565.6,4.39,1.04332995414734,0.98,488.069,0.323563
190250689,98.781576,45.027682,12.5548,5586.0,4.17,1.36,0.99,550.393,
353498819,107.173813,38.18106,12.1957,6862.4,3.98,2.07,1.49,1039.33,0.093
312991501,134.655352,74.459183,13.1225,5689.0,4.39,1.0620299577713,1.01,601.602,
189852832,94.899684,42.313594,12.7251,5295.0,4.38,1.02,0.91,406.497,
16076354,113.67495,38.986526,11.9181,6709.5,4.02,1.94,1.43,806.325,-0.128763
289661991,139.112565,69.074128,11.5817,5908.0,4.13,1.47,1.07,421.745,
138497780,96.250314,33.032134,12.2337,6305.0,4.18,1.49021005630493,1.24,595.137,
252876117,100.288738,48.861378,13.0456,5058.0,4.51,0.85,0.84,359.948,
239136269,112.325562,33.591361,13.286,9332.0,4.5,1.42848002910614,2.37,1696.26,
138475192,95.549232,83.861194,11.4102,5560.0,4.28,1.19,0.98,294.652,
239134248,112.194386,34.185355,12.4679,5382.2,4.51,0.893149971961975,0.934,339.069,0.248819
4605846,118.060044,31.64694,13.4461,6268.0,4.34,1.23585999011993,1.22,940.296,
155873992,139.838463,66.803273,12.4988,5914.0,4.16,1.43624997138977,1.08,595.141,
149995163,109.358531,49.840082,12.3972,5908.0,3.92,1.87,1.07,790.338,
102848207,128.861632,67.128369,13.4768,6180.0,4.4,1.14,1.18,868.355,
99572130,107.504711,70.976379,13.147,6313.0,3.9,2.05899000167847,1.24,1386.95,
99097200,121.591887,42.19247,13.2237,5800.1,4.19,1.35301995277405,1.04,814.386,0.251884
95660472,121.863257,29.388645,11.9824,5999.0,4.1,1.55859005451202,1.11,558.141,
95234976,115.641632,28.807132,11.5562,6403.0,4.01,1.8696700334549,1.29,629.284,
88485645,105.868408,60.852551,13.0367,7054.0,3.98,2.10753011703491,1.56,1555.25,
88385463,104.603337,59.972981,12.3381,5376.0,4.37,1.04446995258331,0.93,359.079,0.277
81212289,127.033706,56.431077,11.4534,6385.1,4.47,1.1,1.28,353.355,0.045
71134735,126.818693,50.757821,13.041,6666.8,,1.33,,896.974,-0.058
39077574,151.255619,40.341064,13.2971,5886.6,4.38,1.11,1.07,715.593,-0.267
9346507,149.876935,36.99245,12.6865,5545.7,4.39,1.04,0.98,470.353,0.397938
8677530,137.42133,31.292481,12.033,5484.8,,0.99,,335.744,0.35684
841226526,150.892504,67.990037,11.227,,,,,341.6,
801354155,137.421232,31.292423,12.3722,5385.0,4.33,1.08,0.93,397.985,
445807396,167.29495,49.955757,13.239,5371.2,4.37,1.04,0.93,563.928,0.427398
393853275,146.820422,44.63893,13.1894,5253.2,,,,,0.371
356736743,177.702227,75.20337,12.6635,5952.0,4.43,1.05,1.09,505.207,
356539624,153.155451,62.32946,13.3585,4423.0,4.19,1.1,0.69,412.034,
355953198,179.9069,72.301518,13.2742,5673.6,,,,627.829,
330795142,144.395927,28.24536,12.5984,5788.7,4.38,1.09,1.04,504.711,0.317263
900240532,166.238945,43.464381,12.9621,,,,,916.981,
308073360,152.666283,24.273121,11.366,5773.9,4.28,1.21,1.03,311.705,-0.241
307915084,141.480521,33.41274,12.7477,6203.3,,1.32,,,-0.587
298074043,201.510769,74.758859,12.8957,6341.0,4.23,1.42,1.26,872.986,
287231664,151.293494,60.352093,13.1697,5788.0,4.24,1.28,1.04,765.939,
252474634,154.883363,48.353555,13.0933,6145.0,4.07,1.64364004135132,1.17,1059.16,
165985431,133.977629,30.990348,12.6496,4489.2,4.37,0.91,0.7,253.701,0.186
841226527,150.891937,67.990378,11.4794,,,,,345.366,
165885558,131.366244,35.617167,12.9959,5726.0,4.27,1.22,1.02,655.503,-0.403452
156816238,140.462178,38.618961,12.7553,6046.0,4.19,1.41,1.12,749.892,
149918151,160.748095,60.964119,12.9178,4234.0,4.49,0.77,0.662,213.771,
149917086,160.404554,63.888592,12.228,5623.0,4.39,1.06,1.0,387.635,
147994863,170.68965,70.832276,13.3104,4798.0,4.51,0.82,0.78,362.075,
147890655,142.086945,66.950156,13.2705,5196.0,4.38,1.0,0.88,489.128,
143008050,182.709445,66.952158,12.4645,6039.0,4.47,1.02,1.12,474.448,
142739544,150.380403,75.211897,11.1774,5838.0,4.28,1.23,1.05,298.349,
142635225,171.789723,74.465349,13.191,6010.0,4.56,0.92,1.11,578.344,
142618165,170.673731,73.507923,12.1726,5648.0,4.34,1.12,1.0,396.697,
142562395,165.273412,73.068232,13.2278,5814.0,4.52,0.93,1.05,559.867,
126325149,135.496464,27.474953,13.4791,4304.8,4.36,0.9,0.67,321.733,0.096
125552076,145.222922,27.950158,11.655,5568.0,4.32,1.13,0.98,314.443,
105379013,141.921026,46.214342,13.167,4646.6,4.44,0.86,0.74,330.706,0.24
86273567,141.048951,64.318347,11.1971,6329.0,4.41,1.16,1.25,312.302,
1122079,168.926158,28.781025,12.7134,6123.9,4.16,1.48,1.16,784.669,-0.614177
416542079,188.736692,49.994859,13.3887,6331.0,4.37,1.21,1.25,926.538,
396950329,179.957207,11.864677,12.3903,4899.3,4.5,0.84,0.802,256.022,0.31
141205978,185.900563,50.544625,11.7201,5564.4,4.46,0.93,0.92,249.02,
383531543,187.273217,31.654807,12.8385,5542.4,4.46,0.96,0.98,450.577,0.106
1001477809,213.806242,67.760539,13.0949,,,,,673.984,
376688393,187.434324,39.760801,12.5759,5542.1,,,,405.395,
376632626,192.736417,30.685937,13.2252,5570.0,4.41,1.03,0.98,587.858,0.306091
320208949,193.655288,47.066242,12.7251,5552.1,4.37,1.07,0.98,488.695,0.126
310994622,203.567211,65.128389,12.3572,4671.0,4.51,0.79,0.744,215.045,
253044312,176.611941,43.863572,12.0089,5682.2,4.02,1.63,1.01,539.007,-0.455145
165989915,210.951072,64.270888,12.565,5933.0,4.21,1.35,1.08,642.727,
165468291,175.145084,28.549579,12.3591,5491.7,4.47,0.94,0.96,353.347,0.232599
165431806,162.38823,27.190538,12.3882,5726.0,4.46,0.99,1.02,409.36,
154126149,212.493524,70.06552,12.6262,6071.0,4.15,1.48,1.13,749.176,
154105890,210.513462,71.32676,13.0635,5997.0,4.29,1.25,1.11,756.221,
153978165,204.080277,68.517361,12.0165,5579.0,4.25,1.22,0.98,404.598,
150388393,193.898669,57.141015,12.76,5852.0,4.49,0.97,1.06,493.754,
144310492,170.454473,33.991382,11.9123,5662.2,4.06,1.55,1.01,493.77,0.202
141275395,184.351375,29.633535,11.3616,6322.5,4.13,1.6,1.25,482.566,-0.214
139086171,184.624586,34.897976,11.3093,5332.3,4.47,0.92,0.92,200.724,-0.094
138973825,188.180754,34.49481,13.0673,4501.0,4.41,0.87,0.707,300.232,-0.00125564
136998882,196.844286,44.377372,12.131,5508.5,4.31,1.14,0.97,384.153,0.374
101643582,183.961977,47.427994,11.8825,6004.0,4.17,1.44,1.11,509.299,
99330090,189.828966,59.703485,11.1693,6307.0,4.48,1.06,1.24,295.431,
86263325,181.571834,12.507026,12.9113,3192.0,4.92,0.30313798785209656,0.2802,43.1448,
55748194,180.258942,55.846206,12.293,5268.7,,0.78,,,-0.124736
48220826,283.003442,52.4328,13.4971,5622.1,,,,,
21549805,181.518741,41.471434,12.7279,6034.0,4.1,1.57,1.12,823.577,
18067025,184.759891,36.609641,13.0874,4773.0,4.52,0.8,0.77,318.317,
950525831,180.258934,55.846201,12.4244,5294.0,4.56,0.84,0.91,301.63,
18017227,171.711327,37.705235,11.9245,6294.0,4.03,1.78,1.23,695.137,
459215281,197.145209,55.051338,12.387,5269.6,4.44,0.94,0.9,331.96,0.19
3896759,171.432632,18.118831,11.9956,5528.7,4.31,1.14,0.97,366.405,0.168
458424950,177.581251,37.916071,12.852,4485.0,4.57,0.72,0.704,222.228,
165464482,201.374827,52.768104,11.323,6314.8,4.21,1.43,1.21,417.365,
3808740,169.689872,21.617204,12.7533,5614.5,4.35,1.11,0.99,525.225,0.305
445837596,187.93024,63.908546,11.6832,5127.0,4.63,0.75,0.86,181.653,
154181821,213.806552,67.760917,11.9937,5911.7,,1.19,,405.176,
450337675,199.816742,18.914216,13.4312,5693.8,4.35,1.12,1.01,733.953,0.166
441697509,213.902139,57.821472,11.0866,5522.5,4.5,0.92,0.97,194.548,-0.0212663
366755319,188.528058,4.187824,11.9689,5659.0,,1.09,,364.747,
357373216,218.336542,52.385972,13.3215,5834.0,4.54,0.91,1.05,593.676,
310094771,216.757304,28.495762,13.3819,5464.2,4.44,0.97,0.96,580.009,0.144816
288434231,202.906801,45.622497,13.403,5296.6,4.43,0.96,0.91,545.646,0.214005
233462817,211.700645,51.992007,11.3815,6297.0,4.34,1.24,1.23,379.347,
180672438,200.484638,40.26846,13.0187,5933.0,4.43,1.04,1.08,609.296,
180607846,198.244403,39.866992,12.773,5436.3,4.52,0.88,0.95,387.358,-0.262615
165723070,231.249864,57.815109,12.8532,5072.0,4.42,0.95,0.85,381.744,
165412561,206.782929,42.736035,11.4582,5433.0,4.33,1.10122001171112,0.95,267.999,
161003569,222.163355,53.834829,12.3758,5490.8,4.16,1.35,0.96,511.363,0.434316
158617175,223.609501,59.101988,12.0581,5224.0,4.56,0.82,0.89,245.248,
158497525,220.037779,54.137281,11.6301,5298.6,4.52,0.86,0.91,219.72,0.158385
156648452,215.801496,24.076564,11.8747,5779.5,4.15,1.42,1.04,465.992,0.167
155898758,218.874035,48.083929,12.5764,4180.4,4.42,0.83,0.654,186.628,0.137
139118482,193.595291,30.214364,11.3366,6179.1,4.39,1.15,1.18,332.565,-0.076
81247877,205.488716,17.300066,12.3655,5177.8,4.56,0.81,0.878,275.019,0.134422
68074302,220.726649,41.368472,12.9339,6005.0,4.43,1.06,1.11,610.654,
68035558,219.734394,37.027878,11.483,,,,,,
23815847,210.205727,39.300051,13.4565,5236.0,4.12,1.35,0.89,769.96,
23769326,208.944753,40.391806,12.3342,6227.0,4.28,1.32,1.2,604.591,
2016376984,336.69079,57.434162,12.7509,5770.0,4.25,1.25,1.03,490.701,
1101909431,231.127427,46.695076,12.5638,4742.0,4.6,0.73,0.76,222.95,
1101855081,228.833287,40.267196,12.251,5247.0,4.59,0.8,0.9,262.531,
467265105,308.849988,61.140932,13.0743,4964.3,,,,880.411,
456042145,340.628454,64.754725,13.4802,6791.0,4.57,1.04,1.46,620.264,
435167167,346.403126,63.453418,12.1474,7471.0,4.01,2.14,1.72,773.332,
434171145,342.630375,61.159585,12.089,6466.0,,1.46,,495.95,
434171113,342.661461,60.770111,12.7594,5353.0,4.34,1.08,0.93,426.94,
427153307,321.386565,61.812493,12.9774,6141.0,4.14,1.52,1.16,710.588,
422554579,346.474955,67.188469,13.2363,5695.0,4.08,1.52,1.01,684.911,
422514153,319.547187,66.161198,12.6265,4885.4,,,,749.11,
421336001,296.833901,59.640713,13.4428,5694.0,4.41,1.04215002059937,1.01,684.857,
408094424,326.267189,64.067347,11.3258,6285.0,3.65,2.76,1.23,672.679,
388393034,347.967961,56.862096,13.2345,8523.0,3.98,2.46,2.12,1898.68,
375981105,336.858934,67.769354,12.7091,6571.0,4.12,1.68,1.36,710.669,
372207084,330.755072,67.623397,13.4234,6205.8,,,,1872.2,
371676181,344.322032,59.201372,12.5722,5196.8,,,,922.432,
367425982,334.133015,66.860571,12.9577,5287.0,4.5,0.888759970664978,0.908,367.428,
367333043,333.663387,68.685313,13.2875,6131.0,4.46,1.05,1.16,617.366,
366115856,356.708389,66.860805,13.2129,4477.0,4.53,0.75,0.702,262.301,
346081845,356.886316,54.178308,13.4454,4315.0,4.57,0.71,0.674,250.357,
345697569,356.407097,55.225972,12.9307,6137.0,4.23,1.38,1.16,707.03,
345329200,355.725774,58.452426,12.8967,6413.0,4.17,1.54867994785309,1.29,691.327,
343330330,309.768437,61.459062,12.5714,5607.0,3.72,2.27,0.99,766.246,
338065029,337.785484,61.643001,12.5871,4746.7,,,,969.298,
336824844,334.990313,62.656666,12.5917,5472.0,4.11,1.42,0.96,515.394,
336399144,334.013781,61.05756,12.475,5933.0,4.28,1.24,1.08,519.917,
336092760,333.725864,62.858737,12.933,6136.0,3.67,2.62,1.16,1125.06,
335489455,332.633491,61.82941,12.5455,5814.0,4.56,0.89,1.046,359.83,
334493051,331.227588,64.463751,13.4743,5846.0,4.32,1.17,1.06,682.99,
334394274,331.078789,61.627934,13.3364,5994.0,4.27,1.27,1.1,701.783,
334385701,330.715324,60.211838,13.3788,5342.0,4.22,1.24,0.92,558.58,
321861405,323.15288,67.911948,11.9401,6786.0,4.21,1.57,1.457,591.367,
320503729,264.503061,59.643473,13.3171,5734.9,,,,729.966,
316453500,323.985128,61.209107,13.3356,5833.0,4.46,1.0,1.05,499.795,
314375831,346.156393,56.731648,12.402,6457.0,4.25,1.41321003437042,1.31,591.045,
309849817,229.220096,51.397855,13.0795,5227.0,4.48,0.9,0.89,428.906,
305550963,315.263903,63.424275,13.2445,6227.0,3.91,2.0,1.2,928.965,
279383896,349.685957,63.250498,11.5687,6362.0,4.25,1.40388000011444,1.266,436.306,
275421144,319.7272,65.329264,13.0367,7032.0,4.19,1.66,1.55,868.492,
272785423,238.857937,67.042986,13.2091,5521.0,4.45,0.97,0.97,541.735,
272219353,355.744456,62.290124,12.8669,5354.0,,,,9842.0,
271761420,355.081093,62.136748,12.4615,6238.0,3.7,2.57,1.21,836.639,
271439193,354.138342,60.526208,12.2996,6016.0,4.1,1.55,1.11,488.547,
270435047,351.796938,60.231831,12.8114,7588.0,4.09,1.99,1.76,1153.23,
269043098,349.095834,64.72187,12.8051,7220.0,3.98,2.15,1.62,870.816,
262880826,225.380859,38.533274,12.0753,5313.6,,1.0,,,0.416
256867493,301.673149,61.169351,12.1661,7211.0,4.14,1.79,1.62,920.632,
252071095,354.146668,58.133654,11.7345,4656.0,,,,,
252049912,353.643525,54.541652,12.5806,5371.2,,,,608.077,
237221436,296.066251,77.23545,13.3604,5647.0,4.08,1.51,1.0,878.69,
237077180,307.0945,61.93367,13.4642,,,,,,
284206913,9.305074,61.205097,10.7486,5908.0,4.54,0.92,1.074,162.569,
233654042,229.67991,44.456204,13.0646,6213.0,,,,701.76,-0.154
156007004,236.236361,45.627745,13.3926,5095.7,4.47,0.89,0.85,467.428,0.424
155947004,227.305873,44.700876,11.8993,4507.0,4.64,0.67,0.708,135.0,
154293917,224.356008,44.274322,11.8136,5993.0,4.12,1.5,1.1,516.087,0.094
116382006,231.126555,46.694516,11.379,5627.0,4.55,0.88,1.0,221.536,
468329664,11.370172,78.447722,13.4497,5548.0,3.82,2.02,0.98,987.539,
444523623,14.558693,61.099519,12.9447,6806.0,4.22,1.56,1.46,871.833,
312548829,12.841937,59.575861,11.863,5854.0,4.04,1.63,1.057,486.721,
312548415,12.855316,59.409908,12.9165,7209.0,4.06,1.96,1.62,1172.52,
25773352,352.556471,53.156351,12.9324,7469.0,3.95,2.3,1.72,1619.19,
20303110,228.83295,40.266956,11.208,5477.2,,0.87,,,0.104
20182780,226.337147,36.786975,13.4609,3422.0,4.77,0.46,0.461976,108.883,
604863428,8.762537,58.13642,13.2638,5095.6,,,,1432.74,
470911286,1.129367,66.403045,12.5225,4949.0,,3.11,,614.539,
452972453,8.762379,58.136446,12.753,,,,,1308.27,
452938965,8.508428,58.844293,12.2454,6334.0,3.86,2.17,1.25,773.366,
444413256,6.386516,63.040637,11.9551,12373.0,,,,2949.29,
420446142,5.117344,63.031396,11.6697,8648.0,3.6,3.85,2.16,1552.26,
418133917,0.202398,62.803046,12.1197,4827.0,,4.7,,1089.93,
403347341,5.625421,57.873275,12.4316,5324.0,,,,673.065,
403340402,5.438019,59.105755,11.5625,6424.0,,1.43990004062653,,457.461,
372505528,6.140224,62.235631,11.0986,6827.0,4.25,1.51,1.473,400.234,
347210614,1.595472,56.192444,12.1602,6197.0,,,,741.884,
347011522,1.186715,54.196681,12.0205,6278.0,4.03,1.77,1.23,659.762,
327004130,3.392818,59.896534,12.9854,5997.0,4.21,1.37,1.11,654.004,
320281287,7.636991,56.331467,12.1134,5696.0,4.31,1.17,1.014,399.813,
284528889,9.945507,62.393358,11.6437,5659.0,3.78,2.14,1.0,525.173,
283015592,0.974631,64.77632,12.5696,7493.0,4.12,1.9,1.73,878.067,
83148519,2.528952,64.572568,11.7194,5696.0,4.37,1.09,1.014,315.572,
83053699,2.335558,60.159078,12.9214,6274.0,3.86,2.15,1.22,1083.39,
399346877,26.462243,63.924718,12.9762,6647.0,4.29,1.4,1.4,626.396,
397924314,22.973494,66.819333,12.849,4930.3,,0.76,,515.607,
395773226,34.119911,76.253181,11.7899,5115.0,3.91,1.69,0.86,329.268,
390048041,23.9436,65.638786,12.715,4579.5,,,,,
389910188,23.655685,62.325517,12.4705,7998.0,4.6,1.16,1.929,511.571,
379629854,34.293884,70.39598,10.702,6603.0,4.16,1.62,1.379,311.774,
368734712,12.779931,70.94581,12.1693,5994.0,3.92,1.91,1.1,670.801,
352682207,20.21482,66.072201,11.5163,4888.0,4.45,0.880213022232056,0.799,177.504,
289264348,24.601013,72.993169,13.2395,5815.0,4.1,1.51,1.05,764.591,
280315875,41.39883,66.359231,13.3507,4324.0,4.49,0.77,0.676,245.737,
279265701,25.79114,70.914425,13.0217,5407.0,3.64,2.42,0.94,851.105,
85791385,58.204664,68.777467,13.4891,5863.0,4.48,0.98,1.06,562.401,
85429139,53.419992,68.612667,10.767,5947.0,4.12,1.51,1.087,309.161,
461491274,5.277959,66.832344,13.1216,4032.5,,,,,
407313319,7.739571,68.455108,12.636,4892.0,,1.88,,558.336,
407243316,7.213948,66.468189,13.4612,4355.4,,,,,
284305328,9.170845,65.937486,12.6967,6620.0,4.04,1.87,1.387,554.728,
10974783,29.423058,63.904389,11.852,,,,,1245.57,
10507330,28.657722,64.569849,11.08,6429.0,3.92,2.07,1.298,488.31,
1271152446,255.128886,59.62566,13.3972,,,,,506.754,
470678283,297.032884,85.076052,13.4975,4841.6,,,,,
470169396,335.627605,78.262333,13.2309,5842.0,3.9,1.9,1.05,958.682,
441730540,257.448863,77.485328,13.3177,5770.0,4.29,1.2,1.03,769.204,
428963229,345.405443,73.609894,13.1759,4861.0,,,,497.594,
427866520,353.15863,69.422141,11.3099,5593.0,4.52,0.91,0.988,207.243,
406634633,355.230606,69.974452,13.0911,5963.0,4.3,1.22,1.09,610.074,
393633044,239.233719,16.980285,11.1718,5712.4,4.3,1.18,1.018,274.436,0.10068
390021939,277.622837,56.770452,13.2338,5574.0,4.44,0.99,0.98,571.615,
389968080,277.325439,55.320525,13.2687,5637.9,4.49,0.945159018039703,1.0,565.437,-0.044
387603144,313.098531,66.599315,11.0498,6223.0,4.39,1.16,1.201,296.012,
387330895,310.100457,67.533801,13.2787,,,,,,
375654303,335.146984,71.767346,12.5798,5760.0,3.92,1.85,1.03,745.145,
372392226,332.124123,68.904553,13.0874,5081.3,,,,506.315,
367913453,355.51293,76.918784,12.3618,5778.0,3.92,1.84,1.04,644.55,
367287018,342.552349,75.860399,11.3896,6139.0,3.71,2.48,1.16,653.395,
366580825,305.02027,73.277764,13.0885,5671.0,4.12,1.45,1.01,562.818,
366120401,273.734478,49.761588,12.9186,5777.0,4.42,1.05,1.04,548.908,
356786657,268.614463,77.48831,12.3407,5446.0,4.57,0.835627019405365,0.95,297.107,
345645749,246.855462,21.616792,10.9342,5914.8,4.17,1.41,1.077,311.111,0.28
332393279,255.364082,28.988524,13.1659,5983.9,4.2,1.38,1.1,869.366,0.301
322262448,325.554628,69.504808,12.2319,5926.0,4.01,1.7,1.08,636.467,
307956396,256.664332,63.778535,13.2653,4460.0,4.56,0.73,0.699,268.508,
298264260,241.364506,55.186006,13.2155,5530.9,,,,598.385,-0.264535
284760740,238.686827,25.01394,10.6525,6209.0,4.13,1.56,1.194,328.581,
279769094,351.605114,68.03607,13.028,8103.0,4.24,1.77,1.97,817.383,
279605855,346.577907,71.21333,13.1947,6184.0,4.1,1.6,1.18,974.435,
259274960,293.764805,66.25505,13.2588,4953.0,4.55,0.791712999343872,0.82,353.826,
255865833,306.85268,68.231866,13.2838,5966.0,4.08,1.58,1.09,903.312,
237101326,240.691824,71.224288,13.0273,5091.0,4.36,1.0,0.85,441.274,
236775063,282.663177,55.801405,13.0109,5406.0,4.53,0.87,0.94,427.299,
235684392,288.092884,77.922621,13.0309,6118.5,,,,681.888,
233719215,276.291469,60.773296,13.0533,4697.0,4.55,0.760628998279572,0.75,287.646,
233053554,269.179221,64.766624,13.1755,5675.0,4.41,1.04,1.01,602.399,
232567319,247.549643,49.895791,11.4354,6328.9,4.15,1.55,1.25,484.852,0.0778
230388132,286.186545,64.153145,13.2611,5702.0,4.46,0.98,1.02,590.913,
229639351,278.804934,73.599493,13.4062,4871.9,,,,,
229605891,274.182772,76.890911,13.084,4928.0,4.52,0.82,0.81,339.185,
229508727,297.06168,64.426043,13.1135,4952.3,,,,,
224601047,255.12889,59.625658,13.109,5144.9,,,,431.258,
219866209,259.098604,67.566607,13.4167,5332.0,4.35,1.06,0.92,611.532,
219499488,244.369594,46.648021,13.0444,5099.9,4.45,0.912575006484985,0.86,408.646,0.143464
219489550,243.370371,42.885503,12.6555,5622.4,3.98,1.68667995929718,1.0,756.022,0.329
219485050,242.83196,47.712652,12.8377,5657.0,4.3,1.18,1.0,579.364,0.264
193556520,245.992526,45.261098,13.3925,4914.0,4.49,0.85,0.81,415.005,
162577466,243.935867,48.325503,13.1815,5801.0,4.36,1.11792004108429,1.04,679.411,
159334269,233.694873,79.449837,13.3675,6409.0,4.4,1.18,1.29,915.093,
143009290,252.593952,16.982718,13.0531,5366.0,4.47,0.93,0.93,437.789,
115270627,250.276118,42.436314,13.0022,5229.0,4.49,0.89,0.89,411.289,
115182469,249.291448,43.344761,10.7133,4937.5,4.64,0.71,0.812,104.24,0.141959
85459171,257.735006,36.452877,13.3802,5869.6,,,,860.437,
648958344,46.566185,70.214692,11.7332,,,,,59.7061,
628103717,29.423373,63.90459,12.6844,7932.0,4.32,1.56,1.9,885.18,
627323667,23.9436,65.638786,13.0731,,,,,1965.77,
57193198,250.907053,36.141365,12.5834,5957.0,4.3,1.23,1.09,587.551,
57159675,250.298493,38.961556,12.8682,4887.0,4.53,0.801524996757507,0.798,302.435,
444724127,25.092991,65.203879,12.2305,6323.0,,,,5406.92,
444558604,19.980843,64.538054,12.1484,6178.0,4.44,1.08,1.18,360.76,
428892437,84.865203,81.54345,13.3593,5389.0,4.43,0.97,0.94,543.607,
421973253,21.572736,64.840007,10.6675,5707.0,3.64,2.53631997108459,1.017,439.932,
400899926,17.399896,69.732043,12.804,5972.0,4.23,1.34,1.1,568.171,
399444057,26.687843,63.612237,11.6433,7047.0,3.85,2.46,1.56,732.131,
346673534,280.779456,20.21884,12.8934,5725.0,4.49,0.96,1.022,453.772,
336840314,281.83562,26.417834,11.9705,5257.0,4.37,1.02585995197296,0.899,290.594,
328814605,138.280617,85.271029,12.111,5783.0,4.01,1.66513001918793,1.04,592.872,
310002617,217.925779,83.372706,11.2961,6071.0,4.39,1.12,1.13,301.676,
302381397,100.081046,76.553069,12.2523,5686.0,4.28,1.21,1.01,439.803,
298752252,267.851204,22.661333,11.6421,5895.5,,1.06,,321.956,0.172
289373041,278.232233,39.637997,12.5509,4740.0,4.49,0.82,0.76,250.984,
289316336,277.979234,39.669309,11.2834,6171.0,4.35,1.2,1.18,337.362,
288242606,258.431157,81.004051,12.8687,5667.0,4.14,1.41,1.01,686.613,
284454822,290.738474,59.431202,12.1517,5388.0,4.61,0.79,0.935,261.191,
280035202,297.678176,68.167662,11.1004,6186.0,4.33,1.23722994327545,1.18,312.41,
274974693,257.899648,47.257065,12.9287,5737.0,4.37,1.09,1.02,559.648,-0.0828207
272782321,237.986823,67.039685,12.4983,5053.0,4.46,0.9,0.84,306.261,
264295655,320.233103,83.022778,12.4222,5636.0,4.61,0.82,1.0,317.929,
264223828,319.351026,79.6107,12.0216,5650.0,4.17,1.37,1.0,425.694,
264173803,294.561939,71.574534,11.9512,4836.0,4.6,0.73,0.785,177.305,
243297296,288.578982,59.895802,12.1308,6195.0,,,,489.834,
243280335,288.518301,56.626003,12.7584,6287.0,,,,691.697,
237235093,297.484569,73.086464,11.812,5221.0,4.62,0.76,0.89,185.25,
235902467,289.751203,82.875584,11.2056,5674.0,4.4,1.05,1.009,243.002,
235664497,277.717657,19.796009,12.9978,6676.0,3.9,2.2,1.41,1367.43,
233576159,282.204034,65.941643,12.5452,5845.0,3.75,2.25,1.05,1010.35,
233535738,280.745794,62.818388,11.2452,5740.0,4.45,1.0,1.026,243.519,
232632239,269.240718,58.882622,12.8398,4003.0,4.59,0.66,0.625,153.899,
232603560,257.667388,60.028468,11.9824,5834.0,3.89,1.93,1.05,665.929,
230084146,246.36791,66.351585,12.73,4103.0,4.62,0.65,0.642,153.444,
230075120,244.441282,69.447713,11.1315,6377.0,4.17,1.53,1.27,417.852,
230006888,290.980736,63.557271,12.955,5596.0,4.15,1.39,0.99,705.399,
229976631,290.108847,61.085434,11.024,4235.5,,0.65,,,
229786610,283.889684,71.400671,11.101,5174.0,4.58,0.79,0.877,148.616,
229408913,292.965281,61.882054,12.3109,4080.0,4.56,0.692076027393341,0.638,132.393,
199610140,249.121348,57.150009,12.8076,4602.0,4.48,0.82,0.728,264.995,
198616607,271.403617,47.550327,12.4627,5979.9,,1.63,,504.87,-0.082
198189972,246.202805,60.965502,12.6541,5775.0,4.2,1.33728003501892,1.03,632.646,
193773468,268.37328,46.34641,12.7376,5855.0,4.3,1.21,1.06,594.975,
160618074,246.270436,73.283495,12.9267,4950.0,4.21,1.18,0.82,468.817,
159438097,241.928706,82.072535,12.8777,5828.0,3.96,1.77,1.05,912.594,
157218656,267.707093,16.774858,11.6881,7167.0,4.3,1.49,1.6,605.874,
156215204,184.968065,83.235697,12.0844,6015.0,3.45,3.3,1.11,1212.25,
153896150,131.233555,75.105679,11.8522,5375.0,4.55,0.84724098443985,0.93,242.624,
150761163,279.258065,14.206599,11.436,5150.0,,2.24,,512.0308,
147761049,109.305384,70.780189,12.72,5873.0,4.08,1.55850994586945,1.06,766.601,
141616639,108.818021,81.220983,12.3454,4016.0,4.72,0.58,0.628,107.33,
141488193,105.404552,72.41493,11.0383,6433.0,4.36,1.25,1.3,319.632,
137420801,128.261476,82.024762,12.2769,5275.0,4.46,0.92,0.904,308.87,
123357034,281.527275,46.248566,11.8417,4279.0,4.51,0.75,0.669,130.284,-0.004
71396541,116.069722,68.826258,10.7386,4812.0,4.26,1.08,0.779,148.525,
47937361,280.9612,48.134073,12.8667,5263.0,4.45,0.94,0.9,411.113,
335655755,216.765629,78.762732,11.8921,5801.0,4.01,1.69396996498108,1.07,578.129,
468396217,75.104595,69.82074,12.9532,5766.9,,,,708.626,
420803693,70.506153,79.987529,11.2063,5987.0,4.58,0.89,1.102,228.59,
288471040,271.493129,78.049292,10.5893,6150.0,3.9,2.05,1.22,421.5,
420680343,20.407409,82.168783,12.1943,6357.0,4.19,1.5,1.26,608.697,
417646390,77.612879,70.391079,10.8557,6244.0,4.19,1.47,1.21,334.993,
257060897,227.532153,72.710313,11.2633,5988.0,3.93,1.88626003265381,1.11,505.703,
408729765,24.670602,80.433347,12.9551,5999.0,4.36,1.16,1.11,610.592,
400103802,96.977875,74.00813,12.1311,5501.0,4.48,0.94,0.965,311.002,
400093775,87.952472,71.290609,12.5401,6338.0,4.21,1.45,1.25,702.211,
39573090,263.891395,35.276512,12.6521,5875.0,3.92,1.86,1.06,890.805,
371711170,70.100556,81.077272,12.1158,6126.0,3.46,3.31,1.16,1283.53,
313194972,86.617798,75.045539,11.9039,5442.0,4.49,0.91,0.949,260.002,
279947414,39.429743,80.267384,11.5241,5421.0,4.54,0.86,0.944,205.387,
23124038,274.417782,34.091383,11.5765,6036.0,4.13,1.51,1.12,464.611,
138329479,83.088172,79.809132,12.7833,5865.0,4.23,1.3,1.06,631.739,
137157546,30.021663,77.369001,12.0672,4939.0,4.55,0.79,0.812,204.639,
103096524,61.055097,75.496655,12.8508,5037.0,4.44,0.91,0.84,331.43,
102719996,62.520982,70.915716,12.8051,5737.0,4.12,1.46202003955841,1.02,636.934,
406926040,287.427001,56.364271,11.2924,6906.0,3.94,2.16,1.46,701.278,
1813844121,280.763651,24.089703,11.7729,,,,,555.317,
470171739,335.39347,82.216079,11.1477,6411.0,4.1,1.67218995094299,1.289,423.84,
470156846,332.9053,82.730642,12.7397,6320.0,3.94,1.99,1.25,975.983,
467331291,325.636227,77.734384,11.2473,6142.0,4.55,0.95,1.164,240.737,
462553953,230.780834,76.331882,10.7152,5986.0,4.45,1.04,1.1,213.719,
461538935,345.981898,85.443022,11.5576,6655.0,4.5,1.11,1.4,348.692,
441797394,264.300955,72.086479,12.275,,,,,397.98,
441600335,115.451745,74.183878,12.2075,5815.0,3.89,1.92,1.05,745.908,
441580526,111.741144,72.229339,12.2319,5754.0,4.41,1.04412996768951,1.029,399.676,
441572821,110.150431,72.7594,11.9399,7409.0,4.0,2.15032005310059,1.69,1064.43,
420114036,290.391821,73.350122,12.095,6013.0,3.86,2.05,1.11,725.754,
420112217,290.057677,73.989657,12.4899,5644.0,4.22,1.28,1.0,485.147,
420108587,284.884564,73.513284,12.2779,5952.0,,1.39,,511.193,
398371628,316.012586,85.878209,12.1926,5463.0,4.42,1.00006997585297,0.95,338.176,
389777651,156.22955,84.754719,11.6431,5604.0,4.47,0.96,0.991,257.962,
377165123,285.797008,57.388177,12.9474,5095.0,4.52,0.84,0.85,359.643,
372758077,173.833691,79.413053,11.447,6016.0,4.36,1.15471994876862,1.11,326.475,
372747949,311.820471,76.107008,12.7553,5661.0,3.77,2.18,1.01,917.988,
366972162,337.594234,77.865504,12.3623,5929.0,4.09,1.56,1.08,587.217,
362223355,286.720557,81.654539,12.4747,5133.0,4.56,0.81,0.865,279.324,
359388309,268.045217,58.366826,12.2997,4996.0,4.56,0.79,0.828,241.956,
358613376,175.198472,79.612558,12.6361,5921.0,4.5,0.97,1.08,462.904,
356822426,275.098441,71.161935,12.456,6464.0,3.94,2.04,1.31,1043.59,
952046774,198.540133,-16.559329,8.0935,,,,,46.5528,
58533991,202.001393,-29.791077,9.5399,7423.0,3.89774,2.43,1.7,397.15,
130981260,188.565163,-35.05366,10.1793,7042.0,3.97,2.13,1.55,430.587,
289988797,192.13314,-13.65338,10.0415,5702.0,4.14,1.42,1.016,197.507,
297148017,202.416161,-16.555127,10.3738,4813.4,,,,,
126737992,136.91925,-50.640231,8.2938,7511.0,3.92857,1.92067003250122,1.75,166.873,
426017070,42.812401,-73.155511,15.951,31000.0,5.59998,0.18000000715255737,0.47,5885.3,
31637479,45.914751,-69.747697,9.2747,5399.6,3.9,1.56,0.94,132.682,-0.77
421951960,329.829884,-19.7446,9.10478,6407.0,4.35687,1.24512004852295,1.257,135.086,
394357918,43.828475,-79.414704,14.2612,3147.0,5.04654,0.240806996822357,0.210978,69.3649,
152563846,172.227886,-38.106977,10.7194,4395.6,4.49,0.938435018062592,0.69,99.0303,-0.67
300579472,321.108012,-29.248223,8.985,5639.0,4.55041,0.88,0.94,68.4487,
176780257,48.283944,-34.375416,8.301,6047.0,3.7899,2.23199009895325,1.12,154.732,
424747720,290.672257,-51.426409,13.0123,3919.0,4.63413,0.593316972255707,0.582602,148.134,
7422496,81.348892,-44.431285,8.7601,5744.0,4.56261,0.879320979118347,1.03,69.6026,
65416038,40.92402,-28.343988,10.6617,5067.0,4.54195,0.816585004329681,0.847,121.494,
167905035,151.707956,-29.966743,8.6282,5816.0,4.37494,1.10194003582001,1.05,83.9132,
41995709,23.788129,-41.507216,11.8791,6064.1,4.18,1.44,1.13,507.639,-0.45
382419744,35.04738,-54.10332,12.7464,5652.8,4.38,1.27,1.01,597.937,
299176311,22.26623,-8.17935,12.5496,5943.0,4.42,1.07,1.09,505.742,
67598139,17.632245,-34.270678,12.6802,5890.0,,,,491.261,
67566164,16.001037,-31.68549,12.5345,5828.0,4.28,1.24,1.05,560.078,
332579116,62.022558,-12.332383,12.8512,4665.0,4.6,0.71,0.74,240.7,
459913687,59.018561,3.610113,13.3547,5648.0,4.36,1.09,1.0,545.887,0.0459514
220144363,99.039982,6.472367,11.5141,6534.0,4.03,1.85,1.347,598.941,
53593542,100.367833,-3.892372,13.5569,5640.0,,,,1362.6,
95057860,90.474724,-13.461371,13.5011,3790.0,4.64,0.61,0.599491,189.011,
237603062,103.310748,2.936985,13.519,5247.8,,,,1466.79,
72494421,93.334811,-11.492309,13.5854,5304.5,,,,1500.32,
158697949,86.905182,4.382898,10.9786,7068.0,4.35,1.39,1.564,346.758,
280645209,101.297015,-1.96049,12.672,5076.0,4.4,0.97,0.85,344.106,
281242007,98.984253,4.713477,13.2045,5796.8,4.07,1.56,1.04,860.033,0.317
37242226,98.313616,-4.1063,13.3581,7248.0,3.95,2.23,1.63,1719.42,
280304556,100.898906,-1.158464,13.6625,,,,,1725.36,
200090347,86.682021,3.98974,13.2977,6142.0,4.17,1.47,1.16,764.305,
409315469,109.772452,-14.970588,12.9715,4614.0,4.16,1.17,0.731,393.038,
385654601,110.792422,-13.219616,12.9289,6671.3,,,,1523.53,
126864892,116.382113,-25.98469,11.974,8807.8,,,,1051.92,
32408928,117.475892,-10.381904,12.6825,6259.0,4.34,1.23,1.22,656.326,
409594381,110.24951,-13.926265,11.0071,5936.5,4.28,1.59,1.044,346.881,
7274938,113.836327,-11.001601,13.0896,6915.0,4.19,1.63,1.51,1183.53,
187861378,111.293211,-8.620052,11.2486,8582.7,4.08,,,1675.78,
108939482,112.729853,-28.684266,13.5295,6325.0,4.41,1.1588499546051,1.25,927.754,
142628514,118.791369,-22.611009,12.7868,6976.0,4.22,1.58,1.53,1016.95,
114103136,113.982909,-30.748181,16.0657,3901.0,4.47,0.75,0.605,695.78,
346995484,117.353395,-14.564683,13.475,7246.0,,,,1289.89,
334252687,116.806624,-14.55819,12.8542,5858.0,,,,746.058,
318054782,110.868087,3.134948,12.9913,6158.0,3.87,2.09,1.17,1246.21,
157088184,104.807393,-37.45202,12.8006,5944.0,4.43,1.05,1.09,502.584,
148667071,114.747907,-30.575281,12.2815,6289.0,4.11,1.62,1.23,715.234,
141405814,117.121112,-19.340207,9.7402,10262.0,,7.03693,,1658.75,
127328218,116.964425,-25.567936,11.5637,7998.0,,2.04,,867.497,
99081059,107.709537,-20.055305,12.5536,6610.0,4.16,1.63,1.38,857.708,
415143674,114.566022,-23.804576,13.5444,5932.0,4.07,1.58617997169495,1.08,1114.01,
319282294,110.294291,-9.500598,13.5964,9024.0,4.19,2.0,2.28,2348.86,
128127712,117.673125,-26.52598,12.6356,5436.9,,,,,
127895118,117.472121,-28.353484,12.3563,8945.0,4.35,1.67,2.26,1175.96,
126357909,115.809569,-26.239291,13.5184,5699.0,4.55,0.89,1.015,591.382,
113295476,113.266602,-30.104096,13.5689,6079.0,3.92,1.94,1.14,1469.53,
81055189,106.355066,-21.109526,13.5392,6481.0,4.38,1.23,1.32,1003.03,
157528286,106.633113,-38.054496,13.0556,6044.0,4.29,1.25,1.12,706.679,
36227841,149.853813,-45.449353,12.7411,6115.0,3.72,2.44753003120422,1.15,1171.09,
30825828,134.756209,-42.186803,13.1731,5774.7,,,,616.409,
24615998,141.395946,-33.229454,13.3502,4973.0,4.49,0.85,0.82,395.573,
22121296,148.56571,-25.093582,12.7797,6614.0,4.05,1.84645998477936,1.38,1126.25,
19547831,139.661657,-32.748719,12.6943,6531.0,4.05,1.81,1.35,949.356,
4102368,140.328336,-39.325017,13.6438,5412.6,,1.08,,598.001,
445582110,113.17513,-51.998148,12.4688,5967.0,4.07,1.59435999393463,1.09,656.6,
400683848,134.371324,-52.039581,10.7492,6127.0,3.25,4.216050148010254,1.16,650.191,
393340920,130.709387,-46.213327,12.4027,6310.3,,1.61,,767.846,
52928939,125.806237,-45.792458,11.7519,5093.0,4.52,0.800840973854065,0.99,211.183,
291465998,111.111271,-51.697365,12.9,6126.0,4.41,1.11324000358582,1.16,600.771,
286153328,123.912362,-50.620853,13.5597,5883.0,4.39,1.095229983329773,1.07,631.768,
190986054,134.433236,-38.371148,11.548,5936.0,4.18,2.09,1.42,654.475,
269568703,119.480728,-52.651034,13.551,4360.5,,2.12,,,
269249506,118.800431,-48.703146,13.4202,7156.0,4.15,1.77,1.6,1432.78,
192520375,138.052275,-39.657928,12.5405,9421.0,4.31,1.79,2.39,1297.87,
145038729,131.72005,-51.191017,12.6583,7302.0,4.49,1.21229994297028,1.65,631.32,
145249556,131.969597,-50.470606,12.9027,5658.5,,,,884.15,
92744152,128.927489,-53.82826,12.5347,6416.0,3.9,2.11854004859924,1.29,955.191,
82302240,124.351447,-45.406543,12.5225,8330.0,4.04,2.26,2.06,1131.58,
77102895,141.247814,-42.799765,12.7158,6519.0,3.54,3.25,1.34,1391.51,
75208638,138.741096,-45.122969,11.7159,7192.0,4.56,1.1,1.61,407.374,
74484886,137.490377,-43.201719,13.3285,6353.0,3.88,2.13,1.26,1080.66,
268643535,117.330048,-51.261706,11.9452,5435.5,,1.17068994045258,1.24,390.587,
74967390,138.420407,-43.180476,12.1899,6349.0,,1.41,,764.85,
74197917,137.285031,-46.184649,13.7682,3810.2,,,,,
53365065,126.335415,-47.043046,11.1882,6613.0,4.36,1.28603005409241,1.38,337.209,
48276576,148.08664,-34.95789,13.5379,6071.0,4.2,1.39250004291534,1.13,1001.77,
45996325,150.080535,-39.65956,11.8471,7606.3,,1.01,,,
118308828,128.701521,-56.331828,12.1162,5895.0,4.1,1.53,1.07,538.114,
442050698,145.77866,-58.510776,13.453,5051.7,,1.97,,1039.14,
80783538,166.070243,-49.821498,13.079,6719.0,4.25,1.48,1.43,963.819,
341272282,119.311724,-56.962926,11.0418,8265.0,,2.12,,433.157,
178657161,165.858908,-44.268776,12.4946,5816.5,,,,575.478,
151920165,168.563889,-37.910133,12.5695,5886.0,4.07,1.58,1.07,683.062,
146842334,160.896457,-47.256331,11.693,5829.0,,,,460.819,-0.3
146664561,159.97958,-43.770389,12.8441,6307.0,4.25,1.39,1.24,770.937,
133331642,149.751407,-48.198662,13.3012,6728.0,3.9,2.23,1.43,1370.72,
290388627,173.718159,-63.445819,13.3992,8878.0,4.33,1.7,2.24,1321.29,
363635669,147.713157,-62.203109,12.2951,6132.7,,,,689.348,
469811655,299.975106,-73.875934,12.0846,4983.0,,,,,
466682238,295.351296,-76.219867,13.2152,5976.0,4.27,1.27,1.1,748.416,
466222485,302.868371,-64.346282,13.0236,5483.0,4.14,1.39,0.96,688.773,
407146536,235.165334,-81.203316,11.2851,5914.8,3.59,2.77295994758606,1.08,628.105,0.36
387193925,304.700911,-58.687351,13.1296,5972.0,4.35,1.16,1.1,709.048,
384386061,249.368745,-80.974073,13.1335,5558.7,,,,,
374348168,301.999038,-70.615591,12.0797,5780.0,4.51,0.94,1.04,334.396,
343952976,276.828678,-77.131653,11.227,6838.0,4.32,1.4,1.48,417.879,
280726137,345.719245,-80.13947,13.0528,5759.0,4.3,1.80569005012512,1.13,1038.06,
310105752,250.890747,-75.988414,12.9526,6328.0,4.36,1.23,1.25,746.443,
294097592,107.523368,-55.856558,13.5159,4938.0,4.49,0.85,0.81,415.392,
290407621,234.853397,-85.473742,12.5483,6387.0,4.0,1.86,1.28,939.295,
278821913,100.198832,-56.546373,13.1853,5036.0,4.54,0.82,0.84,372.21,
278540265,121.188359,-82.065763,12.0021,6025.0,3.81,2.18,1.12,610.604,
278196907,109.815227,-80.473777,12.1412,5313.0,4.59,0.8,0.91,228.13,
257520272,290.530405,-83.233448,13.3404,6029.0,4.27,1.28,1.12,753.31,
255918903,266.633808,-70.409811,13.0566,5878.0,4.36,1.13,1.06,641.969,
101696403,302.978454,-49.001569,12.6211,5705.0,4.39,1.06,1.02,472.755,
30499203,285.628501,-31.54321,13.5137,5512.0,,,,726.227,
325527653,4.632474,-84.360009,13.4783,5217.0,4.28,1.14,0.89,575.978,
72668830,33.449996,-27.867678,10.4161,4985.0,4.45,0.8990809917449951,0.825,115.716,
28116365,14.351872,-21.550474,10.8724,5030.0,4.53132,0.821739017963409,0.837,132.887,
146282666,35.988175,-34.109932,9.1259,5857.0,4.26578,1.22058999538422,1.14,125.077,
67535663,182.100526,-55.047088,10.2696,6758.0,4.28,1.45,1.45,284.376,
266843799,175.539949,-57.368489,9.9747,7311.1,4.16,3.37,1.88,668.389,
307079330,166.25097,-46.034539,10.1737,5686.0,4.46,0.98,1.01,143.833,
182078202,14.736175,-76.589893,10.2891,5653.0,4.55306,0.876001000404358,1.0,132.802,
200296137,72.356386,-43.353685,9.4623,6908.0,4.12055,1.76523995399475,1.5,256.048,
366443426,126.615828,10.080371,8.4642,6352.33,4.30502,1.31,1.261,106.289,0.021
372068780,310.443577,-68.134987,7.8459,6200.0,3.63371,2.75391006469727,1.19,159.007,
44898913,64.13091,-28.315791,14.2683,2887.0,5.15917,0.155497997999191,0.127219,32.4298,
141186075,81.327498,-75.693734,6.6418,6079.16,4.438,1.09843003749847,1.14,36.0469,
144193715,327.753069,-43.562364,10.339,5015.0,4.47652,0.79,0.9,108.932,
56662591,158.578516,-9.162846,9.456101,5220.0,4.54936,0.8299430012702942,0.89,75.7444,
303317324,351.903531,-25.508462,9.4961,4159.0,4.53501,0.7210839986801147,0.65,40.0268,
122617317,41.685522,-31.17932,10.7236,5159.0,4.519,0.850728988647461,0.872,134.988,
251086776,37.547588,-3.405125,10.4779,3808.0,4.69366,0.550329983234406,0.545551,40.9223,
294324819,108.884571,-55.555017,9.6032,5781.0,3.82788,2.05876994132996,1.04,232.521,
459952217,71.266602,5.871586,8.22109,7802.0,4.21386,1.76118004322052,1.851,158.797,
139148528,344.622965,-44.716935,10.2768,5809.0,4.56733,0.91421502828598,0.97,134.093,
7020254,126.5535,12.281851,12.7462,5742.0,4.58473,0.86,1.026,413.591,
422914082,38.31042,1.69093,10.0121,4354.29,4.39555,0.865987002849579,0.68,67.368,0.037
311130133,59.771874,6.924473,10.3687,5683.0,4.58721,0.846841990947723,1.011,120.871,
157115010,100.971875,-43.892984,10.82,4438.0,4.438,0.725032985210419,,83.6486,
404518509,51.640345,-43.613665,8.6022,5871.0,4.43296,1.04,1.06,79.208,
325081244,327.947949,-70.351914,7.3016,6163.97,3.72396,2.46119999885559,1.17,110.275,
13883872,73.7411,-41.34421,10.162,5914.2,4.30929,1.20530998706818,1.08,188.964,-0.05
143022742,54.466785,-30.057438,12.531,3414.0,4.77364,0.458860993385315,0.455971,70.7878,
408416746,145.646473,-19.235699,9.75311,3479.0,4.8309,0.395397007465363,0.386274,17.038,
202185707,101.848588,6.128717,11.8206,3896.0,4.70541,0.454048991203308,0.450871,51.0354,
303586471,351.988437,-26.454622,7.7158,6034.49,4.42122,1.07903003692627,1.12,57.7233,
140687214,73.206864,-76.339681,12.1285,3672.0,4.68064,0.57,0.558945,84.4016,
77175217,68.288836,-36.945858,7.7679,4709.0,4.57486,0.739835023880005,0.75,25.0039,
256722647,329.563915,71.131605,11.8832,5520.0,3.55,2.7442901134491,0.97,717.128,
47617038,220.350188,-33.950483,7.6581,4886.0,,8.71,,290.313,
148833828,231.248546,-40.216633,10.1952,5992.0,3.77,2.25,1.1,346.327,
178959058,209.699173,-40.619073,9.783,6793.0,4.15,1.68,1.46,269.304,
144645881,229.730951,-44.500399,9.326,6606.0,4.09,1.75209999084473,1.38,212.956,
128531633,219.476976,-46.285122,10.2591,6657.0,3.93,2.12,1.4,398.085,
443658196,199.734195,-62.974419,11.5124,8933.0,4.45175,1.48,2.25,636.157,
166184428,206.107013,-40.337351,11.0196,3365.0,4.89744,0.326568007469177,0.30713,22.5455,
399642071,164.289787,-69.979379,11.1567,3953.0,4.6489,0.617703020572662,0.62,65.1329,
253434221,196.73335,-58.110955,10.0865,4979.2,3.92,1.909690022468567,0.9,219.732,
7439481,212.92874,-29.973981,14.0644,3455.0,4.82691,0.399724006652832,0.391168,123.032,
454038613,175.66163,-40.060512,10.0116,6406.0,4.23,1.44,1.29,231.084,
62301521,291.534894,-43.187188,13.7827,2891.0,5.22041,0.133376002311707,0.10777,23.7607,
354944123,324.38942,-77.979147,11.0318,3883.0,4.65275,0.59817498922348,0.586597,61.5204,
278988097,101.830564,-56.617503,11.255,6112.0,4.5884,0.901955008506775,1.15,242.572,
38939275,69.651026,-61.343471,9.4826,5854.0,3.83792,2.05460000038147,1.06,232.265,
469791892,298.438373,-69.852102,14.752,31000.0,5.59962,0.180000007152557,0.47,983.721,
389371332,86.01889,-66.359097,12.4375,3917.0,4.61771,0.640110015869141,0.61966,130.457,
32498058,84.193559,-24.031219,8.83419,7607.0,4.31008,1.56284999847412,1.775,195.126,
350299588,83.90994,-57.13863,8.3987,6128.0,3.96225,1.86266994476318,1.16,136.786,
313889049,0.129574,-26.231082,11.7463,3851.0,4.71539,0.558169007301331,0.59,72.4603,
50379036,32.883907,-76.107434,8.9504,5937.0,4.35104,1.14874994754791,1.08,103.01,0.18
358253047,61.759269,-58.151013,11.0155,5303.0,4.4996,0.888701021671295,0.91,169.402,
237332812,346.832823,-60.084972,9.3391,5461.0,4.57288,0.834551990032196,0.95,78.6946,
176797879,48.583356,-34.032804,10.3347,3614.0,4.80335,0.425622999668121,0.420079,25.1426,
332715376,32.671165,-0.678884,10.1075,5737.0,4.47544,0.969790995121002,1.025,140.228,
260655847,98.143838,-55.648969,7.2298,5423.0,3.73635,2.17481994628906,0.94,76.6142,
149389419,83.995969,-63.926388,9.2546,6855.0,4.20414,1.5925600528717,1.48,204.982,
300011941,106.913225,-66.406577,10.5385,5789.58,4.35115,1.12713003158569,1.04,189.148,-0.117411
273418421,344.124307,-76.797679,8.9077,5830.0,4.57203,0.823673009872437,0.98,66.1798,
133505138,149.731452,-53.301515,9.5115,6529.0,4.33,1.32,1.35,177.018,
52307802,21.71927,-68.634522,12.747,3246.0,4.91671,0.308246999979019,0.286048,43.2301,
334632624,141.347664,-15.922146,8.6661,5944.0,4.30249,1.22038996219635,1.09,98.2063,
238164799,106.396137,-51.38399,8.4592,6688.0,4.19679,1.5731899738311768,1.42,135.183,
325682877,37.110555,-12.549363,11.2473,4002.0,4.5511,0.69132000207901,0.62,77.7751,
4070275,80.066927,-4.239248,11.3993,3500.0,4.76752,0.465777009725571,0.463239,43.9662,
413343957,231.955685,-56.319054,10.3593,6311.0,4.23,1.41,1.24,253.221,
297361900,180.29815,-67.760233,10.1441,5355.0,3.82,1.96,0.93,245.444,
313675203,202.167147,-61.83472,9.462,5603.0,4.49875,0.91,0.93,87.7559,
314724818,202.652035,-61.218031,10.0199,8353.8,4.1,3.60933995246887,2.75,882.905,
278862750,100.58781,-58.18322,9.329001,6730.0,3.8,2.5,1.43,311.844,
335040423,201.461155,-16.428176,9.32312,6161.0,3.95,1.9,1.173,211.98,
450649506,186.900833,-60.163329,10.2089,5801.2,4.22,1.62,1.21,261.247,
401980624,218.855499,-76.214095,10.4286,5496.0,,1.03,,150.664,
315350812,203.175914,-65.241367,9.8459,7217.6,4.11,1.63,1.86,302.514,
308191940,180.433197,-61.954742,10.1908,9635.0,3.92,2.85,2.46,795.894,
343708863,206.77501,-70.50753,9.4128,10390.0,3.79,3.44,2.68,689.355,
250306572,223.305502,-50.796242,10.2973,7029.0,3.86,2.42,1.55,454.074,
394918211,164.932471,-82.22135,10.7934,4913.0,,3.413480043411255,,455.82,
394721720,20.278556,-85.590652,11.7993,5930.0,4.36195,1.13442003726959,1.08,355.943,
97766057,252.047881,-32.433753,11.8994,6368.0,3.91383,2.060719966888428,1.27,645.158,
169958952,252.281636,-54.20468,11.2211,5780.0,4.438,,,,
305767364,263.167427,-64.352997,12.2907,5377.0,4.5569,0.841058015823364,0.93,289.745,
32460142,266.167558,-44.24599,9.3397,6255.0,4.19885,1.45475995540619,1.22,164.406,
384744828,258.918826,-79.648182,9.8062,5715.4,3.92,2.40324997901917,1.37,335.446,
259230140,223.193604,-68.666543,9.657,7596.0,4.27063,1.61,1.77,283.585,
22186226,268.198087,-45.082806,10.6163,6840.0,3.72526,2.76396989822388,1.48,612.688,
350575997,246.621368,-63.457879,9.7688,8127.0,4.24828,1.75,1.98,351.087,
33350443,266.746645,-47.208394,10.8267,7042.0,3.85746,2.4292299747467,1.55,631.098,
313554509,302.582047,-78.726156,12.0996,5225.05,4.35079,1.04312002658844,0.89,284.225,0.259077
41387532,256.44018,-30.816707,9.50494,6160.0,3.55136,3.0048201084136963,1.172,330.437,
369345064,262.647539,-52.336729,9.4148,5095.6,,,,,
66620917,236.069274,-54.320889,7.301,,,,,162.338,
429791387,241.778637,-55.768002,9.2752,7030.0,3.86,2.43,1.55,307.139,
107440797,264.977797,-31.010482,10.4708,5958.0,3.87,2.0,1.091,359.343,
341805908,239.561368,-65.084504,10.3355,9747.0,3.54,4.427289962768555,2.49,1337.35,
218483943,262.519987,-42.456376,9.087,9505.0,3.83,3.13,2.42,483.206,
379723086,256.820009,-66.127056,10.0288,5822.0,4.14,1.45,1.05,205.112,
107728509,265.109377,-32.124087,10.4304,11526.0,4.56,1.52,3.04,458.16,
214243287,260.799238,-51.024433,9.933,,,,,213.41,
464646604,287.741144,-60.272636,7.7582,5985.4,4.4,1.08958,1.1,58.5146,
231630147,317.159425,-55.56516,11.943,5478.8,4.4,1.63563001155853,1.01,534.436,
178170828,43.136576,-30.206588,11.0876,5366.0,4.49884,0.898717999458313,0.929,180.524,
197807778,53.504784,-54.36679,9.8429,5811.0,4.33357,1.15017998218536,1.04,151.543,
350931281,90.71014,-55.532931,10.7888,5515.2,3.91,1.72395002841949,1.06,339.264,
342314656,123.724987,-57.433076,10.7108,5869.0,4.07271,1.5679500102996826,1.06,286.115,
177254988,101.595337,-75.444127,12.3813,4361.0,4.59663,0.687025010585785,0.68,155.501,
206541859,18.048516,-56.925387,10.5663,5906.5,4.16721,1.41293001174927,1.07,261.834,-0.07
207238953,50.21978,-56.071719,10.9015,5559.0,4.41401,1.01775002479553,0.98,199.286,
260189643,93.180626,-57.314409,13.2896,4389.0,4.64365,0.655595004558563,0.69,234.682,
382200986,81.818658,-54.946098,11.8911,4930.5,,0.73200798034668,0.81,179.419,
280803800,44.396282,-66.512498,10.5978,5489.0,4.44576,0.913251996040344,1.01,162.42,
366484980,126.896827,11.667413,9.15722,6266.98,4.19069,1.47,1.221,160.125,-0.082
35315453,249.808328,-52.099838,10.2956,6849.0,3.99,2.05,1.48,389.597,
142019343,97.227889,-73.326667,9.6256,5364.0,4.5,0.89,0.93,92.9715,
1405997635,267.475228,-37.531317,10.3147,,,,,,
1234810324,247.098356,-49.514152,10.0209,,,,,455.557,
79605791,251.780014,-39.947307,9.5378,6238.0,3.94,1.96,1.21,236.604,
208297760,244.467204,-54.166478,9.3456,4846.0,4.57,0.76,0.79,56.8503,
295593712,273.846341,-68.595252,10.0819,5343.0,4.58,0.82,0.92,101.606,
352229268,288.488957,-76.089319,10.3468,5785.0,4.45,1.01,1.04,163.32,
362709886,246.799613,-69.344037,9.550201,6203.0,3.98,1.85890996456146,1.19,230.661,
141412823,84.237192,-75.611421,10.4078,5788.7,4.22,1.78,1.08,300.427,-0.134461
263748033,270.051173,-31.608593,9.944,7995.0,4.2,1.83,1.93,359.619,
344600402,252.03108,-56.686774,10.4425,5678.0,4.33,1.14,1.01,182.238,
326386495,268.24441,-48.563082,9.8496,4926.2,4.67,0.69,0.81,67.266,0.0384604
106940971,264.841449,-35.391821,9.3777,6468.0,4.22,1.47363996505737,1.32,175.367,
271354351,294.865467,46.285813,14.5787,5381.0,4.45342,0.947475016117096,0.93,914.699,0.11
207339000,135.049261,72.147747,11.3427,5328.0,4.50337,0.889217972755432,0.919,198.251,
271042217,294.513246,45.981645,13.9174,5651.75,4.13988,1.40959000587463,1.0,1093.08,0.314793
233188747,225.589638,70.949594,12.7714,5402.0,4.37462,1.04300999641418,0.94,461.898,
362222177,286.680147,78.579143,12.8668,5490.0,4.09312,1.46,0.96,665.068,
121660904,288.581493,41.089734,12.4532,5974.0,3.84282,2.08121991157532,1.1,922.562,0.17
198610218,271.308219,47.911223,12.5386,4034.0,4.21431,1.02777004241943,0.631,209.435,
158551257,287.57055,43.531709,14.2502,5780.0,4.438,,,833.364,
63452790,292.855719,46.391188,13.814,5616.02,4.4174,1.01894998550415,0.99,758.753,0.0914204
122596693,290.581743,40.577311,14.6147,5003.05,4.56877,0.783767998218536,0.83,686.284,0.318
420268415,308.426581,87.009328,11.8931,6250.0,3.91912,1.99925005435944,1.21,621.061,
237205154,293.583219,76.661086,13.0024,6182.0,4.3753,1.17,1.18,686.482,
22233480,270.317239,35.594899,11.2695,3353.0,4.84911,0.375858992338181,0.363996,30.0346,
267545252,284.280822,48.537916,13.8686,5529.0,4.47066,0.948616981506348,0.97,714.501,
164786087,284.830443,44.658093,14.6979,5780.0,4.438,,,1071.8,
23982469,276.123535,32.065393,11.0477,7305.0,4.05424,1.998270034790039,1.65,627.308,
446158352,88.754704,82.889011,13.4835,6557.0,4.08473,1.75,1.36,1435.21,
158241252,274.268664,21.909546,7.9147,5834.0,4.44433,1.01733005046844,1.05,56.0739,
158167408,285.971768,42.545624,13.5728,6064.0,4.27292,1.28561997413635,1.13,989.963,
158388163,287.130578,42.350153,13.4584,5501.0,4.39363,1.03121995925903,0.96,630.785,
137899948,292.872929,41.064173,14.9826,3792.0,4.63873,0.61482298374176,0.600017,381.949,
153937417,172.872285,71.081486,13.5868,4230.0,4.55383,0.7110360264778137,0.66,268.37,
138359318,293.732783,36.815494,14.956,5780.0,4.438,,,,
322046084,278.326026,25.395158,10.3446,5856.0,4.25,1.28,1.058,213.604,
373017346,306.137819,87.071156,10.5801,5844.0,4.34318,1.15,1.054,210.858,
23229805,274.760444,34.045704,8.5608,6138.0,4.43818,1.07688999176025,1.16,87.8966,
229581160,270.165725,72.939501,13.5167,5480.0,4.31394,1.13031995296478,0.96,718.574,
243333538,289.839513,56.93037,13.7703,6126.0,4.46702,1.04172003269196,1.16,880.941,
48217457,282.966215,48.345055,14.3168,5983.0,4.3973,1.09921002388,1.1,1145.28,
138644215,294.192119,39.618973,12.8939,6136.25,4.15767,1.48740005493164,1.16,822.96,0.0853783
27774415,296.200551,49.14003,13.2394,5550.93,4.18442,1.32567000389099,0.98,739.412,0.192744
299220166,289.434667,49.473455,14.3258,5549.0,4.50842,0.912926971912384,0.98,843.695,-0.22
229671380,252.125998,74.76375,11.0672,5904.4,3.84,2.09556007385254,1.11,505.432,
230129753,251.827318,67.298053,14.3668,3750.0,4.67041,0.58,0.569246,254.968,
461635621,19.91003,85.13439,10.3859,4818.0,4.65,0.69,0.78,82.2168,
149282072,279.146891,16.45244,10.4787,5025.0,4.56,0.79,0.836,106.424,
76420654,274.669941,36.254856,10.445,5918.0,3.84,2.06,1.08,368.922,
8599009,279.358129,18.729952,10.4673,5541.0,4.36,1.09,0.975,173.117,
441589581,113.133261,75.789688,9.12551,5022.0,,5.14,,360.444,
157236902,276.134031,15.841886,9.85277,5557.0,4.44,0.99,0.979,121.139,
268604331,299.097517,43.497585,13.3926,6669.0,4.12805,1.69675004482269,1.41,1249.41,
48506505,285.268528,48.559884,11.8933,5461.54,4.50982,0.897403001785278,0.95,268.041,0.0553929
441763252,260.575023,72.645373,13.2847,4975.0,4.55845,0.79,0.822,375.517,
75262942,299.050641,17.569963,14.1959,4051.0,4.54826,0.701368987560272,0.634,305.3,
256364928,300.182122,22.709776,6.8481,5023.0,4.58,0.77648401260376,0.84,19.7638,0.02
27318774,294.996342,50.470046,14.4394,5778.0,4.37783,1.09303998947144,1.04,1140.95,0.14
63211674,292.287301,43.197254,13.1981,6011.95,3.75585,2.31083989143372,1.11,1418.77,-0.120381
122441491,290.357978,40.567697,14.148,5211.36,4.54655,0.83263099193573,0.89,646.647,0.442
264508014,298.62498,48.57745,13.692,5355.0,4.33005,1.09205996990204,0.93,698.646,
159098316,289.607943,44.345435,13.4231,5482.59,4.36922,1.06061995029449,0.96,639.411,0.338
399794420,285.213819,39.027466,15.0236,5703.0,4.31786,1.15986001491547,1.02,1490.94,
64531556,309.461444,37.155939,11.7018,8451.0,4.00707,2.38,2.1,782.732,
233823679,303.549181,54.694405,11.4682,5774.0,4.32015,1.17,1.035,296.293,
126606859,316.096939,24.653674,12.9374,3449.0,4.80176,0.427388995885849,0.422022,80.6532,
377873569,294.356556,38.947342,11.0418,5843.47,3.27448,3.91191005706787,1.05,788.238,-0.246731
239332587,311.2697,44.500235,8.72762,3573.0,4.80376,0.43,0.419577,12.0445,
27990610,297.015464,49.225299,14.4889,5413.0,4.39994,1.01303994655609,0.94,939.744,
209752908,297.790921,16.912568,15.1403,4355.0,4.53128,0.740711987018585,0.68,565.541,
272707711,296.683099,42.967882,15.0893,4844.0,4.54518,0.785703003406525,0.79,734.772,
137903329,293.092528,41.35551,13.9154,5828.81,4.14418,1.43728005886078,1.05,1177.55,0.237773
99224131,305.441329,26.692676,9.93225,6955.0,4.04,1.96,1.522,350.351,
193754373,306.422081,45.971031,11.4923,5773.0,4.03,1.69,1.11,479.145,
269269546,299.905917,45.43961,14.3945,5353.54,4.47701,0.922087013721466,0.93,751.776,0.277
267572272,284.296039,51.269121,12.7678,5477.0,4.54393,0.86736798286438,0.96,390.594,
268924036,299.561868,43.503517,14.7344,5767.0,4.31546,1.16875004768372,1.03,1302.33,
193336820,305.689744,47.308619,10.4382,4006.0,4.68,0.6,0.63,46.4488,
298297931,308.6508,29.238102,9.63105,5667.0,4.24,1.26,1.007,143.184,
263218688,298.686935,23.060942,8.94942,4954.0,,2.82,,181.32,
40466976,293.328194,33.482606,7.3664,6303.8,,,,54.9701,
120826158,286.362495,37.02599,9.00568,6156.0,4.25196,1.34,1.171,132.214,
275758701,305.270928,43.675167,9.159,,,,,264.751,
436166416,306.396098,27.816089,10.3544,7172.0,4.16,1.75,1.6,395.542,
305943739,295.468588,23.377283,7.948,5821.4,4.16,1.42,1.05,79.4746,-0.27
120183168,284.361887,39.076184,10.1293,6111.0,4.43,1.09,1.151,175.743,
406190563,306.244087,30.348186,10.351,6802.0,3.63,3.08,1.46,604.164,
22069559,292.723724,30.433453,8.46837,8279.0,3.81,2.94,2.037,334.551,
239372503,311.435385,43.445151,8.716291,11798.0,4.18,2.38,3.135,413.683,
167719618,103.092872,-65.097657,9.0803,5334.0,4.6001,0.796253979206085,0.91,62.505,
349972412,114.467307,-62.078278,12.5542,5271.0,4.43,0.96091902256012,0.9,342.605,
150299840,95.241796,-60.955781,10.4223,7182.7,4.24,1.96747994422913,1.48,421.749,-0.459839
434105094,354.410625,-12.84253,13.6343,2938.0,5.14513,0.185012996196747,0.154449,,
179582003,80.451368,-69.988217,10.2301,6115.26,3.90726,1.97584998607635,1.15,178.26,-0.0159192
170789802,69.614731,-31.189335,11.8371,3383.0,4.89132,0.332563996315002,0.314054,33.4412,
319610598,100.953422,-52.638381,11.4003,6930.0,4.10087,1.81171000003815,1.51,629.031,
340458804,115.639048,-58.623272,10.3607,7923.0,4.35405,1.51839995384216,1.9,373.289,
333674399,49.305279,15.501727,9.81932,5708.0,4.44413,1.0,1.017,121.832,
243014114,60.792973,16.347166,11.2723,4246.8,4.5,0.758891999721527,0.66,99.9293,-0.029416
408261725,18.090518,13.75508,9.96064,5558.0,4.62634,0.8,0.979,102.609,
436875934,42.721741,29.022249,13.1361,5032.08,4.49678,0.86,0.84,361.155,0.288
456862677,21.186178,21.513064,11.302,5420.82,4.52994,0.874077975749969,0.944,193.499,0.123
85593751,47.368947,30.673382,10.9332,4926.0,4.51771,0.820640027523041,0.809,124.73,0.19
301289516,351.771776,-1.285343,9.0684,4199.0,4.65321,0.63,0.66,29.661,
398572544,353.616269,-1.579985,11.6238,6134.0,4.41,1.11,1.16,348.494,-0.12
419957393,31.106453,3.99893,13.4911,5780.0,4.438,,,,
404243877,347.704316,-7.857559,13.1749,5342.0,,,,537.963,
439842788,334.796989,-1.83443,11.4825,5082.0,4.5108,0.848393976688385,0.851,176.818,
369480087,23.304228,5.645209,15.6615,3473.0,4.87657,0.347330987453461,0.331123,233.735,
427332229,3.961707,1.200512,11.021,6427.0,4.52834,1.03,1.3,275.994,0.28
333657795,49.178124,15.656354,8.1359,5640.0,4.35,1.11,1.0,63.6796,-0.05
36592530,342.385899,-10.675469,10.931,6089.0,4.28,1.28,1.14,294.001,
39926974,335.623315,-7.956353,13.3455,3236.0,4.88,0.3410240113735199,0.323833,62.9969,
380887434,19.472257,5.4712,9.16764,3702.0,4.75,0.485947996377945,0.483997,18.1037,
376981340,19.609812,6.8168,12.806,4492.0,4.51578,0.770497024059296,,220.761,
384888319,16.968846,12.880955,10.1406,3611.0,4.74,0.492758989334106,0.490854,28.384,
35022727,48.435473,25.197355,12.2192,5610.0,4.51915,0.907682001590729,0.993,300.384,0.42
262662119,349.063465,0.30669,12.1796,5846.0,4.31,1.19710004329681,1.06,453.099,
376939759,19.449382,6.868847,13.0121,5633.4,4.27,1.22,1.0,635.722,0.224
418761354,11.480235,6.34703,11.375,4542.0,4.58,0.71,0.715,115.461,
437704321,333.751879,-17.2508,12.3071,4279.0,4.53,0.74,0.669,159.522,
26017005,52.342055,22.299349,12.5489,5198.0,4.33,1.06394994258881,0.883,333.042,
380907135,19.550586,2.702785,10.5559,6404.0,4.03,1.81,1.29,376.658,
251039147,340.59158,-6.87105,8.1954,5975.0,4.42,1.07392001152039,1.1,70.2468,0.15
262715204,349.384346,1.300152,11.2451,5144.5,4.6,0.77,0.868,154.961,0.099
102264230,331.203092,-12.019067,11.29,5576.0,4.34,1.11,0.984,264.78,0.36
388816604,18.588433,1.004796,12.9485,5328.0,4.47,0.92,0.92,427.038,
293432942,26.308509,3.51364,10.027,5986.2,,,,337.7234,-1.822
4464022,346.592747,-9.201478,12.2614,4781.0,4.29,1.05,0.771,284.21,
435336785,55.140851,13.552772,6.7943,4837.8,,3.19,,,-0.06
435339847,55.228521,12.572448,11.2867,4865.6,4.54,0.793475985527039,0.793,141.731,0.237
610976842,19.610142,6.816728,12.813,4492.0,4.52,0.75,0.71,232.801,
25911962,51.440653,23.188666,10.0376,6984.0,4.04,1.96,1.53,329.537,
206284139,338.606231,-13.731804,12.1112,5630.0,4.11,1.45,1.0,491.87,0.18
21130820,36.34112,25.530678,9.962,5970.5,,1.59,,165.593,0.153667
9030119,355.702386,-9.588712,12.8466,5512.0,4.44,0.98,0.97,456.122,
400972123,167.819807,-68.472537,9.7741,7751.0,3.81,2.57,2.26,554.449,
204650483,184.978758,-25.827853,9.02765,4956.0,,3.38,,215.986,
248250955,264.714256,-47.637046,11.9251,3304.0,4.96212,0.28617799282074,0.260928,27.2684,
383721338,278.186572,43.25282,10.4895,6490.0,4.23,1.46589994430542,1.327,309.746,
369768787,144.319335,-84.696258,9.6632,5490.0,4.61819,0.7962930202484131,0.96,88.0207,
141770198,91.875497,-76.69059,8.1676,6199.0,4.21534,1.40972995758057,1.19,96.7153,
107018378,182.925066,-32.53258,13.0454,3319.0,5.03236,0.2185530066490173,0.187676,36.6717,
258917846,197.912511,-47.45457,10.3342,6013.0,4.438,1.233180046081543,,220.465,
220414682,71.112335,-59.321447,8.7147,5217.0,4.438,2.26311993598938,,145.248,
271169413,211.013538,-30.014125,10.9139,3476.0,4.80232,0.4267669916152954,0.421338,31.6354,
307716123,127.832228,-68.0239,9.1007,6491.0,4.00559,1.89742004871368,1.33,207.571,
33716474,60.961895,-76.021457,11.0559,5631.0,4.57723,0.851957023143768,1.0,179.008,
349576261,112.010059,-63.517779,11.5326,5965.99,4.28007,1.25231003761292,1.09,339.605,0.130362
418255064,196.653058,-80.617002,11.6157,5342.0,4.71456,0.697665989398956,0.92,156.348,
400786146,167.000935,-67.149824,10.7716,6123.0,4.07991,1.62670004367828,1.16,333.206,
381897917,270.107996,-48.474637,10.3154,3614.0,4.71017,0.531247973442078,0.528076,33.2345,
269728501,56.769865,-79.334322,11.5832,4443.39,4.57662,0.713303983211517,0.7,118.765,-0.0704768
307849973,128.506585,-66.768549,11.9212,3830.0,4.64404,0.608497977256775,0.594967,91.313,
447088034,238.702259,-65.901121,6.9608,5899.0,4.22221,1.33,1.07,48.0378,
149126400,81.028116,-63.028858,15.764,3725.0,4.92832,0.29764398932457,0.273932,212.947,
137402055,292.068311,38.8422,15.0523,4664.23,4.61963,0.697970986366272,0.74,642.051,0.198857
48451130,284.879979,49.26702,13.7589,4815.0,4.5293,0.795117974281311,0.78,436.257,
154940895,210.048871,88.612103,11.9212,3710.0,4.7642,0.469523996114731,0.467145,61.7358,
362103298,268.253758,66.134585,11.0444,4207.0,4.66778,0.623616993427277,0.66,72.8333,
298428237,312.065404,24.484549,11.7495,3734.0,4.69992,0.54,0.538988,69.81,
372759746,175.196879,71.978724,10.3203,5905.0,4.34239,1.16,1.073,194.791,
157667414,275.226841,16.452703,10.1658,4271.0,4.60188,0.677846014499664,0.67,54.9588,
138364831,293.871914,38.422918,14.4669,5483.74,4.38272,1.04426002502441,0.96,938.715,0.388
154474036,184.210967,75.140236,10.7757,5917.0,4.58257,0.87873500585556,1.077,182.249,
27769688,296.132814,48.97731,11.3523,5509.61,4.47728,0.939951002597809,0.967,223.757,0.155811
219742885,242.415045,65.828021,8.5954,5659.0,5.62196,0.973028004169464,0.98,67.7223,
273231214,297.333072,41.891119,11.7889,6184.0,4.20121,1.42864000797272,1.183,477.052,0.11
219854519,256.860137,68.865626,10.5481,5234.0,4.438,2.56935000419617,,383.846,
103604037,150.892247,67.990199,10.571,5780.0,4.438,,,,
120255950,284.472247,39.911889,10.6114,5696.0,4.40025,1.05177998542786,1.014,185.875,0.11
233529335,280.203329,62.506346,9.64656,6000.0,5.03448,1.28866994380951,1.052,156.873,
416534875,164.524644,59.430179,10.7382,5405.0,4.53628,0.87,0.94,150.445,
137683938,292.579856,37.376262,14.5505,3579.0,4.67905,0.567309021949768,0.560561,258.979,
48031665,282.00042,48.542256,9.06584,7800.0,4.31091,1.57457995414734,1.85,225.181,0.21
164458714,283.151045,45.140084,9.03131,6304.0,4.22164,1.43,1.238,147.527,0.02
154923406,203.195141,84.514705,9.6446,5011.0,4.56555,0.78667801618576,0.83,72.1096,
356868487,275.838952,69.861926,11.7167,6327.0,4.438,1.39013004302979,,526.166,
122785299,291.13762,36.577344,14.575,5160.0,4.39775,0.977053999900818,0.87,835.356,
399954349,287.605703,49.523394,11.6052,4837.0,4.60493,0.731145977973938,0.785,153.676,0.11
158555987,287.807212,43.188801,11.8995,6963.86,4.07013,1.8893699645996092,1.53,847.299,0.032
159725995,291.275663,47.329511,14.9767,5897.0,4.18651,1.38188004493713,1.07,1898.26,
86951294,98.707848,27.388017,9.2564,5598.0,4.45,0.98,0.99,93.4913,
68573534,73.705654,22.146384,7.82403,7712.0,4.31,1.57,1.814,125.189,
29017001,50.787196,24.690039,9.58025,6011.0,3.99,1.76,1.111,208.41,
307809773,99.291543,17.56627,7.89863,3807.0,4.77,0.47,0.463011,10.0055,
232608943,258.450367,64.566173,11.8787,5073.0,4.53,0.831915020942688,0.849,216.056,
349071261,75.814118,24.22327,10.3099,6408.3,4.34,1.27487003803253,1.288,225.749,0.139
467651916,60.600332,31.329835,7.7746,6011.9,4.36,1.16,1.11,63.0637,
437856897,83.865929,21.294242,8.6554,6169.1,3.65,2.68,1.176,225.643,0.287
27039476,76.44594,21.548199,9.3928,5509.0,4.5,0.92,0.97,90.0562,
19155785,81.715698,18.419816,10.2207,5691.0,4.45,1.0,1.013,148.574,
68577662,73.766793,18.654323,9.31437,5981.0,4.31,1.22,1.1,130.72,
28294709,28.905222,24.118154,9.67952,6404.0,4.31,1.31,1.286,180.022,
427740976,59.647191,25.388587,11.4512,7418.5,4.31,1.51,1.7,550.363,0.22
118820486,70.374204,21.257733,10.4117,7461.4,4.22,1.68,1.713,349.025,0.172
1950736,79.04324,30.585072,10.0745,4104.0,4.57,0.69,0.64,47.914,
68646526,73.841599,19.280926,9.02078,6213.0,4.3,1.28,1.196,128.654,
97735908,92.664023,30.957133,8.22398,6327.0,3.99,1.88,1.249,134.058,
436652523,72.633608,13.613468,12.0336,5341.8,3.98,2.4,,678.46,0.041
408809625,38.153496,16.337623,11.0302,4225.95,4.37245,0.876814007759094,0.661,101.255,-0.063
84599716,96.679195,25.205001,11.7892,6350.0,3.78918,2.36933994293213,1.26,835.907,
258796169,14.818088,13.860795,12.8872,3244.0,5.07736,0.192728996276855,0.161878,28.1016,
18373995,71.022672,22.567602,12.357,5752.44,4.27789,1.22040998935699,1.03,333.973,0.254
284326455,99.897992,25.482401,12.2341,4133.4,4.48806,0.759374976158142,0.647,143.651,0.145
238586172,91.108286,22.49945,13.8232,7406.97,4.27763,1.56373000144958,1.69,1490.49,0.031
171160243,68.071463,33.396384,9.56967,7825.0,4.07227,2.08,1.86,272.645,
293457754,26.793225,3.132932,12.3553,5887.0,4.44001,1.0320999622345,1.07,437.495,
94727308,60.22656,31.691067,16.1779,3003.0,4.76981,0.463183999061584,0.460522,297.693,
56399553,62.670422,24.401656,11.5476,5387.06,4.58431,0.817113995552063,0.935,178.475,0.282941
84339983,100.848014,27.252182,10.5136,6635.91,4.24728,1.47070002555847,1.394,320.639,-0.0568545
58472992,65.653481,25.699878,10.5774,4384.23,4.438,0.72012597322464,,,0.04
241442273,205.513548,-48.466443,8.4492,5387.2,,0.84,0.93,51.1333,
89702406,127.649986,-58.528508,11.5252,5356.0,4.38,1.06356000900269,,260.383,
404421005,202.01619,-15.937975,9.66562,5673.0,4.46318,0.9753829836845398,1.008,113.123,
304339227,275.943112,-68.34495,8.6577,6324.0,4.37047,1.12576997280121,1.11,92.0015,
292202337,230.887224,-25.370615,9.046,6294.0,4.53886,0.9688860177993774,1.01,85.3751,
313006381,137.524773,75.610842,8.7551,5614.0,4.60434,0.8216419816017151,0.99,62.2978,
336075472,276.862418,45.454489,10.6329,4152.0,4.55825,0.702045023441315,0.65,65.4707,
307958020,256.843102,62.475548,8.3498,5490.04,4.02198,1.5819000005722,0.96,95.2016,0.237922
17150865,64.644978,19.179039,12.5065,6121.0,4.16573,1.47,1.16,568.754,-0.0665579
337129672,33.630248,8.079261,10.6029,4358.0,4.55296,0.722450017929077,0.68,75.3511,
405484221,56.730555,24.187804,15.7488,3090.0,4.93803,0.289034008979797,0.264156,136.79,
306485267,33.26482,19.402667,10.3991,5142.48,4.50291,0.864650011062622,0.868,112.147,0.14
58824746,12.820663,12.787986,10.7434,5700.0,4.54131,0.894563019275665,1.015,168.248,
91251292,27.314546,21.703491,10.671,6153.0,4.48335,1.02672004699707,1.17,205.737,
337216118,38.205319,10.072466,11.0771,5978.0,4.42301,1.06714999675751,1.1,245.089,
436873727,42.558202,25.333533,7.1323,6798.4,4.11,1.75449001789093,1.46,86.3501,
336961891,30.884661,6.81587,11.9847,3266.0,4.99716,0.242091000080109,0.21235,23.651,
270355392,32.217966,4.306928,10.6127,3782.0,4.72167,0.518020987510681,0.515581,40.1036,
387423096,41.72889,10.025975,11.0505,4242.23,4.5065,0.75,0.66,88.7751,-0.108
46698351,230.71059,-59.835375,10.2381,8972.0,3.83,3.02,2.26,709.453,
286696849,72.799607,50.097926,12.2257,4379.0,4.49,0.777585983276367,0.685,169.637,
303204165,5.246066,12.324003,9.59055,5991.0,4.50886,0.968041002750397,1.103,117.411,
257774438,16.46252,11.753717,8.97055,6101.0,4.44514,1.06229996681213,1.147,101.321,
404713783,29.956527,16.346694,10.1448,5744.71,4.44026,1.01,1.027,148.252,0.157
60646268,334.328447,-32.861291,13.492,4432.0,4.5,0.77,0.69,314.596,
147302550,325.099478,-46.296628,13.3592,5721.0,4.39,1.07,1.02,686.148,
139877968,326.341174,-48.133805,12.1679,5654.5,4.44,0.99,1.0,356.061,-0.936155
238854767,342.755394,-71.741896,11.3326,6397.0,4.36,1.24,1.28,376.59,
99648579,321.394406,-21.79841,13.2157,5820.0,4.34,1.14,1.05,695.482,
209310912,337.171555,-23.935763,13.4227,5134.0,4.66,0.72,0.866,382.837,
120523488,2.911029,-38.010267,13.3652,5053.0,4.48,0.87,0.84,443.769,
434110695,355.018479,-15.946346,11.5471,6200.0,4.25,1.35175001621246,1.19,433.817,
224279091,355.53548,-39.061086,11.5047,5575.0,4.58,0.85,0.98,222.47,
178215634,58.814237,-20.31271,10.9774,5921.2,4.11,1.52,1.08,329.19,-0.56
435259601,51.999785,12.523415,13.2616,4674.0,4.46,0.84,0.745,257.346,
441135051,40.520173,-17.50173,11.858,,,,,179.125,
166778944,57.516031,-31.094025,11.4031,4481.0,4.6,0.69,0.703,111.047,
237358490,61.083254,-49.123531,13.0006,4397.1,4.56,0.75,0.68,230.3,
299551666,54.66524,4.92143,12.7285,5902.3,4.27,1.26,1.07,606.404,0.152
165201455,56.300399,-41.309838,13.2467,6304.0,4.09,1.66,1.24,1196.83,
165202476,56.289886,-39.06318,13.3272,3666.0,4.66,0.59,0.577043,154.749,
422884521,37.24398,1.309474,13.413,5681.0,4.44,1.01,1.01,652.129,
142938659,52.647353,-35.203715,13.8371,3210.0,4.81,0.42,0.416912,106.188,
71401634,46.905585,-17.894406,13.1599,4886.0,4.59,0.75,0.8,320.901,
404506270,61.665802,-39.44461,14.8743,3382.0,4.87,0.36,0.341209,,
439873430,43.695622,-4.863004,11.6733,5689.0,4.34,1.13,1.01,325.257,
332911893,35.215761,-1.826042,11.8795,6110.0,4.1,1.58,1.15,559.243,-0.141
118573065,53.296574,-8.258428,12.9735,5383.0,4.38,1.03,0.93,480.34,
89062142,54.457028,-24.612628,13.1662,5595.0,4.07,1.53,0.99,860.97,
279095914,50.542788,-4.111673,11.0418,3991.0,4.67,0.61,0.62,61.629,
219225319,62.72425,-49.383201,13.2172,5042.0,4.45,0.9,0.84,428.86,
100974694,54.371568,-43.70451,12.4969,5556.0,4.44,0.99,0.98,408.611,
206717400,55.001711,-14.068976,13.0862,5549.0,4.29,1.18,0.98,614.098,
283605976,61.899944,11.517544,11.7948,4955.0,,1.25716996192932,1.013,320.502,0.0142397
31258738,82.157034,-27.031688,13.1744,5923.0,4.4,1.08,1.08,671.413,
248689510,68.143794,-4.785446,13.3206,5582.5,4.43,1.0,0.99,567.879,-0.137908
449197624,79.684211,0.292396,12.2624,6121.0,3.94,1.92,1.16,816.554,
264460005,81.1665,1.757343,12.9876,5787.4,4.15,1.43,1.04,757.235,0.376
399757537,73.583455,7.775395,12.8181,6782.0,4.13,1.73,1.46,1077.65,
431693152,74.236863,2.66232,11.6829,5516.0,4.51,0.9,0.969,249.796,
316875094,74.254788,-15.10348,13.372,5416.0,4.13,1.38,0.94,751.692,
302759417,82.82353,14.314367,13.3354,6209.0,3.97,1.87,1.19,977.374,
245793479,67.157759,14.533291,12.587,5851.0,4.35,1.14,1.06,435.088,
396935099,63.49606,2.762296,12.52,4294.3,,0.74,,,-0.095026
455033897,76.597155,3.280489,11.0796,6356.0,4.18,1.51,1.26,395.245,
200321577,76.320243,-44.654977,13.364,5807.0,4.11,1.5,1.04,994.05,
153723304,66.070044,-47.111686,13.2815,5147.0,4.28,1.12,0.87,574.438,
117843365,70.222013,-16.590025,11.8326,4578.0,4.25,1.05,0.723,213.014,
50745119,83.000492,-2.417632,13.5249,5885.0,4.1,1.53,1.07,759.794,
139550876,64.197037,-21.610135,12.4332,5755.0,4.59,0.85,1.03,358.057,
243011228,60.585987,12.414279,13.3233,6007.5,4.16,1.44,1.11,759.867,0.122848
250189842,64.84729,-4.547885,13.5473,5178.0,,2.12,,1206.44,
411781649,78.673355,14.447352,13.5306,5696.0,4.33,1.14,1.01,624.495,0.245
34395020,82.30396,-10.328696,13.2669,5452.0,4.26,1.19,0.95,621.613,
468911753,62.720477,8.424155,13.8159,4391.0,,,,,
9344899,72.793934,-8.44732,12.735,5818.0,4.38,1.1,1.047,532.228,
248690688,68.219308,-3.737468,12.2469,5944.0,4.25,1.29,1.09,521.26,
293514367,76.580083,13.772207,13.1052,6349.0,4.07,1.71,1.26,934.743,
455030519,76.579417,3.588516,12.4562,5885.0,3.77,2.24,1.07,954.316,
436637677,72.164943,12.95525,11.4616,5359.0,4.08,1.77,1.22,454.797,
37117064,90.488285,-29.136423,11.4558,5309.0,4.41,1.01,,217.627,
322825139,101.244048,-14.546664,12.2096,6719.0,4.26,1.47,1.43,688.203,
232194097,91.473323,0.357256,13.4142,5906.0,4.26,1.27,1.07,708.347,
317328621,87.490493,-12.835212,12.8771,5956.9,,0.5,,,
144486060,84.166705,-38.519128,12.8983,5475.0,4.07,1.5,0.96,713.662,
177718896,107.311621,-11.063261,12.6127,5337.0,,3.56,,1162.16,
317089770,86.421113,-12.128385,12.4505,5626.0,4.2,1.31,1.0,494.543,
102542376,89.640838,10.220589,11.8362,7076.3,,,,1028.39,
251111783,94.936966,-5.719195,13.2837,5431.0,4.42,1.0,0.95,517.611,
268372005,105.00193,-2.339506,11.907,6227.0,4.12,1.58,1.2,583.6,0.132
268689126,105.24334,-2.259145,12.9871,7666.0,3.87,2.59,1.8,2046.79,
269190305,105.737414,-0.80334,13.187,8131.7,4.35,1.55,1.98,1422.73,0.213
234958949,98.690645,4.395871,12.6581,6282.4,4.47,1.07,1.23,563.123,0.429
306363166,91.094456,-16.340258,12.4967,4850.0,4.56,0.77,0.789,239.104,
124322274,104.182427,-7.824428,13.3224,6364.0,4.14,1.59,1.27,1113.96,
229210014,92.32577,11.411488,12.8219,4779.0,,0.77199000120163,,285.885,0.359
142530031,103.329839,-12.503913,12.9256,6619.0,4.17,1.61,1.39,942.214,
322824542,101.227819,-14.290038,13.0796,6624.0,4.18,1.58,1.39,982.931,
119638424,100.907325,-10.584142,11.2567,5730.0,4.52,0.92,1.023,225.229,
26587613,108.008894,15.348909,12.2651,5805.0,4.5,0.95,1.043,367.045,
409009431,92.729819,-13.166915,12.1022,5203.0,4.53,0.85,0.88,250.87,
39824732,90.272905,-2.287897,12.7858,5635.0,4.32,1.14,0.999,467.492,
270716565,104.856724,9.377591,13.2415,3971.0,4.6,0.66,0.636409,196.016,
52738649,99.131437,-2.137649,12.5934,5950.0,4.44,1.04,1.088,464.949,
97866515,90.620926,16.49946,11.5548,7070.0,4.13,1.78,1.565,572.079,
438368981,97.14726,14.940385,11.801,6344.5,,1.25,,,
78489364,102.67513,-18.384855,13.1802,5711.0,4.44,1.01,1.018,570.837,
438149332,96.000589,14.012921,13.0454,6473.0,4.35,1.27,1.32,796.776,
97714451,90.358122,12.547883,11.9039,5854.0,3.97,1.76,1.06,563.068,
280292434,100.89956,-5.551933,12.922,,,,,,
265619984,94.809455,0.651664,13.4148,5777.0,4.02,1.65,1.04,914.606,
142532090,103.410508,-13.436384,11.992,5916.0,4.02,1.67,1.077,580.199,
247873937,87.824224,13.745892,12.1359,9056.0,4.3,1.78,2.29,1102.97,
281716779,102.5057,-5.202063,10.5293,8190.0,4.438,2.1,,626.217,
72097808,92.373395,-6.061524,11.572,,,,,633.036,
291198795,105.418571,2.18915,12.6648,6252.0,4.11,1.6,1.21,772.403,-0.295
237637903,103.526509,5.47603,12.9065,6753.0,4.39,1.27,1.44,803.756,
23725901,108.746489,-0.242934,13.0802,7968.0,4.06,2.14,1.92,1882.37,
293931909,95.81556,4.896407,12.7323,6399.9,3.9,2.11,1.28,999.297,0.237
269278156,104.738312,7.944615,13.1524,5972.0,,1.28,,898.386,
160180298,79.129717,-41.447416,11.9046,5223.0,4.6,0.78,0.89,218.705,
235078021,86.427665,-45.029229,11.8128,5688.0,4.45,0.99,1.01,304.615,
59770954,100.933213,13.599214,13.3212,6327.7,4.3,1.31,1.25,883.931,0.0245324
153412485,93.128141,6.245159,13.4835,5786.0,4.33,1.16,1.04,692.636,
317189702,87.074174,-15.199497,11.6252,7137.0,4.17,1.72,1.59,670.702,
291580615,105.842099,1.681222,12.097,,,,,773.945,
237700098,103.832704,1.1053,13.3596,6252.0,4.45,1.08,1.21,746.986,
306604742,97.617333,14.058323,12.4037,5996.0,3.78,2.24,1.105,835.645,
61344769,99.476085,-14.040744,13.0345,6350.0,4.35,1.25,1.26,746.24,
267197567,93.487675,-37.668865,12.022,6243.0,3.93,1.98,1.21,757.269,
119556803,100.862497,-7.196044,12.687,5351.5,,0.98,,553.387,
53744258,103.342745,-24.227866,13.4965,6434.0,4.14,1.6,1.3,1273.46,
34524670,95.379267,-16.525572,12.7743,6589.0,4.24,1.48,1.37,817.426,
49705089,95.934296,-24.024654,12.2627,5557.0,3.79,2.09,0.98,766.516,
291332861,94.324291,9.637445,13.4145,8539.7,,,,2406.51,
440849210,109.574595,14.11587,12.1499,6892.9,3.95,2.16,1.5,1053.95,-0.019
119069946,100.058596,-6.932085,11.2806,5866.0,4.3,1.2,1.061,304.955,
143072696,93.720773,-10.854988,11.9337,7054.0,3.96,2.16,1.56,849.357,
268456052,105.093951,-1.483723,13.488,5164.0,4.43,0.95,0.874,514.58,
21747057,88.432309,-38.031221,13.0513,5809.3,,,,600.635,
271307949,117.097528,2.111455,12.6574,4909.0,4.47,0.861742973327637,0.804,300.512,
157127081,104.997787,-36.319389,13.1935,5473.0,3.79,2.08,0.96,969.091,
108940329,112.650574,-28.912866,10.4397,6617.0,4.15,1.64,1.385,345.959,
333814134,116.285722,-14.337636,12.512,8675.5,,,,1662.71,
112110888,111.76498,-32.185807,12.9825,6472.0,4.29,1.36,1.32,799.474,
266441563,118.546528,1.792994,11.9135,6373.5,4.26,1.26,1.26,498.418,
455153906,124.547133,2.581065,13.3319,5604.0,4.46,0.97,0.99,591.645,
415276070,114.942649,-21.485618,11.4048,6674.0,4.24,1.48714005947113,1.41,492.888,
148129139,100.707817,-41.409593,12.5447,5700.8,4.33,1.14,1.02,469.594,0.34878
412521892,110.784874,-22.439744,11.5293,6643.0,4.04,1.87,1.4,635.261,
196286578,125.554446,-25.067535,11.6309,6079.0,4.33,1.2,1.138,385.641,
170368805,122.05312,-9.487219,13.3209,6041.0,4.38,1.13,1.12,767.763,
145163386,122.342233,-34.567284,12.9318,5296.0,4.01,1.56375002861023,0.91,685.855,
170221808,102.329632,-43.739862,13.4765,5424.0,4.3,1.14,0.94,664.114,
231937828,93.862256,-42.39217,12.4648,6400.0,3.93,2.03,1.28,1004.09,
176242778,121.782131,-18.726765,11.14,6071.0,,,,,
423128096,113.074228,-19.261048,12.2563,7759.0,,,,814.057,
218988652,124.825286,-21.956958,12.6847,8297.0,4.29,1.69,2.04,1349.57,
409207712,109.730884,-15.760907,13.2701,5177.0,4.46,0.91,0.88,446.767,
50751260,126.577821,-10.504751,12.7651,6741.0,4.27,1.45,1.44,911.737,
127012328,116.590947,-25.156426,11.9623,7528.0,4.2,1.74,1.74,885.636,
431981595,120.578645,-19.507612,12.5494,6107.0,4.19,1.42,1.15,695.55,
156999527,104.439613,-40.307924,12.4832,6328.0,4.3,1.32,1.25,620.549,
134221850,106.746934,-44.986628,13.1637,5644.0,4.32,1.14,1.0,626.811,
452903647,121.334804,4.441215,13.1561,6080.2,4.15,1.48651003837585,1.14,954.883,0.085
100389539,109.388382,-19.828939,10.8961,5964.0,4.13,1.49,1.093,328.802,
265350422,133.586405,1.575503,11.0783,5826.1,4.42,1.05,1.049,243.539,0.022
65949719,114.554441,-4.006915,13.2584,6688.0,4.24,1.49,1.42,1174.05,
95589845,110.483552,-12.565478,12.0465,6214.0,4.23,1.4,1.2,543.008,
107090327,110.654532,-26.506455,12.9188,7143.0,,,,1429.87,
65905621,108.682186,-27.700929,13.1502,6355.0,4.12,1.61,1.26,1090.77,
265011923,126.621993,3.001351,13.3736,5932.0,4.09,1.55,1.08,1055.16,
274137295,116.616275,7.92953,12.7577,4824.0,4.48,0.84,0.782,293.788,
65805840,108.587629,-25.646329,13.0983,6678.0,4.26,1.45,1.41,1008.83,
280307604,114.708588,4.35637,10.9833,6121.0,4.25,1.37,1.26,344.296,
419092044,120.655501,-32.127159,12.9613,4883.7,,,,,
50575306,112.491073,-13.625055,13.1675,5843.0,4.39,1.08,1.054,610.318,
19117967,120.307448,14.163226,12.0548,5782.9,4.11,1.48,1.04,531.218,0.333
320341952,110.163384,-29.951583,10.2278,6675.0,3.75,2.62,1.41,495.004,
7976072,133.484281,-4.925834,13.2933,5444.0,4.24,1.22,0.95,695.316,
96317115,103.789612,-31.106599,11.7503,5902.0,4.36,1.13,1.07,349.88,
174546820,114.720385,-37.67179,11.9698,4496.0,4.52,0.77,0.71,153.227,
126772538,116.205938,-26.074575,13.4542,6308.0,3.88,2.12,1.24,1585.0,
143724857,125.987724,-23.243406,12.6417,6211.0,4.18,1.4818799495697,1.2,767.716,
281225729,110.196243,-21.679526,12.7549,6688.0,3.95,2.1,1.42,1221.9,
334414389,122.972511,6.974992,12.2124,4959.0,,5.29803991317749,,1506.81,
81744640,107.081813,-23.545352,12.9655,6153.0,4.24,1.36,1.17,807.794,
333810741,116.290974,-12.840349,13.3071,,,,,1798.25,
32004914,116.816244,-7.66526,13.0015,5706.0,4.41,1.05,1.02,559.569,
19447218,124.447282,-9.05703,13.425,5605.0,4.27,1.21,0.99,770.795,
156990000,99.848586,-43.82762,13.3087,6141.0,4.14,1.53,1.16,1047.64,
60074373,111.092717,-44.032701,14.6435,3722.0,4.65,0.6,0.590457,,
181422954,131.107268,-39.638326,13.2881,6673.0,4.47,1.1433900594711304,1.41,722.454,
82739585,124.904596,-43.057211,13.0819,5150.0,4.57,0.8,0.87,319.863,
394223845,128.611432,-30.585959,11.9556,6315.0,4.28,1.3333200216293335,1.24,527.208,
354937825,122.427886,-42.156819,12.7761,7182.0,4.23,1.61,1.61,833.962,
52936161,125.826083,-43.693856,12.6614,7586.0,4.22,1.71,1.76,736.403,
348756659,134.192296,-12.572658,12.3474,5736.0,4.45,0.997500002384186,1.025,401.311,
179687771,147.253606,-3.609379,12.8792,5750.0,4.01,1.65,1.03,839.462,
53047383,125.901301,-42.081323,11.2275,,,,,1060.4,
17683158,135.722015,-33.294867,12.8972,6137.0,4.2,1.41,1.16,725.382,
332630868,136.943663,-17.051007,12.3805,5895.4,,1.31,,478.847,0.0510485
291469139,111.14992,-48.619915,13.351,4733.0,4.5,0.81,0.76,332.884,
268439377,116.835959,-49.122453,13.1591,6198.4,4.02,1.76,1.19,1007.8,-0.164454
1260235,131.407601,-26.503052,12.2452,4875.8,,,,2693.98,
17896514,136.219646,-31.930076,12.292,6196.0,3.59,2.9,1.19,1142.11,-0.339971
186470968,132.682582,-34.782931,13.7028,3949.0,4.59,0.68,0.648265,256.922,
176442805,131.897866,-21.859336,12.2709,7194.0,4.19,1.69,1.61,878.599,
77550515,142.40406,-0.992604,13.0519,5218.8,4.27,1.15,0.89,537.158,0.026
434428836,139.346697,-20.923355,13.0341,6047.0,3.97,1.82,1.12,1068.04,
231559817,127.690441,-27.408239,11.031,8086.0,4.1,2.07,,790.152,
19612445,139.870171,-32.297525,10.5378,7013.0,,1.7,,353.288,
374200604,158.073445,2.237845,11.869,5690.2,4.0,1.6599899530410769,1.01,515.491,0.252
38118291,137.018935,-28.916052,12.3907,4866.9,,,,,
80029842,121.23238,-47.76813,12.2896,6536.0,4.45,1.15,1.35,502.28,
453060368,145.897267,0.615029,12.7964,5388.3,4.53,0.88,0.94,355.116,-0.686383
131034657,117.471528,-38.222254,11.8379,5064.7,,3.01,,696.792,
258051471,126.694615,-27.024954,12.403,6643.0,4.16,1.63,1.4,846.607,
143994382,119.174735,-42.963073,12.5368,7333.0,4.45,1.28,1.66,686.445,
26305150,153.910453,-9.324686,12.749,5367.0,3.79,2.02384996414185,0.93,850.137,
418971787,120.497337,-35.061315,13.0246,4963.0,4.63,0.73,0.82,282.469,
186541435,132.809802,-31.914744,12.3056,4332.6,,,,,
134596619,122.493817,-37.073013,13.0971,7492.0,4.29,1.54878997802734,1.72,1097.3,
132534906,119.771898,-37.900646,12.5874,6783.0,4.62,0.98,1.46,483.182,
332705008,150.189168,-14.834691,12.8901,5938.0,4.32,1.19,1.08,643.481,
60377863,112.229289,-44.139772,9.4051,5967.0,4.36,1.15,1.09,125.772,
74712191,137.795138,-42.518066,11.8422,7747.0,4.39,1.43,1.83,603.347,
74530173,137.631803,-43.743559,13.2181,5508.0,4.53,0.89,0.97,428.288,
70780410,151.906378,-31.768952,13.2372,5620.0,4.23,1.28,1.0,722.239,
44514807,145.691325,-39.786778,12.9514,6419.0,3.86,2.21,1.29,1198.79,
428685938,180.231429,-23.634554,14.379,3376.0,4.87,0.35,0.339059,119.474,
35972578,149.242428,-43.384703,13.1051,6309.0,4.23,1.42,1.24,849.5,
262499797,109.880143,-55.728421,14.8083,3333.0,4.79,0.443812012672424,0.439909,193.977,
152467154,171.798638,-36.070515,13.1012,5144.9,4.4,0.97,0.87,434.224,0.493025
335590096,183.563961,-13.174841,13.7726,3237.0,4.87,0.35,0.337566,80.1423,
71341774,154.751315,-35.683893,12.3349,6176.0,3.82,2.22,1.18,946.232,
322807371,173.714867,-24.60548,11.6707,5427.9,4.49,0.91,0.946,238.377,0.0162228
143032776,167.255241,-10.188311,14.667,3473.0,4.78,0.45,0.442985,184.734,
48274889,148.064823,-33.044965,13.0585,6119.0,4.4,1.12,1.15,672.022,
143059017,167.903229,-8.694301,13.4804,5243.0,4.1,1.41,0.9,803.063,
35758536,148.957422,-43.048866,13.157,6524.0,4.32,1.32,1.34,839.783,
74484423,137.475656,-43.366847,12.959,6996.0,4.1,1.83,1.54,948.787,
362370757,145.189317,-49.815667,12.8007,4395.0,,2.57,,,
71221700,154.048644,-29.976349,12.3918,5962.0,,,,536.765,
446135868,147.429759,-48.111763,13.353,6146.0,4.54,0.96,1.17,643.517,
168158622,153.17829,-29.168821,12.7595,6176.0,4.12,1.56,1.18,853.761,
310822679,152.911589,-48.205913,12.6425,7938.0,3.92,2.52,1.91,1670.56,
228694725,194.027192,-26.204243,12.6116,5983.0,4.4,1.1,1.1,516.417,
463754499,154.773709,-58.77487,13.1088,8277.0,3.98,2.41,2.04,1605.92,
133512515,150.022254,-53.460937,12.5502,6322.0,4.28,1.33,1.25,651.686,
458300989,159.657502,-56.593205,12.5386,,,,,810.688,
447054140,156.66238,-52.23695,12.2316,6718.0,4.15,1.67,1.43,713.47,
144155193,188.544304,-41.837289,13.4358,5655.8,4.29,1.18,1.0,720.203,0.0934859
45465399,130.643983,-59.619955,13.3342,6543.0,4.2,1.53,1.35,1071.24,
245099574,198.004287,-53.449373,12.8382,6549.0,4.26,1.43,1.35,717.786,
359735804,140.897667,-61.880266,13.2953,5306.0,3.78,2.03,0.91,977.09,
458331312,159.546802,-54.579059,11.2673,6633.0,4.29,1.39,1.39,408.748,
446463666,155.731521,-50.177433,12.9582,6534.0,4.2,1.53,1.35,907.699,
80681136,165.888577,-51.459236,13.351,5951.0,,,,1102.0,
72504752,187.712917,-44.618489,13.3328,,,,,691.779,
457743020,158.261633,-57.281506,12.9004,6951.0,4.18,1.66,1.52,997.825,
274911400,149.552915,-58.947542,12.6039,7868.0,4.13,1.96,1.88,983.925,
309292963,124.337853,-60.030976,12.0728,6243.0,4.12,1.58,1.21,595.898,
441936163,145.791652,-56.421755,12.6063,3525.0,,,,,
92004082,172.065775,-49.667865,11.6042,6823.0,4.19,1.6046600341796875,1.47,575.512,
458199018,159.396893,-56.743513,12.8844,,,,,1393.25,
6010784,193.942675,-18.736439,13.2078,5850.0,4.17,1.4,1.06,849.685,
441234277,145.257124,-57.379026,12.6087,4884.2,,,,,
469333534,148.804843,-57.332467,13.4175,5260.0,,1.76,,1092.05,
463365347,153.729627,-58.677888,12.1122,6956.0,4.12,1.77,1.52,638.197,
438278301,142.254042,-58.862842,12.554,7102.0,4.23,1.6,1.58,837.932,
81693792,167.812428,-50.088877,13.1546,6618.0,4.4,1.23,1.39,781.614,
124235800,197.341671,-32.829454,11.9277,3830.0,4.62,0.64,0.619077,98.5958,
376610581,153.027758,-61.462095,12.4218,7228.0,4.15,1.77,1.62,951.545,
425508314,201.402547,-38.706171,13.1119,6085.0,4.04,1.68,1.14,1026.01,
107017977,182.897552,-31.718427,12.5306,5295.9,4.22,1.23,0.91,454.749,0.0305578
358072664,138.943337,-60.291854,12.8989,5541.0,4.01,1.63,0.98,727.548,
457789844,158.216344,-59.880412,12.3934,8065.0,4.27,1.7,1.96,854.029,
464388115,156.222381,-56.950477,12.5927,8765.0,4.21,1.92,2.2,1470.83,
463011281,152.727448,-56.182594,12.6595,5809.0,,1.56,,852.832,
385459345,137.989614,-59.602869,13.3678,6059.0,4.41,1.09,1.13,708.385,
447585233,157.67248,-53.568998,12.9489,5108.1,,,,604.385,
356835341,135.345703,-63.562345,13.2223,6636.0,4.18,1.59,1.39,1076.25,
272211398,180.114014,-47.243939,10.609,6496.0,4.64,1.99518001079559,,341.382,-0.267348
303327435,164.016026,-54.280472,13.467,5277.0,4.38,1.01161003112793,0.9,544.636,
303814029,164.519868,-56.385999,12.7706,7514.0,4.3,1.54,1.73,999.139,
219769290,192.36952,-23.076218,13.346,5546.0,4.53,0.89,0.98,508.676,
72401290,187.110757,-46.072906,12.3375,4689.0,4.55,0.76,0.75,203.601,
49254857,204.542672,-28.142921,11.6629,5809.9,4.42,1.04,1.04,299.89,-0.166743
440937096,144.840665,-55.29414,11.7211,,,,,2147.14,
454069765,176.240233,-38.139716,12.1137,5848.8,3.96,1.79,1.06,647.595,0.412489
317362389,203.73203,-64.830059,11.1646,6681.0,4.33,1.35,1.41,364.963,
60859922,211.722845,-29.306832,12.0272,5698.0,4.15,1.39,1.01,465.792,
155419920,233.386032,-42.100569,12.9098,6050.0,4.09,1.58,1.13,804.907,
132611413,229.63811,-51.282012,12.8127,6687.0,4.15,1.66,1.42,832.199,
404227343,195.436751,-52.591723,12.1004,6987.0,,1.69,,677.488,
411943564,189.824242,-57.593424,12.798,5295.2,,,,610.158,
219181903,91.856826,-51.896853,12.2607,5501.0,4.17,1.34,0.96,469.545,
307099276,179.524506,-60.773949,13.0029,8232.0,,,,1196.03,
399847887,165.117434,-67.872351,13.484,5933.0,4.19,1.376139998435974,1.08,883.572,
454828937,177.011518,-72.715335,12.29,6464.0,3.87,2.2,1.31,880.334,
376421071,153.244609,-65.847247,13.1571,5951.0,3.89,1.97,1.09,1080.6,
448820344,213.704034,-66.714696,11.3943,7544.0,4.05,2.08,1.75,686.164,
359403471,201.422241,-56.007319,13.405,4956.0,,0.99,,494.931,
307221757,208.641888,-45.154479,12.0678,5804.0,4.33,1.16,1.04,413.757,
296850254,176.648464,-70.335791,12.129,4847.4,,,,330.511,
148772620,230.921568,-36.199508,12.5116,4900.9,,2.3,0.94,777.484,
35106764,224.731552,-56.41524,12.7116,5623.3,,,,1187.08,
292797572,218.676874,-58.297303,12.6554,7518.0,4.23,1.67,1.74,824.376,
412635642,193.181287,-58.931711,11.5845,6282.0,,1.3669500350952148,,458.015,
68030406,190.219208,-55.501594,13.0936,7121.0,4.27,1.53,1.58,956.723,
241638905,207.66961,-48.807654,12.4864,5838.0,3.66,2.5,1.05,1030.16,
457018819,201.741869,-55.915198,12.4741,5816.0,4.49,0.97,1.05,377.703,
149109125,231.653777,-41.386244,12.1624,7513.5,,1.08,,972.238,
237929468,58.251168,-62.407968,11.8153,5418.7,,1.17513000965118,0.97,345.659,
77680373,239.672825,-27.431264,13.1014,4440.0,4.49,0.78,0.695,259.563,
166242494,192.817352,-52.810546,12.5098,6274.0,4.35,1.22,1.22,562.338,
418567812,224.001903,-59.642969,12.998,4353.0,,0.78,,,
242190195,210.951781,-43.273675,13.0161,5674.0,4.56,0.87,1.01,454.335,
332017079,215.249404,-53.136559,13.184,6449.0,4.44,1.15,1.31,650.297,
319783554,205.145274,-63.742301,12.1164,7567.0,4.31,1.53,1.75,664.284,
382975217,183.798729,-63.61391,11.5362,6639.0,4.05,1.85,1.4,607.38,
160476088,226.854216,-45.159596,13.164,5827.0,4.37,1.1,1.05,608.062,
401028336,220.004623,-62.377726,12.4171,6955.0,4.22,1.58,1.52,718.588,
245341495,199.717658,-50.065379,11.997,6975.0,4.11,1.8,1.53,776.949,
448435566,210.694695,-70.381177,11.8412,5823.0,3.89,1.92,1.05,585.603,
400073524,165.71721,-67.231516,12.547,7540.0,4.31,1.53,1.74,880.962,
405571798,191.759772,-59.080006,13.4571,6808.0,4.31,1.4,1.47,1022.81,
147723246,232.789568,-53.777178,12.69,10126.0,4.49,1.51,2.6,886.651,
188865842,233.735022,-48.546369,13.3356,4924.0,4.5,0.83,0.81,367.517,
8005485,234.525576,-30.534246,13.3624,5770.0,4.52,0.93,1.03,572.058,
412485680,193.084066,-54.22846,11.9955,6870.0,3.82,2.48,1.49,914.534,
457649900,217.998868,-51.07444,10.7546,6713.0,3.94,2.11,1.43,477.519,
290337456,234.283297,-45.43944,13.3895,6183.0,4.21,1.4,1.18,911.483,
329672278,211.627787,-63.053286,10.7133,6664.3,3.81,2.2,1.97,520.445,
420202798,192.501862,-59.891934,11.6602,5078.0,4.39,0.9693139791488647,0.85,213.073,
210681065,212.614222,-56.982395,12.6445,6987.0,,,,1175.45,
407827885,213.405362,-57.999764,13.1009,4057.4,,,,,
406443564,198.097759,-58.753402,13.2364,6611.0,4.41,1.22,1.38,760.606,
129890791,222.60838,-45.685769,11.4543,5353.0,4.29,1.98,1.0,484.805,
295507430,171.252251,-66.488049,11.9852,5654.0,3.58,2.68,1.0,738.075,
243476396,206.006149,-42.813654,13.2313,5812.0,4.18,1.38,1.05,821.066,
253961767,199.154488,-59.030514,12.5808,6731.0,4.11,1.74519002437592,1.43,781.768,
406106335,197.5465,-54.218835,12.8132,7277.0,4.17,1.75,1.64,1019.68,
359523751,201.239647,-57.733832,12.365,6859.0,4.4,1.2713700532913208,1.49,583.541,
453942180,154.273599,-68.883731,11.9736,5058.2,,,,,
149585119,232.995996,-40.635519,13.1773,5743.0,4.25,1.25,1.03,677.826,
397522142,158.574934,-71.204192,10.7271,5742.0,4.51,0.93,1.03,178.064,0.00188596
148478039,230.322481,-38.832914,12.7126,6303.2,,,,782.916,
304085024,141.051186,-67.683704,12.967,,,,,612.156,
210629725,212.70783,-54.29754,13.3665,6275.0,4.24,1.39,1.22,802.781,
68081952,193.460711,-54.345963,12.5156,5333.0,4.55,0.85,0.92,294.629,
145204443,229.97328,-45.718,12.2913,6389.0,4.07,1.73,1.28,719.916,
311736478,181.475721,-71.58616,10.5895,5156.0,4.14,1.31,0.87,182.678,
200435203,70.411544,-45.484868,12.9331,5215.0,,,,,
14029793,76.446544,-38.864642,12.4813,6046.0,4.42,1.08,1.12,505.695,
46627476,85.01129,-17.564085,13.3495,6020.0,4.09,1.57,1.11,1068.73,
80137654,105.149163,-20.564749,13.01,5951.0,,,,1403.22,
177391159,106.060479,-0.367305,12.4373,6084.3,,,,1211.61,
294315741,93.095903,12.838602,13.3162,7819.0,4.24,1.71,1.86,1421.29,
5592720,111.521557,-6.082467,12.8742,6345.0,3.89,2.12,1.26,1259.59,
293607057,153.669669,-15.642837,10.6311,6736.9,3.76,2.61,1.44,589.423,-0.209
445392860,112.460205,-51.990765,14.881,3986.0,4.57,0.697237014770508,0.661524,446.614,
303385111,256.799859,-64.547055,13.0413,5654.0,3.91,1.85,1.0,936.608,
295312916,270.777435,-68.14639,12.9123,5373.0,4.02,1.56,0.93,697.681,
247180220,253.700297,-45.367406,14.6594,3601.0,4.58,0.68,0.65198,343.755,
362111691,244.854853,-66.670298,13.1812,6356.0,4.08,1.7,1.26,1150.11,
360221713,262.31426,-59.107667,12.782,5369.0,3.75,2.13,0.93,888.672,
277128619,283.132534,-78.43443,11.9545,5520.0,4.34,1.11,0.97,329.304,
294295243,265.23597,-69.443478,11.8014,6124.0,3.95,1.88,1.16,639.661,
384709136,257.612996,-81.70829,12.7523,6287.0,3.88,2.1,1.23,1058.39,
340624586,238.241484,-63.860593,11.1281,7295.5,,,,,
76228620,269.247209,-55.787941,11.2723,6113.0,4.25,1.33,1.15,352.331,
33227166,266.628908,-43.374494,10.8235,5698.0,3.84,1.99,1.01,368.89,
179230828,158.600019,-23.73406,12.6702,5483.0,,1.02,,470.92,
95709395,243.403564,-33.496496,12.1641,6763.0,4.24,1.51,1.45,632.346,
418471116,205.298543,-78.882708,13.4479,6129.0,4.32,1.23,1.16,847.863,
301900477,259.699318,-66.348384,11.8406,6188.0,4.41,1.13,1.18,404.148,
384386062,249.366356,-80.975283,13.0071,5470.0,4.45,0.97,0.96,446.494,
282485660,238.108194,-48.1451,11.13,5840.0,4.48,0.97,1.05,207.891,
449107129,216.471203,-69.83585,11.9055,8653.0,3.85,2.88,2.16,1340.01,
424196109,236.06387,-61.041365,13.6366,3757.0,4.61,0.66,0.631249,203.352,
150531994,266.129426,-39.993496,12.9499,5183.0,4.43,0.94,0.88,379.594,
463781038,261.294366,-40.583473,11.9032,9169.0,3.73,3.44,2.32,1324.39,
276735500,270.340633,-79.353115,14.6681,3980.0,4.57,0.7,0.666186,420.252,
418298773,197.361763,-81.962957,13.4962,4471.0,4.49,0.788259983062744,0.7,288.015,
245728942,252.214926,-44.21966,11.4302,10708.0,4.36,1.82,2.78,729.115,
287494667,123.632846,-72.245005,12.7482,6620.0,3.89,2.21,1.39,1224.74,
362032529,244.702801,-68.662731,12.4073,5712.0,3.99,1.7,1.02,677.476,
221656234,245.273071,-43.222686,12.491,6333.0,4.07,1.7,1.25,637.121,
68322189,236.159176,-58.128314,12.5209,5442.0,4.4,1.01,0.95,365.511,
302054555,260.016954,-67.444612,12.4698,5575.2,3.71,2.3,0.98,872.49,-0.0377194
294691204,267.208534,-67.058468,11.576,6353.0,4.24,1.41,1.26,459.435,
420829332,251.626959,-55.262592,12.6345,5479.0,4.31,1.14,0.96,453.404,
310266243,251.32038,-76.166637,13.3298,6279.0,3.91,2.04,1.23,1440.15,
403405969,230.10612,-77.358859,13.2565,6480.9,4.2,1.5,1.32,1041.69,-0.183404
208772468,245.215993,-57.641596,13.1509,5455.0,4.39,1.03,0.95,488.161,
213111428,257.123769,-51.531661,14.9582,3199.0,4.9,0.32,0.30088,119.693,
344130921,279.09562,-77.375951,12.9267,6247.0,4.19,1.46,1.21,829.942,
217838717,261.365163,-46.988032,12.3666,8219.0,4.44,1.42,2.01,803.602,
161247580,261.946819,-33.163141,11.831,6622.0,,1.54,,462.227,
361711730,243.885021,-69.217097,10.9097,5845.9,4.5,0.96,1.06,204.429,-0.290904
76894548,271.090009,-55.636862,12.5587,5806.0,3.78,2.17,1.04,929.659,
154400369,259.95298,-35.740745,12.1989,8615.0,4.49,1.39,2.15,383.371,
444290896,267.466654,-32.095911,12.3927,,,,,990.831,
46807139,230.789617,-58.726784,13.302,3605.0,,,,3154.91,
283665218,233.198015,-56.080098,12.7954,5049.5,,,,732.552,
318180448,309.399793,-83.092931,11.7405,3465.0,4.86,0.36,0.347681,37.3076,
306990399,266.949667,-62.527452,12.0635,5160.9,4.61,0.77,0.87,221.335,0.0879476
401509690,215.630691,-72.802221,12.5787,5406.0,4.37,1.05,0.94,394.439,
406726743,222.810426,-78.378242,12.5819,5393.0,4.06,1.51,0.94,567.804,
263486257,234.548332,-71.927874,12.3155,6433.0,4.3,1.3291300535202,1.3,605.313,
127115861,267.168701,-29.5226,11.9036,9391.0,4.05,2.41,2.39,1087.44,
396649769,214.410109,-75.324247,13.4924,5709.0,3.94,1.8,1.02,1079.8,
412828754,263.127273,-50.291903,12.9612,6445.0,3.97,1.96,1.31,1145.04,
324609476,312.602815,-81.443121,14.9276,3423.0,4.79,0.438708007335663,0.434388,195.854,
282221346,210.985629,-78.772446,11.0384,5784.0,3.72,2.32,1.04,489.651,
75522633,267.099516,-54.9322,12.4337,5061.0,4.5,0.86,0.85,279.685,
298946836,243.221573,-61.031281,11.1072,5964.0,3.83,2.09656000137329,1.09,487.432,
297950791,242.186675,-65.25866,13.3209,6052.0,4.1,1.57,1.13,1024.34,
306512967,119.031193,-69.861455,13.069,,,,,737.214,
291857895,248.591364,-38.239147,12.6794,4881.0,4.47,0.86,0.8,266.138,
323022088,247.424651,-28.504414,13.115,5604.0,4.05,1.56,0.99,610.636,
261020738,226.112079,-66.203063,12.9072,5508.0,4.36,1.08,0.97,478.128,
282701278,232.617533,-55.787488,12.6487,6692.0,4.25,1.48,1.42,693.064,
217933560,261.385143,-44.046683,11.6451,4708.0,4.21,1.13,0.75,213.538,
208151094,244.35621,-59.097565,12.3562,5496.0,4.36,1.07,0.96,384.47,
324426685,285.668452,-77.582499,12.6916,4456.0,4.46,0.82,0.7,216.915,
401704685,318.86343,-83.164507,12.7372,6160.0,4.2,1.42,1.17,695.421,
407146538,235.152828,-81.208241,11.9139,5551.0,4.01,1.62,0.98,439.874,
216925130,259.468864,-44.865144,10.9531,6066.0,3.91,1.96,1.13,397.322,
37291237,254.842052,-35.388933,11.0837,4520.0,,2.85,,347.227,
277034534,279.790982,-79.505335,10.9425,6130.0,,1.29,,269.351,
458027465,250.408499,-41.58444,11.8876,4676.0,4.54,0.77,0.75,156.693,
16264917,247.643085,-49.414177,13.4489,9561.0,4.68,1.18,2.43,941.579,
214218272,260.73494,-51.983412,12.9971,6443.0,4.3,1.34,1.3,792.868,
294768072,267.651938,-71.286618,11.8105,5692.8,3.81,2.08,1.01,627.41,0.309716
173979859,258.239194,-59.367192,12.6019,6955.0,4.25,1.54,1.52,881.246,
407127579,234.351892,-82.485339,11.5939,5860.0,4.06,1.59,1.06,433.55,
243244680,136.574193,19.402057,9.66896,6128.0,4.23,1.36,1.158,181.69,
56655478,63.833786,27.062203,10.3418,7509.4,4.07,2.0,1.73,402.304,0.4323
117275513,130.878348,24.422956,11.7421,4954.0,4.47,0.87,0.816,201.856,
366631954,130.180046,10.982951,11.1704,5069.2,4.46,0.79,0.878,154.83,0.155
381360757,46.920838,15.324683,9.63679,6332.0,3.99,1.87,1.252,231.014,
319968129,95.305914,20.878513,10.3879,6304.0,4.16,1.54,1.238,286.43,
307733361,129.601086,20.106007,10.0121,6115.5,4.33,1.22,1.153,188.959,0.28076
7059054,126.936662,17.579327,12.244,4664.8,4.68,0.65,0.74,169.398,0.110723
458686969,133.866599,10.04531,13.3042,5653.4,4.08,1.52,1.0,910.734,-0.035
6893917,125.617407,13.735309,9.02097,7511.0,4.21,1.70168995857239,1.732,226.5,
23113034,60.838304,25.343808,8.3482,8638.0,3.93,2.64,2.16,246.968,
303432813,50.510417,17.239209,9.9909,4794.4,4.47,0.85,0.77,82.857,0.299
87873211,107.532776,25.819332,9.51297,5641.0,3.85,1.97,1.0,208.721,
303523128,51.365399,13.507488,9.7119,4595.0,4.63,0.68,0.73,53.579,
69672493,77.394839,24.324493,9.642901,5125.0,4.56,0.81,0.86,77.3109,
17409453,66.236364,18.827362,12.9285,5583.6,4.11,1.45,0.99,491.242,0.348445
203214138,134.69028,20.868979,10.5649,6283.4,4.18,1.48,1.23,306.57,-0.303
437011608,106.569578,22.683148,7.6253,5670.0,4.5,0.93,1.01,43.1406,0.09
5882269,79.140797,20.254903,12.0394,4072.0,4.62,0.65,0.637,107.272,
438260486,45.954561,20.110588,7.564,4544.0,4.54,0.75,0.72,21.3575,
6785559,81.433488,20.544071,10.1125,5785.0,4.19,1.35,1.038,196.662,
178217113,127.578723,22.235919,11.0514,6135.5,4.21,1.4,1.162,348.646,0.0284445
18310799,67.412861,22.882567,10.1192,4230.6,4.48,0.77,0.66,59.2474,-0.002
234388232,112.891681,12.034442,9.3422,5638.7,4.56,0.87,1.0,86.9438,-0.191
330687113,136.489426,16.325515,10.999,6315.7,4.17,1.50875997543335,1.24,371.823,0.14626
184892124,130.664165,19.41436,16.0573,3213.0,4.93347,0.29304701089859,0.268704,185.731,
438073782,95.635062,14.017632,11.4438,6832.0,4.2575,1.5,1.475,500.511,
90853136,101.625573,28.841238,11.6786,5222.44,4.63151,0.755047023296356,0.89,189.575,-0.14132
63189173,118.48315,23.938219,12.8033,4221.54,4.45733,0.794583976268768,0.66,202.152,-0.011483
19028197,119.773502,15.391209,10.2479,3552.0,4.74,0.499698013067245,0.497757,29.4214,
434226736,63.273935,15.247703,13.0275,3204.0,4.93668,0.290215998888016,0.265494,44.9565,
26826078,111.91643,24.336119,10.2832,4604.0,4.64,0.68,0.73,71.0374,0.21104
203214081,134.718851,21.074796,11.5219,3413.0,4.91,0.32,0.294283,27.9276,
14770122,113.758253,17.830028,11.8887,6466.0,4.07444,1.74624001979828,1.32,697.004,
91481801,44.79356,19.989734,6.9762,6761.32,3.96878,2.06695008277893,1.45,93.1501,
349582831,66.934984,33.086274,12.4261,6028.0,4.2444,1.32263994216919,1.12,513.756,
366410512,126.488211,11.511093,11.6718,6283.0,4.17177,1.51,1.23,518.625,
82508808,123.152165,17.930123,15.0155,3739.0,4.6228,0.633946001529694,0.614948,379.43,
366443576,126.624043,10.555371,11.5679,6242.0,4.09,1.63,1.21,528.469,
415443327,75.754432,11.449226,13.7667,6278.0,4.20771,1.44588005542755,1.23,1026.28,
203287192,136.169901,20.931448,12.1476,6355.8,3.89,2.11,1.26,923.354,-0.374311
59351345,89.288232,14.878993,10.0704,7182.5,3.91,2.33,1.606,450.49,-0.036
97735297,92.674931,31.328397,9.4098,9758.0,3.8,3.27,2.49,650.943,
350348197,166.269504,11.246407,9.18458,5880.0,4.22,1.32,1.065,130.919,
411930845,79.413022,17.714524,10.2846,9124.0,3.46,4.71,2.31,1165.13,
239977528,94.404269,31.610331,10.2592,6083.0,3.74,2.38,1.139,392.259,
203289099,136.361492,21.668589,11.7538,3807.0,4.68,0.56,0.555026,75.1691,
337385330,110.304466,17.588565,10.1857,3973.0,4.65,0.61,0.592837,43.8372,
2685481,80.498464,30.948728,10.2212,6113.0,4.21,1.39,1.152,222.874,
26693519,110.7852,25.558752,10.0643,5234.4,,5.63,,,-0.065255
366499151,127.154488,10.249488,12.1045,5129.0,4.67,0.71,0.864,207.618,
149496868,164.375996,12.535614,11.9783,4870.0,4.53,0.8,0.79,197.234,
26469462,107.762809,14.947519,10.3657,6247.5,4.39,1.16,1.212,217.786,0.021
438412198,97.362073,15.65565,10.0769,6635.0,4.19,1.57,1.393,280.37,
75427473,85.222404,25.872525,8.96861,5110.7,,2.66,,179.327,-0.264
58723861,104.214073,22.595448,10.2326,5778.4,4.12,1.47,1.036,229.962,0.203727
366568760,127.762837,10.847557,11.6522,4642.6,,4.71,,878.43,0.313
116668723,85.682297,30.762919,9.82614,6148.7,4.25,1.34,1.167,183.637,0.183
332022997,132.16988,20.455016,11.1983,4783.6,4.59,0.735345005989075,0.772,123.438,-0.023
306902029,98.039425,17.38055,10.4406,6290.0,3.49,3.29,1.23,588.788,
247906954,87.9525,15.882044,9.02342,6710.0,4.21,1.55,1.426,171.506,
27064468,151.659783,18.634063,9.56225,6223.0,4.33,1.24,1.201,160.414,
438170612,96.199683,13.362053,9.80493,6160.0,4.39,1.14,1.172,162.582,
406495245,143.31764,9.168421,8.2893,7642.0,4.09,1.99,1.79,193.998,
101520163,99.702791,29.089322,10.1843,6178.0,4.36,1.19,1.18,201.912,
75589027,85.516418,28.241192,8.64885,6224.0,4.36,1.2,1.201,101.55,
350043412,155.515614,10.003199,13.1113,4427.0,4.67,0.63,0.693,215.18,
114516994,88.308222,21.917925,10.1485,7947.0,4.04,2.2,1.909,493.91,
312221462,88.396157,33.232368,10.3703,8158.9,4.34,1.58,1.99,404.955,-0.171
95010343,114.312857,24.515713,9.16636,6474.0,4.32,1.31,1.319,149.969,
172110606,97.83249,32.39678,8.96147,5810.0,3.96,1.77,1.045,152.97,
175236511,129.813701,23.357437,12.0789,5906.9,4.3,1.22,1.07,446.821,-0.063
14570132,126.023493,22.783201,12.345,5060.5,,0.91,,238.775,0.296
38087018,169.632755,-1.774058,14.6026,4377.0,4.50156,0.766494989395142,0.68,495.317,
95337971,153.384453,19.948217,12.7263,3859.0,4.65384,0.6,0.58554,131.219,
175193677,129.689446,23.685265,6.3687,6061.77,4.31439,1.22567999362946,1.13,35.26,0.125872
350020859,154.671098,10.128846,8.74761,5609.0,3.93083,1.7859799861908,0.992,132.345,
393495970,160.602369,7.435077,11.0658,5306.0,4.43,0.965222001075745,0.91,185.932,
281837575,165.36512,5.139481,11.2668,5296.38,4.53407,0.854120016098022,0.91,181.38,0.1976
380619414,175.908033,6.563784,10.15,5817.3,,,,141.887,0.118
281885301,174.960254,0.603596,12.3049,5322.0,4.5528,0.840475976467133,0.92,289.827,0.05
173103335,172.335371,-1.455136,10.5459,3920.0,4.6932,0.550855994224548,0.546024,44.0727,
95361530,154.241054,18.213862,12.2325,5174.39,4.4946,0.88,0.877,272.747,0.308
291517604,261.241401,-58.633055,10.0143,5447.0,3.86,1.91,0.95,237.514,
286094277,310.458865,48.028314,10.4815,5903.0,4.0,1.70580995082855,1.073,298.458,
40954422,301.393952,39.588455,10.0768,6640.0,3.76,2.59,1.396,434.304,
388130237,65.399258,-67.47014,12.8337,5643.0,4.44,1.0,1.0,485.421,
257527578,46.292637,-21.933647,10.6509,6207.0,3.99,1.82,1.19,382.898,
124029677,91.54032,-19.953444,11.215,6408.0,4.27,1.38,1.29,390.484,
240849748,340.959712,-16.462463,10.7203,6010.0,4.06,1.63,1.11,338.491,
388811663,18.424101,3.097073,11.7603,4147.0,4.55,0.706632018089294,0.649,109.218,
468889418,56.757474,8.664659,10.2409,5857.9,4.4,1.08,1.059,160.968,-0.4555
38161230,171.235952,-2.08516,11.7475,6380.0,,1.76,,476.884,-0.67
337647366,131.191359,16.243654,12.8325,5890.5,3.76,2.26,1.07,1175.98,0.107083
286712787,142.785956,20.019343,8.6739,5259.0,4.53,0.854084014892578,0.9,55.1788,
4165850,114.639398,31.394454,10.187,5653.3,4.41,1.03,1.003,151.465,0.204
277697921,153.350015,3.960129,12.1875,4181.8,4.4,0.84,0.654,157.656,0.17
60286662,125.223914,16.090796,13.2027,5545.3,4.41,1.02304005622864,0.98,564.454,-0.422
115010361,201.616856,-2.281902,11.6271,5480.8,4.41,1.02,0.96,268.515,-0.232
6892385,125.420299,13.497512,11.2089,5411.1,4.49,0.92,0.941,197.989,0.32768
349986198,154.250153,6.866478,12.5389,4642.1,4.43,0.87,0.74,245.302,0.0663889
59582240,145.827534,15.004027,10.0063,5502.0,4.53,0.89,0.965,112.335,
458686504,133.817943,11.548868,13.3935,6504.4,4.05,1.8,1.33,1425.02,-0.097
363548415,171.515187,1.230624,11.9186,5231.0,4.49,0.89,0.89,249.645,0.13
350023518,154.868917,6.582766,8.1644,5002.0,4.56836,0.78,0.83,36.2194,
330690135,136.789275,15.205677,11.5559,5790.7,4.3,1.201740026474,1.04,343.99,0.118188
110996418,188.696788,-10.31971,13.4003,5780.0,4.438,1.0,,696.695,
53287554,192.989892,-0.499038,10.648,4570.0,4.59581,0.7076150178909302,0.72,84.1815,
98669309,186.085306,-6.378954,14.1768,5318.0,4.33106,1.08492004871368,0.92,876.565,
49428710,174.109497,-2.023351,10.6309,5643.77,4.35958,1.09457004070282,1.0,197.243,0.415
55266835,139.324444,15.97982,13.0207,4797.5,4.27798,1.06192004680634,0.78,414.845,0.201906
437054764,135.019493,13.273706,14.6831,3728.0,4.70337,0.539092004299164,0.535338,268.685,
350033870,155.072519,7.273586,8.8471,6183.0,4.06,1.68,1.18,154.965,
149969625,184.900488,0.968327,10.7875,5141.67,4.53051,0.837606012821198,0.868,134.591,0.105
288671122,280.251649,83.055747,11.3617,5702.0,4.43,1.02,1.02,256.739,
346972413,282.877583,19.560248,12.2175,6976.0,4.16,1.71,1.53,705.408,
346667887,280.677474,21.69982,11.7242,5943.0,4.03,1.66,1.09,480.155,
99654378,124.20331,71.286898,11.1303,5718.0,4.53,0.9,1.02,208.267,
298829544,287.764397,52.24468,13.4685,5919.0,4.1,1.54250001907349,1.08,1084.09,
28643432,282.699884,34.494757,11.649,5810.0,3.99,1.71,1.04,504.97,
462808933,277.589668,16.908527,12.3595,6353.0,3.94,1.98,1.26,770.483,
68453985,291.589776,17.06358,12.2428,8076.0,4.25,1.73,1.96,804.742,
441590110,113.27293,77.577697,11.6215,6263.0,4.3,1.3,1.22,436.183,
141677268,111.926404,83.647091,10.5784,5395.0,3.7,2.25,0.937,357.174,
408549705,94.084217,87.317511,12.9177,5999.0,4.41,1.09,1.11,497.269,
289574465,278.781977,36.615633,11.7191,6728.0,4.12,1.73,1.43,675.281,
359469754,291.567585,18.995258,12.6103,8032.0,4.17,1.9,1.94,757.613,
336125492,281.06595,38.007341,12.5231,6121.7,4.02,1.74,1.16,825.977,-0.146
336126253,281.074106,37.366161,11.8002,5469.0,4.53,0.88,0.957,253.938,
288612903,275.085296,40.332613,12.1605,5889.0,4.2,1.37,1.07,526.642,
357145112,290.124851,23.819189,12.1391,6124.0,4.13,1.54,1.157,491.054,
383828887,284.160862,33.279514,13.2357,5854.0,4.28,1.24,1.06,763.703,
219431828,146.712487,76.893849,11.906,5062.0,4.47,0.89,0.85,232.248,
193628179,266.562261,46.498341,11.9993,5957.4,4.18,1.41,1.09,504.372,0.341
298049015,185.336268,81.647682,14.9652,3773.0,4.64,0.62,0.603055,372.355,
21101556,274.422007,52.572205,11.3862,6520.0,4.26,1.43,1.34,451.568,
267810289,293.096015,58.368884,13.306,5704.0,4.1,1.48,1.02,914.238,
320324079,246.458472,74.838054,11.5405,6382.0,4.07,1.72,1.28,567.18,
158323182,286.90686,47.905245,12.6934,5907.2,3.75,2.28,1.07,1119.77,0.0731765
65845738,310.938842,40.29807,12.3428,6589.0,3.98,1.99,1.37,821.754,
419411415,313.770682,24.360977,13.6136,3262.0,4.83,0.4,0.388752,86.4493,
159117779,192.905209,78.027244,12.8715,5972.0,3.72,2.41,1.1,1297.27,
147892178,142.729233,71.740257,13.2754,3850.0,4.68,0.56,0.558209,156.815,
110738386,291.541081,28.68856,11.4731,6164.0,,1.31,,386.638,
111108561,291.871283,25.453331,12.8462,5900.0,4.54,0.92,1.072,404.438,
265979849,314.316923,21.950206,11.4194,5569.0,4.21,1.28,0.982,302.086,
215595454,295.168022,28.682559,13.3285,6379.0,4.15,1.57,1.27,1054.17,
424699834,294.459175,58.986723,12.8257,5911.0,4.11,1.50878000259399,1.08,790.407,
247356332,309.275892,29.365411,12.8179,6254.0,4.42,1.12,1.21,625.326,
7583660,272.537667,47.875676,12.0228,5840.8,3.65,2.53,1.05,893.944,0.353
236632480,314.987438,31.485279,12.8507,5873.0,4.21,1.34,1.06,666.058,
256561562,299.937613,61.653163,12.9392,6818.0,3.89,2.28,1.47,1526.91,
215018906,294.922389,28.572231,10.9992,6029.0,3.71,2.45,1.118,517.506,0.426
259172249,292.663464,71.762961,14.5179,3937.0,4.59,0.67570698261261,0.646066,377.483,
378708888,302.828492,34.368508,13.4066,6095.0,3.95,1.87,1.14,991.551,
394691478,291.435194,30.028078,13.1562,6655.0,4.19,1.58,1.4,1094.99,
233409941,302.166535,59.482017,13.3911,5536.0,4.48,0.94,0.97,539.904,
30791047,289.709501,31.648175,11.3171,8104.0,4.02,2.26,1.97,900.45,
377297285,286.716198,54.612108,13.0628,6424.0,4.18,1.53115999698639,1.3,1027.87,
406361982,308.190536,27.546096,12.5459,6228.0,3.72,2.5,1.2,960.824,
383645563,278.846728,60.427895,12.5117,5721.0,4.19,1.34,1.02,584.497,
195093356,313.339745,37.475083,11.8572,5707.0,4.5,0.94,1.017,296.602,
313453776,198.684521,75.235992,11.6078,5824.6,4.24,1.3,1.06,388.807,
154014059,206.75296,68.867137,12.9534,5899.0,4.03,1.65,1.07,925.944,
288428649,269.035507,78.213123,11.9919,5087.5,4.41,0.97,0.88,273.283,
55778666,182.33384,57.503601,13.1924,5685.0,4.46,0.98,1.01,576.539,
105387356,300.767548,31.059697,11.4186,6529.0,3.58,3.11,1.35,876.326,
69356857,294.337425,35.276493,11.7791,6212.0,4.04,1.74,1.2,609.388,
259100469,291.172808,69.125175,11.1752,5795.0,4.41,1.06,1.04,248.564,
335681838,222.513957,63.038437,10.8964,6511.0,4.42,1.18,1.34,302.144,
154814765,183.093158,84.411214,10.8131,5721.0,4.38,1.08,1.021,214.496,
193765661,306.286561,43.233222,11.3335,6188.0,3.83,2.18,1.18,582.527,
435740442,297.495261,29.891252,12.4705,6002.0,4.18,1.42,1.107,603.735,
219016883,223.358891,68.859472,11.637,5430.5,4.42,1.02,1.0,290.646,
230290708,276.382262,44.901409,12.7986,5969.0,4.29,1.24,1.1,648.893,
40055053,293.083789,34.940397,11.6917,7349.0,3.93,2.31,1.67,980.487,
305948428,295.483771,23.127392,12.1019,5506.0,4.14,1.39,0.966,441.596,
426122503,287.658473,35.4957,12.789,5074.0,4.51,0.85,0.849,331.852,
322504451,309.333017,48.04051,12.5949,5995.0,3.96,1.81,1.1,764.006,
352151292,305.263323,52.910316,12.8105,5929.0,4.1,1.53,1.08,766.439,
123041007,279.057886,42.519276,14.5795,3861.0,4.58,0.69,0.655483,,
295807723,304.045452,48.876297,13.4161,6556.0,4.09,1.74,1.36,1095.81,
289307883,314.8042,23.733206,12.4228,5606.0,4.21,1.3,0.99,497.041,
256154857,300.045751,21.740611,13.4319,5126.0,4.51,0.85,0.86,423.737,
185598695,302.183898,42.496338,13.4752,6007.0,4.44,1.06,1.11,668.429,
278105308,302.751801,23.34472,11.7781,6815.0,3.92,2.19,1.47,782.324,
436007113,305.803809,29.872672,12.2492,6756.0,4.24,1.51,1.44,668.834,
395385033,302.499233,23.40978,12.899,6369.0,4.08,1.7,1.27,913.714,
284660935,179.211893,58.405356,13.286,5500.1,4.4,1.02,0.96,582.471,-0.08
126225595,315.261844,26.591654,11.7137,5646.0,3.69,2.35,1.0,613.744,
158325942,287.007826,45.396659,12.6023,5874.0,4.14,1.45,1.06,678.578,0.16179
356146869,266.336079,52.475176,13.089,4934.0,4.5,0.84,0.81,352.109,
185226925,301.240411,46.707217,12.1624,5990.0,3.54,2.93,1.1,1021.21,
147895461,163.757949,67.043652,12.4322,6337.0,4.0,1.85,1.25,908.659,
375419034,294.065225,21.794676,13.0157,6071.0,4.44,1.06,1.13,487.68,
326347927,303.964054,21.899468,11.9625,4780.0,4.25,1.09,0.771,256.473,
402828941,305.458545,19.435847,12.1444,5686.0,4.41,1.04,1.012,377.054,
274122380,298.455751,42.967308,11.8225,5856.0,4.37,1.11,1.058,355.201,
275527293,304.702586,41.970517,13.1549,5950.0,4.09,1.56,1.09,836.02,
435719275,297.552063,27.481047,11.9275,6812.0,4.04,1.92,1.47,673.959,
219847787,255.603468,69.109664,11.456,5896.0,4.4,1.08,1.07,301.885,
312899686,308.105327,35.873629,12.7821,6006.0,4.46,1.03,1.109,519.694,
153971295,202.071927,70.416036,11.9139,5546.0,4.55,0.87,0.98,273.233,
202468443,229.00618,62.718259,14.5982,3162.0,4.92,0.31,0.284947,97.0798,
359321688,291.219573,22.12466,11.4416,8524.0,4.06,2.25,2.12,656.146,
424112727,300.066897,22.162093,12.7655,7529.0,3.98,2.22,1.74,1229.65,
296461391,306.984801,48.318598,10.7988,6358.0,,1.41,,295.41,
278668358,307.952689,48.232153,12.4603,5930.0,4.08,1.56,1.08,612.204,
172871230,299.878862,41.742074,12.2794,6109.0,4.43,1.08,1.15,437.517,
356682805,174.64475,72.265344,13.1293,4310.0,4.5,0.76,0.67,245.857,
219466803,209.896071,74.073261,12.9179,5251.0,4.32,1.09,0.9,486.898,
282935857,313.175021,25.502871,11.7163,5766.0,3.59,2.7,1.03,749.716,
276381737,308.119189,58.095462,13.233,6132.0,4.13,1.54,1.16,876.326,
264301607,295.80865,66.571374,14.9343,3349.0,4.84,0.383284002542496,0.372494,166.421,
7681574,273.240396,47.336205,12.485,5733.4,4.42,1.03,1.024,440.9,0.098
194679333,312.860751,38.329749,11.1568,6543.2,4.02,1.88,1.35,537.068,0.171
405932063,301.464969,51.856929,13.1569,5865.0,4.13,1.47,1.06,875.436,
329346586,269.831796,49.54974,13.1137,6082.0,4.17,1.45,1.14,892.373,
399956873,287.537943,52.288047,11.7513,6817.0,4.18,1.61,1.42,624.699,
171312653,298.748378,36.162883,13.4842,6555.0,4.03,1.86,1.36,1430.26,
250330564,340.969106,-1.83855,12.9354,4076.0,4.49,0.76,0.638,187.506,
301035553,3.035148,-4.612959,13.1789,5735.0,4.54,0.9,1.02,533.065,
909930,328.038687,-8.419663,10.7217,6058.0,4.02,1.71,1.13,357.584,
857186,327.719173,-8.635946,12.2037,4780.0,4.5,0.82,0.771,215.501,
176279915,0.760104,-7.786416,11.8884,5244.0,4.44,0.94,0.896,258.455,
224217761,343.323535,-0.168347,13.491,,,,,,
250983039,338.733227,-11.363238,10.8921,5603.0,4.27,1.21,0.99,236.736,
33397739,344.222363,-8.119747,14.8951,3767.0,4.66,0.59,0.576836,337.095,
250111245,355.828682,-2.045095,13.9766,3692.0,4.77,0.5,0.545,162.229,
422486295,351.467705,4.454898,11.861,5462.7,,,,269.595,0.341
4619242,349.288896,-9.435693,13.0176,3504.0,4.67,0.58,0.574184,140.9938,
241102583,328.978312,-0.937407,12.4323,5362.8,4.65,0.75,0.928,271.346,0.373
422423972,339.802206,1.688259,12.2411,6311.9,4.16,1.53,1.24,670.528,0.0927533
313835568,331.051478,-2.397099,13.4476,5348.0,4.38,1.03,0.92,553.486,
407997410,359.71347,-4.961134,12.3913,5452.0,4.34,1.09,0.95,407.758,
267215820,356.481137,0.458798,12.4559,4219.0,4.53,0.73,0.66,162.51,
58825110,12.990801,13.078371,11.1893,6418.0,3.82,2.31,1.29,629.161,
337025682,32.249191,8.057199,13.0557,4794.0,4.51,0.81,0.77,313.459,
58798731,9.607237,17.19279,13.101,6480.0,4.27,1.39,1.32,955.654,
293407882,12.072754,6.918223,13.3526,5265.0,4.5,0.89,0.9,472.687,
408743161,36.581794,15.890418,12.5679,5921.4,4.2,1.37,1.08,566.267,0.228
387401076,41.507272,6.461628,12.985,5807.7,,1.31,,655.851,
369477998,15.886532,9.913917,12.1314,4031.0,4.65,0.62,0.63,105.824,
422653398,29.00124,0.179786,11.0208,5444.3,3.89,1.67,1.01,360.412,0.32
52052461,4.463744,14.498767,13.0427,5441.0,4.41,1.01,0.95,500.708,
306204904,30.183054,20.023188,12.4887,4329.8,4.45,0.81,0.677,188.541,-0.144
306401382,32.333404,21.451856,13.6546,3793.0,4.57,0.7,0.66184,243.32,
399724238,21.075658,4.531542,12.3207,5397.7,4.5,0.91,0.94,321.637,0.138844
347469901,28.721577,8.857654,13.4367,5442.9,4.38,1.04,0.95,596.925,0.41
302202317,9.33988,13.859072,13.0707,6143.0,4.46,1.05,1.16,641.876,
126982221,24.299742,16.018723,14.5597,3333.0,4.8,0.43,0.421973,,
309439436,91.802333,35.958044,13.0211,5849.8,4.05,1.61,1.06,793.998,0.214
408824640,39.065002,13.504228,12.5035,5981.3,4.24,1.31,1.1,578.773,0.065
435871546,12.518892,18.985772,12.1357,5801.0,3.64,2.55,1.04,916.994,
246965431,35.213556,23.520441,12.0828,3580.0,4.77,0.48,0.5,61.171,
257562160,22.644064,17.254698,11.422,5313.9,4.19,1.27,0.92,275.255,0.11493
243153196,15.685485,20.050424,10.7304,6584.3,3.96,2.04,1.37,483.421,0.046
336691874,6.529337,14.336428,12.0075,5790.0,4.15,1.43,1.04,476.899,
272146465,9.206607,2.130744,12.2431,5978.2,3.73,2.38,1.1,967.25,-0.591
408643099,35.91117,15.482955,13.1886,4738.0,4.57,0.75,0.76,281.555,
270406298,32.912647,4.192318,12.0261,5948.0,4.54,0.92,1.09,339.049,
257922326,26.45366,10.253401,11.7624,6312.9,,1.61,,455.36,-0.009
303502327,51.029236,12.435963,12.6345,5377.0,4.48,0.91,0.932,235.121,
58372253,65.293362,27.16792,11.2303,6119.8,3.69,2.54,1.15,410.855,0.036
61145589,56.654523,22.872829,12.7692,5892.0,4.3,1.21,1.07,572.23,
436843539,40.451187,24.102318,12.4333,6701.0,4.31,1.38,1.42,667.058,-0.028
387544178,44.245077,7.859332,12.4433,5580.0,4.5,0.93,0.985,322.87,
387515920,43.248217,8.854979,12.6345,6002.5,4.22,1.35,1.11,609.385,0.2
96948338,74.457947,31.318666,11.992,4932.0,4.47,0.87,0.81,208.746,
247409676,42.176259,20.809427,12.3857,5957.5,4.18,1.41,1.09,536.758,-0.095
381360750,46.952373,15.359083,12.5223,5427.0,4.49,0.92,0.945,331.289,
430099722,96.234561,23.657844,12.8019,6093.9,4.16,1.48,1.14,778.572,0.217
27294830,77.556092,19.640084,12.8997,4626.0,4.24,1.08,0.734,296.179,
467615239,78.172728,22.505924,13.1504,5439.0,4.41,1.01,0.949,430.82,
101348333,49.173462,30.74703,11.375,5938.0,4.49,0.98,1.084,225.157,
14156936,59.309482,22.378337,11.7085,6287.2,4.07,1.69,1.23,532.629,0.126
90669930,53.494348,32.118772,13.3053,4660.7,4.56,0.75,0.742,273.76,0.00370666
356990855,76.431732,29.725539,11.4217,5946.0,3.72,2.39,1.087,534.078,
34980970,48.026043,24.533561,11.1828,5156.0,4.7,0.69,0.872,120.861,
16005254,63.266216,20.915157,13.2239,3575.0,4.67,0.58,0.57434,138.367,
96165095,72.60148,33.014025,11.0543,4816.0,4.03,1.41,0.78,207.17,
26018819,52.523054,20.807824,13.4348,6441.1,4.41,1.18,1.3,839.92,-0.179
21119973,36.136874,24.101546,13.032,4686.8,,0.72,,,
366527844,76.478371,32.72313,12.4069,6622.0,4.23,1.49277997016907,1.39,631.337,
26054627,52.71257,20.879628,13.8117,3640.0,4.66,0.59,0.576672,188.336,
68808155,74.402302,21.601976,11.1846,6257.6,4.41,1.14,1.217,277.419,-0.117
27476314,78.372399,18.259576,12.8807,6182.0,4.08,1.64,1.18,796.298,
69995219,78.039675,28.546876,12.6022,6396.0,4.28,1.36,1.282,508.519,
113919944,54.165272,19.565919,12.55,6186.6,4.19,1.45,1.18,647.462,-0.224
34781378,46.330681,28.185824,12.0664,5850.0,4.17,1.41,1.06,461.002,
96170689,72.789609,34.627726,12.0647,5825.7,4.1,1.51,1.05,397.84,0.194
467684543,60.964678,31.775965,12.5434,6577.4,3.97,2.0,1.37,933.117,-0.025
150006846,69.841243,27.288032,12.669,5504.0,4.38,1.06,0.966,343.58,
46631742,54.183897,28.550269,11.5278,4636.3,4.5,0.802523970603943,0.736,138.708,0.0535241
90767677,54.066052,30.20593,14.8143,3174.0,4.76,0.47,0.467069,175.567,
427578289,54.910139,28.98062,13.3701,6175.1,4.23,1.38,1.18,895.565,-0.264
366602797,76.575162,31.273775,13.0581,6332.0,4.25,1.4,1.25,703.628,
308522539,75.369103,28.816605,13.357,6416.5,4.16,1.57,1.29,905.181,-0.183
426448042,40.201941,18.821761,13.462,5318.7,4.5,0.89,0.92,493.144,0.208
366754985,77.00647,31.898377,10.8227,6332.0,3.27,4.28,1.25,645.231,
21132157,36.519788,26.091793,11.0418,6080.3,3.61,2.76,1.14,651.291,0.04
45034406,91.789601,23.131649,12.4595,6943.0,4.17,1.67,1.52,866.009,
81178747,91.796289,27.622043,12.9139,6155.0,4.46,1.05798995494843,1.17,571.89,
56457123,62.893626,28.17861,12.8879,7976.9,4.31,1.6,1.92,748.464,-0.061
113804153,47.381894,20.578164,13.1765,5905.5,4.08,1.55862998962402,1.07,821.427,-0.0735361
400381085,91.747143,30.18939,12.4064,6350.0,4.19,1.5,1.26,621.805,
17457400,66.80026,20.774863,13.3689,4671.0,4.28,1.03,0.74,324.08,
371470493,43.572773,23.199186,11.8941,5776.1,4.05,1.6,1.04,459.882,-0.021
9155187,116.716387,39.094469,11.4556,5521.95,4.34199,1.10006999969482,0.97,276.211,0.299
20096620,129.882377,47.351908,9.9596,5720.0,3.92,1.82744002342224,1.02,246.81,0.46
71268730,113.784894,71.400673,12.456,3865.0,4.62323,0.633426010608673,0.614549,121.333,
219113246,271.759525,70.472763,10.8175,6417.0,3.6338,2.87,1.29,685.736,
467153319,131.135061,59.406708,9.3672,6803.0,,1.62,,214.278,
321069529,103.602033,38.646103,10.2275,4626.0,,5.09,,492.608,
328325110,112.424109,50.6838,9.59788,6385.0,4.21,1.47,1.277,200.226,
441587756,112.761149,73.128784,10.1684,6525.0,4.18,1.56,1.343,286.781,
241174783,116.368498,44.129824,9.54224,6802.3,3.75,2.68184995651245,1.464,390.33,-0.116
356472238,116.954491,48.114999,9.46981,6277.0,4.06,1.72,1.226,215.238,
166053959,212.720875,62.522196,7.90653,6768.0,4.26201,1.47,1.45,102.134,
165297570,157.06262,25.573137,9.6022,6317.0,4.12,1.6139600276947,1.24,218.05,-0.01
85266608,160.630713,28.198626,10.8583,6238.0,3.88506,2.07920002937317,1.21,483.675,
202425357,226.106919,60.536232,11.3502,5920.2,4.17,1.43,1.1,394.486,
166086403,214.44542,62.758386,8.19888,7531.0,4.31266,1.52,1.74,140.907,
407591297,152.176517,35.547557,10.5737,3495.0,4.91164,0.31,0.291486,18.5226,
39143128,168.80167,39.35892,14.8017,3526.0,4.80713,0.421427994966507,0.415445,190.568,
8853478,142.444304,30.062908,10.9762,5441.34,4.51596,0.890606999397278,0.949,176.69,0.362
298600443,272.060717,53.365566,10.2521,5961.0,4.46,1.02,1.092,170.451,
198512478,212.621349,72.589757,8.1319,5464.0,4.51,0.9,0.96,48.793,
313425396,198.137149,77.839038,8.59702,6194.0,4.32,1.25,1.187,102.774,
61109252,154.574508,17.396435,8.0152,5977.0,4.42,1.07,1.1,64.2806,
298070500,197.058444,81.445787,9.74007,6269.0,4.39,1.17,1.222,165.951,
202428245,227.191112,62.959153,9.3373,5019.0,,3.37,,265.035,
18019350,172.014117,39.672647,10.1174,5621.7,4.48,0.95,0.995,133.778,0.245
8260536,161.879557,36.329434,9.58055,6017.1,4.44,1.05,1.113,130.855,0.13
284688043,292.982939,28.651865,9.8008,6629.0,3.94,2.09,1.391,320.903,
332564140,136.892919,-14.339867,10.9815,5513.0,4.34,0.95,1.016,202.211,
397058826,189.518268,3.282395,6.33044,9333.0,3.53807,4.33793020248413,2.369,212.02,
29781207,65.107799,-68.360571,12.3768,4363.0,4.60832,0.677838981151581,0.68,156.801,
438519486,100.654583,15.657379,12.5648,5311.7,4.45,0.95,0.914,358.712,0.074
56798909,101.360836,22.290364,13.2476,4027.0,4.67,0.57,0.566634,157.413,
172353721,98.693733,32.808268,13.424,5649.0,4.38,1.06,1.0,644.909,
127226712,84.966565,12.257882,13.1891,7110.0,4.24,1.59,1.58,1125.7,
372424377,101.345243,17.310557,12.8161,6606.6,4.31,1.36,1.38,867.107,0.02
430093142,96.31948,20.535854,12.8456,7575.0,3.64,3.31,1.76,2162.6,
115628210,83.983008,31.768279,13.0709,6078.0,4.27,1.3,1.14,675.216,
76882795,87.718761,28.819847,13.2148,6140.3,4.31,1.25,1.16,711.856,0.145
76032342,86.068595,28.791551,13.176,6623.0,4.14,1.67,1.39,1030.07,
386197662,104.134699,13.429193,10.8006,6419.6,4.1,1.68,1.293,403.133,0.228326
269838674,90.053026,22.340224,10.883,5981.0,4.22,1.34,1.1,292.347,
371164829,109.367805,31.481846,14.3554,3892.0,4.57,0.7,0.665787,357.23,
52517713,84.164148,14.914516,13.2792,7497.0,4.16,1.81,1.73,1213.74,
87405719,103.010116,25.2013,12.9331,3799.0,4.72,0.520262002944946,0.517719,117.782,
79316101,90.084691,26.353234,12.7225,6219.5,4.37,1.18,1.199,595.812,0.00243312
115564354,84.006338,32.316823,11.6985,5627.0,4.64,0.79,0.997,205.719,
68443254,103.102009,33.648806,13.3683,6498.4,4.26,1.41,1.33,1088.28,-0.179
195155818,100.424632,21.056692,12.9624,6507.7,4.25,1.43,1.34,946.417,0.14
47132480,97.621169,19.861789,11.7692,7787.0,3.86,2.64,1.84,1198.93,
80611440,86.843617,25.626034,11.2391,5663.5,4.05,1.57293999195099,1.006,346.141,-0.192
47319867,108.076091,20.751933,12.6165,4964.8,4.59,0.7603600025177,0.819,261.785,0.171617
436099179,83.837234,12.115939,12.5284,6211.0,4.09,1.64,1.2,740.068,
429501231,90.431757,22.245686,12.8591,6439.0,4.49,1.07,1.303,554.08,
127957099,81.649605,31.633052,10.9753,6353.1,4.42,1.15,1.262,283.552,-0.305644
52420398,83.968375,12.925947,11.659,6042.1,4.28,1.27,1.123,363.385,-0.28
76545118,87.204409,28.671337,11.9736,8415.0,,2.16,,1066.66,
5800958,78.988494,22.074955,11.9696,8064.0,4.17,1.91,1.96,809.167,
46774573,97.005172,22.898603,13.2621,6797.0,4.3,1.42,1.46,1031.52,
302895184,83.171954,14.957058,13.1207,6045.0,3.96,1.83,1.12,811.056,
86898676,98.595105,24.235555,11.444,5612.0,4.09,1.48,0.993,373.957,
75697959,85.62494,28.549845,14.9819,3981.0,4.56,0.71,0.668164,465.477,
307377219,98.83772,14.490329,12.4151,6005.0,3.94,1.88,1.11,744.34,
294309873,92.998145,13.759123,12.1706,9649.0,4.35,1.74,2.46,1052.12,
155369758,103.100078,12.531671,13.3742,5447.3,4.34,1.09,0.95,618.277,-0.222
6853696,81.642309,21.599165,13.4489,5708.0,3.96,1.76,1.02,943.511,
367193060,104.456348,25.51535,11.5419,5860.5,,1.51,,317.022,0.093
247912728,88.005636,13.204319,13.3853,7648.8,4.09,2.0,1.79,1810.17,0.548
29374525,86.300794,18.461741,11.8338,4689.0,4.61,0.71,0.748,151.894,
91697121,88.59846,15.065604,13.3605,6642.2,4.26,1.45,1.4,1128.92,0.051
406684949,143.435397,6.741368,12.1047,6145.0,4.31,1.25,1.17,499.409,
400515645,92.873609,34.977082,12.8173,6960.9,4.25,1.53,1.52,885.894,-0.154791
367193046,104.395856,25.498913,12.1258,6545.7,4.34,1.3,1.35,589.655,-0.042
255735567,107.425727,22.741533,11.8888,6540.2,3.96,2.03,1.35,813.803,-0.210958
84788795,97.096548,25.834703,12.7601,6544.0,4.2,1.53349995613098,1.35,872.619,
239722954,86.45835,35.331499,13.1472,5666.0,4.24,1.27,1.01,602.413,
291016451,169.995604,8.350262,12.1629,5366.0,4.55,0.85,0.93,277.019,0.225
119130170,89.061905,21.332032,13.4597,6171.0,4.01,1.77,1.18,1093.14,
6653897,81.051235,20.590643,11.4541,6238.2,4.42,1.13,1.208,317.566,-0.13
69028091,108.047768,30.104333,12.6819,5534.6,4.34,1.1,0.97,463.462,0.29
101569583,107.907236,28.923941,12.6167,6273.8,4.0,1.82634997367859,1.22,947.518,0.115331
58997701,104.987572,19.6155,13.1132,6086.0,4.38,1.13925004005432,1.14,719.398,
26406123,107.429839,15.596234,13.2612,5623.0,3.81,2.07,1.0,1141.59,
75171363,84.852114,28.62691,13.3462,5903.0,4.02,1.67,1.07,826.112,
87044036,98.853985,24.835858,12.3128,6070.0,4.26,1.31,1.13,555.611,
456971986,100.615349,19.735175,11.7207,6580.3,4.13,1.66,1.369,595.667,0.046
367434266,104.926875,30.54239,10.6275,5762.0,4.44,1.00934994220734,1.031,187.103,
1942969,78.932278,34.092293,12.8255,6338.0,3.95,1.95,1.25,921.369,
445990611,106.38895,15.670447,12.8132,6265.0,3.89,2.07,1.22,1195.12,
118963720,88.788121,18.335697,11.8517,6034.1,3.88,2.01,1.12,620.87,0.063
79971247,91.098778,29.073274,10.86,6280.9,4.36,1.21,1.227,285.501,0.194182
437786834,83.214349,19.952443,13.1584,6810.0,4.19,1.60901999473572,1.47,1049.51,-0.072
171646471,158.77531,19.118379,14.9671,3572.0,4.71,0.53,0.524583,282.849,
87827371,107.199487,24.255919,12.8749,5717.9,4.27,1.22096002101898,1.02,627.935,0.291
45368525,92.319121,20.273745,12.7625,6709.0,4.29,1.41,1.43,821.135,
83275782,94.393712,28.445251,11.8423,6328.7,4.11,1.63,1.25,565.359,0.0297836
172222885,98.32004,34.072909,12.2122,6283.0,4.36,1.22,1.23,507.02,
302419660,81.933112,16.764321,11.9567,7618.0,4.19,1.77,1.78,727.4,
367267217,91.162383,31.73644,12.5627,6067.0,4.27,1.29,1.133,594.261,
47132361,97.620654,19.794869,13.2751,6329.0,4.04,1.78,1.25,1204.45,
76798849,87.540281,24.774708,12.8015,5845.0,4.38,1.1,1.055,536.648,
81808065,92.564877,24.614827,12.2605,7872.0,4.09,2.04,1.88,1033.36,
97669493,92.511344,32.943648,11.6861,5874.0,3.68,2.45,1.06,689.255,
78601408,89.137237,25.683953,12.2106,6553.2,4.26,1.43,1.36,655.835,0.056
353361266,100.342905,27.961441,13.197,5732.6,4.43,1.01,1.02,596.321,0.228937
127229631,84.979951,14.303023,13.0406,5508.0,4.6,0.82,0.97,336.879,
95122849,114.741958,29.428761,12.0515,5656.0,3.95,1.75,1.0,591.13,
67444896,171.396808,12.766823,12.2773,5799.3,4.09,1.52,1.04,598.366,0.165706
46307587,133.147899,17.499763,12.352,5308.3,,1.89,,330.387,-0.0698364
69295263,121.176804,13.413841,13.4144,6032.1,4.25,1.32,1.12,942.604,0.222
459947163,172.592807,16.752416,12.9922,5825.0,4.32,1.18,1.05,659.819,
192982424,142.586792,12.70639,12.2304,5900.3,4.06,1.59,1.07,642.965,0.123
443961200,124.01708,8.823241,11.394,6655.8,4.25,1.49,1.25,463.462,0.161188
186815660,124.492598,15.987916,12.8125,6119.0,4.2,1.4,1.15,774.157,
291109653,190.549504,3.788601,12.2937,3654.0,4.69,0.55,0.548138,89.6811,
302305400,126.357833,25.20762,12.8708,5706.0,4.06,1.56,1.02,778.03,
281815702,164.237285,1.936362,13.324,5907.0,4.45,1.03,1.07,676.829,
468983280,128.691294,11.489588,11.6923,3547.0,4.81,0.415960997343063,0.409377,45.0907,
59575189,109.192769,18.121825,12.5501,5706.5,4.0,1.67,1.02,707.292,0.445
247166992,113.595788,17.294273,11.5182,4825.0,4.56,0.77,0.782,152.766,
350024178,155.009421,9.300649,13.1211,6004.0,4.43,1.06,1.11,657.548,
468979441,128.640176,9.035381,10.7421,6151.0,4.47291,1.0382399559021,1.168,225.454,
14440334,110.662796,16.865756,11.7628,5386.0,4.44,0.96,0.935,265.493,
380671216,179.594619,11.7317,10.6421,5729.1,4.41,1.04,1.02,190.774,0.01
323658120,137.037665,10.636648,10.7717,5767.0,4.21,1.32,1.033,257.828,
270679144,137.025914,5.92396,12.3902,6147.0,4.02,1.75,1.17,804.465,
262736264,149.366582,5.171006,12.6811,4880.9,4.5,0.83,0.8,285.229,0.281
386772576,119.738513,22.790566,12.8935,5019.0,4.51,0.83,0.83,335.455,0.406
62740096,116.003412,20.208863,13.189,5625.1,4.54,0.89,1.0,513.084,0.21
94823134,113.353491,26.680872,12.3295,5985.0,4.22,1.35,1.1,574.701,
126322519,135.204056,27.998334,10.3404,6317.0,4.29,1.32,1.244,248.654,
350044062,155.580302,10.288696,12.3391,6031.2,4.05,1.65,1.12,713.921,-0.175361
95079513,114.621291,26.909495,10.8343,6062.1,4.34,1.2,1.13,265.58,0.111
374350678,160.866036,3.9587,12.8078,5190.5,4.59,0.79,0.88,325.186,0.231
385312460,181.339963,-12.263451,13.259,5986.0,4.3,1.23,,712.281,
377097547,148.60167,6.646246,10.8055,3514.0,4.87,0.356878995895386,0.342153,24.4583,
406140233,142.649374,11.627205,13.4649,5949.3,4.11,1.53,1.09,1076.22,0.08
35285308,139.182024,14.592401,12.5879,5638.4,4.37,1.08,1.0,466.413,0.274179
26865340,112.477813,26.019184,11.4769,6786.0,4.11,1.76,1.46,620.47,
389040826,141.997153,4.213192,12.8656,3628.0,4.72,0.51,0.51201,106.339,
366698929,182.490924,5.631749,12.5869,5429.0,4.4,1.02,0.95,416.236,
184869170,110.25862,19.401721,12.3467,5994.0,3.5,3.08,1.1,1307.02,
63190194,156.673491,13.018643,13.4277,5332.0,4.46,0.94,0.92,531.582,
55275863,139.616364,16.989956,10.5182,5494.0,4.57761,0.835681974887848,0.963,135.459,
70678449,155.838203,13.472271,12.2614,6077.0,3.88,2.02,1.14,857.001,
307951656,148.617274,24.302831,13.4016,5737.0,4.06,1.55,1.02,1016.76,
386620582,124.152799,16.392612,10.927,6948.0,,1.12,,379.6726,
443582629,167.727736,-3.242816,11.7119,3443.0,4.86,0.365052998065948,0.351578,37.4763,
374180079,157.935686,0.937278,10.6269,4362.0,4.53943,0.733789026737213,0.68,77.5586,
396932137,176.481442,11.37083,8.94302,6379.0,4.28293,1.35,1.274,137.592,
366409685,126.388216,10.170581,11.9589,6294.0,4.20464,1.4509999752044678,1.23,571.447,
443616612,169.117028,-3.975441,13.7701,3696.0,4.68275,0.563000023365021,0.556799,182.536,
277833995,156.405499,2.513883,11.758,3650.0,4.66,0.590524971485138,0.580289,77.6888,
345450130,57.875185,9.727861,11.8693,3288.0,4.81007,0.418181002140045,0.411846,42.753,
335540507,183.023659,-12.684409,10.8228,4788.0,4.57314,0.7525780200958252,0.773,106.204,
415399713,62.853108,10.277208,10.3965,5862.0,4.53012,0.926029980182648,1.06,144.866,
458686847,133.855734,10.469218,12.7482,3689.0,4.72452,0.5147449970245361,0.512437,101.632,
366411016,126.464358,10.246577,11.8964,5368.0,4.71954,0.697439014911652,0.93,203.896,
244170332,6.489351,-5.697646,11.3978,3888.0,4.71522,0.525436997413635,0.522625,60.8241,
88114177,148.472166,19.594377,8.5727,5788.42,4.37027,1.10258996486664,1.04,80.6404,-0.336
318836983,41.380404,5.150733,11.5212,3975.0,4.5998,0.662051975727081,0.636083,90.9985,
155093420,102.487722,14.974761,10.8475,7173.0,4.13332,1.79821002483368,1.603,516.56,
176868951,182.751404,-9.765239,11.3328,5129.0,4.61786,0.755721986293793,0.864,152.509,
411697517,78.339119,16.414199,14.4087,5780.0,4.438,,,1314.53,
268143410,67.324162,26.163578,10.4756,6555.0,3.56,3.22,1.36,463.124,
17555760,67.116707,21.56849,10.4422,5772.0,3.56648,2.77,1.03,370.57,
337648770,138.952916,15.137683,13.1748,4736.5,4.55,0.769620001316071,0.76,310.197,-0.168206
178266267,128.073179,22.005792,10.0286,5595.7,4.52,0.91,0.989,123.647,0.163
456305193,117.737465,67.043203,10.2003,6040.0,4.13,1.51,1.122,242.868,
231721006,80.729774,-53.765798,12.2916,5805.0,4.51,0.94,1.04,378.277,
466206508,302.798423,-61.135466,11.8452,5392.9,4.2,1.27,0.94,348.849,-0.18
17385917,66.142172,23.270782,10.659,5058.0,4.50269,0.853329002857208,0.845,125.194,
68893269,74.700815,18.16905,10.3535,5086.0,4.48,0.877821981906891,0.852,113.205,
301624989,169.21486,3.363892,14.245,4427.0,4.22028,1.06737995147705,0.69,592.204,
59744366,71.4759,24.113784,12.3047,6887.55,3.89433,2.29041004180908,1.5,924.313,-0.232995
63013648,117.591236,22.281552,10.8481,5509.85,4.39122,1.0378600358963,0.967,193.901,0.0181734
155012162,143.919696,16.097471,9.8978,5551.25,4.36023,1.08166003227234,0.978,134.736,0.368
6499453,80.8597,23.133528,11.1971,4921.0,4.11275,1.30646002292633,0.807,208.148,
195187769,128.926789,20.373489,9.62527,5923.8,4.36,1.13,1.08,139.794,-0.0254857
387974148,87.125618,18.179528,12.4507,3768.0,4.69159,0.552721977233887,0.547697,99.7999,
3224605,82.384951,33.246886,11.9901,5639.5,4.54594,0.883211016654968,1.0,287.606,0.07
218354669,43.002147,15.055665,10.6853,4732.72,4.49669,0.814342975616455,0.759,103.347,-0.36
91287873,104.74387,28.715768,9.83733,3997.0,4.6288,0.626721978187561,0.609365,39.4478,
388804061,172.560141,7.587832,11.2373,3464.0,4.7864,0.444516003131866,0.440668,38.0266,
55315929,140.339084,14.367869,8.89098,5910.0,4.27216,1.25504994392395,1.075,109.86,
323687123,137.201544,11.86225,12.4289,3166.0,5.07428,0.194356992840767,0.163462,21.8182,
14570099,125.986485,22.663226,11.0384,4678.0,4.60838,0.709927022457123,0.746,105.58,
456945304,67.82053,19.83169,10.3729,5372.0,4.40929,1.0,0.931,144.202,
238606535,132.652502,19.091311,10.4105,6781.59,4.05268,1.88308000564575,1.46,408.274,0.12462
330637910,136.200047,13.795446,15.1792,3449.0,4.74578,0.490442007780075,0.48853,272.64,
17307715,65.469614,21.353263,11.4529,3893.47,4.58272,0.655766010284424,0.6,72.7998,-0.831
239198720,146.810895,24.541806,10.7986,5776.0,4.51349,0.932735025882721,1.035,185.26,
127505658,80.947217,35.417549,11.6871,5722.0,4.55,0.89,1.021,251.487,
117892246,131.227011,45.466192,12.932,5542.4,4.16,1.36,0.98,676.655,0.287
73250068,123.355106,62.287571,13.1133,5830.0,4.22,1.32,1.05,748.345,
456335739,135.139415,49.451496,13.2573,5260.6,4.58,0.81,0.9,431.019,0.461
142785421,154.302943,75.333344,13.2187,5496.0,4.38,1.05,0.96,574.817,
267484403,298.837092,58.522878,13.3273,6312.0,4.26,1.37,1.24,974.173,
302381442,100.172692,76.732244,13.4113,5120.0,4.48,0.88,0.86,454.675,
88565745,106.990414,60.01161,11.2245,6250.4,4.44,1.1,1.21,303.081,-0.0245027
9151337,105.078049,37.198901,10.4309,4571.0,4.58,0.72,0.72,78.0645,
459762279,136.426,55.307131,13.6281,3695.0,4.66,0.59,0.583474,186.562,
268405086,278.550256,86.557356,11.6643,3999.0,4.35,0.87,0.624,117.383,
160162137,241.248539,85.204724,14.0127,3176.0,5.0,0.24,0.210254,56.6893,
137543637,136.221429,79.355104,12.574,8055.0,4.49,1.32,1.95,974.619,
98833877,105.308337,41.129691,11.1947,6813.5,4.16,1.67,1.47,508.394,-0.355464
154563411,189.265651,75.92044,12.3681,4340.0,4.59,0.69,0.678,158.202,
252928337,105.821673,52.51673,13.5426,3595.0,4.8,0.43,0.424023,115.906,
366298702,112.262575,42.03191,12.2989,5647.0,4.22,1.29,1.0,486.081,
456306892,118.065411,70.165569,11.8294,4947.0,4.55,0.7943959832191467,0.814,191.145,
392064198,110.639665,30.418354,11.2713,6297.2,3.97,1.91,1.24,533.617,0.2422
357244603,107.631373,74.485744,14.2833,3619.0,4.57,0.69,0.659639,,
29169215,135.324512,47.452351,10.7314,4092.4,4.5,0.75,0.64,69.0641,0.128
188389305,129.483355,37.735315,13.0348,6457.2,4.44,1.14,1.31,771.853,-0.581
160165689,244.023057,86.368644,13.4794,5607.0,4.45,0.98,0.99,540.141,
29069242,117.732887,46.306568,13.3834,5632.0,4.05,1.57,1.0,943.289,
141762491,120.594795,83.198419,12.4506,5733.0,4.05,1.57,1.02,655.855,
51094586,108.606501,56.700143,11.4972,5707.5,,1.89,,244.354,-0.358
9907513,110.689677,37.667511,11.9639,4216.7,4.48,0.78,0.66,136.242,0.044
192969211,123.027093,42.228714,12.1721,5465.0,4.38,1.05,0.96,356.237,
88529975,106.680068,65.857249,12.136,6331.0,4.25,1.38,1.25,597.026,
468433454,128.55223,39.270972,13.2201,6549.4,4.21,1.51,1.35,1130.59,-0.186
53394475,118.417987,54.124212,12.826,5899.0,4.23,1.32,1.07,683.54,
302908969,110.460165,35.221983,12.1765,4119.0,4.51,0.74,0.645,136.955,
203144354,106.336563,42.847909,13.2995,6164.3,3.83,2.17,1.17,1439.26,-0.024
85284138,144.441228,34.849412,13.4913,6337.0,4.44,1.11,1.25,893.967,
237108775,257.315636,80.41608,14.7371,3584.0,4.71,0.53,0.525026,248.266,
159160230,199.326238,55.681539,11.2785,6246.0,3.96,1.91,1.21,547.948,
287268770,155.151361,63.290591,13.1922,5047.0,4.55,0.8,0.84,378.06,
237097499,239.507231,66.037182,13.3757,4541.0,4.52,0.77,0.72,313.795,
101592219,144.658279,33.691083,13.4409,6054.4,4.33,1.21,1.13,874.724,-0.441
224293782,184.175471,57.642701,11.6494,6711.9,3.94,2.12,1.43,795.259,-0.006
237015185,306.391539,63.591105,11.2399,6413.0,4.21,1.47,1.29,373.528,
252469648,150.538008,50.145387,11.0737,4374.8,4.54,0.74,0.68,95.0735,-0.0269147
171599496,156.893929,22.426235,13.3591,4660.0,4.56,0.75,0.74,316.465,
233070717,270.846078,63.21507,13.1953,5859.0,4.21,1.33,1.06,811.406,
229713401,278.572233,66.922785,12.6975,4661.0,4.5,0.8,0.742,250.177,
17122808,144.187751,36.527295,13.4584,5904.0,4.34,1.16,1.07,816.667,
252481136,156.022815,48.248331,14.8686,3714.0,4.73,0.51,0.507479,274.922,
232624234,268.693501,55.064224,12.1235,4741.1,4.54,0.77,0.761,191.341,-0.417113
18021087,172.411097,38.936561,13.1082,4701.6,4.43,0.88,0.75,334.412,0.124
165413340,159.612015,27.062548,11.7963,5594.0,4.46,0.97,0.99,291.68,
148960849,189.432315,69.458427,13.0076,4313.0,4.53,0.73,0.674,223.016,
235711993,252.934906,80.123028,13.0669,6205.0,4.43,1.1,1.19,693.821,
154220877,184.901638,48.68329,14.6877,3927.0,4.61,0.65,0.629592,390.415,
9376973,166.950743,38.136936,13.0537,5771.5,4.18,1.36,1.03,760.003,0.257
56999883,173.070058,44.126424,12.9882,5497.0,4.23,1.25,0.96,631.38,
224299081,185.504552,55.559548,10.7131,5839.5,4.18,1.38,1.05,270.633,0.078
165414210,159.708601,27.415505,11.9683,4898.9,4.43,0.91,0.801,227.174,0.293087
219467837,210.063939,75.08442,12.64,5989.0,4.16,1.45,1.1,718.289,
288162228,221.548511,78.996619,13.2859,5414.0,3.75,2.14,0.94,1186.92,
420174131,292.27775,72.001439,13.1388,5286.0,4.18,1.28,0.91,565.9,
53498154,180.844348,49.251226,10.0326,5342.0,4.57,0.83,0.923,101.913,
137020480,197.142985,42.340801,9.1189,6351.0,3.78,2.4,1.26,260.349,
376645976,198.298761,31.638404,9.80675,5699.0,4.46,0.98,1.015,122.745,
335813590,183.197314,13.237495,12.0051,4893.71,4.57637,0.762767970561981,0.8,193.533,-0.0718116
135100529,185.727955,18.836705,14.4733,3427.0,4.438,,,110.03,
298437387,217.512291,20.953627,10.4671,5299.0,4.48,0.91,0.911,132.992,
316416562,236.453853,40.374862,10.3331,5382.4,4.47,0.93,0.934,134.047,0.135
347430350,218.276625,21.894688,9.32423,6458.0,4.31,1.33,1.312,161.997,-0.12
420779000,213.156551,4.059417,10.9016,5061.9,4.49667,0.859777987003326,0.846,141.837,0.028
119131709,209.753998,-2.513436,11.1586,5600.0,4.26703,1.21153998374939,0.99,265.924,
119585136,175.643637,20.965292,14.9839,3770.0,4.71,0.53,0.523612,306.144,
233173039,216.206467,66.700749,12.899,5954.0,4.59,0.87,1.09,488.879,
105616091,199.730786,34.254077,11.3476,5405.0,4.5,0.9,0.94,207.621,
136992839,193.01944,47.657137,11.9229,5803.0,4.14,1.43,1.04,489.497,
154258295,210.185737,53.123121,11.2836,5601.2,4.3,1.16,0.99,276.04,0.339192
166054851,213.016047,61.354254,12.5811,4479.0,4.51,0.77,0.703,211.145,
373729723,193.406978,24.373263,12.0633,5268.9,4.55,0.83,0.9,257.567,0.2775
141202786,180.90917,42.537299,14.5044,3379.0,4.76,0.48,0.473933,215.996,
160521907,240.6254,76.569795,12.9947,6181.0,4.08,1.64,1.18,1004.08,
284592754,186.07825,44.231568,12.3255,5834.7,4.47,0.99,1.05,409.36,-0.55892
441658213,210.119238,55.31559,11.9816,5035.9,4.51,0.87,0.9,256.116,0.0591925
156377968,177.21251,35.547508,12.4054,5620.5,4.28,1.21,1.0,473.18,0.131
366804698,198.447139,5.702132,10.8829,5999.3,3.91,1.93,1.11,429.221,0.281
67743054,225.544641,31.967349,12.1436,5935.2,4.42,1.06,1.08,415.29,0.106
23863106,211.009596,38.620245,13.8994,3571.0,4.73,0.51,0.510037,163.236,
392319808,225.080178,39.451312,12.4399,5676.0,4.05,1.57,1.01,649.889,
353807936,270.216545,56.686006,12.469,6145.0,4.36,1.19,1.17,568.466,
256326844,298.466694,60.069171,12.3879,5887.0,3.9,1.93,1.07,817.484,
232628532,268.987787,57.305702,13.1125,6230.0,4.12,1.59,1.2,1038.26,
298729646,278.389882,57.860514,12.8625,6038.0,4.43,1.07,1.12,593.733,
233465389,230.922864,37.486639,11.4459,5318.4,4.33,1.09,0.92,253.021,0.291322
282940781,229.259572,61.008601,10.686,4248.0,4.56,0.71,0.66,71.811,
458458156,209.661841,14.12958,12.3503,5149.0,4.46,0.91,0.87,302.304,
441736986,258.837055,76.468988,13.441,4708.0,4.69,0.65,0.753,292.429,
119178132,210.77521,-1.480284,14.5486,3507.0,4.62,0.63,0.613865,295.008,
207491214,246.315511,57.562413,13.0445,5845.3,4.14,1.44,1.05,803.472,-0.557
311116297,221.248769,18.50919,13.419,5192.0,4.26,1.15,0.88,622.41,
349312122,222.368583,20.615336,12.958,5447.5,4.56,0.85,0.95,414.658,0.125
422217860,191.085171,5.688498,11.8706,3687.0,4.63,0.62,0.605246,88.7485,
198161914,243.86183,64.588731,13.2643,5013.0,4.55,0.8,0.83,383.712,
158022899,220.35381,28.19514,12.5757,5436.0,3.95,1.71,0.95,701.942,
274223601,250.000454,53.791364,13.3931,6064.0,3.88,2.03,1.13,1443.94,
235684964,288.295108,76.122823,13.0994,5526.0,4.06,1.51,0.97,777.763,
28242530,222.872412,40.035955,13.3272,4951.8,4.52,0.82,0.82,390.189,-0.0685801
357347296,201.087989,28.567707,10.8833,5686.0,4.12,1.45,1.012,295.293,
162577468,243.934903,48.32326,12.1196,5900.0,3.94,1.83,1.07,700.55,
860207014,141.823519,-50.356655,10.3918,6488.0,,1.66,1.21,347.621,
23863105,211.00922,38.618331,14.8084,3380.0,4.82,0.41,0.400962,167.245,
461239485,222.767322,5.947363,11.4063,5316.0,4.52626,0.864673018455505,0.916,199.173,0.3
175772482,223.819979,-2.057687,12.2688,5878.0,4.4413,1.02573001384735,1.06,398.276,
368805700,221.943887,1.065023,12.1159,5849.09,4.40819,1.06358003616333,1.056,392.791,-0.284
181949561,217.326648,-3.444499,11.3763,5326.6,4.38933,1.0134199857711792,0.918,213.982,-0.03
311133118,222.210077,22.152614,10.5319,4906.0,4.56858,0.771085977554321,0.803,100.848,
287959034,216.43439,-3.002761,9.50835,6153.0,4.401,1.128350019454956,1.169,137.2,
209464063,47.384187,-34.198481,10.6691,5516.0,4.48,0.94,0.97,165.393,
143257768,293.389753,-45.891635,11.2016,6152.0,4.09,1.61,1.17,420.716,
368739874,221.058269,5.605373,12.9463,5013.0,4.61,0.75,0.83,306.779,
207439380,244.780658,55.925243,12.8086,4974.0,4.46,0.88,0.822,336.074,
17538423,243.316278,34.332049,13.0266,6098.0,4.09,1.6,1.15,974.602,-0.091
155949264,231.508334,44.824639,14.812,3448.0,4.61,0.64,0.623063,,
32260988,233.688677,-9.344444,12.4344,5644.0,4.53,0.9,1.0,340.9,
460396820,227.215497,2.343286,11.0062,6090.0,4.23,1.35,1.14,322.114,0.04
255928426,247.460912,37.69456,12.012,5407.5,4.19,1.28,0.94,394.427,0.407276
281100535,228.974876,10.461265,11.536,4803.0,4.56,0.77,0.776,153.891,-0.14
193634953,266.9231,47.705049,14.2085,3588.0,4.67,0.58,0.569725,226.318,
323250919,241.316382,7.395593,13.3173,5794.0,4.5,0.95,1.04,591.975,
115508409,253.33734,44.109543,12.6502,6288.9,4.02,1.79,1.23,968.283,-0.218675
17652022,244.846831,32.16612,12.6151,5657.3,,1.03,,483.682,0.0270318
37150278,232.046386,-10.555269,12.5806,5250.0,4.42,0.97,0.898,306.397,
272519426,236.518383,4.691983,12.169,4305.3,,,0.24,,
23638678,216.830952,-7.547545,14.4753,3543.0,4.63,0.62,0.607411,276.652,
103865797,242.15447,19.253248,14.2399,3157.0,4.87,0.36,0.344323,100.029,
393546540,161.156925,6.333475,9.1352,5271.0,4.56,0.83,0.9,66.4522,
416739490,53.907151,10.842913,10.8327,5554.41,4.64142,0.782913029193878,0.979,150.233,-0.109
264052454,307.558008,79.667473,11.3529,5901.0,4.34605,1.15,1.072,301.644,
224328450,251.226157,31.21077,10.4488,5901.0,3.99,1.74,1.072,304.745,0.019
76193403,273.51971,39.333582,10.4557,5329.0,4.58,0.82,0.919,121.957,
43276438,252.691066,40.317443,10.36,6149.4,4.45,1.06,1.168,195.785,0.013
141985686,255.456895,14.707465,9.83993,6236.0,4.13,1.57,1.207,222.812,
10792081,29.198406,65.770236,10.0223,5856.0,4.45,1.01,1.058,146.959,
148673433,169.824869,44.989078,10.6147,4590.0,4.5426,0.757520973682404,0.73,89.637,
165625229,227.785718,55.934769,9.77081,5888.0,4.48,0.98,1.068,128.329,
137843225,226.735266,57.495691,10.7641,4717.0,4.23,1.05485999584198,0.693,120.483,-0.133
441614965,118.70305,77.299495,9.73378,5553.0,4.48827,0.93,0.978,108.095,
335813325,183.276766,11.938091,9.1454,5521.0,4.4322,0.991555988788605,0.97,87.2349,
286813592,164.648973,14.623639,11.1501,3600.0,4.74127,0.495591998100281,0.493682,44.6467,
173002823,150.602674,34.658047,10.305,5415.0,4.60828,0.797843992710114,0.942,114.555,
441804533,265.45518,72.217348,11.506,3729.0,4.60049,0.661190986633301,0.635448,85.34439,
388898854,174.323105,11.167346,10.5591,6057.0,4.35121,1.17429995536804,1.129,228.546,
219041246,208.458732,52.602763,12.7022,3271.0,4.93417,0.292425006628036,0.267999,40.8668,
467158766,132.028101,57.488956,10.3463,5610.2,4.46925,0.9613540172576904,0.993,141.492,0.231
147923561,165.739289,69.916131,11.4201,3827.0,4.73676,0.5007399916648865,0.498786,56.1495,
298074836,201.900799,73.177433,13.1066,3331.0,5.02076,0.22596600651741,0.195335,39.4122,
53481079,162.575676,50.796516,10.8222,5479.3,4.5543,0.8566280007362366,0.959,157.154,-0.340991
17932757,170.27386,41.576429,10.8075,3922.0,4.59159,0.672255992889404,0.643559,65.9721,
4843495,147.003946,30.17842,9.67055,6347.0,4.45158,1.10473001003265,1.259,155.483,
230055368,170.313577,25.273294,11.6196,3421.0,4.85368,0.371030002832413,0.358453,35.8256,
85292615,156.749744,30.700545,9.92937,5881.4,4.45955,1.00724995136261,1.066,140.084,0.0161914
458481611,233.47988,64.647463,12.9454,4911.0,4.54009,0.795305013656616,0.8,315.535,
235901733,289.508854,80.531857,12.8857,5695.0,4.32135,1.14952003955841,1.01,575.831,
162631539,245.779902,50.344188,6.9014,6060.54,4.21457,1.37495994567871,1.13,50.4126,-0.340135
1042432,153.929163,28.355191,11.4053,3933.0,4.63174,0.623190999031067,0.606611,78.9286,
71582156,123.39505,68.57459,9.16067,5874.0,4.37711,1.10649001598358,1.064,108.848,
357048995,274.566208,58.562948,10.5988,5712.0,4.12,1.44968998432159,1.018,261.104,
219875976,260.350936,67.550421,12.4896,3444.0,4.84899,0.375993996858597,0.364151,54.7045,
103605399,151.210123,69.164969,12.6265,3870.0,4.80522,0.423548012971878,0.417789,81.2392,
138820713,175.56543,24.192494,11.1557,3572.0,4.76894,0.46416899561882,0.461555,40.9866,
188668950,260.098822,52.433465,11.241,4448.25,4.51125,0.767409026622772,0.697,109.835,0.021
335952150,265.556587,53.203935,10.2071,6710.0,4.29122,1.42,1.43,275.456,
224297408,184.966156,55.165724,10.968,4388.89,4.43387,0.8322650194168091,0.686,102.462,0.087917
9989136,111.255818,37.231122,8.5446,4645.0,4.62,0.693765997886658,0.74,32.5102,
157769780,147.125026,77.389748,12.2822,3222.0,5.0449,0.210907995700836,0.179893,22.914,
310380289,213.758397,49.500938,11.982,3949.0,4.66859,0.5795350074768066,0.571061,92.3604,
229618478,278.903346,77.735552,12.3105,3966.0,4.63584,0.618273019790649,0.602748,118.505,
198162530,243.906538,61.926901,12.1898,3717.0,4.67682,0.569913983345032,0.562819,91.2062,
328934980,205.169536,19.199859,7.1367,6104.12,4.15159,1.49137997627258,1.15,61.8703,
230087765,246.952745,69.781491,11.958,4552.0,4.50087,0.788246989250183,0.718,168.06,
159851831,269.207527,39.223388,10.4514,4579.0,4.49,0.8,0.72,86.8854,
258557847,278.191584,18.146175,10.042,6199.0,3.62,2.8,1.19,438.137,
308300731,267.904353,24.427455,10.4748,5250.0,4.51,0.87,0.898,127.428,
157768969,147.128216,73.449342,9.75577,6009.0,4.11,1.54,1.11,207.057,
18016577,171.573332,38.22096,9.8127,5097.94,4.61197,0.759101986885071,0.86,78.3388,0.027
318209162,142.378244,50.963802,10.5295,4661.56,4.57751,0.732648015022278,0.74,85.5353,-0.280335
4918918,148.37832,35.570548,10.7818,3466.0,4.80761,0.420908004045486,0.41487,28.5321,
407495930,7.084443,73.107753,12.9255,6154.0,4.06,1.67,1.17,866.343,
387329912,309.954211,68.720161,10.7778,6024.0,3.43,3.4,1.12,609.042,
310262516,248.532721,24.322372,14.6578,3952.0,4.62,0.63,0.613765,353.098,
426144112,359.079391,73.907596,13.3889,5219.0,4.36,1.04,0.889,439.501,
349440621,250.384451,23.578282,13.4016,5616.2,4.42,1.02,0.99,634.873,-0.286
332365162,250.578389,29.783159,13.1895,5760.0,4.08,1.53,1.03,914.008,
135267558,244.056148,20.293793,12.6025,5999.0,4.35,1.16,1.11,557.293,
256584532,327.686471,70.646428,12.9079,5188.0,4.29,1.12,0.88,444.485,
72889156,254.164732,37.783239,14.0287,3517.0,4.69,0.56,0.551165,,
219506608,246.612431,46.47222,13.1351,4626.0,4.45,0.84,0.73,316.349,
82598822,255.916787,37.139828,13.4932,5555.0,4.5,0.92,0.98,592.293,
317594531,351.79759,76.340765,13.2038,6075.0,4.23,1.36,1.14,738.614,
255907107,246.972473,38.453189,12.5992,5739.6,4.17,1.39,1.03,618.078,0.137539
428703516,47.417232,75.04759,11.7149,5221.0,4.62,0.77,0.89,192.846,
257531677,258.32211,25.249466,12.6536,5769.6,4.35,1.13,1.03,527.004,0.203
354832924,38.768278,69.23472,13.185,5917.0,3.97,1.78,1.08,774.0,
150476057,251.802577,22.123397,12.768,6503.0,4.13,1.65,1.33,960.081,
397763985,6.844544,70.805696,11.5437,5798.0,4.06,1.57,1.041,371.785,
353225230,253.97902,14.966082,13.0009,5560.2,4.33,1.12,0.98,550.385,-0.318
351652998,256.38386,20.550685,13.4429,5690.0,4.42,1.03,1.01,648.967,
470990157,278.553118,23.767651,12.8212,6448.0,4.14,1.62,1.31,928.084,
462715015,270.736094,20.069409,11.5578,5589.0,4.37,1.08,0.987,278.969,
23179035,274.654678,30.923869,13.0383,5986.6,4.59,0.88,1.1,512.769,0.15
459836041,63.823421,86.119625,13.038,5839.0,3.95,1.8,1.05,864.093,
313609787,261.172485,26.050455,13.442,5568.0,4.26,1.21,0.98,757.959,
445795465,81.782314,75.789224,12.4443,5390.0,3.93,1.74,0.94,614.872,
9701368,259.979063,31.514818,13.2035,5662.6,4.49,0.95,1.01,554.905,0.227
289666986,56.240106,77.464603,14.8831,3550.0,4.82,0.41,0.399891,190.462,
310728245,264.17484,20.219083,12.1884,5900.0,3.98,1.76,1.07,676.452,
459189798,141.002239,82.858696,11.8799,4208.0,4.6,0.67,0.658,114.277,
264468702,325.737466,83.311725,14.0296,3769.0,4.65,0.6,0.587376,236.52,
102846772,128.61913,70.048117,13.1293,6080.0,3.97,1.83,1.14,1161.94,
43333094,260.96985,19.921187,13.4747,5306.0,4.29,1.13,0.91,657.865,
279920478,38.116051,80.746391,11.8987,4942.0,,3.05,,675.318,
158845573,269.951986,27.829972,10.6582,5641.8,3.91,1.83,1.001,327.322,0.116
319684122,289.755762,9.478414,9.0745,5483.0,4.48,0.93,0.96,78.454,
302814895,293.330825,29.299805,9.96017,6521.0,4.02,1.86,1.341,309.386,
456367532,305.568071,16.614306,10.421,,,,,198.793,
40292751,293.322326,30.704247,9.77301,6280.0,4.28,1.33,1.227,192.475,
446616059,290.80532,11.979134,9.77017,6030.0,4.25,1.31,1.118,174.979,
42883782,287.424902,31.761528,9.6069,5664.0,4.58,0.86,1.01,97.614,
87216634,302.773447,16.189714,6.5715,5132.0,4.49,0.88,0.87,20.4581,-0.04
187333348,291.847279,-15.312077,8.73331,6898.0,3.53,3.49,1.501,337.653,
110936761,297.923094,2.519482,10.4519,5651.0,4.27,1.22,1.003,198.263,
95423778,295.697851,3.566678,10.492,5726.0,4.36,1.11,1.022,183.242,
398895470,297.322652,4.672412,10.5523,6479.0,4.1239,1.65082001686096,1.322,348.185,0.13
273874849,298.395244,47.814986,13.6414,5781.0,4.44616,1.01033997535706,1.04,720.753,0.26
151724385,304.868782,-7.54766,10.1872,5708.0,4.4,1.0504200458526611,1.017,156.53,
391958006,291.777046,1.383663,11.6659,5529.0,4.48157,0.937740981578827,0.972,213.283,-0.04
374530847,307.725559,6.429331,10.9984,5147.0,4.51349,0.854669988155365,0.869,153.242,0.1
305243225,306.123908,16.762146,11.734,5918.23,4.34796,1.15175998210907,1.078,364.813,0.156301
328081248,301.630179,15.989142,11.1798,3521.0,4.8805,0.343358010053635,0.32653,27.8123,
151759246,305.065546,-7.411924,8.6133,4821.0,4.51,0.817034006118774,0.78,42.9052,
243921117,303.1668,-2.144437,10.3622,3965.0,4.62,0.636572003364563,0.616961,49.7876,
399402994,304.207992,3.293949,11.8886,5962.0,4.32795,1.18677997589111,1.093,398.505,
466382581,327.24875,6.278178,9.937,5134.0,4.61,0.76,0.87,84.0126,
303055194,330.671188,11.991029,9.78095,6270.7,3.94,1.95,1.223,263.608,-0.413
378390325,302.40861,34.572718,9.30608,6809.0,4.26,1.49,1.466,195.711,
283621618,329.101803,20.677981,8.2942,6602.0,4.22,1.51,1.379,119.199,
188646744,308.567224,43.36069,6.8806,6815.9,4.17,1.65,1.47,72.9611,
459735346,315.608921,10.610466,8.9415,5707.0,4.5,0.94,1.02,79.953,
283471501,314.549077,40.192264,9.3206,4115.1,,0.88,,,
379824738,324.598984,23.118991,10.291,6142.0,3.96,1.87,1.16,320.387,
331484419,310.911906,19.727938,7.74689,5608.0,,3.81,,169.494,
388909695,327.570011,4.194573,10.4106,5660.0,4.27,1.22,1.005,194.333,
92439980,302.885118,31.637672,9.77358,5615.0,4.42,1.01,0.994,121.745,
427041513,304.973328,33.00991,10.4008,4986.0,4.52,0.83,0.825,104.955,
375942197,313.687293,9.179069,11.5352,6152.0,3.96619,1.86222004890442,1.17,568.42,
194076601,307.215708,42.224014,11.2546,8991.0,4.45701,1.47,2.27,566.807,
418604868,322.377799,21.474527,8.0581,5809.0,4.17404,1.38206994533539,1.04,80.7542,
283419843,315.90549,11.989367,12.5375,5916.0,4.02617,1.66978001594543,1.08,738.519,
330218897,326.452999,23.560485,10.828,5463.0,4.39104,1.03162002563477,0.955,188.762,
459730973,315.531949,7.056279,11.07,6228.0,3.98845,1.83823001384735,1.2,466.433,
354619337,317.551526,10.738897,8.08821,7893.0,4.105,2.02,1.887,182.273,
466390120,327.665695,10.462939,12.0671,5887.35,4.16889,1.41021001338959,1.07,523.337,0.289
248853232,315.025966,-5.094857,8.8628,4746.0,4.4323,0.877591013908386,0.76,49.9605,
272366748,296.393195,45.568533,14.8018,5741.0,4.40631,1.05268001556396,1.03,1257.16,
269243313,324.697165,-0.046455,9.95806,6115.71,4.33401,1.21,1.153,182.264,0.129
48253329,298.181417,-14.356986,11.7134,7456.0,4.09,1.96,1.71,774.122,
369062542,291.908234,23.273823,12.9192,5821.0,3.97,1.76,1.05,614.225,
351077390,293.193881,25.086499,12.2148,5313.0,4.56,0.83,0.915,264.73,
363029616,304.706801,23.314311,11.3492,5015.0,,2.29,,418.945,
224418572,282.101495,15.49419,11.8512,5308.0,3.82,1.94,0.913,487.216,
308504559,285.940869,-0.427822,10.9653,6360.0,4.16,1.55,1.265,324.532,
287934343,300.997003,21.216507,12.776,6301.0,4.32,1.28,1.24,675.49,
213875310,293.921021,3.847794,13.1692,5549.0,4.38,1.06,0.98,509.036,
281118572,294.34447,6.680285,12.231,4485.0,4.5,0.78,0.704,178.827,
346859243,280.858907,21.869776,13.0949,4977.0,4.37,0.98,0.822,407.252,
354727907,289.449596,19.148045,14.5478,3330.0,4.82,0.41,0.400431,145.911,
395143000,287.099114,17.113422,12.4152,7564.0,4.35,1.46,1.75,614.974,
222485202,284.84062,9.130169,12.8557,4458.0,4.54,0.75,0.699,218.118,
355732304,286.031721,17.003203,12.3367,6657.0,4.08,1.78,1.4,730.258,
68345291,280.308395,31.540811,13.4506,6600.0,4.23,1.49,1.38,1176.96,
350882505,285.246468,22.49894,12.1201,5678.0,3.93,1.8,1.01,500.44,
23937608,276.085381,34.552392,12.5432,5821.0,4.44,1.03,1.05,460.272,
24113219,276.61571,30.393617,13.3247,5581.0,4.27,1.21,0.99,680.835,
230292034,276.359302,47.169164,11.9963,5737.0,4.18,1.36,1.02,465.656,
209935997,298.101717,16.668394,11.4599,8944.0,3.75,3.3,2.26,1465.57,
75784122,271.308088,41.808015,12.8895,6044.0,4.19,1.4,1.12,784.865,
95574586,295.850508,3.031456,11.8895,6014.0,,1.23,,351.781,
808243,300.737815,-0.046819,13.4236,5964.0,4.0,1.74,1.09,1095.42,
71459120,303.563498,-10.497985,11.2543,5771.0,4.34,1.14,1.034,273.452,
151728428,304.882706,-8.298523,10.9951,3827.0,4.62,0.64,0.618234,64.193,
277329402,292.681077,12.393071,12.8137,5697.0,4.45,0.99,1.01,433.416,
387844266,306.528142,1.775949,13.4781,4348.0,4.62,0.67,0.68,255.965,
278623780,286.234694,18.113615,11.9781,5806.0,4.47,0.98,1.044,293.498,
346154016,280.048586,20.236342,12.647,4910.0,4.19,1.2,0.804,385.952,
41422753,294.008142,32.214606,12.3924,6114.0,4.52,0.97,1.152,438.754,
3680800,290.236828,-7.830216,11.0263,5808.0,4.2,1.35,1.044,298.032,
336072306,274.564767,42.460287,13.4236,5449.0,4.31,1.12,0.95,667.063,
256046749,299.798591,23.055057,12.3224,5287.0,4.45,0.94,0.908,318.912,
114947483,285.361705,29.021536,13.1338,3769.0,4.63,0.63,0.610297,165.237,
462372373,304.923086,11.052848,12.0019,5988.0,4.27,1.27,1.102,442.817,
11034516,297.980126,24.038241,12.5375,5862.0,4.42,1.05,1.06,432.745,
20988926,285.062239,34.258278,12.0997,6987.0,3.77,2.66,1.53,1276.28,
345205395,300.67684,0.22858,12.7354,4829.0,4.46,0.87,0.783,276.469,
184531966,296.483805,38.352933,12.9564,5961.0,4.32,1.19,1.09,659.756,
383216635,311.221373,6.641216,11.3471,6044.0,4.0,1.75,1.12,482.143,
341297143,311.306229,12.167609,11.1838,6247.0,4.28,1.32,1.21,356.406,
380517859,303.667055,30.776057,14.9156,3613.0,4.75,0.49,0.488511,254.311,
236158940,313.419524,34.351623,11.3283,6875.8,3.85,2.41,1.49,756.82,0.067
210169818,307.099112,18.242431,13.2483,6236.0,3.94,1.95,1.21,1368.83,
305375697,324.59941,11.006898,10.7974,6336.8,4.2,1.48,1.254,344.862,0.265339
373816781,320.850391,39.813037,12.7966,6339.0,4.45,1.1,1.25,581.579,
138671052,320.134358,46.817074,12.3295,6032.0,4.37,1.14,1.119,466.611,
353146308,324.986222,1.293368,14.0135,3621.0,4.74,0.5,0.499385,175.022,
376454594,320.15457,1.804035,12.3072,5512.0,4.33,1.12,0.97,406.631,
283165117,321.373881,20.059165,13.1099,5248.0,4.42,0.96,0.9,454.912,
106114491,301.080672,32.50162,10.6372,6702.0,4.13,1.7,1.422,387.926,
282890159,299.529431,27.326911,12.0836,8722.0,3.99,2.47,2.19,970.989,
247172524,313.931272,29.818541,12.8056,5213.0,4.53,0.85,0.89,350.804,
258037656,328.351781,21.414161,14.3602,3355.0,4.76,0.48,0.477221,167.333,
184521624,296.46857,36.150385,13.3573,6244.0,4.22,1.42,1.21,943.441,
360142739,296.606916,36.952758,12.5366,6148.0,3.72,2.46,1.17,1101.02,
232941965,311.888638,34.737492,10.6338,5706.0,3.7,2.35,1.017,416.104,
283759999,315.879749,18.696523,12.5701,6285.0,4.06,1.72,1.23,882.718,
13574009,320.450532,23.926451,10.5002,6390.0,3.83,2.29,1.28,440.704,
233788275,302.999561,55.435028,12.5816,6132.0,3.75,2.37,1.16,1036.16,
15682927,306.988834,37.146334,12.3886,7542.0,4.11,1.92,1.74,832.543,
277987172,302.761752,19.706749,12.4276,6243.0,4.12,1.59,1.21,726.81,
273780062,298.214477,42.50326,12.6212,5796.0,4.14,1.44,1.04,629.405,
383214426,311.21156,8.849353,12.9722,4224.0,4.54,0.72,0.661,200.902,
279179610,313.903317,46.758479,13.1251,7142.0,4.49,1.18,1.59,665.349,
202941251,304.450192,30.687351,11.3909,6283.0,3.77,2.4,1.228,688.501,
375199523,309.343258,6.152848,11.6866,5369.0,3.68,2.32,0.93,593.047,
321790238,317.926468,8.980673,11.4879,5887.0,4.35,1.15,1.07,320.641,
398038296,312.780843,12.806318,13.1645,5704.0,4.27,1.22,1.02,682.724,
243464977,309.595065,21.021892,12.0995,5628.0,4.14,1.4,0.997,486.566,
14956304,306.50933,36.215279,14.6656,3662.0,4.67,0.58,0.570613,284.245,
305612552,306.840001,14.618924,12.7968,5364.0,4.46,0.94,0.929,409.12,
467211520,296.641607,55.016607,12.5037,5369.0,3.84,1.92,0.93,715.744,
126171392,315.252899,29.702279,12.935,5932.0,4.26,1.28,1.08,675.895,
224635135,312.316702,22.04423,13.3192,5960.0,3.78,2.22,1.09,1406.96,
294173437,300.768857,50.507747,12.5454,5867.0,3.88,1.95,1.06,853.753,
65737977,310.511981,40.302572,12.2866,7035.0,4.18,1.67,1.55,760.606,
60542708,320.552366,13.129732,12.5937,5869.0,4.1,1.53,1.06,682.522,
408317165,316.686735,3.185566,13.4171,5975.7,4.09,1.57,1.1,1036.7,-0.196
341299943,311.466288,13.840621,12.8127,4881.0,4.5,0.84,0.797,296.925,
276376289,313.489596,42.743527,11.2922,5809.0,4.35,1.12479996681213,1.044,283.463,
387318486,315.219892,17.116416,12.4411,5766.0,4.38,1.08,1.03,456.741,
452483795,303.89385,24.521157,13.0008,7143.0,4.4,1.32,1.59,841.296,
354489554,314.592827,10.404855,12.6132,6269.0,3.94,1.96,1.22,987.706,
273774284,297.982441,42.754529,13.4177,6330.0,4.31,1.29,1.25,932.309,
239361732,311.218561,42.893255,12.8343,6304.5,4.27,1.35,1.24,786.279,0.271
16538820,326.604379,25.113022,12.1486,5612.0,3.71,2.31,0.99,802.137,
289313987,314.865755,20.099913,11.7685,6509.0,4.0,1.92,1.34,694.7,
187416256,321.897222,-8.352445,12.0389,5561.0,4.32,1.13,0.98,369.604,
329709756,314.751697,47.54196,14.3196,3923.0,4.66,0.59,0.576314,273.689,
305506996,325.299511,9.599053,14.5249,3504.0,4.75,0.49,0.483724,199.724,
239529652,300.806373,25.167467,12.7031,6345.0,4.31,1.31,1.26,654.081,
305790119,307.122227,14.563891,12.8978,5771.0,4.41,1.05,1.03,537.542,
165948070,317.15771,37.74979,12.2869,5393.0,3.76,2.13,0.94,704.54,
467006627,312.86048,2.616271,11.499,6120.0,4.12,1.56,1.15,453.294,
286545058,312.987123,19.566441,13.0598,6152.0,3.82,2.22,1.17,1329.58,
364192929,319.530766,-4.447342,13.3113,5204.1,3.88,1.79,0.88,914.716,-0.275197
60491424,320.185603,16.654795,12.7861,6059.0,4.2,1.4,1.13,742.549,
289125016,314.494487,19.27883,11.429,6122.0,3.71,2.49,1.16,707.092,
345193111,313.764992,12.082556,12.2493,6352.0,4.42,1.14,1.26,496.639,
372831381,308.078444,15.503079,12.0025,5430.0,4.52,0.89,0.946,275.103,
163164300,316.141663,34.34452,12.143,6503.0,4.17,1.56,1.33,700.098,
387318409,315.179483,17.179357,12.7,6277.0,4.29,1.32,1.23,722.174,
92217989,302.637399,30.549164,12.9153,6662.0,4.08,1.79,1.41,1011.55,
88266880,304.053952,16.450619,11.0235,6289.0,3.95,1.94,1.231,486.583,
24833662,317.473506,-7.415145,12.4083,5763.0,4.26,1.24,1.03,501.965,
405122173,328.165918,2.857438,13.0812,6323.0,4.09,1.67,1.25,1067.12,
322593401,309.31074,53.27722,13.4538,4743.0,4.57,0.75,0.761,326.203,
407958640,319.780293,-4.741358,12.9724,6190.0,4.11,1.59,1.19,940.966,
276704866,305.795833,48.419551,12.6045,5585.0,4.25,1.23,0.986,468.664,
396378209,314.240317,3.997017,13.0338,5080.0,4.4,0.96,0.85,406.197,
158552665,287.542561,42.667453,13.3872,5403.0,4.36,1.06,0.94,609.717,
452508760,303.908842,28.659226,11.3519,4452.0,4.54,0.74,0.698,114.035,
27230283,294.598841,51.65194,13.1765,6078.0,3.86,2.08,1.14,1316.27,
296898634,312.075178,47.930643,14.1736,3662.0,4.72,0.52,0.5153,196.44,
303456821,308.581132,53.008814,11.9693,4738.0,4.64,0.69,0.76,161.365,
166190643,317.541024,38.239559,11.7528,6453.0,3.76,2.51,1.31,799.123,
63659057,308.598081,37.717272,13.0251,6237.4,4.27,1.33,1.21,782.391,0.083
88101924,303.74091,17.103875,13.2223,5933.0,4.5,0.97,1.08,593.58,
159104028,289.682998,42.611661,13.0581,6117.0,4.22,1.38,1.15,849.105,
366846982,311.805966,47.323959,12.1724,6742.0,3.66,2.95,1.44,1186.44,
331691841,336.694607,18.583431,8.5898,5451.0,4.54,0.87,0.95,57.6245,
419878932,337.695918,8.640146,10.1223,6294.0,3.88,2.1,1.234,333.474,
64282927,321.721228,53.639816,9.0331,4996.0,4.57,0.78,0.83,53.6142,
258738667,332.469256,19.938063,10.447,,,,,187.377,
154762431,344.175427,43.887339,8.80558,6689.0,4.19,1.59,1.417,160.708,
287643871,326.831427,34.850944,9.53851,5513.0,3.75,2.18,0.968,219.386,
27863043,333.026487,26.474465,9.77894,5242.0,,2.12,,219.343,
297153209,312.029841,43.938698,9.41809,6906.0,3.84,2.44,1.504,339.255,
434116397,355.467833,14.106803,10.3224,3844.0,4.6589,0.590924024581909,0.58062,42.8747,
236785891,283.317267,59.817657,15.762,3207.0,4.74975,0.485926002264023,0.483975,303.767,
407653728,326.477915,39.654557,13.0091,6756.31,4.38298,1.28,1.44,783.179,-0.207
436764867,345.63745,24.24957,9.5236,5816.0,4.48945,0.96399599313736,1.046,108.991,
199671901,335.51292,45.457342,10.9726,6074.0,3.85122,2.09465003013611,1.136,464.469,
188876052,343.041493,35.447178,9.7758,6401.79,4.23563,1.43110001087189,1.285,211.553,0.048
262689575,349.216044,5.695887,9.0392,3900.68,4.5239,0.701709985733032,0.6,26.2533,-0.176
239541449,341.769762,29.851994,10.9417,5383.13,4.7447,0.678983986377716,0.934,127.29,-1.115
436478932,347.492802,18.39616,10.9644,5924.0,4.21239,1.34756994247437,1.08,258.426,-0.22
200606159,339.474237,44.965228,12.6108,5771.0,4.33924,1.14,1.03,494.908,
405788729,324.751784,62.94426,11.7066,5729.0,3.95931,1.75515997409821,1.023,408.59,
404610583,336.147609,16.878856,10.5332,6084.0,4.45887,1.04244005680084,1.14,202.773,
369532319,338.574347,33.823466,10.1233,5758.0,4.45663,0.99,1.03,145.066,
431810418,349.267516,31.353989,9.50492,5940.0,4.42516,1.06,1.085,122.831,
91051152,349.622955,24.889277,11.5549,4302.0,4.5054,0.758607983589172,0.672,115.936,
431701493,348.993046,31.462751,11.5189,4713.98,4.56492,0.75034099817276,0.754,140.998,0.042809
160432093,322.75454,30.003448,10.9852,6528.05,4.0799,1.75164997577667,1.345,427.467,0.136
420814525,330.795022,18.884242,7.1274,6052.0,4.34258,1.19,1.13,48.3016,0.05
154353849,342.559971,43.659987,12.4884,6238.0,4.33794,1.23,1.21,552.989,
354173595,349.765951,7.915601,10.8221,3487.0,4.85306,0.371684014797211,0.359205,25.6553,
376847633,275.339308,69.370707,10.6338,6508.0,4.18652,1.54351997375488,1.335,349.787,
348054109,281.676903,21.828321,12.0575,3256.0,4.85874,0.365716993808746,0.352341,,
12938488,298.542574,26.878936,14.6343,3180.0,4.66041,0.589139997959137,0.579137,236.385,
266023807,314.409442,22.192647,9.64057,5632.0,4.45734,0.977078974246979,0.998,110.828,
137151335,291.418127,38.672312,9.4087,5655.0,4.50815,0.92,1.0,95.9115,-0.15
164652245,284.05925,44.518373,9.0638,5391.0,4.61444,0.79136997461319,0.94,63.9207,-0.3
120045750,283.967767,39.062238,11.8086,3721.0,4.703,0.539524972438812,0.535736,70.6891,
299087490,288.902283,49.370408,13.2147,5439.49,4.59877,0.810042977333069,0.95,442.871,0.115
356871098,276.053314,66.935559,12.7949,3406.0,4.82682,0.399821996688843,0.391279,66.0022,
120692092,285.930736,39.09812,14.0672,5410.0,4.53617,0.865984976291656,0.94,658.924,
272782368,238.153554,66.873296,10.6894,4837.0,4.55481,0.774574995040894,0.785,106.05,
158657354,288.153973,44.068815,11.7942,6373.72,4.05962,1.74231004714966,1.27,639.239,0.23
284900292,260.979452,57.469309,12.3932,3943.0,4.6329,0.621797978878021,0.60552,122.896,
377780790,285.679298,50.241484,10.4767,5706.0,4.37,1.08974003791809,1.017,185.506,-0.12
154437244,126.102246,79.559644,11.0644,6173.0,4.44273,1.07955002784729,1.178,272.599,
29385858,238.915233,40.137034,9.43301,5626.0,5.47131,1.00018000602722,0.991,102.798,
230064711,230.205817,67.167478,8.77912,5983.0,4.29138,1.24177002906799,1.1,105.85,
159054620,289.603838,46.31491,15.0277,5368.0,4.30215,1.12771999835968,0.93,1351.17,
27534138,295.486582,51.013524,11.2877,6197.21,4.08307,1.64162003993988,1.19,455.982,0.127796
63283780,292.50342,43.083219,13.0702,4564.61,4.68645,0.63749498128891,0.72,232.75,0.277245
352011875,285.672903,44.116751,11.7971,4643.39,4.438,6.37871980667114,,1294.69,0.431636
293880523,296.106671,58.375608,10.2403,8953.0,4.22329,1.92506003379822,2.26,547.169,
39516274,263.152578,33.570556,9.2576,4674.0,4.61121,0.704768002033234,0.74,46.521,
370907864,292.576514,18.394928,11.5118,4066.0,4.52539,0.723480999469757,0.64,95.6465,
120317234,284.635189,40.71983,10.4081,6133.77,4.32058,1.23,1.16,228.439,0.0865293
259233660,292.606298,68.154592,13.1638,3419.0,4.84756,0.377508997917175,0.365888,75.7664,
139104940,295.307525,38.881572,14.5855,6052.0,4.1353,1.50633001327515,1.13,1745.77,
102734241,299.614252,32.28717,12.6396,3272.0,4.99712,0.242120996117592,0.212382,32.0266,
121731834,288.688722,41.151108,10.593,6149.0,4.14765,1.50919997692108,1.167,303.728,0.16
48353358,283.62826,48.390808,12.1042,3759.27,4.86726,0.460619002580643,0.57,66.4074,-0.0214533
123357864,281.482473,47.207826,10.8515,4816.0,4.59996,0.732994973659515,0.78,107.796,0.06
123309556,281.194732,47.497261,12.1773,4715.0,4.57812,0.739515006542206,0.755,191.904,0.33
279922257,39.176567,78.652241,11.8288,3500.0,4.80448,0.424371004104614,0.418697,48.3609,
286201103,310.448734,49.646899,12.2936,3098.0,5.00721,0.235047996044159,0.204861,23.1008,
128558444,339.230939,37.675516,10.4403,8552.3,4.18,2.04,2.29,597.281,
199949052,336.737635,45.971999,10.4963,5842.0,4.17,1.48,1.18,274.738,
414019147,336.690787,57.434161,12.598,5770.0,4.438,1.33,,374.145,
432280671,355.02941,32.015761,10.5418,6119.0,4.35436,1.18342995643616,1.155,226.572,
53728859,13.000916,34.728402,12.3396,5698.38,4.40322,1.04612994194031,1.01,401.319,0.158
57984377,5.166954,31.989973,11.1355,6116.0,4.11132,1.56419003009796,1.153,393.072,0.21
288246496,356.666714,31.155911,11.5639,6001.0,4.12263,1.51284003257751,1.107,431.052,
327369524,4.52396,59.766198,11.3864,5807.0,4.06406,1.57,1.044,364.715,
291751373,359.151972,36.212956,12.355,6207.39,4.03891,1.72724997997284,1.19,735.601,-0.069
67881560,9.347123,40.905168,10.3337,4983.53,4.65066,0.708944976329803,0.82,88.1971,-0.228204
125520907,355.09135,35.94084,10.0651,5559.5,3.84,1.9794100522994995,0.98,260.342,0.163
334597566,331.313408,64.098143,12.0471,6511.0,4.438,1.48,,507.236,
291685334,358.515134,37.021824,12.489,6161.0,4.1171,1.56523001194,1.17,705.981,
455947620,340.001249,60.8235,13.7057,3264.0,4.8548,0.369846999645233,0.357093,86.9388,
341444900,325.228645,55.06675,8.629,7527.0,,5.64,,475.345,
56231866,356.038387,26.42567,9.3185,4758.0,,5.53,,365.845,
439942982,1.074045,42.5736,9.645701,8448.0,3.98,2.46,2.1,486.144,
396234347,0.223191,35.752445,8.9553,4540.4,4.5,0.79,0.72,42.0564,-0.080034
368678195,12.740739,68.185903,13.8504,4389.0,4.24954,1.0290299654007,0.686,416.463,
250707118,33.131092,51.778775,11.2791,6086.0,4.31517,1.23052000999451,1.141,313.576,0.14
419523962,8.386256,61.860766,11.6593,5852.0,3.64892,2.55,1.057,603.119,
245392284,38.369165,56.025708,11.9004,8039.0,4.31943,1.60080003738403,1.95,655.013,
292152376,31.042761,46.687851,10.7696,6340.0,4.33387,1.26303994655609,1.255,289.205,
285466025,36.784679,32.876956,7.98475,6083.0,3.68069,2.55240988731384,1.139,153.525,
67711670,43.372328,39.260148,10.6492,6345.0,4.21827,1.44456994533539,1.258,309.804,
388076422,317.900139,68.402076,13.2297,3628.0,4.73924,0.497904986143112,0.495981,117.992,
323194443,332.646204,69.774239,13.859,5780.0,4.438,,,,
129756316,34.836888,40.993944,9.74061,6409.0,3.93,2.04,1.288,300.063,
352924930,21.805455,67.966855,10.3755,6950.0,3.78,2.64,1.52,480.772,
194736418,51.657269,40.81727,9.3229,6305.0,4.11,1.62,1.239,179.147,
272050287,355.433763,63.018844,10.244,6255.0,3.88,2.31,1.472,425.467,
250839071,34.445951,53.807582,9.8781,6558.7,,1.8,,,0.11
192415680,46.061033,43.557667,9.2063,5359.0,4.55,0.85,0.93,72.4731,0.161524
374919956,32.085966,56.409783,10.0201,9434.0,3.66,3.78,2.4,897.633,
453064665,74.504382,48.300855,11.8889,5596.0,4.24644,1.24059998989105,0.99,348.815,
356916207,273.377336,55.206926,9.97967,5957.0,4.39105,1.10260999202728,1.091,161.482,
467649533,60.640787,34.004137,10.5547,6128.0,3.7824,2.29119992256165,1.16,398.105,
66296167,72.096663,62.06265,13.7471,5845.0,4.44554,1.01592004299164,1.05,653.446,
115451738,83.73088,31.076493,14.1279,5583.0,4.46043,0.96969997882843,0.99,690.466,
280024247,53.357584,59.988799,10.3971,6235.0,4.05522,1.70647001266479,1.206,280.271,
353459965,66.248142,39.460602,11.0878,5663.55,4.53693,0.895094990730286,1.006,192.516,0.283699
339207264,84.398599,64.981529,11.2873,6243.0,3.98185,1.85995995998383,1.21,462.414,
353960022,62.377542,47.556648,13.4593,6574.32,4.23875,1.47238004207611,1.37,915.507,-0.241
9443323,68.846509,56.868269,12.1957,5679.0,4.07294,1.53012001514435,1.01,515.59,
66091052,70.979903,61.859336,9.89943,7690.0,4.03855,2.12812995910645,1.805,359.465,
392681545,56.337007,60.350917,7.4961,6111.67,4.08398,1.61211001873016,1.15,79.407,
355640518,79.929125,48.135896,14.4907,3493.0,4.432,0.679269015789032,0.455,229.367,
102808276,63.241059,67.675548,14.6332,4996.0,4.47095,0.877201974391937,0.83,515.161,
104734832,64.056257,50.409606,9.51295,6402.35,3.78349,2.40846991539001,1.285,305.581,0.012
144006874,81.402245,37.118266,9.5951,4403.0,4.58,0.71,0.69,47.6869,
321578632,83.380008,55.128812,10.2596,5413.7,4.55,0.85,0.942,118.685,0.19
428867906,57.561241,50.620837,9.86105,7373.8,3.56,3.54,1.678,384.79,0.086
239823606,87.169462,35.034111,8.895701,5639.0,4.46,0.97,1.0,79.384,
122629761,77.169833,36.416746,9.47632,5936.0,4.47,1.0,1.084,115.362,
67031480,83.006941,36.588677,10.4246,10207.0,,5.54,,1476.12,
428767018,57.248111,49.111008,10.409,6803.6,4.12,1.75,1.464,347.587,0.133
172033454,97.619224,31.880556,9.4526,6061.0,4.21,1.38,1.13,162.125,
219697927,135.451718,67.674993,8.85042,6335.0,4.1,1.65,1.253,157.64,
198458010,261.817314,54.84798,9.76711,6236.0,4.35,1.22,1.207,173.577,
400093502,88.202883,70.6741,9.67596,6718.0,4.32,1.37,1.429,200.447,
259099556,291.148444,67.527964,8.92071,5658.0,4.08591,1.50370001792908,1.005,122.51,
29106627,118.325326,44.025016,11.1878,4998.0,4.58615,0.767311990261078,0.828,140.442,
440624788,93.042393,43.120288,12.9311,5358.0,4.34315,1.07572996616364,0.93,478.189,
147797743,110.735331,67.252657,10.7447,5720.0,4.37355,1.08782994747162,1.02,209.229,
271424111,295.025662,46.955954,14.3999,6007.22,4.18781,1.40536999702454,1.11,1523.0,0.152484
99896567,310.421968,35.54592,6.8456,5865.0,4.44965,1.01593005657196,1.06,34.5797,
424388628,281.037793,75.99159,9.4287,4193.0,4.53686,0.725063979625702,0.66,39.889,
308301091,267.86727,24.811367,9.82897,6665.4,4.31,1.37318003177643,1.407,221.682,-0.101
196066560,314.913879,40.706012,12.3475,3761.0,4.60411,0.656735002994537,0.63215,124.484,
119973835,243.216051,16.305882,9.1641,5212.0,4.51487,0.86,0.89,68.6994,
272670038,233.497291,69.350285,10.5083,6501.0,4.25028,1.43158996105194,1.33,306.839,
116048097,266.604423,38.078708,10.5912,5680.0,4.38997,1.06220996379852,1.01,188.183,
271431851,295.094957,43.537565,14.4952,5597.0,4.04717,1.56051003932953,0.99,1506.58,
199712572,253.892198,57.227908,8.793181,5694.0,4.95801,1.39,0.975,103.741,
299089652,288.848855,51.209038,11.9363,5576.31,4.48425,0.940603017807007,0.984,298.532,0.039
294283951,301.752501,50.34803,11.7056,8096.0,4.28307,1.67777001857758,1.97,819.949,
160223936,261.281796,85.115518,8.7475,5106.0,4.62161,0.750715970993042,0.86,47.3174,
18318288,265.370424,30.303776,12.4106,3300.0,4.97775,0.256455987691879,0.227881,31.4566,
48448369,284.739116,49.598445,11.8216,5819.72,4.41305,1.05464005470276,1.05,334.797,-0.206727
122375047,290.420969,37.851656,11.3992,5511.0,4.50367,0.911822974681854,0.967,218.562,-0.12
350814622,285.615449,50.135771,11.7266,5772.0,4.04527,1.59520995616913,1.03,487.916,0.12
268159158,298.635648,44.170939,14.5892,5490.0,4.3011,1.1471500396728516,0.96,1065.37,
336255880,281.46145,37.235891,11.9323,3921.0,4.648,0.603803992271423,0.591182,94.6679,
339591840,284.022658,14.12202,12.9805,3476.0,4.81846,0.408955991268158,0.401554,76.6119,
97165413,106.00101,-35.181497,10.0452,6004.0,4.13,1.5,1.11,219.78,
35883621,117.671104,-6.494944,9.65609,6251.1,3.79,2.33,1.214,310.559,0.291
157081737,100.766731,-44.251859,10.0956,5260.0,4.59,0.8,0.9,99.172,
262781201,141.403549,3.661936,9.34567,6613.8,4.28,1.42,1.384,181.94,0.039
293743169,119.496736,-21.013365,10.4284,7433.0,,1.85,,452.889,
269341832,118.936795,-48.041772,8.7699,5599.3,4.37,1.08,0.99,82.2325,
118914286,135.335989,-20.97341,9.4499,4610.0,4.55,0.75,0.73,52.5883,
170434745,103.516164,-46.659703,11.9433,5223.0,4.53,0.852492988109589,0.89,235.778,
19342878,124.073681,-8.686581,10.8042,5595.4,4.4,1.0670200586319,1.023,211.73,0.124
55849732,75.745949,-59.970953,13.5803,5878.0,4.47546,0.986176013946533,1.06,733.926,
92590258,128.717977,-49.932522,10.6664,7069.0,4.40124,1.30308997631073,1.56,295.408,
265010875,126.585367,5.2584,10.4146,6316.0,3.53,3.18048000335693,1.24,614.477,
182405015,123.656967,-41.156136,10.8235,6176.8,4.5,1.1207400560379028,1.6,266.809,
258234731,127.019217,-24.166962,11.646,5618.0,4.39959,1.04006004333496,0.99,294.59,
152245179,119.888415,-32.706065,11.8338,7810.0,4.08,2.64206004142761,2.39,1311.48,
255780160,99.683837,-49.572407,13.7453,5748.0,4.19506,1.34253001213074,1.03,1013.74,
384984325,50.131921,42.606956,10.3622,5416.1,4.49,0.95,1.032,151.738,0.0895064
7439480,212.929098,-29.97494,13.0739,3642.0,4.7,0.54,0.537459,122.281,
189322727,309.708254,44.791967,11.6894,5698.0,4.4,1.06,1.015,302.326,
258741560,332.453393,22.566069,11.2223,6556.9,4.18,1.57,1.36,471.571,0.106
116631353,318.523748,35.079027,12.307,6178.0,3.65,2.7,1.18,1174.24,
419840740,337.147478,6.924225,12.4185,5943.0,4.34,1.17,1.09,486.122,-0.180156
120115768,334.862835,40.676148,13.3897,6389.0,4.24,1.41,1.28,1056.92,
364408162,310.577995,51.186495,11.785,4940.2,,,,,
436508469,348.099929,22.34547,11.5989,6209.0,4.08,1.64,1.19,483.576,
125367522,320.895178,38.313832,11.8495,6455.0,3.48,3.44,1.31,1242.07,
322498101,309.204322,49.609904,13.2225,6437.0,4.15,1.59,1.3,920.216,
435851868,343.883119,22.563967,12.3983,4894.0,4.53,0.8,0.8,240.498,
165682741,316.927293,40.450561,11.5823,6725.0,4.32,1.37,1.432,441.015,
352442207,297.503626,54.153548,11.6925,6391.0,3.87,2.18,1.28,765.772,
91101364,349.786653,25.985949,13.1618,6298.6,4.14,1.58,1.24,1040.95,-0.393
269488987,315.220171,39.39179,12.3101,5149.0,4.53,0.84,0.87,271.974,
404516402,334.899052,12.356411,12.8119,4767.0,4.46,0.86,0.767,291.92,
129004637,341.019058,38.516276,12.2601,5767.0,4.07,1.54,1.03,565.492,
313975346,318.620542,57.322991,13.0551,5922.0,4.0,1.72,1.08,713.987,
100769500,341.709295,31.561025,12.2652,5713.2,3.89,1.89,1.02,726.371,0.119
115739057,339.655529,34.80462,13.261,5656.1,4.2,1.32,1.0,762.451,0.117105
210083929,339.205083,16.827194,10.5581,5967.0,4.34,1.17,1.094,220.882,
357872559,316.98304,48.582298,12.5948,6286.0,4.01,1.81,1.23,692.772,
188800346,308.802933,47.911668,13.4411,5641.0,4.32,1.14,1.0,643.588,
129107501,341.854293,37.691036,11.5102,6364.0,4.3,1.32,1.27,402.816,
199721945,335.753912,43.797709,12.8813,6600.0,4.13,1.67,1.38,1004.18,
100909102,347.979723,33.047612,12.0052,5660.5,4.27,1.22,1.01,399.63,0.132779
468692991,331.617901,42.082181,12.8196,5494.0,4.52,0.89,0.963,375.401,
44295981,343.651105,24.096972,14.5158,3112.0,4.83,0.4,0.390401,128.661,
352892371,321.547268,40.432339,12.2562,5749.0,4.47,0.98,1.028,362.283,
468765355,332.049344,46.894849,13.1008,6486.0,3.97,1.97,1.32,1305.91,
456783397,332.211802,15.096991,13.2907,6121.0,4.25,1.34,1.16,925.873,0.272
217980791,347.050009,12.432919,12.4789,6090.2,4.28,1.27,1.14,560.429,0.015
129108133,341.759459,38.391139,13.2516,5511.0,4.46,0.96,0.97,518.031,
423903685,329.69363,22.952813,12.266,5489.0,4.04,1.55,0.96,546.747,
115683877,339.176485,34.699434,13.1564,5433.0,3.91,1.8,0.95,923.907,
404488903,334.444999,15.725631,13.3616,5885.0,4.19,1.38,1.07,912.432,
372178596,324.679182,38.853986,13.1289,5770.0,3.81,2.1,1.03,1121.67,
402740809,352.024332,23.749185,12.95,4547.0,4.31,0.98,0.716,320.803,
371573539,332.035863,19.506473,11.351,6134.6,4.01,1.76,1.16,501.221,0.322
195606729,310.270042,42.217648,12.4814,6122.0,4.3,1.27,1.16,567.759,
434186655,340.992089,22.288893,13.5156,3818.0,4.6,0.66,0.635281,209.656,
312289279,313.319222,48.087011,11.5561,6008.0,3.77,2.27,1.11,590.69,
117068362,319.267299,33.138041,12.1566,7803.0,4.26,1.67,1.85,950.289,
411343008,337.28967,20.53513,12.9172,6158.0,4.32,1.23,1.17,723.473,
301986302,356.545953,17.020672,12.8213,4654.0,4.51,0.79,0.74,258.643,
120051913,334.550873,38.578982,11.8355,6049.0,4.13,1.52,1.13,504.806,
117072799,319.292752,34.91756,12.5126,7710.0,4.37,1.45,1.81,938.702,
86005116,327.043547,23.112359,14.9131,3522.0,4.77,0.46,0.461082,221.034,
404456775,333.894406,16.285392,14.5372,3413.0,4.77,0.47,0.462804,180.96,
422037524,341.304467,5.918846,13.2906,5714.9,4.35,1.12,1.02,650.131,0.327
294904059,302.555645,53.578624,12.4261,5081.0,4.48,0.88,0.851,286.532,
188001223,307.688232,45.279137,12.8566,6051.0,4.19,1.42,1.13,716.394,
164260243,336.085732,34.158724,10.9837,7218.8,4.21,1.65,1.62,499.081,0.238
422457210,351.133548,4.604684,12.7912,5472.0,4.42,1.0,0.96,442.143,
239542854,341.795489,26.939935,12.6951,4376.0,4.52,0.75,0.684,203.52,
287863314,327.406693,35.41531,14.2349,3744.0,4.63,0.63,0.612415,262.682,
190822775,325.981963,46.57116,12.128,6012.0,4.4,1.1,1.111,413.383,
330665027,329.301045,45.822138,11.5534,6174.0,4.0,1.79,1.179,534.326,
10593553,340.309424,30.327893,11.9966,6071.2,3.9,1.97,1.13,735.685,0.057
193979250,306.77037,46.518426,11.5337,6891.0,3.93,2.2,1.5,688.605,
51637609,336.464302,15.856639,12.1088,5838.0,4.12,1.47,1.05,535.689,
67478724,349.6554,32.301651,11.0537,5876.0,3.79,2.18,1.06,492.525,
26583436,292.031505,49.388635,13.0091,6291.9,4.25,1.38,1.23,869.253,0.0142717
416486384,309.85366,48.172079,13.0745,4637.0,,2.98,,786.433,
164280385,336.400015,32.524536,13.2513,5638.1,4.26,1.23,1.0,718.342,0.354
258738570,332.479847,19.828871,12.1384,5543.0,4.39,1.05,0.98,363.425,
298776943,325.850355,24.226309,13.3976,4799.0,4.58,0.75,0.78,341.972,
331456189,330.320065,45.496557,12.7145,6076.0,4.2,1.41,1.14,635.864,
314649737,324.957244,35.683969,12.6685,5925.0,4.41,1.08,1.08,502.874,
257056367,329.879069,39.046295,13.2368,6203.0,4.32,1.25,1.19,809.109,
452743735,331.350863,27.053115,13.0636,6087.0,4.29,1.27,1.14,761.754,
199162630,333.847555,46.302271,11.8563,7776.0,4.2,1.78,1.84,873.578,
97249514,348.757303,13.665258,12.8026,5622.0,3.84,2.0,1.0,922.871,
351864831,305.049617,53.962591,12.9591,6047.0,4.03,1.69,1.12,912.735,
257207557,342.638433,9.443405,11.8836,5516.0,4.32,1.13,0.969,334.216,
346077232,356.894089,56.070682,12.7875,6390.0,4.19,1.5,1.28,774.276,
345333936,355.780987,56.810046,12.4033,6033.0,4.23,1.35,1.12,543.454,
251894891,351.921174,57.397022,13.4144,5785.0,4.13,1.46,1.04,758.848,
469702377,329.568097,55.805578,12.1075,5660.0,4.44,1.0,1.005,300.589,
63844530,320.802718,53.141253,13.2903,5444.0,4.4,1.02,0.95,497.836,
440636649,6.756339,29.487271,11.6283,5669.0,4.5,0.94,1.007,261.749,
197743152,337.043134,49.57365,11.4105,5585.0,4.26,1.22,0.986,303.581,
194234471,1.612331,37.855275,12.545,4490.0,4.43,0.85,0.705,217.319,0.056
387933822,325.466208,50.502238,12.6449,6526.0,3.97,1.98,1.34,932.053,
176861415,354.917734,44.262228,12.863,6446.0,4.09,1.72,1.31,1013.07,
155258153,359.665284,33.820508,10.5489,6442.9,4.18,1.54,1.304,330.476,0.076
330944099,334.179666,58.213671,13.4836,5979.0,4.46,1.03,1.1,578.849,
196261799,13.638808,43.848313,12.5814,5719.9,4.26,1.24,1.02,549.225,0.282
202514659,6.521798,49.599174,11.7644,8143.0,4.2,1.85,1.99,937.243,
302201081,9.199556,16.097112,10.6336,5366.0,4.5,0.9,0.929,146.254,
44621795,22.108031,32.136961,11.6166,6003.0,3.96,1.83,1.11,554.658,
455727012,356.713162,36.026661,12.12,4843.0,,,,,0.259
422223456,335.852574,55.075529,11.4737,7767.0,,1.97,,569.89,
437756191,5.599869,24.866985,10.5505,5776.9,4.16,1.41,1.035,245.424,0.397
325410269,330.888658,50.567867,12.8643,6333.0,4.35,1.24,1.25,685.554,
154351773,342.532851,45.253782,13.1349,5800.0,3.91,1.87,1.04,923.266,
154576989,343.516055,44.912913,12.8939,5670.0,4.3,1.18,1.01,544.396,
432422552,355.540075,31.793315,12.1134,5294.0,4.61,0.79,0.91,243.593,
326475995,331.838189,53.519585,11.9806,6205.0,3.91,2.0,1.192,696.374,
200606486,339.463592,45.159958,12.9672,4825.0,4.47,0.86,0.782,314.979,
326116570,331.562453,52.26862,11.707,6406.0,3.46,3.5,1.29,1093.37,
25758870,10.011395,24.379676,12.6474,5672.0,4.33,1.14,1.01,510.917,
173671381,349.05622,45.012568,13.0803,5407.0,3.86,1.88,0.94,849.122,
430751891,333.73428,48.876577,12.3642,5817.0,4.04,1.63,1.05,628.024,
314088020,318.857399,56.119827,12.4954,8294.0,3.97,2.44,2.04,1183.88,
431114892,335.039505,51.55615,13.0454,8011.0,4.27,1.68,1.93,1459.35,
428317266,344.620982,57.4528,12.0152,6315.0,4.58,0.94,1.243,322.084,
375116172,315.223413,54.962464,13.1013,5928.0,3.84,2.06,1.08,837.654,
202283090,5.111293,48.767772,11.702,4476.1,4.38,0.89,0.702,159.96,-0.169
252585354,345.655117,50.104928,13.2805,6115.0,4.04,1.69,1.15,1093.22,
325653071,331.110391,49.687144,10.7981,6359.0,4.15,1.56,1.264,358.734,
456910600,26.657289,22.743059,12.5316,5966.4,4.18,1.41,1.09,606.891,-0.143
150907983,4.699535,22.354492,12.0861,6704.0,4.28,1.43,1.42,615.666,
288144647,355.950598,33.067236,12.6758,3909.0,4.65,0.6,0.587363,133.122,
66726479,341.866559,52.395133,13.2049,5318.0,4.39,1.01,0.916,498.044,
352147273,0.485039,35.997774,13.104,3376.0,4.79,0.44,0.44118,83.7373,
176789447,354.340737,47.288669,13.0145,6084.0,3.99,1.79,1.14,1027.44,
53874375,14.531835,29.985566,14.3279,3661.0,4.59,0.68,0.646368,313.996,
66788350,342.040487,48.548498,11.6181,7894.0,4.04,2.17,1.89,960.874,
437736517,2.417089,28.243677,12.9192,4928.0,4.52,0.82,0.81,314.824,
252610172,345.943472,49.366393,12.6848,6496.3,4.15,1.61,1.33,891.159,0.189
406783172,325.354929,61.441916,12.735,6334.0,4.63,0.89,1.252,391.594,
202087931,4.066146,49.186384,13.0754,5634.0,4.35,1.11,1.0,581.095,
431660224,358.489622,52.533524,11.1585,6643.0,4.23,1.49,1.397,377.069,
202282233,5.069168,49.465936,12.8741,5528.0,4.16,1.35,0.97,631.946,
150902766,4.219134,20.432785,12.8967,5917.0,4.76,0.71,1.08,374.957,
405532603,359.188611,28.610076,11.4715,6102.0,4.22,1.38,1.15,403.61,
430431091,332.675965,48.652765,13.2587,6866.0,3.96,2.11,1.49,1556.04,
125489084,355.002821,40.682684,13.3351,5396.0,4.21,1.26,0.94,676.128,
319294834,350.434421,54.112156,12.483,5643.0,4.13,1.43,1.0,563.864,
249776059,339.623242,50.524911,12.9847,6393.0,4.16,1.55,1.28,960.615,
15654898,17.082679,25.652576,12.0227,5209.0,4.4,0.99,0.886,278.827,
437740083,2.950371,27.442815,11.0999,5750.6,4.14,1.44,1.03,328.625,0.199169
276250096,329.089206,54.466274,10.7106,5715.0,4.45,1.0,1.019,181.395,
431216437,343.553201,52.383764,10.5508,5739.2,4.22,1.3,1.025,230.559,0.162
446157122,88.699253,80.094614,12.133,3106.0,5.00517,0.236457005143166,0.206352,22.1852,
388505345,356.621626,81.378061,7.7085,7665.0,3.86,2.59439992904663,1.795,187.612,
418301643,323.582256,72.757634,9.62005,6675.0,4.24,1.49,1.411,216.838,
154304816,342.410629,46.349983,12.7841,6306.0,4.267,1.35594999790192,1.24,701.295,
456260074,101.492034,66.890644,9.0449,4813.0,4.57884,0.751037001609802,0.78,47.9491,
455737331,357.351836,36.900456,9.51477,5848.0,4.38886,1.08752000331879,1.056,121.523,
52005579,3.957914,13.557617,10.1769,3376.0,4.9613,0.269427001476288,0.242168,12.21,
307734818,171.596707,28.058028,13.7607,3954.0,4.61,0.65,0.624949,244.588,
287152495,253.697283,60.702797,11.6807,4902.0,4.59853,0.744485020637512,0.802,163.316,
432758245,14.322777,37.02898,10.4564,5317.0,4.50528,0.885814011096954,0.916,131.686,
261135533,331.503161,39.298828,10.4458,3423.0,4.85554,0.369076997041702,0.356208,20.3167,
373017793,359.933006,77.803731,10.2602,6088.0,4.27,1.30233001708984,1.141,218.299,
237204346,293.323467,76.921694,10.6713,6353.0,4.29887,1.3186399936676,1.262,287.03,
435878153,13.085379,20.938876,12.0398,3392.0,4.84507,0.380156010389328,0.368918,44.0959,
294497466,140.115658,-51.660455,10.2279,10023.0,4.17,2.19,2.57,606.267,
60984804,140.595793,-6.060635,7.11719,7707.0,4.11,1.96,1.812,113.102,
181748381,132.055241,-39.686292,10.4441,6090.0,4.12,1.53,1.14,267.542,
180575165,129.158047,-36.523174,9.9551,9532.0,4.34,1.75,2.43,441.135,
293547742,139.199747,-49.300844,9.1348,4717.0,4.61,0.71,0.76,46.2588,0.06
291471222,111.523899,-52.4632,10.1972,6610.0,3.79,2.47,1.38,437.146,
344927749,151.627588,3.474358,7.4829,6387.1,4.27,1.37,1.28,71.8401,
193023697,155.597851,-28.847487,8.5953,5039.0,4.62,0.74,0.84,42.6435,-0.09
296737508,142.17927,-14.686449,9.19706,5699.6,4.24,1.27,1.015,118.021,0.05
434477274,156.121019,-23.004169,12.2659,6249.0,4.22232,1.41015005111694,1.21,629.506,
168281028,154.271062,-25.276298,11.8134,5677.0,4.34735,1.11563003063202,1.01,343.525,
192976435,155.032187,-29.276109,12.8122,6001.0,4.09439,1.56496000289917,1.11,819.375,
134528212,122.413793,-37.371099,13.7025,5780.0,4.438,,,705.238,
33303538,149.91844,-6.906064,10.7852,6880.0,4.08875,1.82495999336243,1.49,476.194,
142211778,180.546219,-35.548609,13.9069,5726.0,4.16246,1.38707995414734,1.02,1096.19,
465933345,164.76388,-60.082938,10.4819,6498.6,3.67,2.3323800563812256,1.39,502.979,
49043968,164.34914,-29.997123,11.6337,6132.0,4.38741,1.14172005653381,1.16,362.087,
397362481,175.256304,-44.404149,6.7213,4633.87,4.70763,0.630715012550354,0.74,12.7781,-0.505455
462206806,150.46383,-55.660373,11.9905,5704.0,4.36494,1.0986599922180176,1.02,362.374,
157230659,176.249942,-35.640563,11.6634,5869.0,4.09453,1.52904999256134,1.06,446.442,
449951606,168.212865,-58.942432,10.3879,8254.0,3.67,3.44,2.03,860.379,
370877263,145.174365,-66.65449,9.927,6429.0,4.34,1.28,1.3,199.531,
152569268,172.378524,-40.609425,9.9542,4160.1,4.37,0.87,0.65,57.7451,-0.09
370009806,47.031443,-70.110459,9.1848,6055.0,4.41,1.09,1.13,113.881,
361218772,143.84218,-65.216181,9.3478,7115.0,4.07,1.91,1.58,262.942,
286763141,150.350107,-38.841039,9.72334,3548.0,4.77,0.47,0.465272,21.0197,
308778563,24.21772,51.631573,10.6006,6605.0,3.92,2.12,1.38,432.725,
354285962,346.44125,72.410554,12.4721,6683.0,3.72,2.72,1.41,1111.47,
22712134,37.963775,28.96601,12.6502,6262.0,4.16,1.52,1.22,779.009,
240714633,10.159796,52.654408,12.383,5400.0,4.55,0.85,0.938,307.157,
292469572,32.619714,43.97503,13.2644,5620.2,4.4,1.04,1.0,608.995,0.305
256576519,327.341524,67.029549,10.6382,5265.0,4.43,0.96,0.902,151.713,
26390980,56.31536,32.136803,13.0735,5061.0,,2.26,,449.608,
238751619,44.089561,43.092213,11.627,6202.0,4.06,1.69,1.19,522.859,0.051
34977731,48.022366,28.46468,13.1745,4831.0,4.4,0.93,0.784,322.06,
434813314,345.824668,60.311149,12.4533,4753.0,4.57,0.75,0.764,217.443,
456171328,52.225799,46.443043,11.4381,6199.0,4.07,1.67,1.19,420.683,
373894336,28.291856,60.223815,12.7859,6696.0,4.04,1.88,1.42,853.919,
369907772,20.561956,56.778196,12.0782,6707.0,4.03,1.91,1.42,773.628,
285233023,12.471055,60.946038,12.4487,6240.0,4.2,1.45,1.21,594.839,
285505979,28.003018,50.920939,10.9907,4351.7,4.41,0.85,0.68,102.382,0.138
271747067,354.657826,60.267245,13.1987,7006.0,4.01,2.03,1.54,947.643,
326809267,22.406592,46.759351,12.8355,6604.0,4.01,1.92,1.38,1175.42,
177712122,47.27712,37.076087,13.2402,4802.0,4.5,0.83,0.78,340.92,
186810676,46.78065,40.147174,12.9386,3848.0,4.63,0.63,0.60998,152.219,
186989177,34.397563,36.837055,12.9385,5421.0,3.95,1.7,0.94,802.343,
320505267,8.097282,54.21074,12.8245,5874.0,4.24,1.29,1.064,623.493,
445370101,14.39173,56.978183,12.3693,5826.0,3.82,2.08,1.05,771.08,
202869426,36.45054,42.154578,14.6617,3810.0,4.63,0.62,0.605207,323.375,
301414902,36.235853,52.415794,13.3683,4249.0,4.48,0.78,0.664,263.166,
412887082,329.700784,63.055112,12.6134,6051.0,4.18,1.44,1.13,604.936,
353893493,37.761117,25.41329,11.8443,3896.8,4.51,0.71,0.6,96.6459,-0.368
52260140,16.048838,60.302633,12.9697,5602.0,4.31,1.15,0.991,502.268,
470724594,357.612316,65.815495,12.1827,7823.0,4.05,2.14,1.86,760.641,
192487723,46.504292,47.461389,13.4257,8120.6,3.9,2.62,1.98,2579.15,0.369
272218608,355.682379,62.468362,13.3085,7233.0,4.02,2.06,1.62,980.327,
354742440,6.18687,58.468546,12.0193,5613.0,3.49,2.97,0.99,751.084,
444753130,25.177088,61.00972,12.6927,7581.0,4.2,1.74,1.76,943.154,
85281192,26.193227,34.244089,14.1332,3518.0,4.74,0.5,0.493325,170.038,
292852583,34.270304,44.586989,10.8357,5617.5,4.48,0.95,0.994,184.682,0.154
12980264,34.500986,62.763401,11.5706,5883.0,3.83,2.09,1.07,517.51,
196474344,15.527657,46.387227,13.022,6358.0,4.19,1.49,1.26,911.335,
301991463,40.539435,53.555802,13.0057,5401.0,4.27,1.18,0.939,472.785,
270132709,351.297539,60.094591,12.8545,6274.0,4.09,1.65,1.22,811.05,
63586213,32.555,32.983439,12.6167,6008.0,4.03,1.68,1.11,773.844,
372207328,330.844543,67.498677,10.97,3358.0,4.93,0.3,0.272208,20.5488,
200775844,53.673187,37.694688,13.3415,5273.1,4.96,0.52,0.904,310.892,0.34856
307201632,14.976875,49.034174,12.1684,6708.0,4.1,1.75,1.42,796.313,
196973090,20.689977,43.994453,12.6978,5208.2,4.5,0.88,0.886,345.666,0.294731
249884767,38.399932,49.169461,11.0888,7025.0,4.18,1.68,1.55,478.34,
283845022,8.484783,60.084331,12.6447,5675.0,4.1,1.48,1.01,585.094,
308120029,22.167982,53.686078,13.7853,3522.0,4.76,0.48,0.473309,139.042,
415875608,27.889954,43.666558,13.228,5684.0,4.4,1.05,1.01,617.88,
101133275,54.977131,34.459515,13.3773,6690.3,3.97,2.04,1.42,1274.18,-0.104
5724439,33.346292,26.544538,11.5517,5784.6,4.49,0.96,1.038,263.454,-0.113
63718617,33.870091,35.357237,11.4808,5982.0,3.65,2.6,1.1,729.418,
407156755,5.886949,67.775723,12.0066,6176.0,3.63,2.75,1.18,680.868,
327126871,3.403959,56.184657,11.5821,8796.0,4.04,2.34,2.21,1002.36,
381591826,30.509108,37.891483,13.4209,3993.0,4.58,0.69,0.653579,228.091,
186715217,45.959667,40.324556,14.2955,3581.0,4.65,0.6,0.590513,249.517,
332496784,19.790736,59.099961,10.8179,6110.0,4.12,1.55,1.151,304.522,
376765646,340.83699,70.336784,12.2164,6275.0,3.77,2.38,1.22,785.17,
285328782,12.644164,61.046232,13.2013,6433.0,4.15,1.59,1.3,980.978,
184739529,33.348951,36.521995,12.7058,5866.0,4.89,0.61,1.06,299.126,
256349966,322.717404,68.495293,12.0913,6544.0,4.13,1.66,1.35,655.707,
327093061,23.775141,47.751006,13.0366,5846.0,4.12,1.48,1.06,789.069,
241062925,21.908515,51.710954,11.6424,5301.0,4.41,0.99,0.912,244.686,
260040728,62.78581,56.194956,13.4352,5531.0,4.31,1.14,0.973,508.418,
467690903,61.169664,34.186114,11.2367,6699.9,4.04,1.89,1.42,547.43,0.02
321258259,82.298002,57.656327,13.3256,5776.0,4.03,1.63,1.04,720.125,
470450936,66.202403,53.128211,12.2124,5635.0,4.27,1.21,0.999,350.759,
266609407,61.411126,50.053394,13.3199,6197.6,4.4,1.14,1.19,602.08,-0.061
392674549,56.411132,63.964967,12.982,5024.0,,1.67,,575.503,
459102737,61.460788,64.254302,11.0529,5822.0,4.51,0.95,1.048,213.45,
259810421,63.193935,46.761464,12.5755,6080.0,4.07,1.62,1.14,615.476,0.153
355418639,78.043429,53.706778,12.0763,6681.2,4.31,1.37,1.414,512.561,-0.091
98613492,79.724105,47.54723,11.8275,5589.0,4.38,1.06,0.987,317.292,
9136777,67.605011,56.394465,11.8848,6121.6,4.38,1.14,1.156,374.605,-0.113
122881136,77.588903,39.673657,13.2012,6085.6,4.43,1.08,1.14,621.191,-0.045
259708416,62.800827,43.600898,12.566,6476.4,3.97,1.98,1.32,858.675,0.165
267617257,63.165074,50.15895,13.0074,8184.6,4.29,1.67,2.0,1055.41,0.341
458987621,59.368818,64.321242,11.6033,6799.0,4.41,1.25,1.46,346.061,
450308346,71.453407,57.272036,13.4852,5206.0,4.56,0.81,0.885,364.939,
148514918,77.761817,62.67788,13.3133,6252.0,4.35,1.22,1.21,755.957,
311284709,86.155099,50.377688,11.6603,6600.9,3.8,2.45,1.38,809.782,-0.180875
407517154,2.732086,78.899729,13.2114,5326.0,4.6,0.8,0.92,390.021,
272994016,67.575991,48.320207,13.4756,5568.0,4.08,1.5,0.98,617.476,
279851358,53.29481,61.342927,10.9113,13896.0,,,,612.388,
259502942,75.559559,48.741856,14.4594,3510.0,4.71,0.54,0.532327,216.77,
274002141,86.975303,41.942327,14.5853,3192.0,4.92,0.31,0.282616,100.741,
274472658,69.250535,49.614861,11.4974,6461.3,4.11,1.67,1.313,445.311,0.072
251705938,46.542182,57.075669,12.0907,6051.0,3.94,1.89,1.13,534.894,
279725262,52.613744,61.635772,12.0402,5751.0,4.19,1.35,1.03,431.523,
115899725,84.480806,35.294717,11.3035,4337.0,4.63,0.66,0.68,93.6289,
286951368,82.782624,60.386769,12.5799,6592.0,4.1,1.72,1.37,767.899,
468501184,13.872298,73.464164,12.7022,5890.0,4.24,1.3,1.07,515.735,
390410937,43.041829,63.639521,13.1429,6632.0,4.12,1.7,1.39,913.0,
9441591,68.709655,55.889117,12.7346,6039.7,3.86,2.06,1.12,823.754,0.234
187532854,77.869302,37.923226,12.2059,5887.6,4.13,1.47,1.068,536.017,-0.653582
251594291,45.819803,59.308616,13.4948,5925.0,4.52,0.94,1.08,489.542,
450308271,71.496006,57.313785,12.8552,4335.0,4.65,0.64,0.678,173.849,
458890024,48.459307,65.26786,11.8123,5155.0,4.44,0.93,0.871,240.108,
470653603,85.719553,44.670005,10.7233,5492.0,4.56,0.85,0.963,149.566,
367522211,78.499921,33.283238,12.6924,6702.0,4.35,1.32,1.42,708.125,0.028207
328513434,60.424695,60.891368,14.4506,3425.0,4.78,0.46,0.453737,171.319,
16550540,102.684596,40.872865,14.394,3691.0,4.65,0.6,0.584702,259.341,
16552586,105.777773,39.551429,13.4358,6451.9,4.19,1.51,1.31,1216.71,-0.147405
138344895,85.392323,79.503765,13.0817,6316.0,4.36,1.22,1.24,776.855,
459982699,256.321784,64.930099,14.9787,3452.0,4.76,0.48,0.474555,240.373,
16776356,122.978937,38.346134,13.3476,5402.0,4.43,0.98,0.94,557.187,
239159011,113.185675,33.556826,12.7613,6039.2,4.14,1.49,1.12,791.689,0.0996288
318071201,108.713692,51.045549,13.032,6174.0,4.24,1.37,1.18,836.498,
171922657,97.09113,35.741333,12.9713,5505.9,4.36,1.07,0.97,513.641,-0.08
88460991,105.523795,65.286684,12.7094,5837.0,4.2,1.36,1.05,658.966,
147821208,141.243692,68.788313,11.7801,5022.0,4.59,0.77,0.835,186.229,
309512152,99.132997,40.369807,12.5085,5817.2,4.13,1.46,1.05,606.491,0.285
191998744,103.802923,45.324206,11.475,7487.8,3.98,2.22,1.72,896.944,0.308
73244652,122.519401,63.826237,11.8431,6427.0,3.97,1.96,1.3,720.484,
359629653,280.06484,58.987508,13.1766,5041.0,4.43,0.93,0.84,430.356,
353586703,96.518294,39.794575,12.1953,6405.0,4.41,1.17,1.29,502.17,
287207371,110.774836,65.472407,13.1843,5605.0,3.94,1.76,0.99,958.967,
88999533,123.192189,-4.247711,12.349,7455.0,3.85,2.57,1.71,1533.65,
150470555,117.623101,-33.508259,12.6839,,,,,848.343,
265076459,127.162836,2.71044,12.23,6111.0,4.26,1.32,1.15,552.846,
94405787,115.527073,-13.460841,12.9298,5931.0,4.49,0.98,1.082,517.363,
141395223,117.137486,-22.469651,12.4628,5114.0,4.45,0.92,0.86,312.797,
142908390,119.257496,-20.463623,12.2657,4557.0,4.52,0.77,0.719,190.315,
31605271,127.890276,-0.535341,13.0461,4956.1,4.59,0.75,0.817,322.174,0.087
97925605,107.848439,-33.070587,12.1158,5863.0,3.92,1.88,1.06,671.665,
452867348,120.576416,2.504711,13.9983,3821.0,4.58,0.69,0.657426,268.499,
97279971,106.450137,-35.256137,12.2411,6476.0,4.09,1.72,1.32,734.456,
142916753,119.337294,-18.758919,12.6159,6648.0,4.25,1.46,1.399,839.513,
106829921,110.275132,-26.799545,13.075,6114.0,4.43,1.09,1.152,653.557,
176082442,121.488687,-18.383274,13.1167,5991.0,4.12,1.52,1.1,934.231,
170466784,122.54919,-6.802751,12.9494,5524.8,4.44,0.98,0.97,490.336,-0.413
169191182,127.289101,-2.11667,10.3377,6180.8,4.28,1.31,1.182,238.113,0.104
157050713,104.75678,-36.361061,13.4164,6165.0,4.48,1.03,1.17,662.479,
106626059,110.165271,-27.661236,13.097,,,,,824.51,
95191643,115.848264,-8.523214,11.7024,6089.0,4.01,1.75,1.14,577.753,
36022284,118.004125,-11.412431,12.5598,5510.0,4.28,1.19,0.967,474.94,
144037593,126.602788,-23.890808,12.9149,5963.0,4.34,1.16,1.09,649.613,
143526233,125.544304,-19.124285,12.4877,5994.0,4.2,1.37,1.1,634.712,
107617930,111.153147,-25.071762,13.2808,6751.0,4.22,1.54,1.44,1182.83,
140740440,116.266841,-22.178797,12.6968,5917.0,4.32,1.19,1.08,577.888,
141458054,117.257761,-19.23198,13.3579,6392.0,4.01,1.85,1.28,1370.47,
98159959,108.199941,-32.520061,13.2535,6559.0,4.4,1.22,1.36,873.87,
107776260,111.502316,-25.491586,11.9634,6716.0,4.07,1.83,1.428,792.402,
142420436,118.60995,-19.656981,13.1896,6371.0,4.23,1.43,1.27,996.119,
22972676,109.442564,-40.886052,12.4642,5822.0,4.09,1.53,1.05,601.941,
238914510,93.990574,-52.480213,13.1815,6087.0,4.13,1.52,1.14,972.897,
348501452,113.673153,-19.367018,12.3056,6658.0,4.05,1.85,1.4,873.301,
50211272,112.169668,-14.991169,14.329,3967.0,4.59,0.67,0.641581,333.252,
54141697,118.138621,-12.108254,13.1583,6195.0,4.39,1.15,1.19,735.252,
141933255,117.89849,-21.388003,12.7819,5941.0,4.41,1.08,1.09,552.368,
266486214,118.827577,4.77938,11.3461,5589.0,3.99,1.68,0.99,409.7,
32296259,117.328732,-11.242347,12.2757,3982.0,4.6,0.66,0.631665,128.006,
60189629,111.563656,-44.595121,11.0464,5858.0,4.23,1.31,1.06,288.377,
290415036,128.387144,1.706901,12.6738,5925.5,4.33,1.17,1.08,568.421,-0.0425041
139707575,112.07656,-23.270042,11.6147,6649.0,3.79,2.48,1.4,854.485,
332383229,120.784102,-12.39842,10.4099,4833.0,4.56,0.77,0.78,93.0359,
122981686,118.154066,-4.335076,12.2879,6689.6,4.15,1.67,1.42,840.511,-0.02
348297468,121.017966,-17.459226,11.5876,6379.0,4.13,1.61,1.27,546.411,
422031406,122.322337,-16.737405,12.5605,4977.0,4.54,0.81,0.82,273.991,
97921547,107.833335,-35.850518,11.1007,6707.0,4.1,1.48,1.7,437.855,
125563127,114.904386,-25.465447,11.8052,6453.0,4.07,1.75,1.31,644.794,
97588014,107.032361,-30.595669,13.3362,6019.0,4.14,1.49,1.11,991.268,
323569398,136.007911,8.73414,12.2099,5543.0,4.44,0.99,0.98,345.036,
122798633,117.693204,-2.077809,14.1224,3724.0,4.66,0.59,0.58275,230.066,
347442932,133.25514,-13.050699,13.346,6256.0,4.55,0.97,1.22,707.586,
320411045,110.170411,-33.922329,12.3239,5920.0,4.51,0.96,1.08,386.879,
168936945,125.930455,-5.189496,14.9728,3356.0,4.78,0.45,0.451014,215.005,
47244580,134.608621,-6.313801,12.9007,4823.0,4.53,0.79,0.782,296.583,
150559728,117.624526,-31.73015,13.3935,6852.0,4.26,1.5,1.48,1011.08,
7562528,114.324959,-11.73732,12.8743,5647.0,4.36,1.1,1.002,538.47,
66242670,109.27399,-24.136717,13.0537,6621.0,3.99,1.98,1.39,1344.25,
146413471,123.912955,-29.971955,11.0427,5443.0,4.51,0.9,0.95,182.45,
255588086,96.861635,-52.297808,10.9421,5811.0,3.78,1.84757995605469,1.11,409.393,
270456887,135.139704,1.390137,11.8895,6763.0,4.23,1.33733999729156,1.33,530.397,-0.102551
328502522,108.561708,33.070363,10.4475,6080.7,4.19,1.41429996490479,1.138,263.807,0.197341
2507547,80.003079,32.785433,6.4843,6200.93,3.87276,2.09135007858276,1.19,66.5884,
238317637,120.405795,-48.821603,10.3823,5588.0,4.27,1.13,1.06,186.742,
93862917,114.921063,-8.918969,11.601,5754.0,4.41,1.04,1.04,299.878,
123133954,118.67718,-4.342149,11.139,6876.0,4.15,,,631.411,-0.0284947
453009027,123.016335,2.78237,11.9319,6976.0,4.1,1.83,1.36,761.889,0.120066
180989820,130.256986,-40.584789,11.2854,6543.5,4.17,1.51874005794525,1.59,476.611,
190643105,133.47703,-38.997112,11.4749,6803.0,3.75,2.66,1.46,803.422,
184801054,127.981981,-37.462652,14.2084,3421.0,4.69,0.55,0.547878,200.8,
186707229,133.233364,-31.998124,13.2722,5712.0,4.62,0.82,1.02,458.026,
385157401,153.890617,-14.708566,12.7401,6311.0,4.1,1.64,1.24,885.89,
180931993,129.997215,-36.181786,11.9468,6799.0,4.28,1.45,1.46,601.947,
4598935,141.219902,-39.030976,11.4274,5876.0,4.32,1.18,1.06,310.479,
12061971,146.716359,-35.206501,12.1958,6415.0,4.26,1.4,1.29,592.196,
410901394,107.190811,-49.821826,13.1352,5745.0,4.33,1.15,1.03,634.454,
140706833,128.464035,-43.784395,13.2967,7349.0,4.06,2.0,1.67,1056.18,
410303247,149.970848,-22.922585,13.4379,5636.0,4.56,0.87,1.0,558.189,
189097100,140.422164,-29.108079,12.198,8753.0,,,,1373.8,
132314633,119.451527,-40.736441,12.3164,6685.0,4.17,1.62,1.42,624.824,
380528770,140.199949,-18.66747,12.5776,6381.0,4.29,1.33,1.27,696.339,
11927677,146.15031,-30.104754,12.6602,6206.0,4.02,1.76,1.19,883.135,
332657786,149.991806,-16.159794,13.0041,3275.0,5.01,0.23,0.204775,38.6057,
181208298,130.732165,-37.634354,12.3987,6037.0,4.43,1.06,1.12,455.749,
81089255,122.694102,-43.853401,11.8409,7459.0,4.36,1.43,1.71,564.158,
101225566,155.555983,-14.052149,12.5284,5159.0,4.47,0.9,0.87,318.741,
189300053,141.929638,-24.965029,13.1388,5782.0,4.06,1.58,1.04,910.154,
355449539,110.301146,-49.134858,12.4716,4961.0,4.57,0.78,0.82,242.223,
294394558,109.322945,-54.117193,12.0808,5057.0,4.58,0.78,0.84,212.659,
281286325,150.95699,-19.2825,13.4446,5782.0,4.26,1.26,1.04,843.379,
46772529,141.722816,-7.579251,12.8397,4678.0,4.5,0.81,0.746,271.71,
37754672,135.766676,-29.28071,12.1185,6466.0,4.18,1.54,1.32,633.364,
238124845,105.597221,-50.87235,11.8187,5560.0,4.41,1.02,0.98,298.567,
423445163,157.820359,-18.808544,12.5035,4593.4,4.65,0.67,0.726,186.872,-0.0186559
118754987,134.581948,-22.700934,13.1011,6428.0,4.18,1.53,1.3,965.524,
25212199,143.525469,-34.03832,12.3727,5936.0,4.07,1.58,1.08,641.243,
47143972,145.012087,-10.977168,14.2991,3556.0,4.7,0.54,0.540045,214.326,
445522339,112.981285,-49.134121,12.4802,3808.0,4.68,0.57,0.560346,104.516,
438376091,142.372527,-54.433148,12.2137,8706.0,,,,1136.24,
36808091,150.719276,-46.374718,12.973,6118.0,4.0,1.77,1.15,966.05,
374741750,151.048914,-60.126229,13.1263,,,,,1713.43,
303426966,164.141735,-57.704427,13.1074,6788.0,4.29,1.44,1.46,957.246,
371596277,147.885334,-67.113047,13.0303,4952.0,4.5,0.84,0.82,332.357,
45881495,149.637654,-37.707584,14.6334,3642.0,4.68,0.57,0.559986,260.803,
72806004,152.56752,-40.64736,11.9865,5599.0,4.35,1.1,0.99,343.112,
35973654,149.365272,-42.861181,12.834,5973.0,4.17,1.43,1.1,709.759,
75580659,139.172161,-44.584808,12.9544,7304.0,3.88,2.43,1.65,1355.12,
358838026,151.611142,-47.02428,12.9435,6166.0,3.91,1.98,1.17,1079.16,
177257073,102.292945,-76.245719,13.2222,5657.0,4.11,1.45,1.0,789.385,
376800517,153.470526,-63.490143,14.1994,3792.0,4.67,0.57,0.56621,231.356,
469008497,144.065386,-49.245674,13.0582,5555.0,4.5,0.92,0.98,435.115,
54145416,160.602735,-30.249932,12.9845,4930.0,4.54,0.8,0.81,322.179,
142277868,180.764269,-33.6655,14.3088,3003.0,5.05,0.21,0.174017,48.4666,
358164738,139.106048,-63.641065,12.0622,6237.0,3.73,2.49,1.21,900.01,
361154154,143.692557,-63.735512,12.2544,5983.0,4.26,1.29,1.1,501.914,
303030789,155.164204,-69.488366,12.7121,6012.0,4.41,1.09,1.11,539.43,
72542944,151.587915,-39.092019,13.1724,6421.0,3.84,2.25,1.29,1515.49,
29780740,64.961341,-69.854207,14.8212,3642.0,4.62,0.64,0.618525,340.166,
439618305,143.52393,-54.905421,11.9783,9833.0,4.18,2.14,2.51,965.229,
101961987,153.714224,-43.515162,13.3092,5709.0,3.89,1.89,1.02,1093.34,
446524637,155.886327,-52.953355,13.1386,5972.0,4.18,1.42,1.1,762.45,
5709314,143.595647,-41.525772,12.3947,6478.0,4.53,1.04,1.32,461.438,
139314045,151.834712,-53.343307,12.5611,5147.0,,2.61,,802.838,
188128470,162.168812,-24.719427,11.5447,4953.5,,2.47,,521.207,0.152673
382688257,137.2905,-51.073956,12.7216,5200.0,,3.38,,1261.35,
382187347,81.237585,-57.035477,14.9198,3873.0,4.66,0.58,0.575212,358.254,
71674064,156.403066,-32.592827,11.3742,5109.0,4.48,0.89,0.86,182.154,
167720788,103.402787,-64.437403,12.8603,5816.0,4.32,1.33,1.1,708.281,
356921678,135.557036,-62.647058,14.478,3254.0,4.7,0.54,0.536065,200.435,
147193084,162.271012,-45.085546,13.463,5794.0,4.36,1.12,1.04,703.497,
57694405,174.125644,-31.535144,12.6161,5167.0,4.41,0.96,0.87,355.397,
437774844,141.611472,-59.673478,14.7698,3493.0,4.6,0.67,0.638258,336.274,
363417404,164.296604,-27.523698,13.2466,5602.0,4.63,0.8,0.99,449.808,
54238138,160.949007,-33.155027,10.8273,4526.0,4.56,0.73,0.71,92.6712,
49066806,164.676291,-35.341072,11.213,4189.0,4.57,0.7,0.66,86.8636,
297853363,142.493224,-50.725186,13.2786,5186.0,,2.32,,1111.68,
72542131,151.681083,-39.710775,12.4974,6229.4,4.17,1.5,1.2,682.391,0.110657
464544047,156.617346,-56.545537,13.2022,8849.0,4.4,1.56,2.23,1350.5,
459604398,163.090977,-56.263899,12.4454,,,,,1102.52,
46104747,132.023404,-58.758544,11.7347,6838.0,4.14,1.71,1.48,637.497,
280647591,144.357907,-48.275231,13.4696,6030.0,4.5,0.99,1.12,643.227,
80384677,165.14022,-49.077328,12.131,5005.4,,0.98,,428.196,
306248357,166.557921,-54.573252,11.9319,6219.0,3.99,1.83,1.2,666.515,
310497279,152.680945,-48.27263,13.2487,7743.0,4.09,2.02,1.83,1724.86,
142171554,179.97778,-30.221599,13.4905,5643.0,4.25,1.25,1.0,796.484,
457337619,157.243507,-58.794138,9.1069,5419.4,4.65,0.76,0.94,64.4175,
255851356,198.58223,-59.692251,9.9747,6071.0,3.95,1.86,1.13,260.511,
390151888,183.61147,-58.058789,9.2889,5759.0,4.31,1.18,1.03,115.665,
161738745,190.158097,-48.140748,9.6235,4935.7,,1.94,,,-0.23
72504017,187.651542,-43.953561,9.74,6315.0,3.74,2.48,1.24,346.576,
9385460,191.702821,-24.42739,12.5329,6113.0,4.05769,1.66164994239807,1.15,773.974,
915110182,163.101036,-61.446859,14.7028,4588.0,4.47637,0.817543983459473,0.73,566.459,
302212110,132.767883,-69.344177,12.4715,6619.0,4.02,1.89910995960236,1.39,971.803,
290777444,84.858988,-52.933311,12.2311,5681.0,4.0558,1.56061995029449,1.01,575.271,
133850380,121.454664,-41.135631,10.8597,6649.3,4.37,2.05,2.08,553.272,
166527623,207.526001,-40.835896,9.1871,5854.0,4.438,1.33729004859924,1.03,127.28,
220460087,74.756626,-56.715996,12.4338,5933.0,4.31,1.53146004676819,1.1,698.403,0.335776
324422520,209.162375,-61.182993,9.5605,5829.0,3.73,2.31,1.05,227.014,
94483093,241.922414,-33.249367,10.37,5650.0,4.11,1.46,1.0,220.877,
259606227,223.62771,-68.384542,9.4738,6802.0,4.05,1.9,1.46,261.077,
179739873,213.667189,-41.559703,10.1115,5996.0,4.2,1.39,1.11,212.894,
141074654,228.503044,-45.012267,9.8987,6018.0,4.3,1.23,1.11,168.977,
420529106,216.133991,-52.831718,10.3012,4504.0,4.58,0.72,0.71,70.5122,
313671132,202.157881,-62.169938,10.0778,5878.0,4.29,1.22,1.06,177.911,
47667,220.409244,-26.790781,9.17446,6470.6,4.13,1.63,1.318,176.365,-0.44
3728481,245.224446,-38.690224,10.1676,4999.0,,3.95,,360.452,
368713985,220.299751,-32.363352,11.7584,5983.0,4.27,2.19878005981445,1.24,758.968,
210441429,212.200442,-55.712303,11.5744,5476.0,3.88771,1.84635996818542,0.96,441.968,
453668803,205.817879,-56.156449,9.5687,5904.0,4.0,1.71105003356934,1.07,191.372,
392914193,218.729436,-34.057153,11.5643,6210.0,4.18301,1.46318995952606,1.19,457.078,
121560868,225.706366,-40.167615,12.0824,6457.0,4.0,1.8948700428009,1.31,793.88,
366316586,219.042483,-34.496057,11.7803,5524.0,4.5045,0.912362992763519,0.97,260.813,
253126207,194.684003,-58.476742,11.1102,6332.0,4.19731,1.47514998912811,1.25,366.686,
22560356,184.800928,-46.780305,14.9074,3322.0,4.71,0.53,0.530118,233.338,
73310180,190.438688,-45.743629,12.4071,5754.2,4.2,1.34,1.03,533.016,-0.00995504
243550555,206.394609,-42.826302,10.9535,5835.0,4.45,1.01,1.05,218.468,
124617560,200.007062,-34.634937,13.2336,5707.0,3.92,1.84,1.02,1077.53,
419503191,191.300944,-55.318965,12.5489,7238.0,4.25,1.59,1.63,825.215,
464542805,156.512015,-56.329798,12.0407,6103.0,4.13,1.54,1.15,537.819,
272251987,187.583215,-59.413143,12.351,6636.0,4.35,1.3,1.39,578.91,
304363215,164.927622,-58.659028,13.0093,5850.0,4.54,0.92,1.06,466.577,
144321743,189.630031,-41.47389,12.0263,5136.9,4.61,0.77,0.87,214.986,-0.12854
144077896,188.132336,-37.073844,12.0438,3573.0,4.7,0.54,0.537434,75.4617,
308010949,167.212209,-54.315121,13.3562,7081.0,4.21,1.63,1.57,1207.19,
170627138,185.624262,-32.33691,11.7921,5586.7,3.82,2.04,0.99,580.95,0.276106
94012094,176.397049,-50.56653,11.4291,5656.0,4.28,1.2,1.0,303.927,
438629686,201.899291,-46.386792,11.0608,8968.0,3.88,2.85,2.26,1116.12,
377771417,154.698501,-62.793024,11.3329,7936.0,4.26,1.7,1.9,639.815,
374155286,149.911356,-62.975497,12.3896,5860.0,4.07,1.57,1.06,612.225,
162729620,170.889648,-45.647015,12.3613,6229.0,4.28,1.31,1.2,590.249,
363259409,147.396642,-63.494029,12.1162,6269.0,3.79,2.34,1.22,883.252,
131312528,191.679388,-35.418044,12.2657,5668.0,4.53,0.91,1.01,338.067,
289389326,202.23874,-56.782537,14.9692,3458.0,4.63,0.62,0.606489,315.113,
91794828,171.473891,-53.310061,13.3831,6821.0,4.11,1.78,1.47,1325.9,
72123144,186.345676,-44.04327,13.4995,5924.0,4.2,1.37,1.08,949.219,
463868678,154.896239,-57.071089,11.983,5668.0,,3.74,,1245.89,
398945279,190.637818,-34.090596,12.8316,5478.0,4.31,1.14,0.96,511.237,
241297273,203.604407,-49.291192,12.925,5300.0,4.41,0.98,0.91,431.429,
49411575,205.607979,-29.800642,12.9822,6171.0,4.07,1.66,1.18,1006.66,
361344753,143.94571,-60.083478,10.9743,5139.0,4.48,0.89,0.87,151.511,
306249066,166.728463,-54.738876,10.5353,6139.0,4.39,1.14,1.16,221.906,
131195882,190.978266,-33.265959,12.9505,5822.0,4.39,1.09,1.05,571.796,
22452837,184.349287,-46.173632,12.9661,6876.0,4.27,1.49,1.49,992.387,
166145361,205.923928,-40.041874,11.9686,3087.0,5.07767,0.202096998691559,0.171073,16.9227,
325647810,187.441996,-69.651839,11.0686,5035.0,4.35,1.01,0.84,174.42,
167573692,101.568127,-62.347402,14.6483,3230.0,4.84,0.38,0.374143,168.1966,
392027961,174.171991,-71.183844,12.0139,5188.0,3.91,1.72,0.88,447.901,
90048949,204.212654,-55.270452,12.9595,7155.0,3.89,2.37,1.6,1310.99,
56884,220.652699,-25.55393,12.1967,6466.0,4.18,1.54,1.32,662.96,
263207857,230.389105,-66.264426,13.4442,5614.0,4.55,0.87,0.99,536.703,
242532142,215.116596,-44.354316,13.2738,5526.0,4.17,1.34,0.97,723.354,
400968492,167.584824,-69.344992,12.2525,6520.0,4.11,1.69,1.34,741.795,
366315051,218.944637,-32.719293,12.8314,5137.0,4.39,0.99,0.87,390.235,
291668351,217.985495,-54.400652,13.2079,5832.0,4.45,1.01,1.05,514.266,
289076007,224.571478,-49.275979,11.1708,6396.0,4.15,1.57,1.28,407.645,
403368444,229.883712,-73.522601,12.1404,6139.0,4.23,1.36,1.16,534.334,
76706043,229.294897,-33.969293,11.7332,4390.0,4.12,1.2,0.69,180.958,
426904354,237.006147,-66.810824,13.4146,6158.0,4.2,1.42,1.17,1002.32,
149179763,81.700204,-65.289713,12.5738,5624.0,4.49,0.94,1.0,388.523,
145804834,230.134223,-45.54122,12.0846,6094.0,4.5,0.99,1.14,358.155,
349503728,220.664082,-79.454095,14.9482,3505.0,4.67,0.58,0.57173,,
439381274,195.799598,-64.822103,12.0669,6707.0,4.2,1.56,1.42,580.371,
350432166,84.885928,-59.005736,11.2822,6218.9,3.96,1.9028799533844,1.2,511.417,-0.0429864
399195246,163.506946,-70.892253,12.6705,6010.0,4.05,1.64,1.11,755.87,
241592217,207.195682,-53.575927,13.2261,6119.0,3.98,1.83,1.15,950.963,
374908396,88.963569,-65.507496,12.8143,4354.0,4.59,0.69,0.68,193.932,
260539542,96.949049,-54.279518,13.3296,5980.0,4.34,1.17,1.1,750.839,
207937389,207.421621,-57.150013,13.0339,6452.0,4.43,1.16,1.31,651.466,
443199889,198.888298,-61.443076,10.8833,6387.0,3.94,2.01,1.28,398.406,
258409964,221.805701,-68.521148,12.9268,6498.0,4.15,1.61,1.33,954.945,
148691985,231.025033,-39.909393,14.6186,3172.0,4.79,0.45,0.44167,158.097,
411463659,179.587735,-68.716999,12.8709,6332.0,4.15,1.56,1.25,853.667,
75650448,225.83705,-35.230579,12.0836,5265.0,4.32,1.09,0.9,320.527,
160442729,223.135822,-38.861661,14.2251,3598.0,4.66,0.59,0.583697,233.304,
312612366,210.847138,-51.927424,13.1227,6617.0,4.42,1.2,1.39,713.493,
457446242,206.35273,-57.331284,12.716,6604.0,4.28,1.41,1.38,690.045,
292349703,221.42572,-65.8513,11.5555,5965.0,3.43,3.34,1.09,854.397,
38584799,63.937745,-62.725017,12.1821,4853.5,4.61,0.73,0.79,197.121,-0.0372882
400491269,166.596115,-66.703343,11.2405,7723.0,4.08,2.04,1.82,681.143,
330424797,211.969321,-60.620203,12.363,7944.0,4.39,1.47,1.91,700.825,
209054294,209.796777,-54.762928,12.3531,6386.0,3.88,2.16,1.28,914.054,
256124756,199.577115,-59.758683,13.4658,6356.0,4.38,1.19,1.26,782.642,
460316238,222.562817,-49.596217,13.4986,5359.0,4.57,0.82,0.93,453.793,
446918603,232.605222,-67.938798,12.4865,5831.0,4.17,1.4,1.05,597.698,
167654347,102.540676,-63.465599,12.392,4758.0,4.62,0.71,0.77,201.413,
241525834,206.54904,-53.357187,14.85,3314.0,4.62,0.64,0.620886,297.833,
23111,219.53997,-27.418351,13.0934,6022.0,4.15,1.46,1.11,850.423,
332887363,216.321837,-51.818041,12.7886,6431.0,3.9,2.11,1.3,1015.39,
149450435,85.08377,-60.917584,12.5687,5247.0,4.56,0.83,0.9,308.178,
15827263,280.505862,17.310927,10.4263,4536.1,,,,,
346855283,280.882334,20.560674,9.56062,6967.0,4.34,1.38,1.527,191.472,
439943973,1.21215,42.868196,9.65566,5684.0,4.08,1.52,1.011,174.397,
440150441,5.462265,42.77064,9.99685,6153.0,4.35,1.2,1.169,185.35,
258940847,9.208188,24.267798,9.7664,6336.4,4.26,1.37,1.25,201.21,0.156
64837857,338.805332,54.773557,10.0252,6500.6,4.32,1.37,1.438,237.169,
174328045,15.78859,35.389041,9.60892,5818.9,3.95,1.8,1.047,212.128,0.203757
283884522,2.214012,33.878756,9.1993,5745.0,4.44,1.01,1.03,97.8683,
150901009,4.182463,20.856765,9.1129,4859.0,4.59,0.75,0.79,50.2297,
278726770,99.411971,-57.087293,10.1032,4481.6,,8.18,,673.028,0.26
304690618,278.028578,-67.664501,10.1763,5564.0,4.51,0.91,0.98,127.16,
262457587,228.840425,-70.532562,10.318,3866.3,,,,,
96475638,264.966891,-50.574825,8.5861,6193.0,4.38,1.16,1.19,96.6949,
292221593,278.680624,-65.95319,8.641,5764.0,,2.95,,280.1428,
272768631,278.41157,-35.348041,10.2443,5159.0,4.57,0.8,0.87,101.511,
468178519,314.381155,-86.61053,12.0054,6116.0,4.15621,1.48346996307373,1.15,522.201,
355895977,190.769321,61.601738,11.7085,5164.0,4.61221,0.765044987201691,0.874,190.991,
418343229,84.856001,74.767411,10.8861,3359.0,4.89202,0.331880003213882,0.313264,21.182,
415732733,142.031271,78.944752,10.594,6487.0,4.438,1.0,,393.5746,
147561732,143.137378,69.729484,8.03278,6534.0,3.84827,2.28868007659912,1.347,157.48,
192014454,103.906879,42.042931,8.89177,5972.63,4.28725,1.24540996551514,1.096,109.972,-0.154
256429408,325.003248,69.086612,8.43041,6477.0,4.16898,1.56674003601074,1.321,126.959,
161169240,339.35783,-53.31905,12.122,5952.0,4.32279,1.19220995903015,1.09,466.165,
206361691,356.628534,-48.958006,8.3408,6002.0,4.1943,1.39489996433258,1.11,98.2118,
333736132,170.276336,-26.066616,12.0742,4722.0,4.55866,0.756772994995117,0.756,183.078,
126797048,137.046678,-50.613758,8.8855,7271.0,4.15114,1.78190994262695,1.64,187.473,
53843023,327.638875,-26.556512,10.3852,4713.0,4.49053,0.815267980098724,0.75,92.1219,
331644554,330.55306,47.090352,9.61487,8450.0,4.31188,1.6745400428772,2.097,323.808,
99989903,172.258188,63.573608,7.2861,6439.2,4.25521,1.40734994411469,1.3,68.305,
452920657,8.334322,59.109923,12.6973,3907.0,4.59828,0.663932979106903,0.637469,153.244,
141522677,101.546921,78.50475,9.40853,6608.0,4.32886,1.33259999752045,1.381,175.659,
423360793,14.901911,-1.326372,7.848,5988.0,4.28183,1.255499958992,1.1,70.1908,
62085710,290.471912,-46.874959,10.4679,6760.0,4.21,1.57,1.45,340.52,
253864764,283.536275,-36.65686,8.8688,4794.0,4.55,0.77,0.77,44.8496,
344034178,286.14225,-55.347336,10.7742,5542.0,4.438,1.04320001602173,,186.982,
6898572,285.449882,-50.06171,10.6264,6875.0,4.01141,1.99491000175476,1.49,477.776,
425817867,305.872437,-44.0587,12.0491,5443.0,4.54284,0.863921999931335,0.95,274.96,
254141733,286.539132,-40.61341,11.3648,5372.0,4.438,1.0,,336.87,
394126269,2.879651,-70.986935,15.331,5009.0,4.49886,0.849463999271393,0.83,1042.3,
273270473,320.826158,-80.766966,13.6702,4848.0,4.47567,0.851167023181915,0.79,401.464,
6764171,285.106706,-50.235512,10.2692,6055.0,4.38226,1.13355994224548,1.13,191.447,
269217040,284.548382,-47.003307,10.2748,5883.0,4.34,1.15599000453949,1.07,188.404,
396246765,302.038459,-76.13625,12.3872,5965.0,4.16451,1.4305100440979,1.09,584.723,
464658144,288.371215,-61.059097,10.6834,4900.0,4.45095,0.881258010864258,0.8,122.314,
410119093,327.447985,-70.455057,12.7602,5377.0,4.34978,1.06754004955292,0.93,463.744,
149989864,90.445562,-63.050467,10.2969,5599.17,4.37676,1.06774997711182,0.99,159.053,0.150302
382258844,82.716614,-54.898137,8.6235,6649.0,3.92964,2.12459993362427,1.4,194.123,
324609409,312.694044,-81.272398,11.1163,6047.0,4.21587,1.36680996417999,1.12,312.903,
35377903,315.423021,-10.408225,10.3313,6106.0,3.91186,1.965399980545044,1.15,341.393,
27414976,215.094092,41.278673,13.7846,4693.0,4.54081,0.769415020942688,0.75,401.307,
118339710,129.572022,-23.550217,10.3541,6118.81,4.11275,1.56228995323181,1.154,282.536,0.0563154
104195270,44.114507,48.008994,10.9988,6731.3,3.99257,1.99718999862671,1.43,531.121,0.079
441546821,197.317124,-60.308435,7.7897,6613.0,4.23,1.4926999807357788,1.38,95.3906,
5966772,193.398197,-23.119791,10.4795,4677.0,4.56264,0.750311970710754,0.75,87.0611,
341405597,317.069584,-63.2505,10.4012,4716.0,4.56,0.75,0.75,85.8463,
167085203,95.725639,-66.273142,12.2301,6314.93,4.18108,1.49694001674652,1.24,643.451,-0.301131
349789882,113.362847,-62.485985,11.3908,6697.0,4.21,2.02662992477417,1.41,619.711,
179442778,80.323733,-66.833206,12.9757,4454.0,4.59483,0.698504984378815,0.7,188.499,
255560319,96.071638,-53.575693,8.4379,5494.7,3.63775,2.46204996109009,0.96,151.189,-0.07
342449055,123.998559,-59.327035,10.746,5780.0,4.438,,,,
379717270,220.003903,-52.910049,10.2734,6392.0,3.5,2.8927800655365,1.36,478.245,
411731278,214.272868,-55.521705,8.239,8044.0,4.17155,1.89253997802734,1.73,168.118,
287328202,109.763471,-58.115526,12.3332,6088.34,4.09655,1.58202004432678,1.14,641.467,-0.0800587
269849065,69.144564,-81.292943,12.8676,3264.0,4.90343,0.320782005786896,0.300458,49.5741,
20375215,167.608218,-29.414302,8.8392,4799.0,4.66766,0.678032994270325,0.78,39.7429,-0.22
143842198,118.916232,-43.356714,9.7367,5113.3,4.77,0.758633017539978,0.86,75.1812,
303364023,138.38301,-69.304692,13.0055,3278.0,4.97813,0.256166994571686,0.227565,42.3968,
192943720,154.949388,-28.96236,7.71299,6016.28,3.81004,2.17401003837585,1.113,114.978,
428673146,179.792354,-20.355606,7.0276,4944.24,4.58767,0.757602989673615,0.81,20.3632,0.0290767
261264800,90.934682,-81.457413,14.5913,2824.0,5.24293,0.125968992710114,0.101248,26.741,
460950389,159.157968,-64.798231,11.649,4743.0,4.51969,0.793587028980255,0.76,150.336,
112115898,111.657082,-30.55218,11.7735,3190.0,5.01971,0.22665399312973,0.196051,18.8873,
34986694,164.325075,-4.674414,13.9087,3254.0,5.0301,0.219972997903824,0.189135,53.7293,
405428714,357.366601,-78.932968,11.529,5483.2,4.3,1.68055999279022,1.09,464.958,-0.131467
92449173,314.575438,-35.796622,12.2247,5646.0,4.05052,1.5623300075531,1.0,559.084,
281541545,6.613593,-56.34428,13.7813,4247.0,4.47839,0.775547981262207,0.66,324.413,
253917292,337.48912,-31.929085,13.6732,5693.0,4.37269,1.08354997634888,1.01,784.252,
220524097,42.467198,-62.723587,13.6157,5221.0,4.64701,0.741696000099182,0.89,449.618,
370010846,46.987523,-66.111186,13.8564,5728.0,4.42477,1.02552998065948,1.02,822.224,
261646133,19.06757,-79.893899,10.4225,5703.4,4.04,1.61,1.02,250.491,-0.75
150320610,95.61935,-63.697716,9.755,,,,,51.9242,
121490076,343.572379,-43.010229,8.9988,4760.0,4.57,0.76,0.77,46.2122,
47482754,342.732459,-29.809107,10.1172,5791.0,4.53,0.92,1.039,136.505,
287326127,109.777497,-55.837843,9.608,6388.0,3.71291,2.61,1.28,337.672,
426032475,45.310382,-75.203308,9.0529,6289.7,3.99,1.86,1.23,186.378,-0.32
382521776,12.358885,-53.914944,12.8021,5349.0,4.4,0.977886021137238,0.93,432.935,
9032367,355.911751,-11.272631,14.3604,4778.0,4.51281,0.8051429986953735,0.77,566.544,
349891396,274.39888,-53.01713,14.2548,3658.0,4.67,0.58,0.569833,234.672,
221566773,248.404924,-56.556132,12.8086,6623.0,3.89,2.21,1.39,1196.73,
412666676,262.96928,-48.371167,13.0013,5917.0,4.4,1.08,1.08,544.063,
76899250,271.142485,-58.014464,12.533,6517.0,4.21,1.5,1.34,768.537,
324150445,275.653906,-41.476441,13.3991,5315.0,4.43,0.96,0.92,531.546,
171886633,255.458652,-56.815904,13.0057,6372.0,4.28,1.36,1.27,813.685,
89417257,275.279781,-45.469851,12.0409,5815.0,3.88,1.95,1.05,684.777,
91324328,278.145792,-44.717706,12.5258,4768.0,4.49,0.83,0.77,252.074,
174070181,258.410562,-55.729405,13.3912,5579.0,4.17,1.35,0.98,778.277,
263203229,230.412408,-67.206546,12.792,6713.0,4.21,1.55,1.43,901.517,
307232923,267.730983,-61.614393,13.2152,5859.0,3.98,1.74,1.06,1038.26,
361403927,242.81722,-67.000306,12.2914,6508.0,3.9,2.14,1.34,997.768,
345056639,277.412003,-62.201806,13.2719,6470.0,4.09,1.72,1.32,1172.04,
301247383,255.105601,-69.617872,12.9951,5928.0,3.9,1.93,1.08,1049.37,
367900542,260.693723,-56.817609,13.2738,4204.0,4.29,0.97,0.66,298.209,
343717397,273.029327,-72.877347,12.2566,5875.0,4.27,1.24,1.06,476.693,
421056636,252.568079,-56.083838,13.1351,5988.0,4.18,1.41,1.1,824.528,
426901646,236.891954,-67.506647,12.0574,7929.0,4.16,1.89,1.9,1036.48,
299876474,244.02137,-60.038009,14.4757,3875.0,4.62,0.64,0.618846,317.495,
381448973,257.381418,-47.403434,12.6752,7277.0,4.35,1.42,1.64,722.785,
87422071,273.034601,-44.243404,11.1938,6128.0,4.15,1.51,1.16,384.758,
301248781,255.225724,-70.53015,13.2441,5616.0,4.12,1.43,0.99,802.863,
261192051,259.290405,-48.763415,13.1408,7247.0,4.19,1.69,1.63,1166.96,
381468938,269.585917,-51.797559,13.0852,5090.0,4.38,0.99,0.85,423.344,
314193010,278.470062,-40.168552,13.4559,6500.0,4.14,1.63,1.33,1281.82,
89659632,275.664375,-44.379884,13.3397,5620.0,4.08,1.51,1.0,893.78,
383313006,186.289501,-86.887548,11.7958,3719.0,4.69,0.56,0.551423,72.9383,
57011946,274.022452,-37.153165,13.2337,5764.0,4.46,0.99,1.03,584.561,
361467239,243.165316,-67.3391,13.1542,5415.0,4.37,1.05,0.94,538.6,
234540647,251.015114,-47.714009,12.3837,6594.0,4.25,1.47,1.38,590.613,
360224870,262.187918,-57.912799,14.5665,3599.0,4.6,0.66,0.635701,325.609,
96829917,265.323637,-49.163899,13.2539,7085.0,4.19,1.67,1.57,1285.43,
148523092,265.710722,-41.179089,12.9573,6383.0,4.31,1.32,1.28,724.77,
420369105,251.037059,-58.984634,12.1662,7566.0,3.85,2.61,1.75,1324.29,
311856080,262.40787,-76.58679,12.6801,5421.0,4.01,1.58,0.94,556.822,
90156362,276.290046,-43.906257,12.8821,6026.0,4.22,1.37,1.12,737.776,
365952328,276.191236,-60.784523,12.4154,6085.0,3.84,2.11,1.14,906.007,
304430662,259.595573,-62.931814,12.976,5492.0,4.12,1.41,0.96,673.262,
375297961,289.721012,-64.249499,13.33,5230.0,4.62,0.77,0.89,407.089,
61621800,288.737557,-42.702604,11.5315,6847.0,4.02,1.96,1.48,687.671,
469813927,304.820752,-64.974169,12.3102,5493.0,4.07,1.5,0.96,539.819,
355138852,307.11341,-45.96744,13.136,5668.0,4.15,1.39,1.01,782.336,
79660831,295.743404,-44.759727,12.5912,5853.0,4.18,1.39,1.06,627.991,
100263315,306.501073,-48.920419,13.4902,5663.0,4.31,1.17,1.01,772.86,
344552721,321.814728,-68.739364,14.1345,3498.0,4.69,0.55,0.548582,198.552,
32443914,290.594959,-31.383219,11.9656,6258.0,3.97,1.9,1.22,730.364,
421990278,300.936671,-55.367879,12.7488,6064.0,4.39,1.12,1.13,591.27,
467931774,282.205124,-75.431953,12.7308,4858.0,4.51,0.82,0.79,276.346,
419738713,324.480301,-66.436672,13.0863,5771.0,4.3,1.06,1.07,624.732,
411955845,290.671642,-62.022859,13.0965,6155.0,4.25,1.35,1.17,847.831,
254209017,287.701332,-36.51561,13.2542,6460.0,4.27,1.38,1.31,900.072,
291013124,309.345795,-38.723632,14.5979,3445.0,4.82,0.41,0.401108,161.561,
253857911,283.270016,-38.399466,13.1622,6610.0,4.12,1.7,1.38,1181.26,
219978369,306.530071,-55.540066,11.9955,6177.0,4.12,1.58,1.18,601.743,
253788533,282.733386,-37.534617,13.3278,6063.0,4.37,1.15,1.13,764.325,
201658484,288.702162,-54.242515,11.8193,6405.0,4.07,1.74,1.29,644.937,
319568755,290.972257,-54.149068,13.1004,5388.0,4.36,1.06,0.94,527.181,
90935909,308.198717,-44.663326,12.6442,5589.8,4.42,1.02,0.99,447.05,0.258439
129458276,304.401827,-47.09656,12.6118,6057.0,4.2,1.41,1.13,691.423,
101272159,299.543066,-53.872432,12.9998,5661.0,4.36,1.1,1.01,578.879,
326327260,308.340789,-29.441613,12.3197,5081.5,4.51,0.85,0.851,267.086,0.31391
352438619,323.04039,-77.426902,12.4415,4841.8,4.6,0.73,0.79,213.236,-0.252311
408609355,296.355554,-34.534399,12.227,6391.0,3.79,2.38,1.28,945.78,
269372232,291.688916,-36.831352,13.2392,5355.0,4.05,1.51,0.93,689.289,
32046665,289.900026,-35.809407,13.1197,5594.0,4.28,1.19,0.99,614.047,
164249928,304.395069,-28.821369,13.1505,5339.0,3.96,1.66,0.92,803.074,
290403522,330.958061,-72.44083,10.2912,6477.7,4.24,1.47,1.38,290.48,
387295547,312.696269,-58.943302,11.7301,6333.0,4.28,1.35,1.25,472.318,
254174907,287.258761,-41.100082,11.6114,6702.0,3.72,2.71,1.42,916.11,
90935995,308.185081,-44.581239,12.0887,4337.4,4.58,0.7,0.68,143.347,-0.021187
262470965,312.131066,-36.432345,14.8107,3969.0,4.66,0.59,0.576643,,
166495921,305.027554,-48.129533,12.3544,5951.0,4.19,1.39,1.09,594.791,
100264497,306.582801,-48.984798,12.0533,6170.0,4.23,1.38,1.18,545.522,
112989868,292.384076,-34.096927,13.2735,4750.0,4.45,0.86,0.76,345.714,
144327080,355.545706,-47.913029,11.3272,4849.0,4.65,0.69,0.79,127.824,
441076258,323.284714,-29.117607,13.3396,4790.0,4.53,0.79,0.77,353.575,
261680542,21.604688,-79.610747,12.3079,6026.0,4.22,1.36,1.12,564.778,
29821723,316.174214,-26.507097,14.3972,3822.0,4.64,0.62,0.600399,295.344,
214515989,340.362308,-38.413111,13.29,6009.0,4.34,1.18,1.11,805.162,
129711632,322.118531,-37.649275,14.3355,3692.0,4.57,0.7,0.664047,338.917,
92443533,314.373719,-35.639977,12.5372,5951.0,4.17,1.41,1.09,640.607,
364267778,114.419661,-58.061848,12.0721,4851.0,4.62,0.72,0.79,179.829,
211352962,320.412201,-34.459075,11.417,6397.0,4.16,1.55,1.28,467.456,
233964924,36.351144,-65.055381,13.169,5144.1,4.46,0.76,0.87,364.427,
278525028,332.424127,-36.96281,13.0109,5792.8,4.3,1.46,1.04,823.919,
402027382,353.477124,-47.499264,13.2874,5430.0,4.3,1.15,0.95,652.946,
281666033,10.135045,-56.549045,11.5508,5791.0,4.29,1.21,1.04,347.192,
327917279,1.99379,-68.226643,11.4741,5557.6,4.03,1.58,0.98,396.001,-0.01
350821320,89.516875,-56.346708,12.8958,5039.0,4.54,0.82,0.84,321.298,
197643976,328.51748,-38.377419,12.5638,5222.0,4.52,0.86,0.89,322.148,
261679541,21.823385,-77.941125,14.3703,3794.0,4.65,0.6,0.588334,282.982,
259884973,40.756305,-70.514284,12.3104,5517.0,4.27,1.19,0.97,435.392,
197642926,328.529799,-41.845726,12.5602,5417.0,4.39,1.03,0.94,415.63,
197598125,327.237993,-40.086569,11.5321,5826.0,4.47,0.98,1.05,280.399,
55450156,70.371711,-60.407556,12.1851,5203.0,4.65,0.74,0.88,232.898,
302453291,322.622051,-26.773971,12.1331,4943.1,,2.53,,684.32,-0.155437
278666476,334.487496,-38.032716,12.7844,5415.7,4.4,1.19,0.96,546.355,
469967533,358.85855,-54.494961,12.714,5923.2,,1.45,1.08,735.578,
29430403,313.624861,-29.527891,11.4907,5100.0,4.4,0.92766398191452,0.934,220.491,
380884709,16.276924,8.444581,10.7052,5816.0,4.49,0.97,1.046,185.272,
8995204,355.128863,-11.021495,12.449,4014.0,4.53,0.71,0.627,139.371,
4610830,348.949031,-10.849739,11.5018,5281.0,4.53,0.86,0.91,202.585,
49735922,352.713934,-11.077356,12.1093,5289.0,4.46,0.93,0.91,290.495,
301235044,350.917046,-1.189183,10.0298,4477.0,4.56,0.72,0.7,61.8736,
422618449,353.954352,0.444704,9.3742,5013.7,4.58,0.77,0.83,62.4491,-0.144
262584907,348.161066,2.685589,7.13,5872.1,,1.19,,65.74622,0.06
278892590,346.626392,-5.043462,13.8529,5780.0,5.27596,0.114826999604702,0.0907782,,
126982911,24.192615,12.693358,12.5377,5756.0,4.13367,1.44085001945496,1.03,620.723,
380886534,19.461998,0.341952,13.8694,5854.0,4.45956,1.00440001487732,1.06,830.221,
257467784,0.08468,5.044388,12.8988,5103.41,4.52801,0.836140990257263,0.86,344.681,0.373505
58858008,20.636935,13.352227,11.5955,5752.18,4.14674,1.41933000087738,1.03,399.765,0.007
369474541,15.45314,9.798544,11.1862,6281.0,4.05316,1.72746002674103,1.23,470.668,
311086350,352.232735,-14.210227,14.1277,3913.0,4.6113,0.647921025753021,0.625566,293.966,
399571743,341.160439,-18.9358,12.6204,5420.1,4.5,0.75,0.89,285.596,
254296853,354.890085,-27.654129,12.8903,5771.0,4.51,0.93,1.03,491.962,
150063444,91.200646,-60.194076,13.1315,6140.0,4.42,1.09,1.16,702.363,
230982415,24.418283,-54.80939,13.6193,3768.0,4.68,0.57,0.563806,181.602,
434100688,352.949174,-17.448458,9.9309,6290.0,3.89,2.09,1.23,319.053,
9166136,352.157167,-23.270494,10.508,4275.7,4.37,0.89,0.67,80.8163,-0.5
350861689,90.396537,-58.470732,12.4722,4073.0,4.59,0.67,0.64,137.666,
166671025,34.403355,-52.867758,12.4031,4551.0,4.6,0.7,0.72,182.425,
197808753,53.776203,-57.621974,12.5478,6297.0,4.1,1.65,1.23,855.371,
55363630,77.014975,-65.049061,13.1113,6413.0,4.4,1.19,1.29,790.585,
274017513,33.933641,-49.443527,12.1227,5309.0,4.46,0.93,0.91,295.36,
254301731,355.409997,-28.336727,14.9737,3657.0,4.58,0.69,0.656599,446.864,
281596890,8.810668,-55.889296,14.504,3428.0,4.84,0.38,0.369115,145.095,
201254754,1.512156,-58.935221,11.8272,3634.0,4.75,0.49,0.48498,61.1486,-0.472209
237909527,21.648785,-63.96451,12.6565,5622.0,4.31,1.16,1.0,520.499,
36646052,342.792364,-6.779791,12.9887,5272.0,4.23,1.2,0.9,557.124,
293267224,4.043933,3.137181,12.3945,5753.6,4.04,1.6,1.03,660.159,-0.217
408508003,3.539406,7.115538,11.8423,5669.2,4.21,1.31,1.01,383.433,0.182
419957314,31.091545,4.33968,13.0613,5703.0,4.21,1.31,1.02,715.613,
25959926,51.570524,23.000347,12.6092,5472.0,4.37,1.06,0.96,384.084,
405269313,0.935669,11.332234,12.7937,4185.5,4.37,0.88,0.655,211.088,0.113133
344224831,21.602425,4.317341,12.5227,5356.0,4.46,0.94,0.93,361.951,
405230669,0.318198,12.040073,13.0507,5465.0,4.46,0.95,0.96,463.319,-0.1
408506314,3.276119,7.660267,12.8562,5222.0,3.83,1.89,0.89,708.514,
28872266,49.593526,24.277814,14.2212,3671.0,4.71,0.53,0.526386,200.19,
58726656,104.11559,20.420768,10.1341,6466.5,4.05,1.8,1.32,320.806,-0.0139231
426471754,48.936836,18.484536,8.9496,5647.1,4.55,0.88,1.0,74.1676,0.081
150096001,70.149378,25.009813,12.3252,3798.0,4.77,0.46,0.456853,75.1703,
67395329,121.454994,20.803931,8.6781,5450.0,4.5378,0.86894702911377,0.95,60.1874,
4426490,116.578612,30.776661,12.1616,5983.3,4.3234,1.19683003425598,1.1,468.406,-0.014
403693870,105.009764,11.045477,13.1378,6203.0,4.37189,1.17724001407623,1.19,753.865,
377024332,147.221565,8.974037,9.089871,6200.0,4.25,1.36,1.19,140.69,-0.05
365007485,164.189386,9.673946,11.6575,5468.0,4.5,0.91,0.956,246.599,
262135904,106.486751,11.772439,10.1063,8853.0,4.18,2.0,2.23,532.485,
364955057,163.02506,10.794672,10.4398,5854.0,4.15,1.43,1.057,248.774,
4486230,117.070656,30.184445,10.2919,5434.0,4.6,0.81,0.947,115.933,
431899136,56.22842,45.507976,12.7034,6440.5,4.12,1.65,1.3,775.775,0.0712063
293075732,254.242045,-68.709846,12.7726,5517.0,3.99,1.65,0.97,733.941,
393818343,310.2917,3.638297,8.9797,5657.0,4.35534,1.0999300479888916,1.0,93.7345,
156514476,193.008793,26.673951,11.4834,6026.94,3.92106,1.9191700220108,1.12,562.376,-0.0936379
154067753,207.488369,66.773769,12.4434,5335.0,4.50186,0.891246974468231,0.92,329.485,
397053253,183.608978,5.29803,12.7451,4664.59,4.60279,0.711629986763,0.74,229.607,0.280994
39174810,184.083837,39.149853,12.1938,6186.7,4.31682,1.24900996685028,1.18,526.024,-0.491
312543349,12.9724,57.364237,10.6594,6213.0,4.11609,1.5843700170517,1.196,324.436,
282794970,199.484552,16.418007,13.2247,5726.0,4.37006,1.09221005439758,1.02,661.309,
5364106,139.231123,-20.676234,11.0866,5964.0,4.27302,1.26251995563507,1.09,299.679,
165312726,185.205942,53.160817,13.4184,5675.0,4.63371,0.802300989627838,1.01,517.159,
253054954,178.369356,47.971471,13.0658,5767.33,4.22267,1.30052995681763,1.03,720.54,-0.159452
272125414,2.892723,4.767212,8.18933,6140.0,3.70561,2.50728988647461,1.164,167.253,
67512645,173.469142,12.451091,14.9046,3133.0,5.02671,0.222121000289917,0.191349,73.8131,
252537013,344.835029,52.066799,10.4505,5940.0,,1.2,,203.968,
9707944,358.005905,-9.349538,10.6939,5985.0,4.44957,1.03500998020172,1.1,209.632,
89043973,339.077592,-46.312801,13.5242,5858.0,4.3,1.32729995250702,1.08,987.789,
441158994,333.155846,-24.209535,10.5941,4024.0,4.5752,0.677805006504059,0.63,57.17,
139879080,326.381404,-51.564785,9.3703,5503.0,4.48743,0.930477976799011,0.97,90.2461,
140893722,76.81876,-73.245857,11.5872,4468.0,4.54813,0.737083971500397,0.7,121.118,
262928973,9.866558,-80.569321,10.61,4550.0,4.62037,0.687879979610443,0.72,79.6238,
167656187,102.504272,-60.248678,5.6801,6597.0,4.28305,1.40426003932953,1.38,34.0071,
9216075,352.756421,-19.489929,8.7302,6971.2,4.22817,1.57506000995636,1.53,165.652,-0.41
387294150,312.359236,-57.480062,11.4353,3944.0,4.62692,0.628983974456787,0.611121,80.8057,
354846183,300.559621,-39.506572,10.4547,6002.0,3.68023,2.52104997634888,1.11,445.903,
195192253,129.178395,19.173801,13.6336,5225.91,4.53759,0.84127002954483,0.89,514.449,0.122
198185513,245.55467,63.71758,13.8213,5203.0,4.57695,0.799465000629425,0.88,531.164,
197039766,95.689686,36.598103,11.2167,5501.09,4.19961,1.29268002510071,0.965,265.784,0.348
252913663,104.871326,51.045827,14.0865,3893.0,4.58525,0.680198013782501,0.649316,299.837,
288471046,271.511307,78.061627,13.7111,5585.0,4.34946,1.1018500328063965,0.99,773.896,
428812049,43.350899,83.51062,8.96016,6696.0,3.89,2.24,1.42,219.07,
67181830,83.14519,36.112303,8.5627,5924.0,4.24,1.31,1.08,99.7368,
121070864,74.086436,38.669537,10.4371,6870.8,4.28,1.46,1.49,278.382,-0.197
59369068,108.653871,21.40386,11.926,6076.4,4.41,1.1,1.137,403.421,0.195321
367439938,78.332435,31.375829,10.5681,8013.0,4.13,1.98,1.935,528.441,
264159776,108.382077,9.639457,12.8463,6285.0,4.11,1.62,1.23,954.145,
47220926,80.701607,12.289196,13.2757,6518.8,4.23,1.47,1.34,820.383,0.079
365509373,64.969737,10.469385,12.292,5787.9,3.96,1.77,1.04,525.307,-0.134
69054388,75.408317,22.890447,12.3552,4069.0,4.53,0.72,0.637,138.924,
84126162,95.862582,25.543291,13.3268,5821.5,4.36,1.12,1.05,684.507,-0.111
58474992,65.839526,24.897315,12.1157,5677.8,4.58,0.86,1.01,232.791,-0.687
114422211,88.252551,19.288231,12.7166,6305.0,4.34,1.24,1.24,652.737,
418184767,147.084395,8.055486,12.7155,5221.4,4.44,0.94,0.89,377.68,0.218668
91777086,88.686624,17.212515,12.24,6118.4,4.39,1.13,1.154,468.308,0.097
57147191,101.98876,22.935209,14.8966,3674.0,4.66,0.59,0.576561,324.628,
76731445,87.32422,28.369198,12.1756,5643.0,3.95,1.76,1.001,549.607,
67349298,120.69024,21.659686,13.0985,5737.3,4.35,1.12,1.02,628.904,-0.21
45376816,92.343212,23.791831,13.3511,6280.0,4.34,1.24,1.23,803.501,
49524528,175.578807,-0.699336,12.7026,4854.0,4.55,0.78,0.79,267.625,
462507821,111.764498,26.928341,12.9171,6172.8,4.39,1.15,1.18,672.359,-0.341
307375528,98.840643,15.183422,12.8582,6307.0,3.98,1.89,1.24,968.621,
63307816,158.158632,12.678595,13.1823,5808.0,4.12,1.46,1.04,881.714,
78290597,177.760407,-0.674683,11.7123,5887.0,3.73,2.35,1.07,737.065,0.0940538
19560484,84.179464,23.902345,12.8359,5954.0,4.13,1.48,1.09,654.771,
270048796,114.871325,9.236081,14.4404,3958.0,4.59,0.67,0.641748,358.433,
63082902,117.990508,18.126386,12.2709,4201.6,4.61,0.67,0.657,134.941,-0.278
294434193,93.240035,11.99264,11.8356,7445.4,4.3,1.53,1.71,608.736,-0.134
114600571,88.44156,18.478748,13.1593,6473.0,3.78,2.46,1.32,1454.11,
88929544,89.372227,17.772453,13.3117,6039.4,4.2,1.38,1.12,862.172,-0.249
421006834,111.870696,11.466281,12.5437,3338.0,4.85,0.37,0.360966,51.7699,
74389253,83.554033,26.679569,13.4258,6610.0,3.91,2.17,1.38,1353.76,
238506223,90.951009,19.213328,10.9542,6234.0,4.47,1.06,1.206,255.34,
262137985,106.522483,10.732296,12.3361,6749.0,3.63,3.03,1.44,1581.02,
421005422,111.928044,9.96955,10.7077,5181.1,4.62,0.76,0.879,121.757,-0.0103264
392022763,104.101096,19.321622,12.9455,6397.0,4.26,1.39,1.28,890.043,
14435301,124.713379,20.052456,13.0434,5648.0,4.33,1.13,1.0,598.429,
457039843,105.364062,16.369192,11.9687,6628.0,4.13,1.68,1.39,720.413,
438329568,97.003535,12.613957,12.4004,6250.0,4.29,1.3,1.21,569.591,
45905504,93.036822,20.577124,13.4456,7164.1,4.33,1.44,1.6,1116.31,-0.036
165965790,110.741054,22.48931,14.9577,3854.0,4.63,0.63,0.608938,,
83180637,94.245362,24.803014,13.3694,6514.0,4.17,1.58,1.34,1030.88,-0.029
400466395,92.092038,33.732462,12.2479,5974.6,4.48,1.0,1.097,388.991,-0.639035
70435923,114.586421,19.531926,12.9312,5956.8,4.1,1.55,1.09,865.039,0.087
443607377,168.324059,-2.787764,11.4374,5019.9,4.41,0.95,0.834,190.042,0.03
81963214,92.934009,25.038945,12.1032,6547.8,3.76,2.55,1.35,1020.81,0.079
294350792,93.081227,13.953313,13.4137,6824.2,4.36,1.33,1.47,1048.28,-0.096
30853990,75.793998,-66.358346,10.8865,5389.7,4.29499,1.02411997318268,0.94,176.682,-0.148104
219108677,271.178306,70.430348,14.034,4403.0,4.6285,0.667127013206482,0.69,338.369,
230013442,291.191388,64.618252,14.3021,5210.0,4.37321,1.01654005050659,0.89,804.639,
204496071,326.64701,-31.006241,12.6862,5107.3,,0.732115983963013,0.762,236.69,
404715325,30.218314,12.583289,11.0921,5911.15,4.33608,1.1686999797821,1.08,271.527,0.168
435339558,55.255931,13.519187,11.2235,5294.0,4.14669,1.33416998386383,0.91,256.011,
56658270,63.928339,29.166542,12.8131,3303.0,3.84689,1.1499799489975,0.339,159.244,
243208884,45.860656,17.808283,10.0394,5432.25,4.37517,1.04621994495392,0.947,131.527,0.314
80224448,103.678273,24.245141,6.3103,6007.0,4.37729,1.12993001937866,1.11,31.1664,0.02
243030574,61.131862,16.216647,10.6839,6194.54,4.28076,1.30634999275208,1.188,216.411,0.062531
27635334,123.381848,16.419516,11.6736,5496.0,3.93163,1.75896000862122,0.964,477.295,
121990418,289.332853,38.348899,12.0086,5924.0,4.31001,1.20431995391846,1.08,430.708,
17129975,308.160533,40.778443,12.367,6616.0,4.2907,1.39196002483368,1.38,658.741,
271749758,295.49671,42.537932,13.9354,5165.0,4.48308,0.885628998279572,0.87,587.91,
354031707,168.416829,51.177452,8.49335,6309.0,3.62105,2.85361003875732,1.241,231.047,
219824470,204.439616,48.246384,10.388,5907.0,3.99,1.72,1.07,297.451,
427765233,352.291773,66.099275,8.7622,5626.0,4.44,1.0,1.0,76.325,
348684814,133.99297,-14.358967,11.5622,5741.0,4.24,1.27,1.026,360.739,
158381418,163.574892,-36.271069,11.9453,,,,,,
5972036,144.074277,-40.626972,9.9853,6850.0,4.26,1.49,1.48,252.27,
436575927,71.110002,16.518582,11.4398,4197.0,4.56,0.7,0.66,98.0152,
320847025,299.638248,-54.937423,7.5621,4747.13,4.56794,0.750708997249603,0.76,23.6103,-0.0588
26078330,52.888852,22.434819,11.584,5888.0,4.57,0.889347016811371,1.068,214.753,
422912527,38.206634,5.209801,7.9859,6186.0,4.37093,1.17357003688812,1.18,73.7757,
443823169,121.059967,11.266937,11.6627,3261.0,4.92925,0.2968060076236725,0.272977,25.4675,
113921235,54.274323,19.499595,11.3281,5765.3,4.38,1.09214997291565,1.032,245.962,0.116
368628986,38.742213,9.845805,9.57157,6317.08,4.2542,1.37829995155334,1.244,171.467,-0.1724
83181153,94.206431,24.595834,12.7079,3683.0,4.72407,0.515263020992279,0.512936,99.0504,
59490344,108.993831,18.691658,8.3323,5235.0,4.5339,0.844851970672607,0.89,46.2206,
366302410,75.876995,35.183943,14.7975,3521.0,4.6,0.66,0.636988,319.82,
21035365,72.630009,43.065498,12.9994,6233.0,4.25,1.37,1.21,753.271,
70897115,90.244747,62.693985,13.1421,5614.0,4.31,1.16,0.99,587.794,
261141602,76.241952,43.258963,11.9409,4812.0,4.28,1.06,0.779,239.055,
353302490,89.836331,35.278155,13.4815,6047.9,4.68,0.81,1.13,598.703,-0.117608
440562226,91.995028,46.117884,13.4136,5643.0,4.25,1.25,1.0,755.331,
259330386,70.715328,51.527177,10.7962,4448.2,4.6,0.7,0.7,82.7081,-0.254
408656366,78.466062,68.467793,12.2414,5661.0,4.5,0.94,1.01,342.122,
55390413,97.425171,65.731761,13.2387,4704.0,4.36,0.95,0.75,375.707,
383829317,284.14342,33.502922,11.2722,6576.0,3.93,2.1,1.37,630.147,
41875043,285.826291,34.882431,12.9691,5708.0,4.38,1.08,1.02,564.394,
357858008,282.269154,25.693224,12.6255,5576.0,4.37,1.07,0.984,436.991,
350733403,287.702777,78.732191,12.6338,4225.0,4.62,0.66,0.661,160.932,
444977814,111.171233,58.549323,12.4889,6076.0,4.26,1.31,1.14,614.957,
154926644,206.086781,85.112826,12.5322,5794.0,3.52,2.92,1.04,1238.77,
85113291,275.44055,28.467918,14.5962,3662.0,4.61,0.65,0.629738,,
317290270,280.461822,26.937022,12.866,6677.0,3.95,2.07,1.41,1260.84,
219707850,136.631085,70.886829,14.2717,3326.0,4.77,0.46,0.457983,155.969,
390207998,282.64336,40.601236,12.5926,5755.9,3.77,2.18,1.03,948.197,0.266396
99834321,164.988266,64.643718,12.8725,6089.0,4.28938,1.27,1.14,723.398,
343336312,310.040594,62.280407,12.8066,5437.0,4.55,0.86,0.948,339.348,
289441015,315.213643,48.803268,12.695,8194.0,4.28,1.7,2.01,625.983,
335661164,216.988253,79.450396,12.9055,5170.0,4.42,0.95,0.88,410.467,
405837291,299.513133,55.651029,12.9341,4231.0,4.61,0.67,0.662,184.12,
233867481,304.36076,58.427382,13.0287,5617.0,4.29,1.18,0.99,583.755,
167631701,319.57696,41.398944,12.9664,5493.0,4.35,1.08,0.963,518.602,
322369867,309.116634,50.597122,13.3792,6208.0,4.21,1.42,1.19,931.193,
67246795,311.769968,37.26488,12.6968,5358.0,4.37,1.05,0.93,426.494,
158657991,288.016564,44.496438,12.5233,6204.8,4.44,1.08,1.19,537.401,-0.10888
11894726,178.176278,48.352211,14.3528,3368.0,4.77,0.47,0.462913,164.557,
16740548,307.898168,39.796755,13.3901,9488.0,4.58,1.32,2.41,796.293,
1881298619,299.074389,44.432298,13.1719,6743.0,3.83,2.42,1.44,1526.54,
156512187,221.073871,77.946044,12.9092,5725.0,4.53,0.91,1.02,473.162,
366119858,273.788901,50.862739,12.7199,5936.0,4.61,0.85,1.08,434.178,
233287217,300.366236,54.927126,11.3226,6975.0,4.01,2.02,1.53,661.226,
233855268,304.209848,56.590341,12.2564,6173.0,4.26,1.33,1.18,541.015,
125366299,320.914125,37.759522,12.9085,5537.0,4.27,1.19,0.97,537.48,
230856987,312.781068,34.440642,13.1587,6686.0,4.34,1.33,1.42,879.003,
354032153,168.703812,53.511708,14.0905,3914.3,4.52,0.71,0.61,270.872,-1.224
219803922,266.122221,62.555116,11.3683,6078.0,4.14,1.51,1.137,429.239,
219809549,266.836955,65.632257,13.0172,4340.0,4.54,0.74,0.68,228.15,
164783371,284.738548,47.169508,13.0105,5937.5,3.99,1.75,1.08,1008.39,0.143793
416195843,287.160637,57.377572,12.9405,5340.0,4.48,0.92,0.92,427.132,
446166017,183.519002,48.359133,14.8347,3516.0,4.7,0.55,0.543304,263.55,
430930679,334.163501,52.924493,9.6396,4679.0,4.54,0.77,0.75,60.445,
284592989,186.012762,42.684124,14.367,3718.0,4.62057,0.63664698600769,0.617018,295.802,
22903436,205.846632,39.248789,8.1532,4526.0,4.57,0.72,0.71,26.6423,
29953537,133.641742,-45.483829,10.2097,5508.0,4.45,0.97,0.97,137.386,
418981325,6.578481,62.931096,10.4875,8482.0,,2.18,,573.293,
366074071,356.781098,69.0485,10.2955,6293.8,4.04,1.76,1.242,318.756,
284300833,237.806582,29.44792,14.4804,3937.0,4.60668,0.653572022914886,0.629797,349.473,
269343479,128.328153,5.106301,12.0302,5865.0,4.28,1.23,1.06,445.119,
210904767,246.057741,-32.143789,8.9498,6920.0,4.31183,1.42,1.51,152.834,
329981856,192.339004,-70.916554,10.0679,5768.0,4.21,1.33,1.03,183.08,
277039287,283.443213,-34.784103,11.6081,5376.0,4.45068,0.950465023517609,0.93,237.004,
201175570,357.802172,-50.869862,10.264,4696.0,4.438,4.21058988571167,,439.52,
345724317,249.91015,20.743061,10.4875,6320.6,4.4,1.17,1.246,237.065,-0.105
57299130,251.80616,37.885957,9.094,5228.2,4.56,0.82,0.89,64.2031,0.24
263723967,250.414739,15.20053,10.1135,5888.0,4.08,1.55,1.068,232.078,
21720215,256.054062,31.565369,9.90787,6320.0,4.31,1.3,1.246,201.532,
201899356,40.587028,-59.46639,12.1788,6024.0,4.26,1.3,1.12,528.702,
31142436,81.397716,-25.517309,11.7732,5294.0,4.58,0.81,0.91,216.12,
235015217,353.430263,-62.643379,12.269,5969.0,3.96876,1.8,1.1,753.924,
337217173,39.824291,7.470835,11.5546,3236.0,4.98108,0.25,0.22512,20.0182,
50592053,278.519237,17.199139,10.3139,9267.0,4.32,1.75,2.35,476.345,
18574158,272.797502,5.982054,10.3552,5999.0,4.38,1.12,1.106,190.241,
22038430,268.95853,33.419623,8.9588,4269.0,4.65,0.64,0.67,29.7194,
329821992,281.70848,12.554509,7.78306,9416.0,3.49,4.62,2.393,404.16,
62676654,269.095123,-2.404231,11.9766,4708.0,4.80336,0.569837987422943,0.753,129.214,
167227214,274.37327,-3.381059,11.6961,5585.0,4.11064,1.45053994655609,0.99,298.64,
110178537,280.6873,5.937659,12.419,6343.0,4.13783,1.58600997924805,1.26,655.037,0.04
325670253,269.57207,5.761371,12.8999,5080.0,4.33326,1.0407999753952,0.851,403.458,
317520667,274.743418,10.597197,10.1154,6848.0,4.25,1.51554000377655,1.482,279.86,
104866616,270.444183,-2.97098,11.1323,7587.0,4.39508,1.39514005184174,1.763,290.736,
469810663,300.047116,-71.966865,10.0094,6009.6,4.22,1.35,1.11,191.394,-0.19
244089109,304.538843,-1.076003,9.13055,5806.0,4.05,1.6,1.044,149.216,
23961340,313.292091,-9.044055,8.863,4942.0,4.58,0.77,0.81,47.6049,
248769312,313.726289,-2.334419,8.8868,5263.0,4.56,0.83,0.9,58.9521,
376867898,276.104689,69.097768,8.47427,6298.0,4.02,1.8,1.235,144.581,
383723559,279.71524,43.093727,9.58671,6173.0,3.83,2.18,1.178,280.342,
405010127,291.063681,0.746014,13.8215,5025.0,4.88331,0.54892897605896,0.84,338.386,0.06
139158696,295.287232,41.222003,14.5293,5462.0,4.49258,0.915391027927399,0.95,872.343,
137685450,292.627494,37.860165,11.4605,6181.58,4.23853,1.36796998977661,1.182,397.292,0.107011
160428500,322.648515,32.006189,10.4371,5443.0,4.56,0.85,0.95,128.952,
289218489,314.841608,18.071787,9.55763,5658.0,3.93,1.8,1.005,195.391,
14203588,305.946252,37.98274,8.58502,10409.0,4.15,2.28,2.684,325.153,
298658399,324.361307,28.008443,10.032,6019.0,4.02,1.71,1.11,235.22,
276922692,306.238533,50.488593,12.3907,6282.0,3.84,2.2,1.23,920.505,
138609069,319.908796,46.067271,13.4554,6274.0,3.79,2.34,1.22,1055.99,
66266024,311.164232,41.139884,13.3337,6004.1,,0.91,,512.025,
138225319,319.341171,44.560338,12.9805,6572.0,4.14,1.65,1.36,807.901,
188814758,308.980504,44.884869,11.86,5713.3,,1.53,,,
233266582,299.784248,54.971049,12.177,5847.0,4.36,1.13,1.055,416.945,
287191183,292.636286,54.680539,11.9823,4951.0,,2.39,,602.863,
366725641,311.763262,43.581973,12.3503,6647.0,4.49,1.12,1.4,518.344,
142385671,197.300194,65.3161,13.4426,6305.0,4.48,1.06,1.24,837.097,
22740615,202.249317,40.195722,14.2582,3340.0,4.9,0.33,0.305649,101.892,
286923515,203.629694,53.866931,12.8442,5408.0,3.73,2.19,0.94,1003.73,
165337974,316.498826,37.665263,11.5681,5399.0,4.53,0.87,0.938,217.285,
364571121,310.682122,53.447772,14.7751,3388.0,4.72,0.52,0.516861,,
199289712,334.215281,43.451939,13.3747,5491.0,4.17,1.34,0.962,652.143,
233266797,299.718457,54.840033,13.0721,5797.0,3.95,1.79,1.04,965.596,
274411493,318.951423,37.132423,11.5896,6919.0,3.73,2.78,1.51,1022.89,
195933415,310.766666,45.837007,9.3672,11678.0,4.05,2.74,3.09,599.169,
166178400,217.336884,65.930097,11.4434,5918.0,4.13,1.48,1.08,420.478,
296327387,306.609094,49.041249,13.1968,5578.5,,1.9,,925.412,
195483731,310.142452,47.299605,13.0673,7469.0,3.87,2.51,1.72,1631.82,
62867537,319.410012,48.163355,11.9812,7980.0,4.35,1.54,1.922,566.041,
452864692,338.635274,53.61087,12.527,,,,,792.54,
395214388,335.259662,57.081072,12.3311,5759.0,3.29,3.8,1.03,1078.06,
199488690,334.884059,45.986468,12.0366,6940.0,3.93,2.21,1.52,999.917,
293949992,297.823447,56.568425,12.6142,6056.0,4.11,1.55,1.13,768.4,
313922260,345.383265,53.968241,13.1922,7662.0,4.12,1.94,1.79,1601.2,
430415564,332.624758,48.097061,12.9147,6231.0,3.74,2.46,1.2,1365.41,
325765282,331.096689,53.465187,13.1187,6446.0,4.21,1.5,1.31,849.58,
444209952,352.301058,54.971076,12.308,,,,,249.393,
469523613,318.005196,59.03141,13.3122,7433.0,4.22,1.68,1.7,1086.14,
197604890,336.730483,49.149727,11.0011,4845.0,4.52,0.81,0.787,126.595,
371579161,343.176738,54.140988,12.0545,,,,,892.821,
417564823,317.532978,61.039287,13.3592,5769.0,4.17,1.38,1.03,587.476,
66545173,341.503021,52.134649,13.3622,6345.0,4.15,1.56,1.26,1072.23,
237019002,306.570479,60.668422,12.1748,6467.0,4.28,1.38,1.32,563.391,
430406538,332.570963,50.504251,13.0372,,,,,1119.54,
430845815,334.051035,50.390366,12.8137,,,,,565.628,
266488971,296.584159,56.166677,13.2009,6052.0,3.96,1.84,1.13,1165.55,
200465781,338.88337,45.834178,12.9436,6354.0,4.28,1.34,1.26,741.716,
66286602,341.011708,49.687459,13.3724,,,,,863.955,
335624180,332.920933,60.758124,12.6686,5691.0,4.05,1.57,1.01,561.587,
365712006,324.145165,52.758742,13.0267,,,,,593.943,
361944563,341.109394,54.202131,13.0031,5838.0,4.24,1.29,1.05,646.214,
325908483,331.513815,48.341954,12.3657,5583.0,4.47,0.95,0.986,346.75,
199676274,335.587781,47.347027,12.7978,,,,,652.105,
286382849,318.346195,61.754571,10.8086,6783.0,,1.61,,273.779,
420383981,344.8819,54.888207,12.2118,6258.1,,1.57,,563.413,0.204
64198376,321.742552,52.161352,12.8736,7099.0,3.64,3.17,1.58,1353.61,
469436001,307.653516,57.822497,13.149,7357.0,4.08,1.95,1.67,1387.55,
277853911,321.031993,53.753129,14.8916,3257.0,4.86,0.37,0.355561,151.776,
345596003,356.180508,56.843339,13.3745,5753.0,4.4,1.06,1.03,610.592,
272829240,356.773197,60.249859,13.9933,3437.0,4.83,0.4,0.388254,115.061,
344855300,354.944277,58.00075,12.066,6259.0,3.87,2.12,1.22,666.281,
256418577,15.554384,62.013217,12.3008,6902.0,3.85,2.41,1.5,833.536,
269231011,350.057782,60.424042,12.8934,,,,,1048.98,
434086605,342.317208,61.201293,13.2574,5672.0,3.81,2.07,1.01,698.905,
434270112,342.713199,64.970472,13.2252,6488.0,4.22,1.47,1.33,697.962,
419524589,8.406336,63.267344,12.551,,,,,1147.25,
404898080,323.783634,64.077414,13.1626,5298.0,4.34,1.07,0.91,498.336,
420018238,10.787342,62.362882,12.7389,6455.0,3.93,2.05,1.31,884.206,
269102377,349.385015,63.768479,12.4029,6224.0,3.6,2.87,1.2,937.871,
188539008,237.222993,35.398017,12.6634,5925.9,4.32,1.19,1.08,590.48,0.015
470749725,357.873254,60.933269,13.027,,,,,618.889,
161687209,236.054241,58.553688,12.8161,4220.0,4.51,0.75,0.66,196.593,
269514008,350.58587,60.754699,12.081,7979.0,3.84,2.75,1.92,1154.79,
269330087,350.306271,65.257695,12.6728,7162.0,4.3,1.48,1.6,699.662,
371909591,349.021766,59.019516,12.5317,6617.0,3.66,2.9,1.39,1030.49,
235717158,254.662151,83.271745,14.2442,3438.0,4.64,0.61,0.594355,229.246,
263723781,250.44698,14.772788,13.3053,5295.0,4.34,1.07,0.91,557.43,
408548144,92.381859,85.820703,12.6106,4244.0,4.52,0.74,0.664,177.343,
400235555,263.053897,14.26805,12.7353,5739.6,4.2,1.34,1.03,625.682,-0.232
8416274,246.09856,32.029436,13.0371,5839.1,4.45,1.01,1.05,578.77,-0.093
402848417,17.742424,82.221473,12.2041,5888.0,4.09,1.54,1.07,544.981,
405542683,256.753952,38.784588,13.7182,3576.0,4.6158,0.64,0.621425,207.933,
351599985,254.146881,22.569607,12.1285,5031.1,4.48,0.87,0.837,245.173,0.332
459323923,244.738466,19.175812,14.8294,3247.0,4.88,0.34,0.327234,126.126,
352284958,19.247141,71.093647,13.085,6571.0,3.91,2.14,1.36,1276.55,
331619598,69.641701,74.30934,11.5576,6252.0,4.4,1.15,1.21,350.869,
378860702,10.212378,71.364782,11.878,,,,,,
154869806,190.256094,88.082025,12.1854,5469.0,4.51,0.9,0.957,293.366,
377622130,264.570314,15.213537,11.9445,5481.0,4.45,0.97,0.96,299.123,
468350765,12.445448,79.287855,11.8389,4718.0,4.66,0.67,0.755,144.751,
376354189,45.280234,69.916053,14.6049,3554.0,4.78,0.46,0.454027,181.369,
469523619,318.005408,59.032739,12.3132,8996.0,4.14,2.11,2.27,1075.54,
431033767,334.678618,53.781393,13.1238,7482.0,4.02,2.13,1.72,1622.57,
444159424,342.520534,58.906174,12.492,,,,,900.701,
154264903,342.052268,47.170483,12.934,6001.8,,1.69,,746.634,
415461195,337.314049,56.014714,11.951,7075.0,3.74,2.8,,736.113,
341005781,314.724621,59.595297,14.4397,3468.0,4.68,0.56,0.558261,,
343774169,341.716965,54.011837,11.2584,5179.0,4.68,0.71,0.878,137.3,
326470400,210.09769,-61.7412,9.8447,5659.0,4.57,0.86,1.0,108.2,
239277658,300.102351,45.762192,14.1223,5757.0,4.09896,1.49959003925323,1.03,1188.0,0.26
288421619,320.680636,8.889398,13.123,3166.0,5.02476,0.223377004265785,0.192648,35.4153,
456482025,0.099291,16.493828,11.8246,6374.4,4.28178,1.34911000728607,1.27,502.982,-0.096
427685831,348.494793,8.761079,11.3819,5087.0,4.50322,0.856841027736664,0.853,174.818,
372048733,351.05469,36.817566,11.908,5874.0,4.15198,1.4311900138855,1.06,467.151,
63100069,117.974778,21.339953,12.8317,3653.0,4.71723,0.523126006126404,0.52044,106.54,
420191136,338.015396,49.15674,8.98453,7487.0,4.22,1.69,1.723,218.03,
302173245,8.73548,17.056391,11.5702,5531.0,4.44591,0.977544009685516,0.973,254.558,
268727719,347.956369,65.229824,13.3892,3718.0,4.6571,0.593043029308319,0.582375,161.939,
25472026,351.681768,50.052375,11.6951,6223.0,3.94893,1.92378997802734,1.2,624.168,
26999884,356.316355,53.750777,9.54026,7465.0,3.71,3.0202898979187,1.714,465.072,
44161614,345.349833,32.949691,10.4361,4122.8,4.4,0.84,0.65,69.3535,0.073
51768374,337.663459,12.556345,9.94212,6060.0,4.38,1.14,1.13,165.19,
419877797,337.653386,11.892662,8.3898,5966.0,4.39,1.1,1.09,78.2804,
196201652,311.011623,45.835325,10.3065,4964.0,,3.56,,402.817,
314992600,336.652468,21.460785,10.3767,5975.0,4.19,1.39,1.097,244.502,
419878733,337.67535,9.158174,10.3618,5946.0,3.78,2.21,1.087,355.502,
408469564,359.262122,9.784659,8.1891,6156.0,4.25,1.34,1.17,91.8327,
422159302,335.623102,58.083092,9.504,9088.0,,2.3,,320.872,
426956677,2.494564,18.77383,9.70916,5598.9,4.52,0.91,0.99,105.18,0.18
77490011,42.823804,30.281303,14.1398,3244.0,5.01029,0.232947006821632,0.202644,59.6029,
124895104,288.686,-11.382517,12.4401,6026.0,3.88,2.0,1.12,756.615,
350064389,283.864186,18.964689,13.38,,,,,711.451,
317849098,275.009695,11.21051,12.2275,,,,,640.184,
18885659,273.037898,2.188262,13.8273,3643.0,4.66,0.59,0.575899,192.09,
277499689,268.642503,11.678194,11.854,6116.7,,1.28,,,
364007087,266.981369,22.543736,12.4188,5711.0,4.04,1.6,1.02,636.574,
123234747,281.245834,44.067393,10.3691,5946.0,4.52,0.95,1.087,166.363,
325086150,268.665324,3.68699,11.9742,6028.0,4.29,1.25,1.12,421.48,
24499407,271.876724,11.330061,12.5502,6552.0,4.17,1.59,1.36,828.804,
62682198,269.093655,-0.491936,12.8559,5211.0,4.39,1.0,0.887,336.71,
39464158,263.018737,34.379808,13.3874,4412.0,4.55,0.73,0.69,275.204,
415377888,276.899502,5.453143,13.0147,6156.0,4.14,1.53,1.17,754.266,
317170536,280.261211,28.442042,13.0084,5913.0,4.31,1.2,1.08,661.423,
310586478,284.563342,-12.472988,13.1385,4521.0,4.55,0.74,0.711,253.784,
205044976,288.992867,-10.525068,13.3775,5269.0,4.4,1.0,0.9,492.764,
159893748,269.537642,38.475868,13.129,5753.1,,,,532.126,0.022
116262653,268.053549,39.591927,13.3328,5940.0,4.27,1.27,1.08,848.758,
44388479,267.339012,12.649502,13.4285,5042.0,4.59,0.77,0.84,375.023,
71083829,301.736864,-8.701088,11.5415,6343.0,4.26,1.38,1.26,425.046,
345009464,296.828282,13.119724,13.335,5917.0,4.38,1.11,1.08,694.793,
120313529,284.597795,38.145812,12.6594,6326.0,4.28,1.35,1.25,730.775,
342276668,295.712167,14.194223,11.0587,6554.0,,1.5,,387.323,
388371132,300.258294,13.392295,12.4574,5978.0,4.16,1.44,1.1,620.15,
425706173,288.208639,28.950899,12.6037,7495.0,3.92,2.39,1.73,1488.49,
466928064,311.73374,1.824063,12.0768,6453.0,,2.2,,975.125,
374800835,308.295413,10.706462,12.2983,5421.0,4.48,0.92,0.94,322.309,
377253700,286.125676,59.85935,12.5661,5422.0,4.49,0.91,0.94,368.476,
336264393,281.454859,40.830761,12.5392,6110.1,4.38,1.14,1.15,543.434,-0.11277
251803342,296.93748,-3.802666,12.8891,6375.0,4.11,1.65,1.27,884.34,
23912656,313.272302,-7.474875,12.368,,,,,637.06,
69436501,291.820807,12.282756,12.9812,5477.0,3.95,1.71,0.96,635.773,
151760597,305.033226,-6.073279,12.3942,5566.0,3.96,1.71,0.98,647.965,
279331929,299.229685,23.001848,12.0952,5663.0,4.01,1.64,1.01,552.389,
242674266,293.952459,-9.613936,11.9146,5744.0,4.28,1.22,1.027,329.719,
344416349,304.097356,11.829675,11.86,6167.0,3.82,2.21,1.18,747.966,
110828766,297.606918,2.067149,13.3537,,,,,938.775,
466890210,311.10033,3.037627,11.7068,6018.0,3.66,2.59,1.11,816.499,
157808355,280.255525,38.209442,13.325,6250.7,3.88,2.1,1.21,1510.58,0.041
466966249,312.205584,5.082423,12.0776,6500.0,4.22,1.48,1.33,633.285,
209320688,288.713507,9.949236,11.8425,6319.0,4.13,1.6,1.245,468.929,
350268913,284.1848,20.025821,13.0054,,,,,713.119,
287948915,301.044722,23.66691,12.9248,6613.0,4.49,1.1,1.38,648.745,
397653875,288.257373,13.150781,12.9816,7696.0,4.38,1.44,1.81,653.857,
363040636,304.728757,20.391709,13.018,,,,,1230.4,
238239232,298.647053,-8.656845,13.4721,4856.0,4.42,0.91,0.79,421.043,
89362689,289.7986,28.916802,12.8434,5617.0,4.14,1.4,0.99,644.029,
282113152,309.521934,8.418013,14.0292,3300.0,4.77,0.46,0.459981,,
394924803,291.569277,32.648702,13.1494,,,,,1009.3,
418629890,300.418972,11.370499,12.6402,6095.0,4.09,1.6,1.14,811.163,
20607624,284.371343,34.898216,10.84,,,,,663.6794,
374521355,305.811945,6.004746,13.4732,5990.0,4.3,1.22,1.1,855.527,
439598736,297.726141,-5.042412,12.635,,,,,521.956,
251743761,296.655105,-3.451828,12.5489,4913.0,4.43,0.91,0.805,265.571,
383364626,311.779447,6.086982,10.88,6891.0,4.28,1.46,1.5,395.963,
41839508,285.662075,32.036396,12.9258,6628.0,4.22,1.52,1.39,978.239,
456401439,305.773054,15.801685,11.629,5974.0,,1.22,,346.341,
426122272,287.714735,34.80428,12.371,6059.0,4.12,1.54,1.13,675.638,
288953761,276.720157,40.503185,13.434,5816.0,4.32,1.18,1.05,789.12,
435673126,297.492646,25.281761,13.1744,6259.0,4.32,1.27,1.22,675.863,
305026599,304.521281,18.961127,11.7356,6599.0,4.26,1.44,1.377,535.016,
407135911,287.613884,27.756825,12.9658,,,,,582.964,
51318828,305.113423,12.308937,11.3321,5657.0,4.18,1.35,1.004,322.258,
358975793,283.992095,27.341106,12.9402,6425.6,4.27,1.39,1.3,830.91,0.113
219089784,268.920722,67.144145,14.9881,3374.0,4.82,0.41,0.398709,186.949,
459728249,315.563942,10.332325,12.2685,5977.0,4.36,1.15,1.1,471.411,
298291597,308.646655,27.357715,12.4963,5029.0,4.56,0.8,0.837,260.179,
289047954,305.17286,21.980879,13.1872,5868.0,4.53,0.93,1.06,549.394,
383358873,311.716589,8.872931,11.7715,5386.0,4.41,1.0,0.935,271.363,
260767135,326.310844,36.46438,11.8653,6271.0,3.97,1.9,1.22,630.416,
166099360,317.558464,35.900058,12.6221,6264.0,3.92,2.0,1.22,1030.1,
334798754,253.294214,57.063011,11.6578,5168.0,,3.58,,852.266,
274057129,316.42555,45.579939,11.5276,6222.0,4.2,1.44,1.2,436.619,
298189225,308.516047,24.241065,13.033,5448.0,4.34,1.1,0.951,539.563,
160103855,321.945002,32.584881,12.1708,5975.0,4.21,1.37,1.1,513.184,
418866096,331.280755,4.358891,12.2011,5410.1,4.27,1.18,0.941,394.746,0.325988
297413553,313.418636,47.86839,13.4962,5957.0,4.24,1.31,1.09,673.445,
87932853,312.118829,16.407468,12.3598,5792.0,4.49,0.96,1.04,396.313,
269130683,299.624335,42.804441,10.7836,6657.0,4.21,1.55,1.403,378.344,
258279359,314.534806,12.689456,13.4315,5533.0,4.36,1.08,0.97,650.78,
275717567,318.704018,45.925909,14.0157,3392.0,4.75,0.49,0.48634,143.97,
125695940,316.133987,12.642488,11.679,6148.0,,1.3,,432.431,
276385231,308.094154,57.134877,13.4182,5748.0,4.18,1.36,1.03,730.18,
406548952,309.05608,22.030123,12.8391,5528.0,,0.77,,464.942,
267817947,293.484598,57.028438,12.6975,4004.0,4.6,0.66,0.625,141.905,
184527843,296.511984,37.4287,12.716,6348.0,4.04,1.78,1.26,924.716,
63232997,319.758472,51.430695,12.5873,6014.0,3.91,1.93,1.11,738.872,
398099429,313.091003,16.166785,12.5626,5860.0,3.8,2.16,1.06,974.98,
63550960,308.498826,38.179638,12.1475,6037.8,,1.68,,419.676,
83299322,297.6468,35.734048,14.6826,3267.0,4.91,0.31,0.28944,107.811,
172376068,299.485693,41.118389,12.585,6011.2,,1.02,,633.994,0.138
267808774,293.082301,56.889553,12.0813,5914.0,3.46,3.21,1.08,1171.83,
396723723,315.462115,2.456847,13.3795,5638.0,4.38,1.07,1.0,645.223,
170440216,298.219091,37.773773,13.4783,5655.0,4.48,0.95,1.0,608.197,
41067039,301.623552,40.771282,14.9114,3734.0,4.64,0.61,0.59424,357.392,
396731435,328.736322,11.271785,12.7871,5576.0,4.54,0.88,0.98,402.156,
198358065,256.418119,58.174118,14.654,3195.0,4.97,0.27,0.237895,84.8926,
387346503,317.01442,2.691209,13.1439,5509.3,4.37,1.07,0.97,546.966,0.383
298189384,308.504216,24.188255,11.4542,5876.0,4.09,1.54,1.064,420.278,
96885837,323.069819,16.018901,12.5965,6306.0,4.23,1.41,1.24,708.379,
60446303,319.814146,17.988383,11.2298,6708.0,4.29,1.41,1.42,426.584,
452741216,327.750007,29.710001,12.7283,5548.0,4.44,0.99,0.98,434.806,
199417958,307.020781,30.18179,12.7478,,,,,575.709,
405689470,286.078635,51.023079,12.1096,4254.0,4.6,0.68,0.665,132.076,
291976834,322.734808,9.98829,12.3769,5780.4,4.15,1.43,1.04,587.729,0.285
62501513,318.927621,51.246027,12.4646,6446.0,3.97,1.96,1.31,720.361,
233533589,280.421214,60.84533,12.2089,5238.0,4.5,0.88,0.894,282.083,
160255140,322.253333,33.396931,13.4003,5945.0,4.34,1.17,1.09,770.531,
417514666,308.666374,17.881939,12.4712,6443.0,4.11,1.66,1.3,833.205,
42110638,302.221812,40.03413,13.0581,5972.0,4.26,1.28,1.1,708.537,
99796664,310.224343,29.940155,13.0363,6269.0,4.36,1.21,1.22,703.22,
233735354,277.708844,60.451218,12.8771,5621.0,4.46,0.97,1.0,485.38,
418375357,313.383248,5.47318,13.0138,6366.8,,1.02,,825.989,
276909255,309.272167,55.490972,11.2213,5298.0,4.53,0.86,0.911,178.749,
85216969,311.940071,15.302412,12.9491,5289.0,4.44,0.95,0.91,416.689,
125744840,316.272964,17.734665,13.0055,5225.0,4.74,0.66,0.891,300.868,
375192273,315.492509,58.490747,11.098,,,,0.68,89.08046,
399613138,312.405258,9.845677,12.1245,6496.0,4.24,1.45,1.33,638.253,
415739607,333.904931,9.078163,10.8249,4439.0,4.52,0.76,0.7,91.8416,
321785052,317.783491,8.411759,12.3846,5209.0,,0.92,,327.383,
262148317,318.717595,7.671521,13.4847,5382.0,4.54,0.86,0.93,503.368,
418543326,322.352903,36.603412,13.4192,5918.5,,1.25,,687.886,
372077289,324.585335,41.176051,12.1023,6609.0,4.21,1.53,1.38,619.364,
287768299,327.285318,33.531506,12.4978,6971.0,4.28,1.48,1.53,811.081,
161687285,235.997005,58.155163,14.1288,3462.0,4.78823,0.44,0.438466,146.612,
375855364,313.332615,6.368734,13.3341,5601.0,4.3,1.17,0.99,698.95,
387416841,318.446458,1.178134,12.9141,5730.0,3.96,1.75,1.02,834.929,
292023054,322.968532,9.789942,11.6721,6013.0,4.11,1.53,1.11,486.159,0.197
341157650,310.591373,12.034449,12.4958,5998.0,3.91,1.93,1.11,878.635,
265887000,314.069718,22.186216,12.1678,,,,,796.112,
297924888,330.171368,21.950463,11.2755,5902.0,3.96,1.8,1.07,444.299,
301623068,324.630775,15.822229,13.4237,3455.0,4.58,0.68,0.649573,186.058,
427855645,323.656949,39.240725,12.0331,7713.0,4.27,1.63,1.81,798.82,
387414814,318.324173,2.596101,13.316,5731.0,4.43,1.02,1.02,633.173,
40093986,300.405568,40.27888,13.4184,5891.0,3.83,2.08,1.07,1307.96,
279528230,317.304774,18.853503,12.4285,5801.0,4.04,1.61,1.04,669.515,
423903016,329.645962,21.860274,13.3081,5623.0,4.04,1.59,1.0,902.362,
436222251,306.56809,29.318827,13.2688,6814.0,4.08,1.83,1.47,1065.06,
421330229,288.863832,55.446795,11.6346,5625.0,,1.07,,273.432,
210337597,311.477076,21.453583,11.8096,4649.0,4.59,0.73,0.739,151.084,
286857537,313.687198,20.597165,12.2442,5392.0,,,,493.417,
193081156,304.916905,46.836568,13.1443,6309.0,3.83,2.24,1.24,1320.54,
279472966,317.062808,20.347435,13.4215,5826.0,4.14,1.44,1.05,908.363,
99025225,305.310296,27.67732,11.883,,,,,,
387377484,317.243864,5.909454,12.2993,6142.0,3.78,2.29,1.16,958.142,
287444302,326.505177,35.490897,11.9104,5801.0,3.94,1.81,1.04,551.456,
160512852,323.021492,35.245848,13.1678,5265.0,4.37,1.02,0.9,484.476,
273069412,315.771492,46.24188,12.3711,5234.6,,1.13,,459.296,
160585062,243.531962,75.916632,12.1567,4568.0,4.65,0.67,0.721,157.217,
352301423,297.182201,58.384411,13.1543,6059.5,,1.61,,754.491,
75417968,308.688929,17.403658,11.599,6662.0,4.09,1.78,1.41,640.585,
271017537,353.525853,65.541448,8.715,4954.0,4.58,0.77,0.82,44.6892,
323407659,333.35532,67.394175,9.61315,6846.0,3.74,2.72,1.481,379.929,
309133240,25.226155,50.300334,8.5565,5199.0,4.61,0.77,0.88,45.9409,
202059363,101.400549,9.190722,11.2817,6232.3,3.88,2.07,1.2,539.085,0.276
238279960,359.799747,17.480854,10.6498,5143.31,4.49913,0.8684179782867432,0.868,131.621,0.13
445276138,12.34169,54.824166,9.99274,6927.0,4.36,1.34,1.512,239.263,
90950296,348.707102,29.456551,12.9421,5063.0,4.51,0.85,0.846,341.908,
44451202,352.369018,29.938692,12.7157,5959.8,4.4,1.09,1.09,531.536,-0.166
17925767,329.060955,28.933934,13.0699,6844.0,4.3,1.43,1.48,1046.81,
243283955,288.67018,55.354578,11.9125,6126.0,4.25,1.33,1.16,488.546,
113542042,355.897417,23.307273,12.9846,,,,,531.89,
233747840,302.656872,53.950244,14.446,3736.0,4.73,0.51,0.51024,227.337,
289345412,315.170364,52.614379,12.3366,4436.0,4.53,0.75,0.695,176.341,
129198098,342.111782,39.33877,13.2372,6283.8,,1.57,,844.421,
257052211,329.918472,41.516288,10.5702,7406.0,4.1,1.92,1.69,466.499,
43921512,339.584606,26.462127,13.4407,6123.9,4.2,1.42,1.16,1042.74,-0.019
411347315,337.38837,18.688473,13.1678,5689.0,4.1,1.49,1.01,849.015,
256778317,329.222214,39.356756,12.3053,6015.2,4.05,1.65,1.11,629.759,0.25
259415341,316.568639,48.795529,11.5882,4939.0,,4.61,,732.535,
160652910,323.247185,33.454096,13.0513,5956.0,3.65,2.57,1.09,1401.9,
402992891,357.409571,11.091788,11.0144,5589.0,4.62,0.8,0.987,164.15,
270494650,231.256152,72.471217,11.6515,5658.0,4.38,1.06,1.0,307.53,
258634801,355.27148,8.541698,12.2276,5628.6,4.09,1.5,1.0,500.308,0.275
18023524,329.381714,26.175571,13.3997,5748.0,3.95,1.78,1.03,1151.94,
258822347,332.869719,18.562272,13.2026,5607.0,4.24,1.25,0.99,706.661,
120487017,337.227155,39.463724,11.6715,5820.0,4.44,1.02,1.05,300.566,
430666395,330.216063,31.77863,12.9095,5906.0,3.79,2.19,1.07,1144.22,
306039307,347.466007,34.665812,13.4117,5916.7,4.43,1.05,1.08,718.406,0.203
236644754,329.452183,35.402517,12.6976,5688.0,4.26,1.24,1.01,532.069,
120737368,354.237939,27.906954,13.2497,5964.0,4.28,1.26,1.09,772.216,
21349099,351.210687,30.629596,12.6275,4049.0,4.55,0.7,0.633,145.189,
240535286,323.962083,44.312619,12.3021,6168.0,4.57,0.93,1.176,363.454,
256783400,329.31887,36.053134,10.9461,6294.0,4.22,1.43,1.23,341.206,
139350191,344.952498,18.472756,11.5809,5853.0,4.4,1.08,1.057,301.793,
97248423,348.801337,17.320768,12.5013,5854.4,4.21,1.34,1.06,589.45,0.0316574
452727513,327.791518,24.620511,13.2777,4801.0,4.52,0.8,0.78,349.236,
369581703,346.401234,34.257064,12.7919,6236.6,4.26,1.34,1.21,745.79,0.095
10552342,340.136592,33.823677,12.5058,5649.1,4.47,0.96,1.0,397.801,0.325
88641387,341.431001,13.522818,13.2325,5797.0,4.37,1.11,1.04,670.314,
395790368,326.654048,48.044159,11.7285,5859.0,4.52,0.94,1.059,288.327,
245349211,346.436934,22.72214,13.4565,5658.0,4.34,1.11,1.0,630.502,
255998336,304.366738,53.315974,13.283,5080.0,4.27,1.12,0.85,537.0,
373196394,319.904147,36.103965,10.7934,4024.0,4.61,0.65,0.63,59.9538,
427715152,351.267408,18.821592,13.2782,4915.3,4.34,1.01,0.81,452.675,-0.254
53461742,102.891692,-26.992631,13.2956,6627.0,4.12522,1.6901799440383911,1.39,1305.98,
52745699,99.255936,-0.810699,13.7471,6463.47,4.35821,1.254770040512085,1.31,951.289,-0.082
124128680,92.193096,-18.048119,9.6069,5075.0,4.43767,0.9223769903182985,0.85,85.2762,
11755687,90.643666,-0.57711,12.4821,5370.0,4.43994,0.9622870087623596,0.93,363.66,
192833836,83.103183,-39.83425,13.694,3211.0,4.91063,0.3139320015907288,0.292574,66.7902,
235072851,86.144122,-45.268456,13.709,5036.0,4.6554,0.7136300206184387,0.84,415.951,
296354161,125.348879,-13.507755,12.3256,6226.0,3.94871,1.924280047416687,1.2,879.397,
300381700,111.340399,-67.067351,12.4307,5999.0,4.18213,1.4145900011062622,1.11,597.533,
124573902,158.903163,-5.355998,17.007,5780.0,4.438,,,164.011,
224603921,255.336281,56.988187,8.86873,5895.0,4.33659,1.16,1.07,100.677,
160075684,221.073421,84.44857,11.4148,3861.0,4.70582,0.5362589955329895,0.532727,61.7605,
258776466,286.469051,70.637486,12.7294,3578.0,4.8114,0.4167180061340332,0.410219,73.2382,
198178859,244.281332,60.021122,10.0976,5382.0,4.47248,0.9283959865570068,0.933,120.234,
165598669,227.359837,55.981056,13.4832,3846.77,4.52283,0.6966959834098816,0.59,189.038,-0.783
161687211,236.055193,58.552762,13.7088,3722.0,4.65666,0.5935580134391785,0.582801,189.986,
273234825,297.465335,42.882852,13.5102,5968.88,4.42517,1.0644999742507937,1.1,704.438,-0.00983254
273690178,298.079445,44.746248,12.9879,5359.0,4.44804,0.9518150091171264,0.927,433.047,0.2
259238498,293.058398,70.889085,10.7974,6339.0,4.49485,1.0493799448013306,1.255,231.907,
122706449,290.93666,40.124851,13.8836,5780.0,4.438,1.0,,1270.53,
233194447,263.949937,66.758971,8.71433,6582.0,3.89425,2.189120054244995,1.37,207.771,
333324340,353.488442,37.391404,14.903,3835.0,4.61,0.65,0.626115,397.982,
177697418,359.941195,47.650312,12.8837,6139.3,3.87,2.08,1.16,1136.26,-0.041
455733237,357.166282,40.529933,10.3782,6070.0,4.39,1.12,1.134,194.345,
173706852,349.101843,42.095481,13.0102,5456.2,4.38,1.04,0.95,494.296,0.437
352409708,15.653483,40.927114,12.3047,6456.6,3.85,2.26,1.31,1074.28,0.0747611
374173310,347.441152,36.52387,14.7013,3635.0,4.68,0.56,0.555078,274.983,
173615288,348.633246,47.318984,11.8685,6207.0,4.11,1.59,1.19,542.965,
439939258,0.990191,47.46846,12.9943,5672.6,4.49,0.94,1.01,470.7,0.126
202648961,7.539974,50.746432,12.7693,5531.0,4.07,1.5,0.97,654.033,
432224130,352.579845,30.717768,12.5455,6164.0,4.05,1.69,1.17,772.454,
352107384,357.431948,33.443368,10.9417,6000.0,4.41,1.09,1.107,246.196,
440001383,2.541349,44.255949,13.1482,5808.3,4.11,1.5,1.04,871.387,0.237474
177494632,358.651148,46.647524,11.7668,6201.0,4.33,1.23,1.19,425.523,-0.441
154480367,343.186534,47.564703,14.6635,3326.0,4.91,0.32,0.297808,114.604,
127426341,6.042555,39.108659,12.3016,5461.1,4.28,1.17,0.95,412.431,0.128
374177909,347.593973,41.143636,14.2981,3314.0,4.94,0.29,0.263571,85.964,
191373021,10.260932,43.056514,12.8953,5223.8,4.6,0.78,0.89,341.637,0.071
25624952,352.345492,53.616702,13.222,6159.0,3.75,2.4,1.17,1402.62,
291732201,358.842207,41.359742,11.8802,5896.0,4.51,0.95,1.07,308.987,
199296714,334.241001,46.924381,13.1291,6461.0,4.09,1.71,1.31,1163.61,
259188347,350.770489,38.468237,13.4473,,,,,265.273,
354478327,358.147057,37.52044,12.0377,5086.7,4.59,0.78,0.853,208.617,-0.052
302477411,41.879119,53.286479,13.2807,5547.0,3.69,2.34,0.98,1044.42,
279871772,354.282479,66.823475,10.8701,5949.0,4.27,1.26,1.088,263.949,
61520064,25.305352,32.400416,12.7599,5414.0,4.49,0.91,0.94,400.632,
285592400,13.132258,64.334238,12.0637,6327.0,4.12,1.6,1.249,516.534,
186530554,21.022361,38.015562,12.8474,5978.7,4.3,1.23,1.1,660.292,-0.328
422707559,355.019701,68.457971,12.8449,5366.0,3.98,1.63,0.93,619.561,
13036318,343.851366,64.445455,12.2457,5525.0,4.65,0.78,0.971,266.705,
436875993,42.720863,28.873576,13.0455,6134.0,4.06,1.67,1.16,905.298,
264193444,318.657209,78.97961,11.7258,4734.0,4.61,0.72,0.759,149.191,
347018922,1.114757,57.32207,13.0852,5858.0,3.92,1.87,1.06,907.36,
192321638,45.658813,46.40087,12.7717,6301.0,3.77,2.39,1.24,1267.7,
450012972,9.433012,57.174841,12.3606,6725.0,4.09,1.78,1.43,845.779,
250478345,30.923717,53.90057,12.1594,8409.0,4.19,1.92,2.08,1128.72,
77258176,40.817122,32.304446,12.9096,5565.5,3.83,2.0,0.98,823.284,0.208543
305830609,12.93336,48.580641,12.1625,6525.0,3.54,3.26,1.34,1372.43,
73692250,40.081778,35.410409,13.9856,3163.0,4.88,0.34,0.321705,84.913,
387527174,312.279803,71.381781,13.48,5972.0,4.03,1.68,1.1,887.927,
335037151,331.97599,64.138385,13.1632,6309.0,4.23,1.41,1.24,728.879,
252045206,353.571408,56.443492,13.441,4517.4,4.66,0.66,0.71,268.804,0.308459
467602108,48.408615,30.728857,13.1634,6229.6,4.45,1.08,1.2,647.797,-0.077
196389062,14.91291,46.146486,13.4818,6639.0,4.08,1.78,1.4,1449.97,
22659404,28.345661,30.310019,12.7658,5528.0,4.32,1.13,0.97,510.039,
470898625,42.316239,58.769522,11.8286,6294.0,3.66,2.72,1.23,763.361,
245665919,40.185561,58.078412,11.1082,,,,,217.37,
374122973,31.293062,60.003144,13.4348,5367.0,4.43,0.97,0.93,463.191,
400503123,25.150762,56.057726,10.6796,7284.0,4.12449,1.84,1.64,431.132,
104153474,44.078355,49.377685,12.8502,5959.0,4.01,1.7,1.09,719.745,
418262301,323.714651,75.050546,12.9855,5424.0,4.21,1.26,0.94,457.72,
73729607,40.286866,34.379363,14.997,3583.0,4.67,0.58,0.568833,320.879,
259381479,43.399516,46.174562,11.2333,9225.0,,2.32,,696.033,
327249454,3.51175,58.16708,13.2056,6336.0,4.01,1.84,1.25,1010.66,
347944406,34.003535,57.346071,12.8868,6240.0,4.27,1.33,1.21,647.843,
130087198,37.777366,40.724963,13.243,6227.0,3.82,2.23,1.2,1544.44,
196351790,14.410856,47.522036,13.3063,5443.0,4.28,1.17,0.95,652.102,
158933249,288.97163,44.624645,11.6455,5328.63,4.438,1.0,,258.893,0.232734
272840455,296.813688,47.526545,14.1348,6014.0,3.73585,2.364680051803589,1.11,2305.01,
169081296,297.069826,40.525204,9.85155,5740.0,4.49186,0.952085018157959,1.026,122.881,0.03
417829948,138.059737,65.347211,10.7276,4986.0,4.60896,0.7460759878158569,0.825,110.755,
159303995,290.117498,44.872959,11.6906,5801.93,3.7459,2.2625598907470703,1.04,660.138,0.0304557
271052158,294.674151,42.075604,11.9838,5219.54,4.43789,0.9430639743804932,0.889,268.881,0.322043
298897095,288.0382,50.651476,13.497,5401.6,4.438,1.0,,488.33,0.328933
274198407,298.482834,46.793636,12.7994,5940.12,4.51943,0.9484919905662536,1.085,489.141,0.332
251090642,139.793743,53.594557,13.0912,3560.0,4.71968,0.5203099846839905,0.517765,113.903,
167804011,162.431078,-23.349504,12.305,5278.0,4.25174,1.1789300441741943,0.905,393.17,
229172128,91.29081,6.447685,9.809,5343.0,4.61539,0.782043,0.92,87.8271,
319855425,99.590888,5.146009,10.1775,6610.89,4.12969,1.67727,1.383,308.519,0.266
2621212,208.901451,-6.136083,11.2309,4550.0,4.60155,0.7014849781990051,0.717,107.518,
187309502,207.07829,-11.588988,14.1986,5036.0,4.37983,0.9800710082054138,0.84,709.999,
437444661,252.426008,-19.54305,11.3692,5274.0,4.53357,0.8517950177192688,0.904,157.682,-0.03
46020827,214.059579,-19.542306,10.4725,5708.0,3.95223,1.7669299840927124,1.02,279.35,-0.31
145368316,256.537555,-10.413007,11.6123,6472.0,4.43974,1.1458300352096558,1.318,261.386,
187278212,206.846198,-6.139337,9.2493,4759.0,4.70975,0.6418049931526184,0.77,44.526,
50171060,245.440553,-23.548273,10.0198,5340.0,4.37794,1.029039978981018,0.922,110.527,0.15
376866659,181.676288,0.274008,8.14481,6389.29,4.07101,1.7256900072097778,1.279,120.042,-0.27905
442530946,315.477191,-13.433382,10.5959,5808.0,4.29702,1.2019100189208984,1.044,222.355,
126325985,294.306839,-22.204487,12.5192,5909.0,4.28627,1.2319400310516355,1.07,534.889,
11270200,289.202402,-19.355923,12.2994,5780.0,4.438,,,746.138,
77202722,313.900026,-18.971408,12.4035,5012.0,4.43351,0.9169390201568604,0.832,290.946,
71841620,305.095724,-19.314727,9.9543,5692.5,3.9616,1.7393800020217896,1.01,226.399,0.19
431016234,262.758677,-17.843539,11.0962,3894.0,4.63804,0.6156460046768188,0.60067,64.6096,
188500604,335.057616,-13.114772,13.6023,4111.0,4.43205,0.8074449896812439,0.643,282.602,
76835246,310.994916,-23.01098,12.3001,3398.0,4.94675,0.28151699900627136,0.255677,34.9053,
68952448,295.743849,-19.949731,11.355,5417.0,4.57331,0.8310629725456238,0.943,189.469,0.18
441122551,324.837407,-24.684266,13.7585,5113.0,4.50946,0.8541899919509888,0.86,525.774,
336732544,312.449308,-24.303506,13.3102,5451.0,4.46538,0.9445109963417052,0.95,523.067,
301258470,351.135378,-5.164145,11.9039,5278.0,4.54274,0.8433070182800293,0.905,233.237,
128168083,295.157014,-22.721741,14.2707,5500.0,4.28377,1.1702699661254885,0.96,996.938,
262016897,313.069035,-17.511992,10.0139,5018.0,4.61791,0.7406579852104187,0.83,80.721,
250977648,338.368209,-9.022941,9.9735,4911.0,4.438,3.120569944381714,,307.47,0.39
119262291,291.478701,-23.202818,13.7805,5859.0,4.38969,1.088539958000183,1.06,856.436,
102068384,328.975921,-14.06844,12.9376,5160.0,4.37898,0.9984009861946106,0.87,428.976,
12611594,290.81017,-20.166377,12.5866,5494.0,4.02415,1.5804200172424316,0.963,638.7,
111778581,344.326437,-17.395485,13.8727,3555.0,4.75533,0.4795889854431152,0.477525,148.033,
377240984,285.468832,-18.468165,11.811,5631.0,4.36,1.0929499864578247,0.998,299.538,
96847781,294.941689,-25.748366,13.8205,5553.0,4.33441,1.1154199838638306,0.98,794.637,
130633912,289.391796,-16.871727,11.8543,5555.0,4.39749,1.0367599725723269,0.979,305.038,
441012828,323.486044,-21.137732,12.6438,5880.0,4.3,1.6373300552368164,1.03,750.217,
301031110,300.428076,-26.077564,13.4041,5770.0,4.2819,1.2148000001907349,1.03,756.742,
154796579,280.876531,-25.411057,13.2735,5357.0,4.27941,1.155769944190979,0.927,512.891,
271898990,311.092004,-19.437527,14.0739,5122.0,3.95664,1.614230036735535,0.86,1139.55,
169504920,292.939782,-26.740202,11.9801,6297.0,4.30016,1.299880027770996,1.23,493.32,
11439959,289.40076,-22.390009,13.3735,5871.0,4.13349,1.4619799852371216,1.06,944.603,
110795273,114.707534,-27.818546,10.4003,5216.0,4.53686,0.841029,0.888,117.196,
55871761,112.917053,-15.102276,10.4653,11396.0,3.57,4.73061,3.0,1663.32,
270204383,332.583719,-71.913411,14.4469,4056.0,4.47018,0.764913022518158,0.63,379.959,
397231954,101.665065,-84.938242,10.8487,6203.0,4.07664,1.6538200378417969,1.19,350.662,
327302178,310.602369,-72.430725,12.0974,5725.0,4.31033,1.1699600219726562,1.02,409.706,
355058141,303.890196,-40.602772,10.2892,6052.7,4.22,1.35985004901886,1.13,225.852,-0.53
118798035,273.728188,-54.434055,11.2937,5586.0,4.36766,1.079,0.99,249.006,
146364192,342.031649,-14.494779,10.4222,5394.0,4.47,0.9303309917449952,0.94,138.671,
380255458,188.137317,-9.607611,12.0213,5712.0,4.43116,1.0170199871063232,1.018,347.917,
56815340,183.472474,-0.393436,8.56338,6498.0,4.37319,1.2426999807357788,1.33,109.353,
187495749,77.877723,41.110632,12.8411,8155.0,4.2521,1.74748,1.99,1317.6,
317882327,56.930436,58.503693,12.9161,5983.92,4.19347,1.39058,1.101,605.253,0.22
431871952,55.886464,42.378379,13.6742,3544.0,4.61163,0.647515,0.625261,203.362,
461547946,351.825442,87.465641,12.6552,5592.0,3.94587,1.75355,0.99,677.923,
368184695,78.873925,44.433345,10.7963,7884.0,4.35224,1.51515,1.884,432.406,
156678143,71.793519,37.71272,11.0139,6382.27,3.85151,2.21837,1.275,409.044,-0.143864
456130294,51.619755,42.614236,12.9273,6826.05,4.24407,1.51741,1.473,870.176,-0.0651054
316138059,51.801487,59.215961,11.8182,6713.0,4.20817,1.55818,1.43,539.819,
459021929,60.689552,63.608864,14.2244,3318.0,4.75024,0.485371,0.483412,162.646,
238959233,78.871085,39.326107,13.1631,,,,,577.67,
366564164,304.871796,77.058971,12.3044,5737.0,3.96034,1.75051,1.02,628.808,
367710318,73.619921,45.443161,12.4099,4707.0,4.45053,0.855395,0.753,238.584,
141524447,101.775637,83.806071,10.9694,6185.0,4.31773,1.2477,1.18,301.371,
187495621,77.920369,41.175704,11.6429,8269.68,4.00199,2.35388,2.03,1062.01,-0.415
252851803,51.438273,49.745638,12.9479,5620.0,4.07385,1.52093,1.0,682.837,
117174065,48.018098,52.927792,12.9594,6436.85,4.2145,1.47487,1.3,676.096,0.135
318491006,111.708555,5.703417,11.3999,7571.0,4.2061,1.73277,1.76,700.04,
117772549,96.561,-33.456478,8.855,6644.0,3.97876,2.00779,1.4,205.775,
150271800,94.706646,-63.650679,12.6445,6205.0,4.39697,1.14372,1.19,593.708,
63303430,104.913072,-24.854159,12.2232,5975.0,4.25615,1.29316,1.1,521.532,
220621072,84.796069,-45.964085,11.9801,6067.0,4.11931,1.53433,1.13,569.61,
60527976,96.653706,-18.922749,12.7289,6261.0,4.38088,1.1797,1.22,622.127,
438298111,96.645519,12.426961,12.9163,6566.0,3.69231,2.75199,1.36,1262.38,
231949697,94.257682,-43.366184,11.3301,3701.0,4.7439,0.492584,0.490679,50.2408,
37075377,90.37371,-29.513984,8.83335,6304.0,3.99637,1.85016,1.238,175.019,
72214252,92.609681,-8.249462,12.5597,5237.17,4.52984,0.850712,0.894,313.421,0.304
89014296,89.476837,12.7709,12.8711,5751.0,3.96608,1.74748,1.03,860.306,
59845928,94.166583,-22.970797,12.6364,6594.0,3.96396,2.02764,1.38,1160.04,
206763148,96.606198,7.884955,12.149,7106.0,4.23929,1.58021,1.58,745.289,
235283051,103.061536,6.265291,12.308,8135.0,4.25304,1.74119,1.98,1080.57,
237405551,95.9969,-36.528216,13.8448,3394.0,4.84737,0.377716,0.366125,99.9963,
283094471,103.960969,-2.591046,12.7754,5436.0,4.53855,0.867289,0.948,385.003,
410449566,118.040237,-61.069387,11.4673,5949.0,4.58594,0.880593,1.09,238.985,
358111035,69.937825,-72.764189,12.4111,5969.0,3.91636,1.91228,1.1,795.661,
234187289,101.634256,2.708723,12.4359,5946.0,4.25151,1.29418,1.09,552.136,
72212948,92.563603,-7.034185,12.8058,5394.65,4.57269,0.829007,0.937,357.653,-0.12
220599411,83.048816,-44.67457,12.1198,3775.0,4.62512,0.631148,0.612794,103.36,-0.424467
178739678,108.93859,-6.093592,11.9184,8603.0,4.32894,1.66257,2.15,973.798,
235057120,83.325746,-53.90563,11.1392,4906.0,4.66812,0.686306,0.8,117.353,
10487354,111.022056,-2.625095,12.8786,7903.0,3.93187,2.46224,1.89,2058.48,
322818151,101.100076,-12.434396,14.8294,3405.0,4.77276,0.459852,0.457017,199.273,
307036187,123.162299,-71.948416,12.3521,5784.0,3.91694,1.85816,1.04,686.476,
232131043,90.551337,2.980363,12.8074,5607.0,3.79484,2.08657,0.99,702.115,
284613259,109.073029,5.911037,11.5995,6425.06,3.90603,2.10372,1.3,732.508,0.033
207334420,110.915622,9.906849,12.6478,6310.51,4.10661,1.63095,1.24,889.497,0.04
234009062,100.724438,2.118023,12.1027,6286.99,4.18258,1.48832,1.23,584.026,-0.166
60520371,96.568517,-23.565106,12.419,6389.0,3.9411,2.00487,1.28,976.576,
317924729,89.863058,-12.513411,11.1375,7457.0,4.33394,1.47423,1.71,458.662,
404970821,85.297363,-70.530404,12.8107,12947.97,,1.89815,,1125.33,
71581518,90.517085,-9.701303,9.522121,6006.0,3.80649,2.17899,1.109,260.819,
318756174,112.019781,1.082067,11.9468,5406.3,4.47,1.09764,0.98,334.512,0.395
52555068,98.882127,-0.972288,12.1177,6392.0,4.47421,1.08527,1.28,444.631,
251186192,95.330251,-1.996249,12.0398,7129.0,3.75049,2.78283,1.59,1132.73,
5370009,107.909539,-4.985881,12.1622,4892.0,4.31113,1.03518,0.8,279.244,
234595543,96.237075,4.402989,12.3548,6940.0,3.89737,2.29759,1.52,1068.49,
95415033,103.740963,-16.880037,11.798,6304.0,4.28428,1.32924,1.24,460.642,
172463434,100.204672,-28.45546,11.1909,5629.0,4.43036,1.0074,0.997,232.532,
261944532,106.180239,8.084534,12.997,6492.0,4.18522,1.54295,1.33,1022.04,
237664324,103.638024,5.173165,12.3219,5834.0,3.83346,2.05541,1.05,809.202,
153696322,93.678522,7.347521,12.8907,6022.0,4.38596,1.1187,1.11,592.738,
159084486,88.418011,5.643111,11.7771,6231.0,4.62539,0.884408,1.204,268.296,
393412295,94.210446,-41.850874,12.889,5917.4526,,,,618.687,
206947218,97.356725,11.429154,12.6675,5752.419,,,,1134.96,
12090836,91.465705,-2.67652,12.4733,6467.28,4.19821,1.514310002326965,1.32,680.471,0.162
125260728,105.513153,-8.745012,12.6424,5711.1226,,,,987.416,
95512789,107.357573,-16.439339,13.0266,5450.3325,,,,115.101,
143168991,89.900121,-30.133045,11.1773,4617.0,4.59613,0.713218,0.732,109.996,
350934357,90.953631,-58.161024,10.3394,6067.0,4.35035,1.17598,1.13,207.419,
142914189,119.246449,-18.203885,12.1008,7021.0,3.99256,2.07931,1.55,1014.91,
110110529,113.918271,-24.708674,11.8332,6143.0,4.45914,1.05121,1.16,373.268,
57047535,127.674499,-35.153406,11.7387,5567.0,4.484,0.938961,0.98,261.346,
100474173,109.435106,-22.834505,12.0045,7004.0,3.78001,2.6472,1.54,1141.08,
142711195,119.014337,-19.48609,12.572,6899.0,4.20007,1.61081,1.5,935.74,
294668702,70.668131,-67.093887,12.1653,5689.56,4.25281,1.24392,1.01,433.746,0.2752
279154795,102.797858,-55.232262,12.4341,5970.84,4.38865,1.1102,1.1,477.122,0.387844
452837676,120.054486,1.532714,12.269,6488.0,4.22,1.47,,,-0.144354
148322608,101.663559,-36.739778,12.1307,6374.0,3.95265,1.97066,1.27,793.192,
55967712,112.928933,-11.961518,12.4582,5643.0,4.19161,1.32876,1.001,532.184,
267834862,115.059345,-48.695148,12.5472,5355.0,4.52946,0.868052,0.93,313.822,
238394308,120.797868,-48.169526,12.3594,6298.0,4.39598,1.16883,1.24,505.258,
308692360,135.181967,-15.7808,12.1132,5776.75,4.07542,1.54826,1.04,564.151,0.310423
54272884,118.304017,-17.115898,12.3979,6543.0,3.88897,2.18633,1.35,1094.22,
47248224,134.846681,-11.056526,12.3039,6670.0,4.09481,1.76295,1.41,888.521,
167337562,98.580323,-71.270252,12.743,5815.0,4.22308,1.31247,1.05,625.863,
185620819,130.379121,-34.314658,12.5694,6319.0,4.29018,1.32556,1.25,640.905,
142757891,118.936727,-18.526592,11.8384,6941.0,3.87371,2.36102,1.52,999.042,
350230694,130.934713,3.649875,11.2191,5036.8,4.65181,0.716156,0.839,135.859,-0.051
111741396,111.196349,-33.687619,12.6098,6371.0,3.71428,2.59295,1.27,1231.01,
156716001,103.106302,-39.687503,10.9042,6129.0,4.432,1.08458,1.16,248.071,
26046851,119.788885,-3.306524,11.7726,6451.0,3.71533,2.6303,1.31,992.347,
405255920,114.1454,-16.855367,10.6553,8371.0,3.80958,2.9664,2.07,886.619,
393626873,128.018882,-32.263173,12.2928,5075.0,4.26589,1.12408,0.85,344.07,
63735024,105.729659,-27.015158,11.4492,6912.4,3.98,2.24,1.58,817.855,
306772292,121.081811,-68.476761,12.5717,5840.0,4.0613,1.58118,1.05,658.612,
177033137,102.409242,-70.997293,12.6398,6053.0,4.13041,1.51484,1.13,723.202,
108748840,112.570701,-26.615482,11.7406,6779.0,3.88983,2.26362,1.45,875.568,
121341000,129.250045,-3.530909,11.7985,4658.27,4.56486,0.7438939809799194,0.741,155.052,0.014
231451287,115.260123,-23.823356,12.4428,8752.0,4.17176,2.01541,2.2,1442.38,
289481977,131.34612,-14.950099,11.3708,5150.0,4.54811,0.821745,0.87,174.685,
409796937,126.381688,-16.193814,12.8819,5970.0,4.00236,1.73201,1.1,958.573,
132766482,119.96336,-38.12755,14.525,3944.0,4.6212,0.635884,0.616434,339.305,
348899056,105.991504,-61.167797,11.6915,3893.0,4.62585,0.630266,0.612113,88.5954,
285212983,119.883321,-45.453771,12.8442,10002.0,4.40497,1.66214,2.56,1477.01,
385796857,111.002026,-15.91115,12.9022,6586.0,3.90808,2.15454,1.37,1267.73,
54391400,118.353506,-14.799515,11.5546,4001.0,4.51347,0.721926,0.62,93.54,
412386707,110.48708,-23.414036,10.9238,6304.0,3.94553,1.96167,1.238,475.54,
167165932,96.828556,-69.903716,12.9173,5156.0,4.5516,0.81845,0.87,340.284,
130958848,117.283902,-37.665947,12.9679,6556.0,4.54108,1.03577,1.36,561.347,
141279435,82.842347,-74.514879,13.7763,3919.0,4.60076,0.660867,0.635209,250.961,
279262080,25.820394,68.713998,9.60434,5955.0,4.11,1.52,1.09,177.758,
236817690,283.620994,55.96725,9.09554,6461.0,4.18435,1.53,1.313,170.87,
298308533,346.076754,52.120591,8.41267,6433.6,4.29,1.36,1.3,109.872,0.091
229605578,273.657733,77.864082,10.0308,6102.0,4.33536,1.2054200172424316,1.147,186.659,
431838716,55.664386,43.279801,13.336,5973.0,4.14493,1.46982,1.1,832.809,
429123881,59.118291,53.685586,11.9905,7691.26,,2.15507,,848.224,-0.261
414919755,78.694639,36.371209,13.4084,5627.0,4.29333,1.18133,1.0,657.913,
391090520,60.336925,44.585976,11.2691,9390.0,,2.34567,,447.292,
357956179,84.061409,83.283469,13.4939,5507.0,3.96671,1.6946,0.97,1042.84,
434373518,93.744504,14.235605,13.2499,5641.0,4.36976,1.08182,1.0,595.532,
234603808,96.348911,0.153834,13.0042,6048.0,4.38519,1.12973,1.13,624.333,
124183167,92.311551,-23.808793,13.0384,5810.0,4.47863,0.973269,1.04,553.678,
67196266,89.417533,-11.022077,13.1122,5686.0,3.903,1.86077,1.01,795.144,
97715482,90.338685,13.011339,13.1498,5902.0,4.47831,0.987582,1.07,572.2,
53596439,102.959598,-29.773897,13.3764,5945.0,4.33026,1.182,1.09,806.306,
120540061,102.192998,-9.015855,13.0509,5617.0,4.5258,0.901213,0.994,460.349,
270471727,97.211407,-78.473059,11.1932,5241.3,4.39484,0.997091,0.9,182.104,-0.09
317801157,89.265469,-16.900275,13.3503,6051.0,4.3771,1.14031,1.13,770.732,
148106497,105.935588,-16.636633,13.1402,6241.0,4.37667,1.18057,1.21,735.584,
64334960,111.408764,-2.864031,12.1432,5926.2,3.88,2.74927,,1181.05,-0.377
265078278,94.019021,5.520447,11.4638,7356.0,,1.82,,632.12,
64250123,111.17447,-2.991594,13.3849,4788.0,4.45837,0.857224,0.77,395.576,
264691112,109.603807,8.197713,13.2617,6140.0,3.86366,2.08658,1.16,1449.95,
232399986,92.992373,2.673793,13.3433,5943.7,4.20081,1.37196,1.09,671.59,0.375
358340733,99.167806,4.771693,12.521,6059.31,4.11801,1.53663,1.13,704.588,0.307364
279909537,100.57371,-2.277588,13.042,6475.0,3.99477,1.91398,1.32,1088.66,
300868410,117.190025,-69.059282,13.2252,5994.0,4.43286,1.05512,1.1,635.178,
10485639,110.988858,-3.495763,13.282,5938.0,4.1445,1.45713,1.08,943.273,
270711339,87.740352,-49.79406,11.2734,5892.2,4.43,0.979656,,209.489,
10313047,110.623757,-3.120236,13.1814,6384.0,4.13069,1.61173,1.28,1130.44,
150429313,97.053092,-63.472957,13.1355,6055.0,4.29,1.64961,1.18,1055.34,
300654938,114.383517,-70.799927,13.1733,4819.0,4.57448,0.754813,0.78,297.836,
117885024,128.294127,-22.959231,11.5062,8518.0,4.13989,2.05238,2.12,993.632,
265129950,127.319943,5.781981,12.5542,5483.95,,0.761845,,376.113,-0.007
415084429,114.656079,-20.802965,13.0667,6230.0,3.90656,2.01996,1.2,1223.19,
22730066,108.426931,-38.213568,12.4298,6247.325,,,,729.992,
142053623,97.683952,-75.279962,13.1323,5637.0,3.96655,1.72091,1.0,915.582,
140938327,76.873863,-74.748196,13.0996,5669.0,4.04003,1.58919,1.01,846.22,
88865512,122.72786,-4.406634,11.803,6692.58,,1.88497,,552.599,-0.134573
5045948,109.861755,-20.156042,12.5037,6507.7344,,,,200.727,
88760990,122.233654,-1.145505,13.099,5926.1,3.94319,1.83718,1.08,1092.5,-0.497
456787558,113.157465,-22.785636,12.2087,4940.356,,,,262.84,
182992572,124.659703,-40.618748,9.7907,4867.0,4.63382,0.709472,0.79,65.4252,
130295375,103.950382,-45.99705,13.0907,5419.0,4.52732,0.874863,0.94,433.465,
299801675,59.827109,-76.912271,13.3074,5356.8647,,,,530.836,-0.17449
2093349,133.647476,-24.002945,12.3383,,,,,642.716,
148273668,101.48512,-38.310604,13.081,,,,,684.434,
176604975,132.358848,-17.897304,11.5568,5335.0,,3.31931,,736.81,
140190514,127.600265,-41.969024,12.796,,,,,1343.31,
107779737,111.442658,-24.21348,13.3291,6390.0,4.18273,1.51801,1.28,1074.91,
25154148,63.107413,-66.765572,11.3769,5065.5,,3.10862,,628.945,-0.41
458615187,124.739953,6.716179,12.2451,6905.19,,1.78799,,819.977,-0.322984
289114603,115.078506,-17.111457,12.0681,10791.114,,,,1142.74,
452973397,122.297864,3.762666,13.005,4028.29,4.28177,0.950206,0.63,239.418,-0.095
349677805,112.448505,-63.209003,13.3953,5481.0,4.44471,0.972332,0.96,539.413,
284586930,110.616527,-36.504329,13.1144,6681.0,3.73581,2.66526,1.41,1557.17,
114011911,113.980755,-34.973687,13.1127,,,,,640.202,
334380435,122.768651,7.127363,11.1994,5884.15,,1.1549,,262.514,-0.237
59537824,109.078811,-42.787408,13.2799,6157.97,3.98844,1.81513,1.17,1158.45,-0.238897
159671133,318.093354,-41.931798,9.5973,6229.0,3.92325,1.9815200567245483,1.2,259.037,
441422655,311.258311,-35.427841,14.5499,4650.0,4.47034,0.8288530111312866,0.74,592.891,
115942852,7.230712,-38.787865,13.8825,3982.0,4.58489,0.6806550025939941,0.649646,283.239,
33945661,356.705684,-24.136375,14.1467,5348.0,4.56512,0.8286409974098206,0.92,674.649,
273861354,31.633015,-67.778884,14.2665,4002.0,4.59109,0.672872006893158,0.644006,332.5,
51992761,15.471201,-67.233529,11.5502,5635.53,4.09408,1.4859100580215454,1.0,405.426,0.425938
80429950,11.098561,-45.562371,13.5883,3444.0,4.8094,0.41892901062965393,0.412676,102.613,
12999193,346.857326,-28.353467,13.3664,3478.0,4.98476,0.25115400552749634,0.222111,48.844,
410774020,328.357632,65.680121,8.5644,5840.0,4.5,0.95,1.05,70.9031,
47762924,280.153266,51.881762,12.5558,4001.0,4.65895,0.6130520105361938,0.625,124.862,
207463446,245.25036,59.185792,10.3513,6394.0,4.41,1.17,1.28,229.395,
341872729,275.245941,71.902139,11.0063,5576.0,4.34197,1.1080199480056765,0.984,230.53,
199572211,241.519395,60.948219,13.2528,3366.0,4.8472,0.37789401412010193,0.366329,69.0634,
319482278,329.788125,3.198062,7.7558,5385.0,4.52295,0.874584972858429,0.93,38.5685,-0.05
327996774,351.822826,-15.187875,10.0985,6104.0,3.95496,1.87026,1.15,299.419,
29848696,23.69102,-7.375004,9.0072,7373.0,3.78997,,1.68,351.027,
241577487,25.928235,-2.628228,9.81828,5352.9,4.40507,,0.926,109.79,-0.23
358289302,62.176613,-57.594598,12.4439,5874.0,4.50571,0.9524229764938354,1.06,420.632,
164695417,24.974739,-18.951194,11.1993,5390.9,4.24106,1.2163699865341189,0.94,256.732,0.26
122522333,38.583061,-31.848439,10.7124,6230.0,4.02456,1.7633800506591797,1.2,388.219,
25030847,30.62475,-9.19388,11.5448,5990.0,4.03724,1.6638400554656982,1.1,501.479,
88507544,47.77056,-29.758064,12.1451,4737.0,4.53415,0.780485987663269,0.76,198.153,
138733600,33.178116,-38.950861,12.7639,5360.3,4.41,1.17,0.95,505.718,
70514245,32.718245,-34.908407,12.8588,,,0.800993,0.77,289.061,
25004866,30.608811,-11.168296,11.4384,6750.13,4.71224,0.8751720190048218,1.44,312.449,-0.25
123365281,31.227268,-30.949354,12.9726,5806.7,4.33,1.19,1.08,656.488,
321011198,43.578723,-41.18107,13.173,4811.0,4.5716,0.7573239803314209,0.78,319.243,
399789568,278.062053,55.191047,12.6363,3508.0,4.76041,0.4738200008869171,0.471596,121.6466,
261746870,26.0978,-80.573876,9.0387,5413.0,4.49737,0.905553,0.94,73.1296,
1309019,72.900573,-34.226213,13.7671,5749.0,4.20277,1.3306599855422974,1.03,1040.28,
264460009,81.167117,1.75432,14.2441,5147.0,4.43353,0.9376260042190552,0.87,709.83,
77287067,70.432295,-40.04453,13.5861,6287.0,4.30517,1.2924100160598757,1.23,1074.95,
423785115,70.919714,-26.650255,11.2457,5627.7,4.87,0.6407639980316162,,264.855,0.02
200001699,86.140077,5.300049,10.6396,4006.0,4.58673,0.6688680052757263,0.63,56.9967,
46432937,83.868979,-14.597191,12.3718,3673.0,4.70368,0.5387359857559204,0.535011,90.5369,
317132251,86.793352,-13.784928,9.95471,6720.0,4.17983,1.6098599433898926,1.43,270.196,
37348844,91.87228,-25.594896,13.605,5780.0,4.438,1.0,,,
1333933,73.35531,-32.800348,13.9636,5620.0,4.47742,0.9557080268859864,1.0,786.485,
421184129,175.387114,-46.196175,10.8967,5790.0,3.4505,3.1790900230407715,1.04,636.41,
163029327,191.029084,-48.103022,12.3648,5415.0,4.45636,0.949330985546112,0.94,335.376,
334981118,184.822114,-49.872005,12.238,6402.0,4.00171,1.8697600364685056,1.28,797.811,
162093661,168.306996,-45.088737,13.4955,3800.0,4.68075,0.5653250217437744,0.558832,163.382,
77552382,152.513377,-4.903525,13.0262,5002.0,4.46134,,0.83,373.415,
19269186,139.004956,-35.482709,11.9412,6024.0,4.55715,,1.12,320.53,
289819148,161.118556,-17.55883,13.4645,5639.0,4.39842,,1.0,680.785,
386563408,159.17578,-13.129332,12.1428,4908.0,4.4971,,0.804,224.169,
52024670,144.591636,-21.484014,11.5564,5592.97,4.45879,,0.99,258.041,-0.0830507
79936069,121.015169,-43.177927,13.1066,6976.0,4.21388,,1.53,1054.86,
78010250,142.507389,-42.540546,13.3664,6627.0,4.15904,,1.39,1039.62,
455279465,146.90341,1.179808,12.7722,6096.32,4.22453,,1.14,680.533,-0.421
44566945,145.883029,-37.160668,13.4469,6305.0,4.29647,,1.24,937.292,
296882354,158.696263,-13.324174,11.0252,5324.0,4.35937,,0.918,200.453,
133420230,120.991642,-40.74205,12.3908,6671.0,4.18845,,1.41,641.14,
2405205,134.453223,-28.840515,11.8505,5821.0,4.31343,,1.048,370.594,
179240138,159.035482,-21.246513,12.6305,4959.0,4.45563,,0.82,307.508,
238334463,120.609307,-49.325508,12.3429,6882.0,3.50614,,1.49,1651.71,
332713106,150.443866,-13.427093,13.1795,4588.0,4.63162,,0.725,255.176,
47055436,144.152083,-11.333494,11.9749,3964.0,4.62557,,0.612372,104.802,
36715978,150.691888,-42.603719,12.9305,4808.0,4.53288,,0.78,286.598,
308664375,121.90101,-64.777622,12.7293,6626.0,3.81901,,1.39,1321.52,
73635140,155.349823,-39.395642,11.4614,6101.0,4.28357,,1.15,370.463,
454039549,175.583422,-41.309015,11.8342,5633.0,3.78556,,1.0,614.012,
71125919,153.588021,-34.593614,12.5022,5898.0,4.12764,,1.07,635.936,
385699758,138.294915,-56.604521,11.9222,5904.0,,,,370.614,
362360634,145.124821,-48.56221,13.4195,,,,,1044.54,
371315483,146.700929,-66.614213,12.7727,5168.0,4.46537,,0.87,346.393,
309257123,124.334602,-63.751626,13.3219,6024.0,4.2566,,1.12,813.208,
457542392,157.608045,-54.534295,11.2906,6630.0,4.36002,,1.39,382.196,
178658245,165.805481,-43.279315,11.578,6734.0,4.33655,,1.44,465.18,
362264027,145.112059,-51.810374,11.5437,6013.0,3.99991,,1.11,501.356,
23326828,167.435238,-32.016155,10.3123,6657.0,4.26292,1.44756,1.4,282.081,
38579332,180.323118,-18.130931,12.0894,4376.25,4.73006,,0.684,125.95,0.203298
105712339,156.412301,-38.859366,12.1993,5858.16,4.3664,,1.06,426.445,-0.0369232
269895488,151.013334,-40.1202,13.3557,6135.0,4.08813,,1.16,1073.67,
458032939,159.035254,-54.382254,11.7696,5167.0,4.52934,,0.87,207.148,
93532796,175.551259,-49.856939,13.2463,6046.0,4.08458,,1.12,991.832,
142064910,178.981686,-31.884932,13.9673,3565.0,4.69628,,0.542809,180.562,
163262279,173.143723,-47.316381,12.8831,5850.0,4.31181,,1.06,591.587,
281170011,144.832503,-50.761602,12.563,8858.0,4.24084,,2.23,1208.75,
45636452,130.853835,-58.512337,11.4804,6035.0,4.34721,,1.12,336.488,
193318850,177.729962,-16.741631,12.7639,5560.0,4.63308,,0.98,356.413,
33977715,146.10015,-43.53628,11.7783,7073.0,4.42694,,1.57,501.524,
158200069,162.399912,-37.779533,11.562,5807.0,4.33772,,1.04,324.314,
23224540,166.869773,-31.300203,13.4245,5971.0,4.26606,,1.1,882.15,
384482338,136.605533,-57.388261,12.39,5778.0,3.6265,,1.04,944.357,
163493945,174.077221,-43.015877,13.2189,5977.0,3.67992,,1.1,1561.22,
36811910,150.692632,-47.801519,12.3026,6179.0,3.43529,,1.18,1334.05,
303865520,140.301554,-68.845048,12.5045,4447.0,4.58586,,0.7,180.302,
73983171,233.833969,-21.432973,13.2109,5672.0,4.35661,,1.01,573.983,
198294279,254.833524,-18.997498,12.0623,6411.0,,,,469.405,
309694541,223.857623,-18.432319,12.8222,5692.0,3.94723,,1.01,837.457,
49729638,241.219024,-8.49573,12.5813,5748.0,4.27425,,1.03,489.131,
31061885,212.140983,-24.09037,14.9939,3683.0,4.62138,,0.616262,377.009,
354809215,251.216358,-28.705462,12.2256,6290.0,3.72215,,1.23,959.738,
422568868,216.121578,-20.40587,12.3564,5143.0,,,,257.587,
68123867,242.670222,-29.479459,12.8578,7418.0,4.24207,,1.7,1099.08,
347866089,214.872161,-16.530273,14.346,3594.0,4.58907,,0.645846,299.356,
434620877,254.783907,-17.950456,11.4045,6313.0,4.26152,,1.243,341.243,
437346961,225.13792,-19.599006,11.4508,4775.0,4.58153,,0.769,136.115,
67607738,241.70293,-24.622789,12.4293,5792.0,4.11819,,1.04,587.14,
77466620,239.02854,-29.408764,13.4066,5255.0,4.28938,,0.9,599.002,
38691375,211.970138,-4.851848,12.1775,5531.73,3.94074,,0.97,608.693,0.182
26040447,220.578902,-10.659667,12.9426,5501.0,4.67111,,0.96,348.593,
115018003,201.891869,-1.652109,14.4211,3701.0,4.62948,,0.608728,287.306,
346069206,217.261903,-15.005071,10.9216,5947.0,3.96917,,1.09,378.415,
17798086,254.58218,-24.33508,12.272,6103.0,4.04823,,1.15,582.644,
23847464,237.734608,-28.345343,12.7202,5773.0,4.29733,,1.03,547.834,
37126544,231.763728,-10.124817,11.1767,5346.1,,,,230.887,-0.45
434949776,258.662255,-15.635256,12.7586,5916.0,4.16739,,1.08,594.506,
51680381,311.62103,-8.486967,13.201,5556.0,4.22395,,0.98,699.953,
33400193,344.54514,-8.208993,11.247,5678.8,4.05112,,1.01,361.403,0.0
102181368,330.748022,-15.16795,13.4003,,,,,632.994,
441919395,283.57671,-18.251323,12.3998,6281.0,4.25603,,1.23,612.322,
68792475,295.488717,-18.979296,11.9241,6483.351,,,,630.587,
301023390,300.379331,-26.605767,13.3963,5854.0,4.15308,,1.06,897.567,
127361441,267.125285,-26.315685,12.6866,5451.0,4.40432,,0.952,368.774,
237343052,297.261169,-11.415831,12.9723,,,,,246.952,
309845124,284.293943,-15.426038,14.6213,3318.0,4.73905,,0.496199,,
311010709,284.766001,-16.755523,12.4878,5797.0,4.16334,,1.04,504.321,
301271430,351.325812,-2.069376,10.2034,5508.0,4.56473,0.849931,0.967,118.232,
335919075,342.073455,-8.730376,12.5838,5727.0,4.14146,,1.02,635.896,
449292005,286.961338,-17.721678,13.0066,5985.0,4.26258,,1.1,702.927,
250294534,339.649245,-1.761936,12.8166,5576.0,4.25651,,0.98,565.545,
353111680,284.124143,-13.941955,12.1392,5049.0,,,,482.532,
422078739,342.098953,4.677304,12.8498,5839.77,4.34084,,1.05,583.113,-0.137
69538264,297.02919,-18.603412,12.2441,7387.0,4.15243,,1.68,954.087,
166510722,262.535495,-19.227545,11.9385,6639.0,3.87817,,1.4,577.248,
206167837,313.82447,-12.641371,13.3095,5599.0,,,,688.224,
269244393,324.889027,-1.937782,12.8211,5756.0,4.02538,,1.03,812.124,
317916019,330.486467,-1.494249,11.481,4972.24,,,,493.805,0.272
206553642,333.350426,-18.849605,13.9169,3490.0,4.79328,,0.43234,132.923,
13663443,301.069439,-14.175746,13.2591,6113.0,4.06252,,1.15,928.727,
279356,278.536261,-23.340781,9.2344,5648.0,3.77672,2.14342,1.002,195.974,
913035,328.308839,-11.38639,11.6909,5771.0,4.15063,,1.034,423.463,
442381495,285.788112,-18.882071,13.4815,4637.0,4.44058,,0.736,351.991,
155744976,325.553637,-12.351951,9.43949,5049.0,,3.68393,,300.483,
51217656,276.081987,-26.001347,12.7186,4749.0,4.36432,,0.763,315.085,
169725951,293.53469,-28.894818,12.2415,5455.0,4.41505,,0.953,340.918,
317916466,330.52927,-2.809171,11.4199,5517.3,4.00964,,0.97,370.663,0.234
422037052,341.163271,4.535107,11.8012,4885.47,,,,820.972,-0.169685
146320244,158.467982,-42.699489,10.8867,5394.0,4.3476,1.0759600400924685,0.94,196.924,
1104064500,235.167487,-81.204144,12.4781,5947.0,4.0722,1.5909199714660645,1.09,615.776,
73644471,191.799964,-43.840457,12.4024,5596.1,4.12347,1.4292800426483154,0.99,541.706,0.189956
193096383,156.873629,-27.515538,12.2323,5549.08,4.44846,0.9781699776649476,0.98,346.787,0.297863
434452008,139.737837,-19.233221,11.4135,5743.0,4.36498,1.10399,1.03,285.961,
405421485,142.995149,-12.686627,11.7392,6482.0,4.02297,1.85284,1.32,688.796,
441058440,145.017009,-55.848189,12.3723,,,,,1675.03,
289909884,175.840933,-16.341877,13.1182,5846.0,4.25199,1.27553,1.06,749.802,
340383885,238.069391,-61.443958,11.5747,5622.0,4.09979,1.47618,1.0,381.628,
21355897,267.517343,-43.823305,10.2849,6262.0,3.64843,2.74157,1.22,449.576,
60091800,276.132986,-36.95366,12.2083,6061.34,4.24913,1.32131,1.13,524.17,-0.138001
447419723,252.408002,-62.62692,13.1865,5009.0,4.51402,0.834766,0.83,369.017,
237164114,251.851126,-46.928061,11.2699,7150.0,4.34011,1.41148,1.59,400.833,
326266811,270.37751,-40.058293,12.463,5593.0,4.49938,0.92717,0.99,365.183,
161421929,262.07485,-35.671652,12.2163,6626.0,4.21565,1.52305,1.39,473.601,
265523693,270.576212,-35.785757,10.9565,5740.0,4.29496,1.19666,1.03,246.75,
323624496,136.832191,-78.873025,13.2732,,,,,525.181,
465283863,263.688703,-40.470691,11.5641,5859.0,4.23884,1.29498,1.06,335.567,
395186430,205.13567,-75.872709,13.1516,3817.0,4.63326,0.621363,0.605179,165.908,
160679177,261.898819,-34.008104,12.7851,5722.0,3.93099,1.81067,1.02,673.446,
307398951,268.051997,-64.74778,12.5891,5822.0,4.26795,1.24638,1.05,562.544,
55578720,271.833667,-33.775714,12.206,6357.0,4.33905,1.25804,1.26,511.111,
395745531,208.912718,-77.319556,10.7318,5364.0,4.53445,0.86308,0.93,144.057,
263313709,234.139191,-66.596133,11.8068,6387.0,4.04716,1.77442,1.28,628.054,
194721330,271.319942,-35.518968,12.103,5817.0,4.25466,1.2656,1.05,441.623,
157703394,260.910941,-33.630914,13.1063,6982.0,4.10176,1.8218,1.53,1062.06,
193164274,259.729928,-38.030485,11.1016,5215.0,4.21937,1.21351,0.89,222.24,
447462887,252.543922,-60.625468,13.4919,,,,,993.028,
410056850,320.873851,-71.238617,12.6847,6543.0,4.31392,1.3404099941253662,1.35,772.939,
73232401,190.243721,-43.189972,10.2429,5567.0,4.48478,0.9381189942359924,0.98,135.21,
951438622,187.568931,-26.930961,18.8086,5780.0,4.438,1.0,,186.69,
341497604,318.593484,-61.295135,12.5828,6138.0,3.91431,1.968369960784912,1.16,974.199,
124095894,196.287401,-31.986913,13.6239,5780.0,4.438,1.0,,332.402,
