tic_id,label
231663901,0
TIC_231663901,0
149603524,0
TIC_149603524,0
336732616,0
TIC_336732616,0
231670397,0
TIC_231670397,0
144065872,0
TIC_144065872,0
38846515,0
TIC_38846515,0
92352620,0
TIC_92352620,0
289793076,0
TIC_289793076,0
29344935,0
TIC_29344935,0
281459670,0
TIC_281459670,0
355703913,0
TIC_355703913,0
388104525,0
TIC_388104525,0
97409519,0
TIC_97409519,0
25155310,0
TIC_25155310,0
281541555,0
TIC_281541555,0
238176110,0
TIC_238176110,0
322307342,0
TIC_322307342,0
266980320,0
TIC_266980320,0
278683844,0
TIC_278683844,0
394137592,0
TIC_394137592,0
207081058,0
TIC_207081058,0
231702397,0
TIC_231702397,0
290131778,0
TIC_290131778,0
29831208,0
TIC_29831208,0
52368076,0
TIC_52368076,0
70440470,0
TIC_70440470,0
234523599,0
TIC_234523599,0
391949880,0
TIC_391949880,0
201248411,0
TIC_201248411,0
263003176,0
TIC_263003176,0
235037761,0
TIC_235037761,0
89020549,0
TIC_89020549,0
219338557,0
TIC_219338557,0
234994474,0
TIC_234994474,0
267263253,0
TIC_267263253,0
410153553,0
TIC_410153553,0
176957796,3
TIC_176957796,3
277683130,0
TIC_277683130,0
62483237,0
TIC_62483237,0
140068425,0
TIC_140068425,0
403224672,0
TIC_403224672,0
425934411,0
TIC_425934411,0
25375553,0
TIC_25375553,0
261136679,0
TIC_261136679,0
265612438,0
TIC_265612438,0
355636844,3
TIC_355636844,3
220435095,3
TIC_220435095,3
393940766,0
TIC_393940766,0
260985861,0
TIC_260985861,0
271893367,0
TIC_271893367,0
382302241,3
TIC_382302241,3
403287048,3
TIC_403287048,3
231081369,0
TIC_231081369,0
389525208,3
TIC_389525208,3
129637892,0
TIC_129637892,0
220518305,3
TIC_220518305,3
140691463,0
TIC_140691463,0
403136413,3
TIC_403136413,3
394657039,0
TIC_394657039,0
253917293,3
TIC_253917293,3
348770361,0
TIC_348770361,0
99493790,0
TIC_99493790,0
179317684,0
TIC_179317684,0
79395355,3
TIC_79395355,3
350743714,3
TIC_350743714,3
147203645,0
TIC_147203645,0
149990841,0
TIC_149990841,0
369457671,0
TIC_369457671,0
183120439,0
TIC_183120439,0
394698182,0
TIC_394698182,0
309257814,0
TIC_309257814,0
29857954,0
TIC_29857954,0
270341214,0
TIC_270341214,0
425997655,0
TIC_425997655,0
307210830,0
TIC_307210830,0
272086159,3
TIC_272086159,3
262530407,0
TIC_262530407,0
251848941,0
TIC_251848941,0
207141131,0
TIC_207141131,0
51912829,0
TIC_51912829,0
76923707,0
TIC_76923707,0
76989773,0
TIC_76989773,0
183979262,3
TIC_183979262,3
300871545,3
TIC_300871545,3
100100827,0
TIC_100100827,0
279741379,0
TIC_279741379,0
260304296,0
TIC_260304296,0
280830734,0
TIC_280830734,0
278866211,3
TIC_278866211,3
166739520,0
TIC_166739520,0
183532609,0
TIC_183532609,0
183537452,0
TIC_183537452,0
183985250,0
TIC_183985250,0
211438925,0
TIC_211438925,0
230982885,0
TIC_230982885,0
234519192,0
TIC_234519192,0
441462736,0
TIC_441462736,0
12421862,0
TIC_12421862,0
309792357,0
TIC_309792357,0
410214986,0
TIC_410214986,0
350618622,0
TIC_350618622,0
355509914,0
TIC_355509914,0
259962054,3
TIC_259962054,3
281781375,0
TIC_281781375,0
281575427,0
TIC_281575427,0
55650590,0
TIC_55650590,0
260271203,3
TIC_260271203,3
314865962,0
TIC_314865962,0
52204645,0
TIC_52204645,0
141608198,0
TIC_141608198,0
300293197,0
TIC_300293197,0
206609630,0
TIC_206609630,0
234345288,0
TIC_234345288,0
167415965,0
TIC_167415965,0
231912935,0
TIC_231912935,0
55652896,0
TIC_55652896,0
260043723,3
TIC_260043723,3
32090583,0
TIC_32090583,0
260609205,3
TIC_260609205,3
150098860,0
TIC_150098860,0
316937670,3
TIC_316937670,3
144440290,3
TIC_144440290,3
326453034,3
TIC_326453034,3
70797900,0
TIC_70797900,0
47525799,0
TIC_47525799,0
47484268,3
TIC_47484268,3
2760710,3
TIC_2760710,3
77044471,0
TIC_77044471,0
120610833,0
TIC_120610833,0
160074939,3
TIC_160074939,3
204376737,0
TIC_204376737,0
402026209,0
TIC_402026209,0
415969908,0
TIC_415969908,0
12423815,0
TIC_12423815,0
280095254,0
TIC_280095254,0
9727392,3
TIC_9727392,3
305048087,0
TIC_305048087,0
9006668,0
TIC_9006668,0
9725627,0
TIC_9725627,0
101948569,0
TIC_101948569,0
77031414,0
TIC_77031414,0
120585579,3
TIC_120585579,3
149010208,0
TIC_149010208,0
118327550,0
TIC_118327550,0
154618248,0
TIC_154618248,0
158623531,0
TIC_158623531,0
160148385,0
TIC_160148385,0
201793781,0
TIC_201793781,0
179985715,0
TIC_179985715,0
184240683,0
TIC_184240683,0
224225541,0
TIC_224225541,0
237924601,0
TIC_237924601,0
322063810,0
TIC_322063810,0
49687222,3
TIC_49687222,3
204317710,0
TIC_204317710,0
92226327,0
TIC_92226327,0
200723869,0
TIC_200723869,0
350445771,3
TIC_350445771,3
12862099,0
TIC_12862099,0
37749396,0
TIC_37749396,0
63898957,0
TIC_63898957,0
70513361,0
TIC_70513361,0
120916706,0
TIC_120916706,0
122612091,0
TIC_122612091,0
159951311,0
TIC_159951311,0
164767175,0
TIC_164767175,0
166836920,0
TIC_166836920,0
219253008,0
TIC_219253008,0
220479565,0
TIC_220479565,0
259377017,0
TIC_259377017,0
259511357,0
TIC_259511357,0
268766053,0
TIC_268766053,0
279740441,3
TIC_279740441,3
281979481,3
TIC_281979481,3
373844472,0
TIC_373844472,0
382188882,3
TIC_382188882,3
439456714,0
TIC_439456714,0
244161191,0
TIC_244161191,0
122613513,0
TIC_122613513,0
42054565,0
TIC_42054565,0
38696105,0
TIC_38696105,0
29781292,0
TIC_29781292,0
382626661,0
TIC_382626661,0
277103955,3
TIC_277103955,3
220459976,0
TIC_220459976,0
150030205,0
TIC_150030205,0
2758565,0
TIC_2758565,0
47316976,0
TIC_47316976,0
201292545,0
TIC_201292545,0
201233610,3
TIC_201233610,3
49710555,3
TIC_49710555,3
180285396,0
TIC_180285396,0
355637190,0
TIC_355637190,0
188570092,0
TIC_188570092,0
327952677,0
TIC_327952677,0
382463648,0
TIC_382463648,0
115242351,3
TIC_115242351,3
206686292,0
TIC_206686292,0
156075294,0
TIC_156075294,0
166697854,3
TIC_166697854,3
144301052,0
TIC_144301052,0
229111835,0
TIC_229111835,0
145750719,0
TIC_145750719,0
262530873,3
TIC_262530873,3
102030574,0
TIC_102030574,0
114749636,0
TIC_114749636,0
9100874,0
TIC_9100874,0
281710229,0
TIC_281710229,0
228507250,0
TIC_228507250,0
175477257,0
TIC_175477257,0
434105231,0
TIC_434105231,0
180145006,0
TIC_180145006,0
9102327,3
TIC_9102327,3
316769613,0
TIC_316769613,0
66356824,3
TIC_66356824,3
8988289,0
TIC_8988289,0
402319411,0
TIC_402319411,0
206352378,0
TIC_206352378,0
389753172,0
TIC_389753172,0
188593930,3
TIC_188593930,3
175476629,3
TIC_175476629,3
198077394,0
TIC_198077394,0
251852984,0
TIC_251852984,0
156002449,0
TIC_156002449,0
66413476,0
TIC_66413476,0
144336525,0
TIC_144336525,0
206669860,0
TIC_206669860,0
139357541,0
TIC_139357541,0
169765334,0
TIC_169765334,0
27966179,0
TIC_27966179,0
262531275,3
TIC_262531275,3
139285832,0
TIC_139285832,0
224245334,0
TIC_224245334,0
233964642,0
TIC_233964642,0
41865539,3
TIC_41865539,3
55452495,3
TIC_55452495,3
155986102,3
TIC_155986102,3
116156517,0
TIC_116156517,0
69838258,3
TIC_69838258,3
80439101,0
TIC_80439101,0
33911302,0
TIC_33911302,0
415969574,3
TIC_415969574,3
66497310,0
TIC_66497310,0
13023378,0
TIC_13023378,0
308208458,0
TIC_308208458,0
118327533,0
TIC_118327533,0
224271611,0
TIC_224271611,0
70785910,0
TIC_70785910,0
382474101,3
TIC_382474101,3
199731190,0
TIC_199731190,0
228381868,0
TIC_228381868,0
47423120,0
TIC_47423120,0
100099031,0
TIC_100099031,0
100097716,0
TIC_100097716,0
183593642,0
TIC_183593642,0
369336146,0
TIC_369336146,0
220016044,3
TIC_220016044,3
321982642,0
TIC_321982642,0
80432617,0
TIC_80432617,0
13023738,3
TIC_13023738,3
144276942,0
TIC_144276942,0
305048116,0
TIC_305048116,0
262530780,0
TIC_262530780,0
47425697,0
TIC_47425697,0
118586896,0
TIC_118586896,0
251878904,0
TIC_251878904,0
9033144,3
TIC_9033144,3
77031413,3
TIC_77031413,3
175482273,0
TIC_175482273,0
251855940,0
TIC_251855940,0
156016136,0
TIC_156016136,0
441075486,0
TIC_441075486,0
9032368,3
TIC_9032368,3
183675732,0
TIC_183675732,0
280097543,0
TIC_280097543,0
144301273,0
TIC_144301273,0
139285736,3
TIC_139285736,3
20892672,3
TIC_20892672,3
220396259,3
TIC_220396259,3
100014359,0
TIC_100014359,0
207084429,3
TIC_207084429,3
229091748,3
TIC_229091748,3
167418898,3
TIC_167418898,3
155995204,3
TIC_155995204,3
300810086,3
TIC_300810086,3
238059180,0
TIC_238059180,0
92359850,3
TIC_92359850,3
422655579,0
TIC_422655579,0
271900960,3
TIC_271900960,3
250386181,3
TIC_250386181,3
382391899,0
TIC_382391899,0
328350926,0
TIC_328350926,0
29960109,3
TIC_29960109,3
9858404,0
TIC_9858404,0
38541473,0
TIC_38541473,0
178155732,0
TIC_178155732,0
219379012,3
TIC_219379012,3
1129033,0
TIC_1129033,0
219388773,3
TIC_219388773,3
35857242,0
TIC_35857242,0
259701242,3
TIC_259701242,3
120896927,0
TIC_120896927,0
257567854,0
TIC_257567854,0
166833457,0
TIC_166833457,0
176984236,3
TIC_176984236,3
153065527,0
TIC_153065527,0
349518800,0
TIC_349518800,0
176778112,3
TIC_176778112,3
167754523,3
TIC_167754523,3
206466531,3
TIC_206466531,3
100990000,0
TIC_100990000,0
7624182,3
TIC_7624182,3
170634116,0
TIC_170634116,0
325680697,3
TIC_325680697,3
152476657,0
TIC_152476657,0
49899799,3
TIC_49899799,3
339733013,3
TIC_339733013,3
178284730,0
TIC_178284730,0
279251651,3
TIC_279251651,3
408159788,3
TIC_408159788,3
94986319,0
TIC_94986319,0
117979455,0
TIC_117979455,0
43647325,0
TIC_43647325,0
117979694,3
TIC_117979694,3
169532369,3
TIC_169532369,3
189013224,0
TIC_189013224,0
70914192,0
TIC_70914192,0
117979850,0
TIC_117979850,0
259592689,0
TIC_259592689,0
459942762,3
TIC_459942762,3
31374837,0
TIC_31374837,0
38686737,3
TIC_38686737,3
188989177,3
TIC_188989177,3
78055054,0
TIC_78055054,0
44647437,0
TIC_44647437,0
44745077,3
TIC_44745077,3
32499655,0
TIC_32499655,0
468880077,0
TIC_468880077,0
13021029,0
TIC_13021029,0
143350972,3
TIC_143350972,3
316916655,3
TIC_316916655,3
70899085,0
TIC_70899085,0
117979897,0
TIC_117979897,0
179034327,0
TIC_179034327,0
14091704,0
TIC_14091704,0
1449640,0
TIC_1449640,0
14091633,0
TIC_14091633,0
1528696,0
TIC_1528696,0
139528693,0
TIC_139528693,0
77951245,0
TIC_77951245,0
257605131,0
TIC_257605131,0
139733308,0
TIC_139733308,0
452808876,0
TIC_452808876,0
153077621,0
TIC_153077621,0
98796344,0
TIC_98796344,0
77228304,3
TIC_77228304,3
89256802,0
TIC_89256802,0
64071894,0
TIC_64071894,0
38603673,0
TIC_38603673,0
9804616,3
TIC_9804616,3
4646810,0
TIC_4646810,0
420049884,0
TIC_420049884,0
176831592,3
TIC_176831592,3
398733009,3
TIC_398733009,3
270380593,0
TIC_270380593,0
4616072,0
TIC_4616072,0
20178111,3
TIC_20178111,3
33521996,0
TIC_33521996,0
33692729,0
TIC_33692729,0
37770169,0
TIC_37770169,0
47911178,0
TIC_47911178,0
52280468,0
TIC_52280468,0
52640302,0
TIC_52640302,0
59843967,0
TIC_59843967,0
100608026,0
TIC_100608026,0
156987351,0
TIC_156987351,0
170102285,0
TIC_170102285,0
172464366,3
TIC_172464366,3
306362738,0
TIC_306362738,0
317548889,0
TIC_317548889,0
339672028,0
TIC_339672028,0
365639282,3
TIC_365639282,3
393414358,0
TIC_393414358,0
427348923,3
TIC_427348923,3
427352241,3
TIC_427352241,3
260708537,0
TIC_260708537,0
31852980,0
TIC_31852980,0
452866790,0
TIC_452866790,0
455096220,0
TIC_455096220,0
455135327,0
TIC_455135327,0
468987719,0
TIC_468987719,0
17746821,0
TIC_17746821,0
19025965,0
TIC_19025965,0
19519368,0
TIC_19519368,0
22529346,0
TIC_22529346,0
88977253,0
TIC_88977253,0
108645766,3
TIC_108645766,3
121338379,0
TIC_121338379,0
123702439,0
TIC_123702439,0
134200185,0
TIC_134200185,0
134537478,0
TIC_134537478,0
172193428,0
TIC_172193428,0
186812530,0
TIC_186812530,0
219164808,3
TIC_219164808,3
268644785,0
TIC_268644785,0
274138511,3
TIC_274138511,3
348538431,0
TIC_348538431,0
425206121,0
TIC_425206121,0
453211454,0
TIC_453211454,0
238086647,0
TIC_238086647,0
440777904,0
TIC_440777904,0
119292328,0
TIC_119292328,0
431999925,3
TIC_431999925,3
366576758,0
TIC_366576758,0
366622912,0
TIC_366622912,0
318937509,0
TIC_318937509,0
308307606,3
TIC_308307606,3
264979636,0
TIC_264979636,0
218795833,0
TIC_218795833,0
148479278,0
TIC_148479278,0
27649847,0
TIC_27649847,0
19451711,3
TIC_19451711,3
93125144,3
TIC_93125144,3
365690646,3
TIC_365690646,3
71512186,0
TIC_71512186,0
200593988,3
TIC_200593988,3
148228019,0
TIC_148228019,0
403693875,3
TIC_403693875,3
438490744,3
TIC_438490744,3
387690507,0
TIC_387690507,0
302895996,3
TIC_302895996,3
144700903,0
TIC_144700903,0
309791156,0
TIC_309791156,0
281909674,0
TIC_281909674,0
280210963,0
TIC_280210963,0
234825296,0
TIC_234825296,0
234112540,0
TIC_234112540,0
237751146,3
TIC_237751146,3
238004786,0
TIC_238004786,0
200322593,0
TIC_200322593,0
143271144,0
TIC_143271144,0
49771092,0
TIC_49771092,0
53593457,3
TIC_53593457,3
50618703,0
TIC_50618703,0
37168957,0
TIC_37168957,0
36440357,0
TIC_36440357,0
36352297,0
TIC_36352297,0
42821097,0
TIC_42821097,0
32830028,3
TIC_32830028,3
311183180,3
TIC_311183180,3
192826603,0
TIC_192826603,0
44737596,0
TIC_44737596,0
161477033,3
TIC_161477033,3
407966340,0
TIC_407966340,0
170849515,0
TIC_170849515,0
59003115,3
TIC_59003115,3
55488511,0
TIC_55488511,0
207110080,0
TIC_207110080,0
209459275,0
TIC_209459275,0
101011575,0
TIC_101011575,0
377064495,0
TIC_377064495,0
413248763,0
TIC_413248763,0
405454160,0
TIC_405454160,0
1003831,0
TIC_1003831,0
1103432,0
TIC_1103432,0
1133072,3
TIC_1133072,3
13349647,0
TIC_13349647,0
37575651,3
TIC_37575651,3
123482865,0
TIC_123482865,0
126733133,3
TIC_126733133,3
270468559,0
TIC_270468559,0
289535142,0
TIC_289535142,0
296780789,0
TIC_296780789,0
315002523,0
TIC_315002523,0
386435344,3
TIC_386435344,3
408310006,0
TIC_408310006,0
410094645,0
TIC_410094645,0
423275733,0
TIC_423275733,0
238061845,0
TIC_238061845,0
81419525,0
TIC_81419525,0
180987952,3
TIC_180987952,3
287474726,3
TIC_287474726,3
131743355,0
TIC_131743355,0
74482749,3
TIC_74482749,3
190990336,0
TIC_190990336,0
131979339,3
TIC_131979339,3
294090620,3
TIC_294090620,3
130415266,0
TIC_130415266,0
412961700,3
TIC_412961700,3
270841724,3
TIC_270841724,3
146261607,3
TIC_146261607,3
196286587,3
TIC_196286587,3
128463355,3
TIC_128463355,3
146406806,0
TIC_146406806,0
287329267,3
TIC_287329267,3
144956678,3
TIC_144956678,3
146208651,3
TIC_146208651,3
81429971,3
TIC_81429971,3
145982812,3
TIC_145982812,3
134396419,3
TIC_134396419,3
141363913,0
TIC_141363913,0
175176327,0
TIC_175176327,0
262746281,0
TIC_262746281,0
145027461,3
TIC_145027461,3
181304295,0
TIC_181304295,0
122262940,3
TIC_122262940,3
153651591,3
TIC_153651591,3
186547153,0
TIC_186547153,0
134404603,0
TIC_134404603,0
80275202,3
TIC_80275202,3
154459165,3
TIC_154459165,3
284738182,0
TIC_284738182,0
77527511,0
TIC_77527511,0
118021229,3
TIC_118021229,3
190496853,0
TIC_190496853,0
145879095,0
TIC_145879095,0
141227133,3
TIC_141227133,3
173640199,0
TIC_173640199,0
267527924,3
TIC_267527924,3
296739893,0
TIC_296739893,0
30828562,0
TIC_30828562,0
83092282,0
TIC_83092282,0
101395259,3
TIC_101395259,3
399870368,0
TIC_399870368,0
379929661,0
TIC_379929661,0
65412605,0
TIC_65412605,0
365781372,3
TIC_365781372,3
281408474,0
TIC_281408474,0
293853437,0
TIC_293853437,0
123898871,0
TIC_123898871,0
97158538,3
TIC_97158538,3
349790953,3
TIC_349790953,3
348755723,3
TIC_348755723,3
344926234,3
TIC_344926234,3
286132427,3
TIC_286132427,3
146463781,3
TIC_146463781,3
133334108,0
TIC_133334108,0
78154865,3
TIC_78154865,3
82362447,3
TIC_82362447,3
147977348,0
TIC_147977348,0
49079670,0
TIC_49079670,0
79292541,0
TIC_79292541,0
432008938,3
TIC_432008938,3
63303499,3
TIC_63303499,3
157568289,3
TIC_157568289,3
238197709,3
TIC_238197709,3
92992033,0
TIC_92992033,0
78672342,3
TIC_78672342,3
35582553,0
TIC_35582553,0
349373192,3
TIC_349373192,3
72090501,0
TIC_72090501,0
22221375,0
TIC_22221375,0
33153766,3
TIC_33153766,3
35009898,0
TIC_35009898,0
35516889,0
TIC_35516889,0
36734222,0
TIC_36734222,0
48103627,0
TIC_48103627,0
48476907,3
TIC_48476907,3
48476908,0
TIC_48476908,0
53189332,0
TIC_53189332,0
53735810,0
TIC_53735810,0
54085154,3
TIC_54085154,3
54962195,0
TIC_54962195,0
55092869,0
TIC_55092869,0
73723286,3
TIC_73723286,3
82128636,0
TIC_82128636,0
101955023,0
TIC_101955023,0
102195674,0
TIC_102195674,0
124573851,0
TIC_124573851,0
147660201,3
TIC_147660201,3
151681127,0
TIC_151681127,0
151825527,0
TIC_151825527,0
151959065,3
TIC_151959065,3
158588995,0
TIC_158588995,0
169226822,0
TIC_169226822,0
219187649,0
TIC_219187649,0
280206394,0
TIC_280206394,0
294395926,0
TIC_294395926,0
308050066,3
TIC_308050066,3
335499997,0
TIC_335499997,0
410450228,0
TIC_410450228,0
429304876,0
TIC_429304876,0
437248515,0
TIC_437248515,0
462162948,0
TIC_462162948,0
281731203,0
TIC_281731203,0
339857675,0
TIC_339857675,0
74534430,0
TIC_74534430,0
339636032,3
TIC_339636032,3
445822015,3
TIC_445822015,3
101497191,3
TIC_101497191,3
156991337,3
TIC_156991337,3
320417762,3
TIC_320417762,3
458589703,3
TIC_458589703,3
55383975,3
TIC_55383975,3
55559618,0
TIC_55559618,0
77156829,0
TIC_77156829,0
77253676,0
TIC_77253676,0
141527579,0
TIC_141527579,0
149302744,0
TIC_149302744,0
150428135,0
TIC_150428135,0
219239945,3
TIC_219239945,3
237914496,0
TIC_237914496,0
237928815,0
TIC_237928815,0
260004324,0
TIC_260004324,0
391904697,0
TIC_391904697,0
219345200,0
TIC_219345200,0
167342439,0
TIC_167342439,0
391821647,3
TIC_391821647,3
396720998,0
TIC_396720998,0
309402106,3
TIC_309402106,3
38510224,0
TIC_38510224,0
150151262,0
TIC_150151262,0
167600516,0
TIC_167600516,0
219195044,0
TIC_219195044,0
271971130,0
TIC_271971130,0
119081096,3
TIC_119081096,3
275248683,3
TIC_275248683,3
150247134,3
TIC_150247134,3
184952758,3
TIC_184952758,3
131419878,3
TIC_131419878,3
38571020,0
TIC_38571020,0
38509907,0
TIC_38509907,0
177077336,0
TIC_177077336,0
339961200,0
TIC_339961200,0
410245915,3
TIC_410245915,3
174143743,3
TIC_174143743,3
149788158,0
TIC_149788158,0
96097215,3
TIC_96097215,3
144138509,3
TIC_144138509,3
11561667,0
TIC_11561667,0
34068865,0
TIC_34068865,0
36724087,0
TIC_36724087,0
106402532,0
TIC_106402532,0
146846569,3
TIC_146846569,3
150271680,3
TIC_150271680,3
181804752,0
TIC_181804752,0
219189765,0
TIC_219189765,0
260304800,0
TIC_260304800,0
279425357,0
TIC_279425357,0
310009611,0
TIC_310009611,0
359271092,0
TIC_359271092,0
373424049,3
TIC_373424049,3
434486077,0
TIC_434486077,0
437242640,0
TIC_437242640,0
444842193,0
TIC_444842193,0
167418903,0
TIC_167418903,0
15445551,0
TIC_15445551,0
104024556,0
TIC_104024556,0
5868998,0
TIC_5868998,0
14614418,0
TIC_14614418,0
14661418,0
TIC_14661418,0
61538902,0
TIC_61538902,0
61988212,0
TIC_61988212,0
72985822,0
TIC_72985822,0
73228647,0
TIC_73228647,0
73649615,0
TIC_73649615,0
130924120,0
TIC_130924120,0
131081852,3
TIC_131081852,3
152147232,0
TIC_152147232,0
162362398,0
TIC_162362398,0
165317334,0
TIC_165317334,0
178709444,0
TIC_178709444,0
178819686,0
TIC_178819686,0
181159386,0
TIC_181159386,0
219401954,3
TIC_219401954,3
219698950,0
TIC_219698950,0
229047362,0
TIC_229047362,0
229811538,0
TIC_229811538,0
248075138,0
TIC_248075138,0
248111245,0
TIC_248111245,0
277634430,0
TIC_277634430,0
286864983,0
TIC_286864983,0
286865921,0
TIC_286865921,0
294301883,0
TIC_294301883,0
304042899,3
TIC_304042899,3
306996324,0
TIC_306996324,0
334305570,0
TIC_334305570,0
335630746,0
TIC_335630746,0
374095457,0
TIC_374095457,0
398943781,0
TIC_398943781,0
413376180,0
TIC_413376180,0
429358906,0
TIC_429358906,0
451645081,0
TIC_451645081,0
460984940,0
TIC_460984940,0
374829238,0
TIC_374829238,0
375059587,0
TIC_375059587,0
350584963,0
TIC_350584963,0
349829627,0
TIC_349829627,0
300710077,0
TIC_300710077,0
308994098,0
TIC_308994098,0
306472057,0
TIC_306472057,0
294780517,3
TIC_294780517,3
300013921,3
TIC_300013921,3
299945285,0
TIC_299945285,0
278895705,0
TIC_278895705,0
277099925,3
TIC_277099925,3
271596225,0
TIC_271596225,0
260640693,0
TIC_260640693,0
255685030,0
TIC_255685030,0
179308757,0
TIC_179308757,0
177258735,0
TIC_177258735,0
167303382,0
TIC_167303382,0
143526444,3
TIC_143526444,3
41227743,3
TIC_41227743,3
38460940,0
TIC_38460940,0
33831980,0
TIC_33831980,0
30853470,0
TIC_30853470,0
30122649,0
TIC_30122649,0
149301575,0
TIC_149301575,0
388106759,0
TIC_388106759,0
100757807,0
TIC_100757807,0
363914762,0
TIC_363914762,0
55525572,0
TIC_55525572,0
255760319,3
TIC_255760319,3
102840239,0
TIC_102840239,0
175180796,3
TIC_175180796,3
30312676,3
TIC_30312676,3
46096489,0
TIC_46096489,0
73717937,0
TIC_73717937,0
111991770,0
TIC_111991770,0
125405602,3
TIC_125405602,3
127530399,0
TIC_127530399,0
158978373,0
TIC_158978373,0
193641523,0
TIC_193641523,0
220029715,0
TIC_220029715,0
243200602,0
TIC_243200602,0
270507305,0
TIC_270507305,0
271168962,0
TIC_271168962,0
276128561,0
TIC_276128561,0
281924357,0
TIC_281924357,0
307610438,0
TIC_307610438,0
350332997,3
TIC_350332997,3
362249359,0
TIC_362249359,0
404340025,0
TIC_404340025,0
405700729,0
TIC_405700729,0
440887364,0
TIC_440887364,0
460205581,0
TIC_460205581,0
461271719,3
TIC_461271719,3
466840711,0
TIC_466840711,0
287563610,0
TIC_287563610,0
238932509,0
TIC_238932509,0
141768070,0
TIC_141768070,0
437333618,0
TIC_437333618,0
380886535,3
TIC_380886535,3
32283946,3
TIC_32283946,3
229141709,3
TIC_229141709,3
231289421,0
TIC_231289421,0
42015200,3
TIC_42015200,3
33595516,0
TIC_33595516,0
423670610,0
TIC_423670610,0
40083958,0
TIC_40083958,0
29918916,0
TIC_29918916,0
138727432,0
TIC_138727432,0
160222069,0
TIC_160222069,0
269558487,0
TIC_269558487,0
306338882,0
TIC_306338882,0
404467699,0
TIC_404467699,0
198008005,0
TIC_198008005,0
150430484,0
TIC_150430484,0
321011127,0
TIC_321011127,0
372913430,3
TIC_372913430,3
309254930,0
TIC_309254930,0
238898571,0
TIC_238898571,0
231728511,0
TIC_231728511,0
44797824,0
TIC_44797824,0
381976956,3
TIC_381976956,3
358460246,0
TIC_358460246,0
271596418,3
TIC_271596418,3
200807066,3
TIC_200807066,3
219229644,0
TIC_219229644,0
219344917,0
TIC_219344917,0
220459826,0
TIC_220459826,0
237920046,0
TIC_237920046,0
232025086,0
TIC_232025086,0
14165625,0
TIC_14165625,0
32497972,0
TIC_32497972,0
255704097,0
TIC_255704097,0
219380235,3
TIC_219380235,3
37084932,3
TIC_37084932,3
34077285,0
TIC_34077285,0
237808867,3
TIC_237808867,3
92013169,3
TIC_92013169,3
123846039,0
TIC_123846039,0
167031605,3
TIC_167031605,3
25334160,0
TIC_25334160,0
120269103,3
TIC_120269103,3
437984134,0
TIC_437984134,0
438295981,3
TIC_438295981,3
284288080,3
TIC_284288080,3
333607525,0
TIC_333607525,0
33690636,3
TIC_33690636,3
66561343,0
TIC_66561343,0
123958679,0
TIC_123958679,0
42755801,3
TIC_42755801,3
250484865,3
TIC_250484865,3
102283403,3
TIC_102283403,3
229384040,3
TIC_229384040,3
124543547,3
TIC_124543547,3
177162886,0
TIC_177162886,0
210873792,0
TIC_210873792,0
214361331,0
TIC_214361331,0
216935214,0
TIC_216935214,0
238197638,0
TIC_238197638,0
261257684,0
TIC_261257684,0
261867566,0
TIC_261867566,0
298372701,0
TIC_298372701,0
305424003,0
TIC_305424003,0
350153977,0
TIC_350153977,0
364107753,3
TIC_364107753,3
369327947,0
TIC_369327947,0
389070884,0
TIC_389070884,0
406941612,0
TIC_406941612,0
407126408,0
TIC_407126408,0
153027658,3
TIC_153027658,3
259389219,3
TIC_259389219,3
348844154,3
TIC_348844154,3
207237016,0
TIC_207237016,0
294869729,3
TIC_294869729,3
150167117,0
TIC_150167117,0
271722899,3
TIC_271722899,3
278775625,0
TIC_278775625,0
278199349,3
TIC_278199349,3
301051430,3
TIC_301051430,3
382068562,0
TIC_382068562,0
300599466,3
TIC_300599466,3
176796997,0
TIC_176796997,0
261258875,3
TIC_261258875,3
300557619,3
TIC_300557619,3
175532955,0
TIC_175532955,0
100921768,0
TIC_100921768,0
206474443,0
TIC_206474443,0
260417932,0
TIC_260417932,0
260130483,0
TIC_260130483,0
220475245,0
TIC_220475245,0
260476837,3
TIC_260476837,3
278198753,0
TIC_278198753,0
425163745,3
TIC_425163745,3
332660150,0
TIC_332660150,0
67772767,0
TIC_67772767,0
248434716,0
TIC_248434716,0
408137826,0
TIC_408137826,0
146520535,0
TIC_146520535,0
399871011,0
TIC_399871011,0
434234955,3
TIC_434234955,3
167714792,0
TIC_167714792,0
219205407,3
TIC_219205407,3
262330063,0
TIC_262330063,0
146438872,0
TIC_146438872,0
189013222,3
TIC_189013222,3
245947683,3
TIC_245947683,3
449050247,3
TIC_449050247,3
319312479,0
TIC_319312479,0
449050248,3
TIC_449050248,3
44792534,0
TIC_44792534,0
146467675,3
TIC_146467675,3
146434840,3
TIC_146434840,3
249067445,3
TIC_249067445,3
92880568,0
TIC_92880568,0
279999655,3
TIC_279999655,3
5109298,3
TIC_5109298,3
265077027,3
TIC_265077027,3
141776043,3
TIC_141776043,3
25799609,0
TIC_25799609,0
179155220,3
TIC_179155220,3
179159972,3
TIC_179159972,3
178367144,0
TIC_178367144,0
445586472,3
TIC_445586472,3
453209605,3
TIC_453209605,3
280437559,0
TIC_280437559,0
174599051,0
TIC_174599051,0
177722855,3
TIC_177722855,3
125894957,3
TIC_125894957,3
409459226,3
TIC_409459226,3
333821572,3
TIC_333821572,3
133654092,3
TIC_133654092,3
347098457,3
TIC_347098457,3
268371979,3
TIC_268371979,3
73038411,0
TIC_73038411,0
5772442,3
TIC_5772442,3
93594834,3
TIC_93594834,3
127476180,3
TIC_127476180,3
177126182,3
TIC_177126182,3
148659924,3
TIC_148659924,3
33091633,3
TIC_33091633,3
425220920,3
TIC_425220920,3
320536216,3
TIC_320536216,3
52548453,3
TIC_52548453,3
113553629,3
TIC_113553629,3
207277638,0
TIC_207277638,0
88684250,0
TIC_88684250,0
7561203,0
TIC_7561203,0
108835813,3
TIC_108835813,3
259353953,0
TIC_259353953,0
93963408,3
TIC_93963408,3
317951248,3
TIC_317951248,3
142918609,3
TIC_142918609,3
341729521,3
TIC_341729521,3
54390047,3
TIC_54390047,3
341186896,3
TIC_341186896,3
50365310,3
TIC_50365310,3
88863718,0
TIC_88863718,0
124709665,3
TIC_124709665,3
106997505,3
TIC_106997505,3
238597883,3
TIC_238597883,3
169904935,3
TIC_169904935,3
156115721,3
TIC_156115721,3
65212867,0
TIC_65212867,0
440801822,3
TIC_440801822,3
107782586,0
TIC_107782586,0
139853601,3
TIC_139853601,3
114018671,0
TIC_114018671,0
427508467,0
TIC_427508467,0
97700520,3
TIC_97700520,3
96246348,3
TIC_96246348,3
155044736,3
TIC_155044736,3
175310067,3
TIC_175310067,3
182943944,3
TIC_182943944,3
291555748,3
TIC_291555748,3
341420329,0
TIC_341420329,0
140706664,3
TIC_140706664,3
143994283,3
TIC_143994283,3
47384844,3
TIC_47384844,3
238374636,3
TIC_238374636,3
141482386,3
TIC_141482386,3
297967252,3
TIC_297967252,3
388624270,3
TIC_388624270,3
20318757,0
TIC_20318757,0
447283466,3
TIC_447283466,3
374908020,3
TIC_374908020,3
464296022,3
TIC_464296022,3
304021498,3
TIC_304021498,3
146589986,0
TIC_146589986,0
149601557,3
TIC_149601557,3
400595342,3
TIC_400595342,3
361413119,0
TIC_361413119,0
146172354,0
TIC_146172354,0
363260203,3
TIC_363260203,3
90544017,3
TIC_90544017,3
461867584,0
TIC_461867584,0
310483807,3
TIC_310483807,3
385624852,3
TIC_385624852,3
360286627,3
TIC_360286627,3
90448944,3
TIC_90448944,3
463402815,0
TIC_463402815,0
54044474,3
TIC_54044474,3
309787037,3
TIC_309787037,3
370745311,3
TIC_370745311,3
384549882,3
TIC_384549882,3
16288184,0
TIC_16288184,0
66818296,0
TIC_66818296,0
259863352,3
TIC_259863352,3
317060587,0
TIC_317060587,0
112395568,3
TIC_112395568,3
366989877,0
TIC_366989877,0
320004517,0
TIC_320004517,0
421894914,0
TIC_421894914,0
323132914,0
TIC_323132914,0
31553893,0
TIC_31553893,0
380783252,0
TIC_380783252,0
101230735,0
TIC_101230735,0
253990973,3
TIC_253990973,3
299799658,0
TIC_299799658,0
406976746,0
TIC_406976746,0
79748331,0
TIC_79748331,0
7088246,0
TIC_7088246,0
201604954,0
TIC_201604954,0
201642601,0
TIC_201642601,0
6663331,0
TIC_6663331,0
31858843,0
TIC_31858843,0
31858844,3
TIC_31858844,3
120247528,0
TIC_120247528,0
140830390,3
TIC_140830390,3
158297421,0
TIC_158297421,0
327301957,0
TIC_327301957,0
351601843,0
TIC_351601843,0
360742636,0
TIC_360742636,0
369960846,0
TIC_369960846,0
370133522,0
TIC_370133522,0
379240073,0
TIC_379240073,0
161032923,0
TIC_161032923,0
253728991,0
TIC_253728991,0
261108236,0
TIC_261108236,0
322270620,0
TIC_322270620,0
380589029,0
TIC_380589029,0
381979901,0
TIC_381979901,0
468148930,0
TIC_468148930,0
426077080,3
TIC_426077080,3
343648136,3
TIC_343648136,3
129319156,3
TIC_129319156,3
361034196,3
TIC_361034196,3
193413306,0
TIC_193413306,0
387079085,3
TIC_387079085,3
382331352,3
TIC_382331352,3
136274063,0
TIC_136274063,0
375223080,0
TIC_375223080,0
375225453,3
TIC_375225453,3
360630575,0
TIC_360630575,0
383390264,0
TIC_383390264,0
290348383,0
TIC_290348383,0
318608749,3
TIC_318608749,3
271581073,3
TIC_271581073,3
311890977,3
TIC_311890977,3
351603103,0
TIC_351603103,0
451599528,3
TIC_451599528,3
274151135,0
TIC_274151135,0
384513078,0
TIC_384513078,0
394561119,0
TIC_394561119,0
295599256,3
TIC_295599256,3
50309953,3
TIC_50309953,3
446549905,3
TIC_446549905,3
412014494,3
TIC_412014494,3
369864738,3
TIC_369864738,3
290348382,3
TIC_290348382,3
409934330,0
TIC_409934330,0
379286801,0
TIC_379286801,0
304100538,0
TIC_304100538,0
295541511,0
TIC_295541511,0
90919952,3
TIC_90919952,3
261369656,0
TIC_261369656,0
143257766,3
TIC_143257766,3
24094603,3
TIC_24094603,3
304774444,3
TIC_304774444,3
469782185,0
TIC_469782185,0
128790976,0
TIC_128790976,0
80166433,0
TIC_80166433,0
405862830,3
TIC_405862830,3
269450900,3
TIC_269450900,3
425721385,3
TIC_425721385,3
91576611,3
TIC_91576611,3
254113311,0
TIC_254113311,0
198213332,0
TIC_198213332,0
267489265,3
TIC_267489265,3
69997672,3
TIC_69997672,3
122220263,3
TIC_122220263,3
154872375,0
TIC_154872375,0
142276270,0
TIC_142276270,0
89389197,0
TIC_89389197,0
110428269,3
TIC_110428269,3
202563254,0
TIC_202563254,0
320525204,3
TIC_320525204,3
159510109,3
TIC_159510109,3
284450803,3
TIC_284450803,3
160268701,3
TIC_160268701,3
28230919,0
TIC_28230919,0
350995812,3
TIC_350995812,3
21755546,3
TIC_21755546,3
288391628,3
TIC_288391628,3
349827430,0
TIC_349827430,0
117789567,0
TIC_117789567,0
16740101,0
TIC_16740101,0
69679391,0
TIC_69679391,0
237184773,3
TIC_237184773,3
154840461,0
TIC_154840461,0
459970307,0
TIC_459970307,0
161450762,3
TIC_161450762,3
117256577,3
TIC_117256577,3
147576037,3
TIC_147576037,3
379931600,3
TIC_379931600,3
48188920,3
TIC_48188920,3
89510024,3
TIC_89510024,3
158324245,0
TIC_158324245,0
13419950,0
TIC_13419950,0
375542276,0
TIC_375542276,0
16102323,3
TIC_16102323,3
458478250,0
TIC_458478250,0
138361973,3
TIC_138361973,3
232967666,3
TIC_232967666,3
41330864,3
TIC_41330864,3
302518439,0
TIC_302518439,0
294176967,3
TIC_294176967,3
101929303,3
TIC_101929303,3
1717732429,3
TIC_1717732429,3
232967440,0
TIC_232967440,0
154089169,0
TIC_154089169,0
30329585,3
TIC_30329585,3
230088370,0
TIC_230088370,0
169177766,3
TIC_169177766,3
359496368,3
TIC_359496368,3
148914726,0
TIC_148914726,0
158002130,0
TIC_158002130,0
229510866,0
TIC_229510866,0
341544930,3
TIC_341544930,3
258777137,3
TIC_258777137,3
233087860,0
TIC_233087860,0
83210867,3
TIC_83210867,3
289539327,3
TIC_289539327,3
372757221,0
TIC_372757221,0
15247229,3
TIC_15247229,3
112026224,0
TIC_112026224,0
287196418,0
TIC_287196418,0
237185205,3
TIC_237185205,3
158276040,0
TIC_158276040,0
89643259,3
TIC_89643259,3
147950620,0
TIC_147950620,0
24364065,3
TIC_24364065,3
69068526,0
TIC_69068526,0
92677094,0
TIC_92677094,0
203189770,0
TIC_203189770,0
99869022,0
TIC_99869022,0
288185138,3
TIC_288185138,3
29960110,0
TIC_29960110,0
327017634,3
TIC_327017634,3
23434737,0
TIC_23434737,0
467666275,0
TIC_467666275,0
287776397,0
TIC_287776397,0
308034948,3
TIC_308034948,3
364393429,0
TIC_364393429,0
273985865,0
TIC_273985865,0
30037565,0
TIC_30037565,0
33878688,3
TIC_33878688,3
50312495,0
TIC_50312495,0
389924075,0
TIC_389924075,0
399144800,3
TIC_399144800,3
451606970,0
TIC_451606970,0
453260209,0
TIC_453260209,0
141527965,0
TIC_141527965,0
248092710,0
TIC_248092710,0
294781547,0
TIC_294781547,0
294981566,0
TIC_294981566,0
319259194,0
TIC_319259194,0
349095149,0
TIC_349095149,0
374997123,0
TIC_374997123,0
382437043,3
TIC_382437043,3
299798795,0
TIC_299798795,0
150428703,0
TIC_150428703,0
177115354,0
TIC_177115354,0
360156606,0
TIC_360156606,0
300038935,0
TIC_300038935,0
140760434,0
TIC_140760434,0
287156968,0
TIC_287156968,0
447061717,0
TIC_447061717,0
364395234,0
TIC_364395234,0
260647166,0
TIC_260647166,0
90504905,3
TIC_90504905,3
103633434,0
TIC_103633434,0
120757718,0
TIC_120757718,0
120960812,0
TIC_120960812,0
153951307,0
TIC_153951307,0
154716798,0
TIC_154716798,0
158170594,0
TIC_158170594,0
159107668,0
TIC_159107668,0
198212955,0
TIC_198212955,0
219698776,0
TIC_219698776,0
219850915,0
TIC_219850915,0
229781583,0
TIC_229781583,0
230127302,0
TIC_230127302,0
232540264,0
TIC_232540264,0
232612416,0
TIC_232612416,0
232976128,0
TIC_232976128,0
233059608,3
TIC_233059608,3
233120979,0
TIC_233120979,0
233211762,0
TIC_233211762,0
233684822,3
TIC_233684822,3
236714379,0
TIC_236714379,0
237222864,0
TIC_237222864,0
274762761,3
TIC_274762761,3
278348461,0
TIC_278348461,0
288132261,0
TIC_288132261,0
288735205,0
TIC_288735205,0
355867695,0
TIC_355867695,0
356311210,0
TIC_356311210,0
365938305,0
TIC_365938305,0
406672232,0
TIC_406672232,0
416195870,0
TIC_416195870,0
424865156,0
TIC_424865156,0
467179528,0
TIC_467179528,0
158561566,0
TIC_158561566,0
142394656,0
TIC_142394656,0
198241702,0
TIC_198241702,0
237200747,3
TIC_237200747,3
286923464,0
TIC_286923464,0
417948359,0
TIC_417948359,0
445859771,0
TIC_445859771,0
459969957,0
TIC_459969957,0
13499636,3
TIC_13499636,3
43064903,3
TIC_43064903,3
153949511,3
TIC_153949511,3
163539739,0
TIC_163539739,0
224297258,0
TIC_224297258,0
230017324,0
TIC_230017324,0
232971294,0
TIC_232971294,0
236445129,0
TIC_236445129,0
266593143,0
TIC_266593143,0
267561446,3
TIC_267561446,3
274662200,3
TIC_274662200,3
277507814,0
TIC_277507814,0
352764091,0
TIC_352764091,0
365733349,0
TIC_365733349,0
408203470,3
TIC_408203470,3
417676622,0
TIC_417676622,0
198186769,0
TIC_198186769,0
199688472,3
TIC_199688472,3
202504234,0
TIC_202504234,0
219015370,0
TIC_219015370,0
219852584,0
TIC_219852584,0
219854185,0
TIC_219854185,0
229536616,3
TIC_229536616,3
237104103,0
TIC_237104103,0
258777134,3
TIC_258777134,3
293687315,0
TIC_293687315,0
356867115,0
TIC_356867115,0
441797803,0
TIC_441797803,0
185405474,3
TIC_185405474,3
186000935,3
TIC_186000935,3
232679662,3
TIC_232679662,3
233735068,3
TIC_233735068,3
236815160,0
TIC_236815160,0
277014266,3
TIC_277014266,3
287190564,3
TIC_287190564,3
294179389,3
TIC_294179389,3
378159598,0
TIC_378159598,0
405904232,3
TIC_405904232,3
11111899,3
TIC_11111899,3
136848581,3
TIC_136848581,3
137284119,3
TIC_137284119,3
15565627,3
TIC_15565627,3
165523947,3
TIC_165523947,3
167092385,0
TIC_167092385,0
167098530,3
TIC_167098530,3
167403519,0
TIC_167403519,0
195199644,3
TIC_195199644,3
240450679,0
TIC_240450679,0
256886630,3
TIC_256886630,3
266688542,3
TIC_266688542,3
274942910,3
TIC_274942910,3
275111900,3
TIC_275111900,3
312083267,0
TIC_312083267,0
330332501,3
TIC_330332501,3
345996087,3
TIC_345996087,3
357457104,3
TIC_357457104,3
387664866,3
TIC_387664866,3
387664868,3
TIC_387664868,3
395171208,0
TIC_395171208,0
42123111,3
TIC_42123111,3
89759617,3
TIC_89759617,3
92783821,3
TIC_92783821,3
160708862,0
TIC_160708862,0
260128333,0
TIC_260128333,0
269701147,0
TIC_269701147,0
233681149,3
TIC_233681149,3
233390838,3
TIC_233390838,3
256621916,3
TIC_256621916,3
358631536,3
TIC_358631536,3
1400770435,3
TIC_1400770435,3
160487753,0
TIC_160487753,0
219852882,0
TIC_219852882,0
229747848,0
TIC_229747848,0
229770036,3
TIC_229770036,3
272635712,0
TIC_272635712,0
233953967,0
TIC_233953967,0
1718201850,0
TIC_1718201850,0
336740528,0
TIC_336740528,0
279177746,3
TIC_279177746,3
365683032,3
TIC_365683032,3
372264750,0
TIC_372264750,0
277566483,0
TIC_277566483,0
357972447,3
TIC_357972447,3
275501623,3
TIC_275501623,3
416624606,3
TIC_416624606,3
330468175,3
TIC_330468175,3
277447970,0
TIC_277447970,0
395142888,0
TIC_395142888,0
230017325,3
TIC_230017325,3
26880783,0
TIC_26880783,0
367099243,3
TIC_367099243,3
120602501,3
TIC_120602501,3
129539786,3
TIC_129539786,3
136971594,3
TIC_136971594,3
155005217,3
TIC_155005217,3
155114483,3
TIC_155114483,3
162130054,0
TIC_162130054,0
164150539,3
TIC_164150539,3
176899385,0
TIC_176899385,0
190430205,3
TIC_190430205,3
190442486,3
TIC_190442486,3
190743990,3
TIC_190743990,3
240613164,3
TIC_240613164,3
249812036,3
TIC_249812036,3
252490659,0
TIC_252490659,0
274170255,3
TIC_274170255,3
275722992,0
TIC_275722992,0
276360911,3
TIC_276360911,3
313506357,3
TIC_313506357,3
328167090,3
TIC_328167090,3
329864959,3
TIC_329864959,3
343019899,0
TIC_343019899,0
343442463,3
TIC_343442463,3
346338552,0
TIC_346338552,0
353038705,0
TIC_353038705,0
365389353,3
TIC_365389353,3
389182138,3
TIC_389182138,3
416987878,3
TIC_416987878,3
430528566,3
TIC_430528566,3
431156009,3
TIC_431156009,3
468472950,3
TIC_468472950,3
468845640,3
TIC_468845640,3
64553698,3
TIC_64553698,3
66445643,0
TIC_66445643,0
66783360,3
TIC_66783360,3
258801269,3
TIC_258801269,3
259126549,3
TIC_259126549,3
259129875,3
TIC_259129875,3
328750515,3
TIC_328750515,3
352239069,0
TIC_352239069,0
387834907,3
TIC_387834907,3
231736113,0
TIC_231736113,0
69747919,0
TIC_69747919,0
364186197,0
TIC_364186197,0
115771549,0
TIC_115771549,0
199444169,0
TIC_199444169,0
116483514,0
TIC_116483514,0
116483734,0
TIC_116483734,0
119700084,0
TIC_119700084,0
125442121,0
TIC_125442121,0
148782377,0
TIC_148782377,0
158025009,0
TIC_158025009,0
164173105,0
TIC_164173105,0
224600500,3
TIC_224600500,3
311035838,0
TIC_311035838,0
321857016,0
TIC_321857016,0
329277372,3
TIC_329277372,3
333473672,0
TIC_333473672,0
346418409,3
TIC_346418409,3
418959198,3
TIC_418959198,3
350132371,0
TIC_350132371,0
128501004,3
TIC_128501004,3
2041563029,3
TIC_2041563029,3
377304435,3
TIC_377304435,3
138968089,3
TIC_138968089,3
293954617,0
TIC_293954617,0
375506058,0
TIC_375506058,0
256783784,0
TIC_256783784,0
13684720,0
TIC_13684720,0
138588540,0
TIC_138588540,0
153976959,0
TIC_153976959,0
154383539,0
TIC_154383539,0
198356533,0
TIC_198356533,0
229650439,0
TIC_229650439,0
232982558,0
TIC_232982558,0
233617847,0
TIC_233617847,0
233951353,0
TIC_233951353,0
235683377,0
TIC_235683377,0
237232044,0
TIC_237232044,0
258514800,0
TIC_258514800,0
259172391,0
TIC_259172391,0
294471966,0
TIC_294471966,0
298073824,3
TIC_298073824,3
343628284,0
TIC_343628284,0
356158613,3
TIC_356158613,3
377293776,0
TIC_377293776,0
417931607,0
TIC_417931607,0
420112589,0
TIC_420112589,0
198390247,0
TIC_198390247,0
294179385,0
TIC_294179385,0
387259626,0
TIC_387259626,0
199376584,0
TIC_199376584,0
176860064,0
TIC_176860064,0
191284318,0
TIC_191284318,0
16920150,3
TIC_16920150,3
17005768,3
TIC_17005768,3
44631965,0
TIC_44631965,0
188768068,0
TIC_188768068,0
190998418,0
TIC_190998418,0
229944666,0
TIC_229944666,0
236887394,0
TIC_236887394,0
237086564,0
TIC_237086564,0
240968774,0
TIC_240968774,0
243185500,0
TIC_243185500,0
283722336,0
TIC_283722336,0
284441182,0
TIC_284441182,0
306263608,0
TIC_306263608,0
306955329,0
TIC_306955329,0
352413427,0
TIC_352413427,0
427654774,3
TIC_427654774,3
431514478,0
TIC_431514478,0
432549364,0
TIC_432549364,0
240681314,0
TIC_240681314,0
409794137,0
TIC_409794137,0
421308357,3
TIC_421308357,3
335483600,3
TIC_335483600,3
197650870,3
TIC_197650870,3
252616865,0
TIC_252616865,0
452803785,3
TIC_452803785,3
67309890,3
TIC_67309890,3
377191482,3
TIC_377191482,3
233541860,3
TIC_233541860,3
459978312,3
TIC_459978312,3
198457103,3
TIC_198457103,3
219751469,3
TIC_219751469,3
283474780,0
TIC_283474780,0
53875855,0
TIC_53875855,0
354594208,3
TIC_354594208,3
15692883,0
TIC_15692883,0
411608801,0
TIC_411608801,0
431148743,3
TIC_431148743,3
384045439,3
TIC_384045439,3
371673488,3
TIC_371673488,3
316402246,3
TIC_316402246,3
414870287,3
TIC_414870287,3
377420580,3
TIC_377420580,3
329145325,3
TIC_329145325,3
410528770,3
TIC_410528770,3
428065977,3
TIC_428065977,3
326114850,3
TIC_326114850,3
331034236,3
TIC_331034236,3
64836837,3
TIC_64836837,3
430677414,3
TIC_430677414,3
415741431,3
TIC_415741431,3
272828463,3
TIC_272828463,3
377739433,3
TIC_377739433,3
376682699,3
TIC_376682699,3
434718964,3
TIC_434718964,3
269509393,3
TIC_269509393,3
270238522,3
TIC_270238522,3
470709084,3
TIC_470709084,3
376637093,0
TIC_376637093,0
455962313,3
TIC_455962313,3
427761355,0
TIC_427761355,0
272049972,3
TIC_272049972,3
269238073,3
TIC_269238073,3
366074069,3
TIC_366074069,3
367102581,3
TIC_367102581,3
387413037,3
TIC_387413037,3
314338017,3
TIC_314338017,3
276380902,3
TIC_276380902,3
313761775,3
TIC_313761775,3
202375913,0
TIC_202375913,0
285543785,0
TIC_285543785,0
312259170,3
TIC_312259170,3
312469860,3
TIC_312469860,3
312678993,0
TIC_312678993,0
327579226,0
TIC_327579226,0
345143460,0
TIC_345143460,0
354600221,3
TIC_354600221,3
420288086,3
TIC_420288086,3
445137888,3
TIC_445137888,3
173612049,0
TIC_173612049,0
177244357,0
TIC_177244357,0
252636888,3
TIC_252636888,3
318746829,3
TIC_318746829,3
319068154,3
TIC_319068154,3
367607434,3
TIC_367607434,3
431585347,3
TIC_431585347,3
455791689,0
TIC_455791689,0
127425841,3
TIC_127425841,3
194203348,0
TIC_194203348,0
409520860,3
TIC_409520860,3
440100539,3
TIC_440100539,3
191146556,3
TIC_191146556,3
241065596,3
TIC_241065596,3
288348498,0
TIC_288348498,0
326919774,3
TIC_326919774,3
327341626,0
TIC_327341626,0
299158887,0
TIC_299158887,0
441732151,3
TIC_441732151,3
405794804,3
TIC_405794804,3
320506985,3
TIC_320506985,3
117322779,3
TIC_117322779,3
241040309,0
TIC_241040309,0
241076290,0
TIC_241076290,0
245462406,3
TIC_245462406,3
249862365,3
TIC_249862365,3
249945230,0
TIC_249945230,0
250724252,0
TIC_250724252,0
251384275,0
TIC_251384275,0
256414077,3
TIC_256414077,3
259151170,3
TIC_259151170,3
284050395,3
TIC_284050395,3
285666479,3
TIC_285666479,3
285674856,3
TIC_285674856,3
285677945,3
TIC_285677945,3
292321872,3
TIC_292321872,3
302773669,0
TIC_302773669,0
307111282,3
TIC_307111282,3
316254876,3
TIC_316254876,3
327011842,3
TIC_327011842,3
332154944,3
TIC_332154944,3
348135793,3
TIC_348135793,3
354400186,3
TIC_354400186,3
354469661,0
TIC_354469661,0
370759867,3
TIC_370759867,3
374400599,3
TIC_374400599,3
403256331,3
TIC_403256331,3
418987806,3
TIC_418987806,3
444415148,3
TIC_444415148,3
445144327,0
TIC_445144327,0
458914949,3
TIC_458914949,3
50120414,0
TIC_50120414,0
52041724,3
TIC_52041724,3
71854745,3
TIC_71854745,3
82010657,3
TIC_82010657,3
186599508,3
TIC_186599508,3
192372961,3
TIC_192372961,3
201154493,3
TIC_201154493,3
385105624,3
TIC_385105624,3
431899140,3
TIC_431899140,3
68152139,3
TIC_68152139,3
67418624,0
TIC_67418624,0
129979528,0
TIC_129979528,0
187029841,3
TIC_187029841,3
139375960,0
TIC_139375960,0
129991079,3
TIC_129991079,3
73448352,0
TIC_73448352,0
118301361,3
TIC_118301361,3
101037590,0
TIC_101037590,0
125735470,0
TIC_125735470,0
26433869,3
TIC_26433869,3
138017750,3
TIC_138017750,3
229951289,3
TIC_229951289,3
219776325,0
TIC_219776325,0
264678534,0
TIC_264678534,0
268403451,0
TIC_268403451,0
272625214,3
TIC_272625214,3
317397615,3
TIC_317397615,3
317507345,3
TIC_317507345,3
322054600,0
TIC_322054600,0
322202434,3
TIC_322202434,3
376838000,3
TIC_376838000,3
377144784,3
TIC_377144784,3
378291076,0
TIC_378291076,0
387260717,0
TIC_387260717,0
388076005,3
TIC_388076005,3
407394748,3
TIC_407394748,3
461387302,3
TIC_461387302,3
470852531,3
TIC_470852531,3
157586003,0
TIC_157586003,0
424435940,0
TIC_424435940,0
284475976,0
TIC_284475976,0
310003988,0
TIC_310003988,0
317597583,0
TIC_317597583,0
29054413,0
TIC_29054413,0
51024887,3
TIC_51024887,3
165551882,3
TIC_165551882,3
201186294,0
TIC_201186294,0
230086768,3
TIC_230086768,3
269892793,3
TIC_269892793,3
286355915,3
TIC_286355915,3
312862941,0
TIC_312862941,0
348673213,3
TIC_348673213,3
396562848,0
TIC_396562848,0
422923265,0
TIC_422923265,0
229940491,0
TIC_229940491,0
298647682,0
TIC_298647682,0
22843856,3
TIC_22843856,3
184679932,3
TIC_184679932,3
387527558,3
TIC_387527558,3
154927364,3
TIC_154927364,3
376353509,0
TIC_376353509,0
116608612,3
TIC_116608612,3
122485078,3
TIC_122485078,3
138168780,0
TIC_138168780,0
154867950,3
TIC_154867950,3
156724719,0
TIC_156724719,0
258829450,0
TIC_258829450,0
266500992,0
TIC_266500992,0
267694283,0
TIC_267694283,0
27677846,3
TIC_27677846,3
286561122,3
TIC_286561122,3
288631580,0
TIC_288631580,0
311121985,3
TIC_311121985,3
312122956,3
TIC_312122956,3
339538183,3
TIC_339538183,3
353367071,3
TIC_353367071,3
353782445,0
TIC_353782445,0
354006740,3
TIC_354006740,3
368536386,3
TIC_368536386,3
409183335,3
TIC_409183335,3
417705690,3
TIC_417705690,3
428679607,0
TIC_428679607,0
441739020,0
TIC_441739020,0
459903429,3
TIC_459903429,3
468828873,3
TIC_468828873,3
470315428,3
TIC_470315428,3
73104318,3
TIC_73104318,3
81831095,0
TIC_81831095,0
8400842,0
TIC_8400842,0
87090944,0
TIC_87090944,0
96291218,3
TIC_96291218,3
9837861,3
TIC_9837861,3
259168516,0
TIC_259168516,0
321041369,0
TIC_321041369,0
367366318,0
TIC_367366318,0
58542531,0
TIC_58542531,0
85031598,0
TIC_85031598,0
28900646,0
TIC_28900646,0
102672709,0
TIC_102672709,0
103448870,0
TIC_103448870,0
121966220,3
TIC_121966220,3
198384408,3
TIC_198384408,3
267574918,0
TIC_267574918,0
268334473,0
TIC_268334473,0
288636342,0
TIC_288636342,0
353475866,0
TIC_353475866,0
396740648,0
TIC_396740648,0
422756130,0
TIC_422756130,0
470381900,0
TIC_470381900,0
1884091865,0
TIC_1884091865,0
190223929,0
TIC_190223929,0
22705558,0
TIC_22705558,0
23650642,3
TIC_23650642,3
274215536,0
TIC_274215536,0
371210825,3
TIC_371210825,3
453387619,0
TIC_453387619,0
95129101,3
TIC_95129101,3
137500798,3
TIC_137500798,3
230377505,0
TIC_230377505,0
240148934,3
TIC_240148934,3
241173474,0
TIC_241173474,0
29119552,0
TIC_29119552,0
445805961,0
TIC_445805961,0
461662295,3
TIC_461662295,3
67926921,3
TIC_67926921,3
15863518,0
TIC_15863518,0
239154970,0
TIC_239154970,0
142090065,3
TIC_142090065,3
14336130,0
TIC_14336130,0
149833117,0
TIC_149833117,0
257241363,0
TIC_257241363,0
293617835,0
TIC_293617835,0
356473034,0
TIC_356473034,0
51234631,0
TIC_51234631,0
85242435,0
TIC_85242435,0
71431780,0
TIC_71431780,0
81212286,3
TIC_81212286,3
86396382,0
TIC_86396382,0
130181866,0
TIC_130181866,0
241225337,0
TIC_241225337,0
285048486,0
TIC_285048486,0
298666530,3
TIC_298666530,3
318022259,0
TIC_318022259,0
371234684,0
TIC_371234684,0
470987100,0
TIC_470987100,0
53427308,3
TIC_53427308,3
224596152,0
TIC_224596152,0
365673804,0
TIC_365673804,0
408618999,0
TIC_408618999,0
233009109,0
TIC_233009109,0
104208182,0
TIC_104208182,0
159418353,0
TIC_159418353,0
174041208,0
TIC_174041208,0
198206613,0
TIC_198206613,0
219857012,0
TIC_219857012,0
219860288,0
TIC_219860288,0
229455001,0
TIC_229455001,0
232635922,0
TIC_232635922,0
232650365,0
TIC_232650365,0
233071822,0
TIC_233071822,0
233071926,0
TIC_233071926,0
233602827,0
TIC_233602827,0
237099296,0
TIC_237099296,0
287080092,0
TIC_287080092,0
287139872,0
TIC_287139872,0
289580577,0
TIC_289580577,0
332477926,0
TIC_332477926,0
356978132,0
TIC_356978132,0
364074068,0
TIC_364074068,0
367753709,0
TIC_367753709,0
367858035,0
TIC_367858035,0
408636441,0
TIC_408636441,0
420112587,3
TIC_420112587,3
424391516,0
TIC_424391516,0
435680451,0
TIC_435680451,0
441739871,0
TIC_441739871,0
1551345500,0
TIC_1551345500,0
272672133,0
TIC_272672133,0
67666096,0
TIC_67666096,0
8767448,0
TIC_8767448,0
137906197,0
TIC_137906197,0
287225295,0
TIC_287225295,0
457138169,3
TIC_457138169,3
252479260,0
TIC_252479260,0
85293053,0
TIC_85293053,0
332064670,0
TIC_332064670,0
4897275,0
TIC_4897275,0
9348006,0
TIC_9348006,0
21535395,0
TIC_21535395,0
29191624,0
TIC_29191624,0
39699648,0
TIC_39699648,0
67646988,0
TIC_67646988,0
99834717,0
TIC_99834717,0
137881699,0
TIC_137881699,0
160045097,0
TIC_160045097,0
229938290,0
TIC_229938290,0
241196395,0
TIC_241196395,0
230386259,0
TIC_230386259,0
86280613,3
TIC_86280613,3
372730331,0
TIC_372730331,0
450327768,3
TIC_450327768,3
172518755,0
TIC_172518755,0
310981412,3
TIC_310981412,3
233684293,3
TIC_233684293,3
29191596,0
TIC_29191596,0
304142124,0
TIC_304142124,0
286916251,0
TIC_286916251,0
135083444,3
TIC_135083444,3
138819293,0
TIC_138819293,0
368435330,0
TIC_368435330,0
198153540,0
TIC_198153540,0
8967242,0
TIC_8967242,0
17993892,0
TIC_17993892,0
119584412,0
TIC_119584412,0
138762614,0
TIC_138762614,0
144401492,0
TIC_144401492,0
148679712,0
TIC_148679712,0
165763244,0
TIC_165763244,0
166648874,0
TIC_166648874,0
180695581,0
TIC_180695581,0
307734817,3
TIC_307734817,3
347329162,0
TIC_347329162,0
373693175,0
TIC_373693175,0
376524552,0
TIC_376524552,0
207425167,0
TIC_207425167,0
377290815,3
TIC_377290815,3
160440924,0
TIC_160440924,0
233720539,3
TIC_233720539,3
237108272,3
TIC_237108272,3
285094173,0
TIC_285094173,0
330799746,0
TIC_330799746,0
341815767,3
TIC_341815767,3
393831507,0
TIC_393831507,0
82308728,0
TIC_82308728,0
9392421,0
TIC_9392421,0
142381532,0
TIC_142381532,0
142387023,0
TIC_142387023,0
229750058,0
TIC_229750058,0
229400092,0
TIC_229400092,0
390651552,0
TIC_390651552,0
232982938,0
TIC_232982938,0
235905185,0
TIC_235905185,0
20182165,3
TIC_20182165,3
27194429,0
TIC_27194429,0
307956397,0
TIC_307956397,0
61098812,0
TIC_61098812,0
71612483,0
TIC_71612483,0
347332255,0
TIC_347332255,0
207468071,0
TIC_207468071,0
144441148,0
TIC_144441148,0
162689341,0
TIC_162689341,0
381714186,0
TIC_381714186,0
165987272,0
TIC_165987272,0
168699373,0
TIC_168699373,0
404505029,0
TIC_404505029,0
258871793,3
TIC_258871793,3
198108326,0
TIC_198108326,0
272758199,0
TIC_272758199,0
198385543,0
TIC_198385543,0
54002556,0
TIC_54002556,0
219824469,3
TIC_219824469,3
23740089,0
TIC_23740089,0
149577217,0
TIC_149577217,0
378976682,0
TIC_378976682,0
219728669,0
TIC_219728669,0
73540072,0
TIC_73540072,0
157225097,0
TIC_157225097,0
81247740,0
TIC_81247740,0
224313733,3
TIC_224313733,3
180652891,0
TIC_180652891,0
424733642,0
TIC_424733642,0
229742722,0
TIC_229742722,0
202426247,0
TIC_202426247,0
323295479,0
TIC_323295479,0
321668398,0
TIC_321668398,0
356919658,3
TIC_356919658,3
229791084,0
TIC_229791084,0
207425203,0
TIC_207425203,0
400430915,0
TIC_400430915,0
400476523,3
TIC_400476523,3
230087585,0
TIC_230087585,0
299780329,0
TIC_299780329,0
230375747,0
TIC_230375747,0
233503636,3
TIC_233503636,3
229490898,0
TIC_229490898,0
328933398,0
TIC_328933398,0
232641326,0
TIC_232641326,0
233047097,0
TIC_233047097,0
233078665,0
TIC_233078665,0
233497719,3
TIC_233497719,3
219762508,0
TIC_219762508,0
243335710,0
TIC_243335710,0
359357695,0
TIC_359357695,0
59859387,3
TIC_59859387,3
396368313,0
TIC_396368313,0
348755728,0
TIC_348755728,0
219879302,0
TIC_219879302,0
258510872,0
TIC_258510872,0
403136415,0
TIC_403136415,0
229586455,0
TIC_229586455,0
459997997,3
TIC_459997997,3
139771134,0
TIC_139771134,0
288636599,0
TIC_288636599,0
139198430,0
TIC_139198430,0
63698669,0
TIC_63698669,0
264544388,0
TIC_264544388,0
280865159,0
TIC_280865159,0
384159646,0
TIC_384159646,0
174302697,0
TIC_174302697,0
420645189,3
TIC_420645189,3
91987762,0
TIC_91987762,0
172370679,0
TIC_172370679,0
178879588,0
TIC_178879588,0
19684256,0
TIC_19684256,0
272212970,0
TIC_272212970,0
77156657,0
TIC_77156657,0
272213425,0
TIC_272213425,0
429302040,0
TIC_429302040,0
308098254,0
TIC_308098254,0
453789494,0
TIC_453789494,0
37718056,0
TIC_37718056,0
232038798,0
TIC_232038798,0
437261733,0
TIC_437261733,0
44745133,0
TIC_44745133,0
50712784,0
TIC_50712784,0
53458803,0
TIC_53458803,0
53750200,0
TIC_53750200,0
98283926,0
TIC_98283926,0
98545929,0
TIC_98545929,0
339522221,0
TIC_339522221,0
308425348,3
TIC_308425348,3
102192004,0
TIC_102192004,0
363851359,0
TIC_363851359,0
112099249,0
TIC_112099249,0
112604564,0
TIC_112604564,0
114299824,0
TIC_114299824,0
371443216,0
TIC_371443216,0
118956453,0
TIC_118956453,0
143143769,0
TIC_143143769,0
14344979,0
TIC_14344979,0
207077681,0
TIC_207077681,0
157266693,0
TIC_157266693,0
160578764,0
TIC_160578764,0
162922904,0
TIC_162922904,0
386259537,0
TIC_386259537,0
172598832,0
TIC_172598832,0
125739286,0
TIC_125739286,0
176685457,0
TIC_176685457,0
178289267,0
TIC_178289267,0
268301217,0
TIC_268301217,0
128449971,0
TIC_128449971,0
325172035,3
TIC_325172035,3
7413227,0
TIC_7413227,0
167009792,3
TIC_167009792,3
308919449,3
TIC_308919449,3
382980571,0
TIC_382980571,0
461080504,3
TIC_461080504,3
357536526,3
TIC_357536526,3
127315102,3
TIC_127315102,3
460140752,3
TIC_460140752,3
31268146,3
TIC_31268146,3
334125713,0
TIC_334125713,0
327663613,3
TIC_327663613,3
356590734,0
TIC_356590734,0
394509844,3
TIC_394509844,3
242536549,3
TIC_242536549,3
466113537,0
TIC_466113537,0
166184426,3
TIC_166184426,3
334911765,3
TIC_334911765,3
302659412,3
TIC_302659412,3
356747847,0
TIC_356747847,0
400323948,3
TIC_400323948,3
318828309,0
TIC_318828309,0
179319057,0
TIC_179319057,0
141663464,3
TIC_141663464,3
190271688,3
TIC_190271688,3
242083025,3
TIC_242083025,3
295354126,3
TIC_295354126,3
242120884,0
TIC_242120884,0
320079492,0
TIC_320079492,0
210445631,0
TIC_210445631,0
293708935,3
TIC_293708935,3
162695785,0
TIC_162695785,0
253132689,3
TIC_253132689,3
267414551,0
TIC_267414551,0
47617161,0
TIC_47617161,0
295562522,0
TIC_295562522,0
467281353,3
TIC_467281353,3
329888006,0
TIC_329888006,0
383531859,3
TIC_383531859,3
458856474,3
TIC_458856474,3
458857720,3
TIC_458857720,3
127793615,3
TIC_127793615,3
378613125,0
TIC_378613125,0
437329044,0
TIC_437329044,0
89535068,3
TIC_89535068,3
162246865,3
TIC_162246865,3
469212332,0
TIC_469212332,0
468997317,0
TIC_468997317,0
349088467,0
TIC_349088467,0
161156159,3
TIC_161156159,3
324395151,3
TIC_324395151,3
457939414,3
TIC_457939414,3
82707763,3
TIC_82707763,3
147340931,3
TIC_147340931,3
453464017,3
TIC_453464017,3
445903569,0
TIC_445903569,0
299023386,0
TIC_299023386,0
275384718,3
TIC_275384718,3
142378043,0
TIC_142378043,0
429295277,3
TIC_429295277,3
447206604,0
TIC_447206604,0
371188886,0
TIC_371188886,0
118084044,0
TIC_118084044,0
356453768,3
TIC_356453768,3
58463434,0
TIC_58463434,0
439610306,3
TIC_439610306,3
147660886,0
TIC_147660886,0
41173048,3
TIC_41173048,3
219466784,0
TIC_219466784,0
70887357,3
TIC_70887357,3
243187830,0
TIC_243187830,0
26547036,0
TIC_26547036,0
136916387,0
TIC_136916387,0
138294130,0
TIC_138294130,0
188589164,0
TIC_188589164,0
198588220,0
TIC_198588220,0
368287008,0
TIC_368287008,0
219508169,0
TIC_219508169,0
357416482,3
TIC_357416482,3
357501308,0
TIC_357501308,0
159781361,0
TIC_159781361,0
39903405,0
TIC_39903405,0
236312126,0
TIC_236312126,0
11996814,3
TIC_11996814,3
16884216,0
TIC_16884216,0
255930614,0
TIC_255930614,0
394050135,0
TIC_394050135,0
407059875,0
TIC_407059875,0
335996558,3
TIC_335996558,3
336456596,3
TIC_336456596,3
445254275,3
TIC_445254275,3
422656370,0
TIC_422656370,0
470127886,0
TIC_470127886,0
470159478,0
TIC_470159478,0
53617134,0
TIC_53617134,0
427279997,3
TIC_427279997,3
53709089,0
TIC_53709089,0
368320811,0
TIC_368320811,0
405559035,0
TIC_405559035,0
235937532,0
TIC_235937532,0
237071229,0
TIC_237071229,0
427730490,0
TIC_427730490,0
54364414,3
TIC_54364414,3
269424395,3
TIC_269424395,3
346929661,0
TIC_346929661,0
270333769,3
TIC_270333769,3
347013211,0
TIC_347013211,0
468574941,0
TIC_468574941,0
363761216,3
TIC_363761216,3
159873822,0
TIC_159873822,0
314835525,0
TIC_314835525,0
316468545,0
TIC_316468545,0
375850439,0
TIC_375850439,0
1100766816,3
TIC_1100766816,3
315755496,3
TIC_315755496,3
378355116,3
TIC_378355116,3
322062001,0
TIC_322062001,0
396356111,0
TIC_396356111,0
229888286,0
TIC_229888286,0
326732851,3
TIC_326732851,3
403308915,3
TIC_403308915,3
285542903,3
TIC_285542903,3
327577308,3
TIC_327577308,3
373785851,3
TIC_373785851,3
334811204,0
TIC_334811204,0
115524421,0
TIC_115524421,0
356710041,0
TIC_356710041,0
141663460,3
TIC_141663460,3
147951030,0
TIC_147951030,0
417931300,0
TIC_417931300,0
198187049,0
TIC_198187049,0
233182695,0
TIC_233182695,0
198360694,0
TIC_198360694,0
900715901,0
TIC_900715901,0
441642457,0
TIC_441642457,0
158075010,0
TIC_158075010,0
23814735,0
TIC_23814735,0
27491137,0
TIC_27491137,0
230075227,0
TIC_230075227,0
159244568,3
TIC_159244568,3
224298134,0
TIC_224298134,0
367739494,0
TIC_367739494,0
321669174,0
TIC_321669174,0
160039081,0
TIC_160039081,0
233633993,0
TIC_233633993,0
441738827,0
TIC_441738827,0
103633672,0
TIC_103633672,0
230387153,0
TIC_230387153,0
219462190,0
TIC_219462190,0
441765914,0
TIC_441765914,0
341815197,0
TIC_341815197,0
233721037,0
TIC_233721037,0
219778329,0
TIC_219778329,0
393965778,0
TIC_393965778,0
402898317,0
TIC_402898317,0
356016119,0
TIC_356016119,0
235678745,0
TIC_235678745,0
142748283,0
TIC_142748283,0
279982557,3
TIC_279982557,3
356700488,0
TIC_356700488,0
230386397,3
TIC_230386397,3
219436394,0
TIC_219436394,0
165527918,0
TIC_165527918,0
289590465,0
TIC_289590465,0
160491359,0
TIC_160491359,0
367630162,0
TIC_367630162,0
156199502,0
TIC_156199502,0
393911494,3
TIC_393911494,3
446549906,0
TIC_446549906,0
347538174,0
TIC_347538174,0
392476080,0
TIC_392476080,0
394029948,3
TIC_394029948,3
356235833,3
TIC_356235833,3
427320001,0
TIC_427320001,0
1400212743,3
TIC_1400212743,3
9828416,0
TIC_9828416,0
54464870,3
TIC_54464870,3
422838133,3
TIC_422838133,3
279212407,3
TIC_279212407,3
17416749,3
TIC_17416749,3
236387002,0
TIC_236387002,0
389900760,0
TIC_389900760,0
88996391,0
TIC_88996391,0
311408969,0
TIC_311408969,0
105840719,0
TIC_105840719,0
159742538,0
TIC_159742538,0
116242971,0
TIC_116242971,0
116264089,0
TIC_116264089,0
21744120,0
TIC_21744120,0
21832928,0
TIC_21832928,0
101721385,0
TIC_101721385,0
320798691,0
TIC_320798691,0
27848472,0
TIC_27848472,0
358516596,0
TIC_358516596,0
39200363,0
TIC_39200363,0
75878355,0
TIC_75878355,0
76419763,0
TIC_76419763,0
336128819,0
TIC_336128819,0
23059280,0
TIC_23059280,0
336267424,3
TIC_336267424,3
308172249,0
TIC_308172249,0
399860444,0
TIC_399860444,0
287256467,0
TIC_287256467,0
44313455,0
TIC_44313455,0
103195323,0
TIC_103195323,0
428988981,0
TIC_428988981,0
88992642,0
TIC_88992642,0
158916431,3
TIC_158916431,3
341630071,0
TIC_341630071,0
233569098,3
TIC_233569098,3
1716467085,0
TIC_1716467085,0
230267547,3
TIC_230267547,3
23389848,3
TIC_23389848,3
395393265,0
TIC_395393265,0
406855039,3
TIC_406855039,3
428787891,0
TIC_428787891,0
461591646,0
TIC_461591646,0
258402425,3
TIC_258402425,3
298495970,3
TIC_298495970,3
342642208,0
TIC_342642208,0
270515566,0
TIC_270515566,0
284477310,0
TIC_284477310,0
366563452,3
TIC_366563452,3
284564230,3
TIC_284564230,3
43429656,0
TIC_43429656,0
49967354,3
TIC_49967354,3
73560357,0
TIC_73560357,0
233680651,0
TIC_233680651,0
160162987,3
TIC_160162987,3
364075352,3
TIC_364075352,3
8516795,0
TIC_8516795,0
154741689,0
TIC_154741689,0
75656058,3
TIC_75656058,3
76197937,3
TIC_76197937,3
293567206,3
TIC_293567206,3
159815224,0
TIC_159815224,0
405717754,0
TIC_405717754,0
123495874,0
TIC_123495874,0
123233041,0
TIC_123233041,0
164892194,0
TIC_164892194,0
237913194,0
TIC_237913194,0
298663873,0
TIC_298663873,0
233068569,0
TIC_233068569,0
268823307,0
TIC_268823307,0
1715469662,0
TIC_1715469662,0
176956893,0
TIC_176956893,0
355096431,0
TIC_355096431,0
238171173,0
TIC_238171173,0
270472265,0
TIC_270472265,0
260797169,0
TIC_260797169,0
270342589,0
TIC_270342589,0
389421473,0
TIC_389421473,0
262471759,0
TIC_262471759,0
277890574,0
TIC_277890574,0
401604346,0
TIC_401604346,0
271478281,0
TIC_271478281,0
24695044,0
TIC_24695044,0
372172128,0
TIC_372172128,0
389352124,0
TIC_389352124,0
100566492,0
TIC_100566492,0
369455629,0
TIC_369455629,0
142105158,0
TIC_142105158,0
219306934,0
TIC_219306934,0
358107516,0
TIC_358107516,0
355600246,0
TIC_355600246,0
467971286,0
TIC_467971286,0
260298958,3
TIC_260298958,3
381856447,0
TIC_381856447,0
90850770,0
TIC_90850770,0
38680052,0
TIC_38680052,0
271806353,0
TIC_271806353,0
317089588,0
TIC_317089588,0
212253390,0
TIC_212253390,0
280803917,0
TIC_280803917,0
406318573,0
TIC_406318573,0
272236017,0
TIC_272236017,0
425561347,0
TIC_425561347,0
39018923,0
TIC_39018923,0
234330672,0
TIC_234330672,0
348995212,0
TIC_348995212,0
278138619,0
TIC_278138619,0
150437346,0
TIC_150437346,0
441420236,0
TIC_441420236,0
306510653,0
TIC_306510653,0
273695332,0
TIC_273695332,0
388198242,0
TIC_388198242,0
271891552,0
TIC_271891552,0
403135192,0
TIC_403135192,0
405425498,0
TIC_405425498,0
61733521,3
TIC_61733521,3
143410850,0
TIC_143410850,0
129432342,3
TIC_129432342,3
100504381,3
TIC_100504381,3
439444938,0
TIC_439444938,0
421455387,0
TIC_421455387,0
271491157,0
TIC_271491157,0
267093376,0
TIC_267093376,0
394722182,0
TIC_394722182,0
389238529,3
TIC_389238529,3
231077395,0
TIC_231077395,0
388130235,3
TIC_388130235,3
98494121,3
TIC_98494121,3
96973930,0
TIC_96973930,0
92562123,0
TIC_92562123,0
1990842033,0
TIC_1990842033,0
1989628303,0
TIC_1989628303,0
278415929,0
TIC_278415929,0
349786918,3
TIC_349786918,3
376168473,3
TIC_376168473,3
179580045,0
TIC_179580045,0
152714791,3
TIC_152714791,3
264303333,3
TIC_264303333,3
229715760,0
TIC_229715760,0
233066156,0
TIC_233066156,0
367855829,3
TIC_367855829,3
233688779,0
TIC_233688779,0
265146266,0
TIC_265146266,0
262880065,0
TIC_262880065,0
198485881,0
TIC_198485881,0
219821826,3
TIC_219821826,3
219501568,0
TIC_219501568,0
232568235,0
TIC_232568235,0
229787062,0
TIC_229787062,0
165530380,0
TIC_165530380,0
159400561,0
TIC_159400561,0
235943205,0
TIC_235943205,0
310231275,0
TIC_310231275,0
8348911,0
TIC_8348911,0
459837008,0
TIC_459837008,0
20203297,0
TIC_20203297,0
441798995,3
TIC_441798995,3
198178505,0
TIC_198178505,0
258389327,0
TIC_258389327,0
265460043,0
TIC_265460043,0
142117976,0
TIC_142117976,0
289164482,0
TIC_289164482,0
272679240,0
TIC_272679240,0
198456933,0
TIC_198456933,0
288516853,0
TIC_288516853,0
243313296,0
TIC_243313296,0
115623434,0
TIC_115623434,0
115583726,0
TIC_115583726,0
264171144,0
TIC_264171144,0
237211410,0
TIC_237211410,0
198211976,3
TIC_198211976,3
115446313,3
TIC_115446313,3
329148988,0
TIC_329148988,0
237201858,0
TIC_237201858,0
160077104,0
TIC_160077104,0
462615350,0
TIC_462615350,0
82452140,0
TIC_82452140,0
321688498,0
TIC_321688498,0
236934937,0
TIC_236934937,0
236934268,0
TIC_236934268,0
71347873,0
TIC_71347873,0
284361752,0
TIC_284361752,0
48018596,0
TIC_48018596,0
165554103,0
TIC_165554103,0
233500935,0
TIC_233500935,0
229608594,0
TIC_229608594,0
362220495,3
TIC_362220495,3
280031353,0
TIC_280031353,0
283829553,0
TIC_283829553,0
144000801,0
TIC_144000801,0
197959526,3
TIC_197959526,3
70420766,0
TIC_70420766,0
232079930,0
TIC_232079930,0
147284470,0
TIC_147284470,0
270219048,0
TIC_270219048,0
234489976,0
TIC_234489976,0
328012209,0
TIC_328012209,0
38467100,0
TIC_38467100,0
25139786,0
TIC_25139786,0
147425389,0
TIC_147425389,0
325468685,0
TIC_325468685,0
355446093,0
TIC_355446093,0
302333151,0
TIC_302333151,0
61980227,3
TIC_61980227,3
274599700,3
TIC_274599700,3
88840705,0
TIC_88840705,0
349488688,0
TIC_349488688,0
207501148,3
TIC_207501148,3
138126035,0
TIC_138126035,0
300812741,0
TIC_300812741,0
293527670,3
TIC_293527670,3
69819610,0
TIC_69819610,0
152800085,0
TIC_152800085,0
175456679,0
TIC_175456679,0
177308364,0
TIC_177308364,0
394287035,0
TIC_394287035,0
238920875,0
TIC_238920875,0
180991313,0
TIC_180991313,0
168751223,0
TIC_168751223,0
286000547,0
TIC_286000547,0
358579111,0
TIC_358579111,0
200743403,0
TIC_200743403,0
160003961,0
TIC_160003961,0
88902249,0
TIC_88902249,0
230001847,0
TIC_230001847,0
24358417,0
TIC_24358417,0
279514271,0
TIC_279514271,0
29959761,3
TIC_29959761,3
100267480,3
TIC_100267480,3
100589632,3
TIC_100589632,3
166834768,0
TIC_166834768,0
311179742,0
TIC_311179742,0
91555165,0
TIC_91555165,0
317483660,0
TIC_317483660,0
301343785,0
TIC_301343785,0
317019074,0
TIC_317019074,0
405452527,0
TIC_405452527,0
47601197,0
TIC_47601197,0
290036495,0
TIC_290036495,0
32925763,0
TIC_32925763,0
177079323,0
TIC_177079323,0
219766989,3
TIC_219766989,3
124515764,0
TIC_124515764,0
30947715,0
TIC_30947715,0
124206468,0
TIC_124206468,0
124095888,3
TIC_124095888,3
436102447,0
TIC_436102447,0
31656385,3
TIC_31656385,3
204671232,0
TIC_204671232,0
302924206,0
TIC_302924206,0
445456888,0
TIC_445456888,0
39414571,0
TIC_39414571,0
344085117,3
TIC_344085117,3
39218269,0
TIC_39218269,0
441159680,0
TIC_441159680,0
401125028,0
TIC_401125028,0
220068921,0
TIC_220068921,0
347357977,0
TIC_347357977,0
432132155,0
TIC_432132155,0
189620016,3
TIC_189620016,3
332558858,0
TIC_332558858,0
439366538,0
TIC_439366538,0
164150537,0
TIC_164150537,0
326522874,0
TIC_326522874,0
146165619,0
TIC_146165619,0
231063955,0
TIC_231063955,0
201177276,0
TIC_201177276,0
176220787,0
TIC_176220787,0
39080923,0
TIC_39080923,0
2760219,0
TIC_2760219,0
20897611,0
TIC_20897611,0
382602147,0
TIC_382602147,0
231850364,0
TIC_231850364,0
32487566,0
TIC_32487566,0
237885040,0
TIC_237885040,0
382625239,0
TIC_382625239,0
89544985,0
TIC_89544985,0
369965258,0
TIC_369965258,0
299897516,0
TIC_299897516,0
149349867,0
TIC_149349867,0
231071138,0
TIC_231071138,0
144297844,0
TIC_144297844,0
144124187,0
TIC_144124187,0
333734769,0
TIC_333734769,0
306337838,0
TIC_306337838,0
322807675,0
TIC_322807675,0
219701535,0
TIC_219701535,0
260849386,3
TIC_260849386,3
11521555,0
TIC_11521555,0
1525480,0
TIC_1525480,0
293435336,0
TIC_293435336,0
142087638,0
TIC_142087638,0
231297123,0
TIC_231297123,0
212957629,0
TIC_212957629,0
153078576,0
TIC_153078576,0
67630845,0
TIC_67630845,0
321068176,3
TIC_321068176,3
248391319,0
TIC_248391319,0
10837041,0
TIC_10837041,0
684936227,3
TIC_684936227,3
206498307,3
TIC_206498307,3
237320326,0
TIC_237320326,0
161223358,0
TIC_161223358,0
237922465,0
TIC_237922465,0
49617263,3
TIC_49617263,3
65347776,3
TIC_65347776,3
358248442,0
TIC_358248442,0
268532343,0
TIC_268532343,0
70524163,0
TIC_70524163,0
29919341,0
TIC_29919341,0
197807043,0
TIC_197807043,0
313891529,3
TIC_313891529,3
248387177,0
TIC_248387177,0
97486178,0
TIC_97486178,0
142937186,0
TIC_142937186,0
274193763,0
TIC_274193763,0
420051632,0
TIC_420051632,0
23170835,0
TIC_23170835,0
258804746,0
TIC_258804746,0
347553438,0
TIC_347553438,0
405763009,0
TIC_405763009,0
155001079,0
TIC_155001079,0
298164705,0
TIC_298164705,0
154568734,0
TIC_154568734,0
251094370,0
TIC_251094370,0
686072378,3
TIC_686072378,3
274194927,0
TIC_274194927,0
129839175,0
TIC_129839175,0
219175972,0
TIC_219175972,0
168871868,3
TIC_168871868,3
318753380,0
TIC_318753380,0
29959760,0
TIC_29959760,0
439867639,0
TIC_439867639,0
142868621,0
TIC_142868621,0
1167538,0
TIC_1167538,0
231721005,3
TIC_231721005,3
170729775,0
TIC_170729775,0
408114363,0
TIC_408114363,0
4294779,3
TIC_4294779,3
219208037,3
TIC_219208037,3
59128183,0
TIC_59128183,0
67782629,0
TIC_67782629,0
434260570,0
TIC_434260570,0
311271011,0
TIC_311271011,0
117799904,0
TIC_117799904,0
449197831,0
TIC_449197831,0
192790476,0
TIC_192790476,0
454224694,0
TIC_454224694,0
411839167,0
TIC_411839167,0
248434780,0
TIC_248434780,0
452375478,0
TIC_452375478,0
32949762,0
TIC_32949762,0
146523262,0
TIC_146523262,0
293612446,0
TIC_293612446,0
71013298,0
TIC_71013298,0
31114545,3
TIC_31114545,3
117843067,3
TIC_117843067,3
298981199,0
TIC_298981199,0
71088556,0
TIC_71088556,0
248650906,0
TIC_248650906,0
399868187,0
TIC_399868187,0
449257028,0
TIC_449257028,0
373453507,3
TIC_373453507,3
43868600,0
TIC_43868600,0
412054152,0
TIC_412054152,0
262435954,0
TIC_262435954,0
167661160,0
TIC_167661160,0
1449756,3
TIC_1449756,3
262258341,0
TIC_262258341,0
117938087,0
TIC_117938087,0
219151731,3
TIC_219151731,3
68035559,0
TIC_68035559,0
328934463,0
TIC_328934463,0
369376388,0
TIC_369376388,0
394346745,0
TIC_394346745,0
139251123,0
TIC_139251123,0
279327604,0
TIC_279327604,0
77437543,0
TIC_77437543,0
80567842,0
TIC_80567842,0
282498590,3
TIC_282498590,3
123664207,0
TIC_123664207,0
282576340,0
TIC_282576340,0
33091590,0
TIC_33091590,0
160328683,0
TIC_160328683,0
97568467,0
TIC_97568467,0
263179590,0
TIC_263179590,0
67196573,0
TIC_67196573,0
206785987,0
TIC_206785987,0
134471108,0
TIC_134471108,0
52689469,0
TIC_52689469,0
124778445,0
TIC_124778445,0
206906112,0
TIC_206906112,0
443127052,0
TIC_443127052,0
393298446,0
TIC_393298446,0
354519019,0
TIC_354519019,0
147430118,0
TIC_147430118,0
143282930,0
TIC_143282930,0
170103435,3
TIC_170103435,3
124702477,3
TIC_124702477,3
124491883,0
TIC_124491883,0
59842822,0
TIC_59842822,0
317134140,0
TIC_317134140,0
123627908,0
TIC_123627908,0
295947393,0
TIC_295947393,0
48178229,3
TIC_48178229,3
96925186,0
TIC_96925186,0
47720259,0
TIC_47720259,0
177414713,0
TIC_177414713,0
72556406,0
TIC_72556406,0
148883384,0
TIC_148883384,0
443213925,0
TIC_443213925,0
169249234,0
TIC_169249234,0
149601126,0
TIC_149601126,0
380836882,0
TIC_380836882,0
126572546,0
TIC_126572546,0
83154030,0
TIC_83154030,0
269333648,0
TIC_269333648,0
52059926,0
TIC_52059926,0
262843259,0
TIC_262843259,0
20579360,0
TIC_20579360,0
418012030,0
TIC_418012030,0
219332978,0
TIC_219332978,0
204698337,0
TIC_204698337,0
20299658,0
TIC_20299658,0
399967279,0
TIC_399967279,0
443115574,0
TIC_443115574,0
201508515,0
TIC_201508515,0
354518617,0
TIC_354518617,0
31054498,0
TIC_31054498,0
431971818,0
TIC_431971818,0
270604417,0
TIC_270604417,0
341419787,3
TIC_341419787,3
149845414,0
TIC_149845414,0
388089437,0
TIC_388089437,0
444013020,0
TIC_444013020,0
350293646,0
TIC_350293646,0
80711765,0
TIC_80711765,0
294500964,3
TIC_294500964,3
6276559,0
TIC_6276559,0
31515092,0
TIC_31515092,0
238542895,0
TIC_238542895,0
144043410,3
TIC_144043410,3
155491828,3
TIC_155491828,3
468981993,0
TIC_468981993,0
269400980,0
TIC_269400980,0
283307274,0
TIC_283307274,0
441453629,0
TIC_441453629,0
441155146,0
TIC_441155146,0
422385684,0
TIC_422385684,0
420177051,0
TIC_420177051,0
387409975,0
TIC_387409975,0
334482103,0
TIC_334482103,0
321086563,0
TIC_321086563,0
284679064,0
TIC_284679064,0
258920431,0
TIC_258920431,0
257067559,0
TIC_257067559,0
248655556,0
TIC_248655556,0
239816546,0
TIC_239816546,0
239638934,3
TIC_239638934,3
234489133,0
TIC_234489133,0
160037058,0
TIC_160037058,0
159332859,0
TIC_159332859,0
142784687,0
TIC_142784687,0
115453244,0
TIC_115453244,0
112316665,0
TIC_112316665,0
104986789,0
TIC_104986789,0
103751498,0
TIC_103751498,0
102713734,0
TIC_102713734,0
37862966,0
TIC_37862966,0
21279791,0
TIC_21279791,0
7548817,0
TIC_7548817,0
458641144,0
TIC_458641144,0
62530991,3
TIC_62530991,3
458647887,0
TIC_458647887,0
68007716,0
TIC_68007716,0
284418751,0
TIC_284418751,0
157698565,0
TIC_157698565,0
234832821,0
TIC_234832821,0
229285649,3
TIC_229285649,3
284122875,0
TIC_284122875,0
258983679,0
TIC_258983679,0
229167359,0
TIC_229167359,0
151284882,0
TIC_151284882,0
37089434,0
TIC_37089434,0
220139435,0
TIC_220139435,0
12036590,3
TIC_12036590,3
235333495,0
TIC_235333495,0
234160911,0
TIC_234160911,0
456844391,0
TIC_456844391,0
191928543,0
TIC_191928543,0
176772671,3
TIC_176772671,3
189625051,0
TIC_189625051,0
146776480,0
TIC_146776480,0
355800238,0
TIC_355800238,0
149539158,3
TIC_149539158,3
269850928,0
TIC_269850928,0
308883808,0
TIC_308883808,0
268914377,3
TIC_268914377,3
234282389,3
TIC_234282389,3
149572298,0
TIC_149572298,0
52315301,0
TIC_52315301,0
263075864,0
TIC_263075864,0
38965512,0
TIC_38965512,0
273850708,0
TIC_273850708,0
260537454,0
TIC_260537454,0
231076038,0
TIC_231076038,0
31943299,0
TIC_31943299,0
394346647,0
TIC_394346647,0
388202128,0
TIC_388202128,0
382259755,0
TIC_382259755,0
403288821,3
TIC_403288821,3
349410350,0
TIC_349410350,0
308396509,0
TIC_308396509,0
300604770,0
TIC_300604770,0
262829328,0
TIC_262829328,0
260541432,0
TIC_260541432,0
259901731,0
TIC_259901731,0
391900348,0
TIC_391900348,0
140067837,0
TIC_140067837,0
231703293,3
TIC_231703293,3
386131764,0
TIC_386131764,0
318812447,0
TIC_318812447,0
358557578,0
TIC_358557578,0
119925436,0
TIC_119925436,0
349408306,0
TIC_349408306,0
458342769,0
TIC_458342769,0
98753307,0
TIC_98753307,0
135036669,0
TIC_135036669,0
162802770,0
TIC_162802770,0
448589187,0
TIC_448589187,0
152852327,0
TIC_152852327,0
385332171,0
TIC_385332171,0
372818426,0
TIC_372818426,0
349966879,0
TIC_349966879,0
234527228,0
TIC_234527228,0
231833236,0
TIC_231833236,0
230980206,0
TIC_230980206,0
453100296,0
TIC_453100296,0
29830212,3
TIC_29830212,3
372852036,0
TIC_372852036,0
149394317,0
TIC_149394317,0
200805484,0
TIC_200805484,0
166851829,0
TIC_166851829,0
231065398,0
TIC_231065398,0
160004025,0
TIC_160004025,0
31634579,0
TIC_31634579,0
147456499,0
TIC_147456499,0
372817671,0
TIC_372817671,0
144125079,0
TIC_144125079,0
423672208,0
TIC_423672208,0
423666115,0
TIC_423666115,0
277871306,3
TIC_277871306,3
186936449,0
TIC_186936449,0
170889511,0
TIC_170889511,0
348684813,3
TIC_348684813,3
192076548,0
TIC_192076548,0
348835438,0
TIC_348835438,0
190721237,0
TIC_190721237,0
190081497,3
TIC_190081497,3
129372561,0
TIC_129372561,0
1018843,0
TIC_1018843,0
434496663,0
TIC_434496663,0
179033846,3
TIC_179033846,3
420016507,0
TIC_420016507,0
398736713,0
TIC_398736713,0
354517490,0
TIC_354517490,0
323295908,0
TIC_323295908,0
219366908,3
TIC_219366908,3
209408136,0
TIC_209408136,0
200803270,0
TIC_200803270,0
200320748,0
TIC_200320748,0
161568891,0
TIC_161568891,0
161479081,0
TIC_161479081,0
159989004,0
TIC_159989004,0
155993822,0
TIC_155993822,0
98728690,0
TIC_98728690,0
92363023,0
TIC_92363023,0
92359852,0
TIC_92359852,0
71345362,0
TIC_71345362,0
38399060,0
TIC_38399060,0
30016082,0
TIC_30016082,0
146467673,0
TIC_146467673,0
140284353,0
TIC_140284353,0
139445621,0
TIC_139445621,0
139445453,0
TIC_139445453,0
100683605,0
TIC_100683605,0
77958378,0
TIC_77958378,0
56096837,0
TIC_56096837,0
44791617,0
TIC_44791617,0
43604949,0
TIC_43604949,0
43475220,0
TIC_43475220,0
32677675,0
TIC_32677675,0
169448771,0
TIC_169448771,0
457202957,0
TIC_457202957,0
455036659,0
TIC_455036659,0
452810327,3
TIC_452810327,3
452810326,0
TIC_452810326,0
408231638,0
TIC_408231638,0
396896334,0
TIC_396896334,0
362026280,0
TIC_362026280,0
332660287,3
TIC_332660287,3
332534326,0
TIC_332534326,0
311239796,0
TIC_311239796,0
284859630,0
TIC_284859630,0
269077474,3
TIC_269077474,3
248655096,0
TIC_248655096,0
176314383,0
TIC_176314383,0
169448297,0
TIC_169448297,0
167714124,0
TIC_167714124,0
153725446,0
TIC_153725446,0
152477897,0
TIC_152477897,0
119290630,0
TIC_119290630,0
100780304,0
TIC_100780304,0
100589633,0
TIC_100589633,0
51830822,0
TIC_51830822,0
42763678,0
TIC_42763678,0
39724477,0
TIC_39724477,0
37240067,0
TIC_37240067,0
34729329,0
TIC_34729329,0
34466256,3
TIC_34466256,3
34266522,0
TIC_34266522,0
21505121,0
TIC_21505121,0
20069685,0
TIC_20069685,0
91869778,3
TIC_91869778,3
445946478,0
TIC_445946478,0
445145355,0
TIC_445145355,0
319473643,0
TIC_319473643,0
301281965,0
TIC_301281965,0
283303192,0
TIC_283303192,0
282102605,0
TIC_282102605,0
280212554,3
TIC_280212554,3
279989567,3
TIC_279989567,3
237770757,0
TIC_237770757,0
237736186,0
TIC_237736186,0
237632488,0
TIC_237632488,0
237552878,0
TIC_237552878,0
235448190,0
TIC_235448190,0
235300016,0
TIC_235300016,0
231157209,0
TIC_231157209,0
170367033,0
TIC_170367033,0
168191686,0
TIC_168191686,0
148233571,3
TIC_148233571,3
148004811,0
TIC_148004811,0
147437399,0
TIC_147437399,0
147125706,0
TIC_147125706,0
147034452,0
TIC_147034452,0
134315574,3
TIC_134315574,3
130611752,3
TIC_130611752,3
96736412,0
TIC_96736412,0
79431527,0
TIC_79431527,0
78441371,0
TIC_78441371,0
53122063,0
TIC_53122063,0
52976395,0
TIC_52976395,0
284288093,0
TIC_284288093,0
48806546,0
TIC_48806546,0
443556801,0
TIC_443556801,0
443534757,0
TIC_443534757,0
438057373,0
TIC_438057373,0
437893926,3
TIC_437893926,3
435934762,0
TIC_435934762,0
420962989,0
TIC_420962989,0
388934707,0
TIC_388934707,0
36574157,3
TIC_36574157,3
35636165,0
TIC_35636165,0
35483319,0
TIC_35483319,0
332860211,0
TIC_332860211,0
319735319,3
TIC_319735319,3
317546777,0
TIC_317546777,0
317417916,0
TIC_317417916,0
306903715,0
TIC_306903715,0
302976834,0
TIC_302976834,0
302766000,3
TIC_302766000,3
300204369,0
TIC_300204369,0
281987399,0
TIC_281987399,0
270677031,0
TIC_270677031,0
255756918,0
TIC_255756918,0
251209368,3
TIC_251209368,3
247518629,0
TIC_247518629,0
237406657,0
TIC_237406657,0
237362186,0
TIC_237362186,0
235077268,0
TIC_235077268,0
232139628,0
TIC_232139628,0
232052748,0
TIC_232052748,0
220076110,0
TIC_220076110,0
206897186,0
TIC_206897186,0
160347548,0
TIC_160347548,0
156887426,0
TIC_156887426,0
147804034,0
TIC_147804034,0
140287227,0
TIC_140287227,0
139444326,0
TIC_139444326,0
124379043,0
TIC_124379043,0
44764338,0
TIC_44764338,0
5024743,3
TIC_5024743,3
193220940,0
TIC_193220940,0
11936042,0
TIC_11936042,0
192988021,0
TIC_192988021,0
45655786,0
TIC_45655786,0
80682484,0
TIC_80682484,0
78775584,3
TIC_78775584,3
105801221,3
TIC_105801221,3
133427311,0
TIC_133427311,0
268187322,0
TIC_268187322,0
306663205,0
TIC_306663205,0
131581522,3
TIC_131581522,3
285526706,0
TIC_285526706,0
151483286,0
TIC_151483286,0
387275908,0
TIC_387275908,0
130948731,0
TIC_130948731,0
281489322,0
TIC_281489322,0
130349701,0
TIC_130349701,0
271035369,0
TIC_271035369,0
128135100,0
TIC_128135100,0
268496304,0
TIC_268496304,0
123462119,0
TIC_123462119,0
440775339,0
TIC_440775339,0
268042363,3
TIC_268042363,3
114103134,3
TIC_114103134,3
307456716,0
TIC_307456716,0
259165246,0
TIC_259165246,0
107340585,0
TIC_107340585,0
238335094,0
TIC_238335094,0
156172268,0
TIC_156172268,0
98286422,3
TIC_98286422,3
144628120,0
TIC_144628120,0
238020894,0
TIC_238020894,0
81231810,3
TIC_81231810,3
182470056,3
TIC_182470056,3
178577607,0
TIC_178577607,0
79930628,0
TIC_79930628,0
178162579,0
TIC_178162579,0
79030066,0
TIC_79030066,0
387342052,0
TIC_387342052,0
177612321,3
TIC_177612321,3
66151343,0
TIC_66151343,0
175604949,0
TIC_175604949,0
285524410,3
TIC_285524410,3
61687533,0
TIC_61687533,0
453105377,0
TIC_453105377,0
174206540,0
TIC_174206540,0
52869977,0
TIC_52869977,0
173818213,0
TIC_173818213,0
50989813,0
TIC_50989813,0
437156845,3
TIC_437156845,3
172630205,3
TIC_172630205,3
419148828,0
TIC_419148828,0
47587394,0
TIC_47587394,0
157655504,0
TIC_157655504,0
419029830,0
TIC_419029830,0
157572174,0
TIC_157572174,0
231937059,0
TIC_231937059,0
412257781,3
TIC_412257781,3
157011920,0
TIC_157011920,0
231337271,0
TIC_231337271,0
409896170,0
TIC_409896170,0
156949982,0
TIC_156949982,0
147857396,0
TIC_147857396,0
409264172,0
TIC_409264172,0
14709225,0
TIC_14709225,0
155807906,3
TIC_155807906,3
151930063,3
TIC_151930063,3
119448220,0
TIC_119448220,0
123106490,3
TIC_123106490,3
385658469,0
TIC_385658469,0
10827386,0
TIC_10827386,0
348477542,0
TIC_348477542,0
4999813,3
TIC_4999813,3
146836153,3
TIC_146836153,3
344140617,0
TIC_344140617,0
320541238,0
TIC_320541238,0
142405475,0
TIC_142405475,0
319932686,0
TIC_319932686,0
318413374,0
TIC_318413374,0
140019355,0
TIC_140019355,0
318796593,0
TIC_318796593,0
134183038,0
TIC_134183038,0
80713983,0
TIC_80713983,0
355796887,0
TIC_355796887,0
355655412,0
TIC_355655412,0
342167886,0
TIC_342167886,0
340559155,0
TIC_340559155,0
340144218,0
TIC_340144218,0
315120585,0
TIC_315120585,0
315117300,0
TIC_315117300,0
310537530,0
TIC_310537530,0
308987429,0
TIC_308987429,0
308612785,0
TIC_308612785,0
307366709,0
TIC_307366709,0
298206077,0
TIC_298206077,0
295093397,0
TIC_295093397,0
290302097,3
TIC_290302097,3
268125229,0
TIC_268125229,0
267536225,0
TIC_267536225,0
260120451,0
TIC_260120451,0
192259856,0
TIC_192259856,0
192003741,0
TIC_192003741,0
191671884,0
TIC_191671884,0
191496430,0
TIC_191496430,0
141574742,0
TIC_141574742,0
141141249,0
TIC_141141249,0
118406995,0
TIC_118406995,0
101588793,0
TIC_101588793,0
90127880,0
TIC_90127880,0
89617284,0
TIC_89617284,0
76663549,0
TIC_76663549,0
75744886,0
TIC_75744886,0
74881311,0
TIC_74881311,0
74274839,0
TIC_74274839,0
48210046,0
TIC_48210046,0
45896295,0
TIC_45896295,0
45492609,0
TIC_45492609,0
45299834,0
TIC_45299834,0
45048546,0
TIC_45048546,0
44510874,0
TIC_44510874,0
34499178,0
TIC_34499178,0
33651215,0
TIC_33651215,0
33159936,0
TIC_33159936,0
31975443,0
TIC_31975443,0
30300445,0
TIC_30300445,0
29505837,0
TIC_29505837,0
29418536,0
TIC_29418536,0
29336129,3
TIC_29336129,3
28945511,0
TIC_28945511,0
24837152,0
TIC_24837152,0
22020459,3
TIC_22020459,3
18794442,0
TIC_18794442,0
11417087,0
TIC_11417087,0
5485318,0
TIC_5485318,0
5224772,0
TIC_5224772,0
4729001,0
TIC_4729001,0
3840990,0
TIC_3840990,0
3233861,0
TIC_3233861,0
340700241,3
TIC_340700241,3
286152207,0
TIC_286152207,0
302798365,0
TIC_302798365,0
374847873,3
TIC_374847873,3
357896777,0
TIC_357896777,0
357299852,0
TIC_357299852,0
356206412,0
TIC_356206412,0
304025075,3
TIC_304025075,3
302527524,0
TIC_302527524,0
469184909,3
TIC_469184909,3
464328419,0
TIC_464328419,0
464326872,0
TIC_464326872,0
463508231,0
TIC_463508231,0
463469906,0
TIC_463469906,0
463203560,3
TIC_463203560,3
462162963,3
TIC_462162963,3
462072242,0
TIC_462072242,0
446684383,0
TIC_446684383,0
444394183,0
TIC_444394183,0
441334829,3
TIC_441334829,3
439512298,0
TIC_439512298,0
146841337,0
TIC_146841337,0
136504576,0
TIC_136504576,0
103245940,3
TIC_103245940,3
103183399,0
TIC_103183399,0
36452991,0
TIC_36452991,0
461136782,0
TIC_461136782,0
453452264,0
TIC_453452264,0
448536355,0
TIC_448536355,0
437259571,0
TIC_437259571,0
437253811,0
TIC_437253811,0
423393242,0
TIC_423393242,0
413372087,0
TIC_413372087,0
361343239,0
TIC_361343239,0
315096343,0
TIC_315096343,0
311252710,0
TIC_311252710,0
289931756,0
TIC_289931756,0
287145649,0
TIC_287145649,0
211446495,0
TIC_211446495,0
168449943,0
TIC_168449943,0
168405330,0
TIC_168405330,0
168384845,0
TIC_168384845,0
148497855,0
TIC_148497855,0
141631253,3
TIC_141631253,3
105759569,0
TIC_105759569,0
97825640,0
TIC_97825640,0
73433128,0
TIC_73433128,0
49046332,0
TIC_49046332,0
49045066,0
TIC_49045066,0
48768158,0
TIC_48768158,0
36718161,0
TIC_36718161,0
36381058,0
TIC_36381058,0
35855047,0
TIC_35855047,0
35652085,0
TIC_35652085,0
34737413,0
TIC_34737413,0
34505005,3
TIC_34505005,3
23435610,0
TIC_23435610,0
468977648,3
TIC_468977648,3
402053027,0
TIC_402053027,0
400762242,0
TIC_400762242,0
400395395,3
TIC_400395395,3
386297468,3
TIC_386297468,3
386161311,0
TIC_386161311,0
384034837,0
TIC_384034837,0
383666033,3
TIC_383666033,3
357634632,0
TIC_357634632,0
357202877,0
TIC_357202877,0
356461227,3
TIC_356461227,3
437560683,0
TIC_437560683,0
383949205,0
TIC_383949205,0
383806208,0
TIC_383806208,0
357801293,0
TIC_357801293,0
356200601,0
TIC_356200601,0
122418622,0
TIC_122418622,0
45684223,3
TIC_45684223,3
45296362,0
TIC_45296362,0
45191604,0
TIC_45191604,0
45054849,0
TIC_45054849,0
287721202,0
TIC_287721202,0
454248975,0
TIC_454248975,0
452576848,0
TIC_452576848,0
452464529,0
TIC_452464529,0
449491381,0
TIC_449491381,0
282091492,0
TIC_282091492,0
467955232,0
TIC_467955232,0
465540915,0
TIC_465540915,0
465275307,0
TIC_465275307,0
460686828,0
TIC_460686828,0
401283491,0
TIC_401283491,0
398725538,0
TIC_398725538,0
391645374,0
TIC_391645374,0
390444761,0
TIC_390444761,0
390157607,3
TIC_390157607,3
376209245,0
TIC_376209245,0
376036292,0
TIC_376036292,0
373033374,0
TIC_373033374,0
372596795,0
TIC_372596795,0
371864043,0
TIC_371864043,0
361219651,0
TIC_361219651,0
360706000,0
TIC_360706000,0
357538688,3
TIC_357538688,3
344568128,0
TIC_344568128,0
323966987,0
TIC_323966987,0
316652224,0
TIC_316652224,0
304426002,0
TIC_304426002,0
303867090,3
TIC_303867090,3
302003748,0
TIC_302003748,0
288224503,0
TIC_288224503,0
287584141,0
TIC_287584141,0
269859655,0
TIC_269859655,0
267712001,0
TIC_267712001,0
160522555,0
TIC_160522555,0
67798337,0
TIC_67798337,0
67622702,0
TIC_67622702,0
464711858,0
TIC_464711858,0
464067218,3
TIC_464067218,3
463681005,3
TIC_463681005,3
463590116,0
TIC_463590116,0
463343283,0
TIC_463343283,0
463103749,0
TIC_463103749,0
463070290,0
TIC_463070290,0
462135459,0
TIC_462135459,0
461968320,0
TIC_461968320,0
459157691,0
TIC_459157691,0
458995583,0
TIC_458995583,0
457268255,0
TIC_457268255,0
452049244,0
TIC_452049244,0
452006073,0
TIC_452006073,0
451084885,0
TIC_451084885,0
448744179,0
TIC_448744179,0
447976172,0
TIC_447976172,0
447891218,0
TIC_447891218,0
447593267,0
TIC_447593267,0
443341002,0
TIC_443341002,0
443042089,3
TIC_443042089,3
441444262,0
TIC_441444262,0
439926641,0
TIC_439926641,0
432467894,0
TIC_432467894,0
428699140,0
TIC_428699140,0
405620289,0
TIC_405620289,0
397423462,0
TIC_397423462,0
376740324,3
TIC_376740324,3
374158843,0
TIC_374158843,0
364427226,0
TIC_364427226,0
362607799,0
TIC_362607799,0
347715478,0
TIC_347715478,0
309913305,0
TIC_309913305,0
306255021,0
TIC_306255021,0
274911536,0
TIC_274911536,0
272885406,0
TIC_272885406,0
272645619,0
TIC_272645619,0
270075071,0
TIC_270075071,0
229465678,0
TIC_229465678,0
163262555,0
TIC_163262555,0
163260812,0
TIC_163260812,0
163030461,0
TIC_163030461,0
162620529,0
TIC_162620529,0
157213708,0
TIC_157213708,0
147092818,0
TIC_147092818,0
133129971,0
TIC_133129971,0
132963419,0
TIC_132963419,0
124454726,0
TIC_124454726,0
124453339,0
TIC_124453339,0
124174267,0
TIC_124174267,0
124146529,0
TIC_124146529,0
120723776,3
TIC_120723776,3
104022675,3
TIC_104022675,3
103832313,0
TIC_103832313,0
98662211,0
TIC_98662211,0
94346376,0
TIC_94346376,0
94011343,0
TIC_94011343,0
93093765,0
TIC_93093765,0
80778619,0
TIC_80778619,0
73082014,0
TIC_73082014,0
58461209,0
TIC_58461209,0
57793060,0
TIC_57793060,0
22384839,0
TIC_22384839,0
14715294,0
TIC_14715294,0
61117473,3
TIC_61117473,3
60768923,0
TIC_60768923,0
454918388,0
TIC_454918388,0
160023,0
TIC_160023,0
454876465,0
TIC_454876465,0
17361,0
TIC_17361,0
453677947,0
TIC_453677947,0
4711,0
TIC_4711,0
453396346,0
TIC_453396346,0
2876,0
TIC_2876,0
448923766,0
TIC_448923766,0
448775221,0
TIC_448775221,0
448688668,0
TIC_448688668,0
448098793,0
TIC_448098793,0
418471796,0
TIC_418471796,0
395514100,0
TIC_395514100,0
270347814,0
TIC_270347814,0
48661942,0
TIC_48661942,0
394900138,0
TIC_394900138,0
394443982,0
TIC_394443982,0
387791274,0
TIC_387791274,0
384244834,0
TIC_384244834,0
361176558,0
TIC_361176558,0
360816296,0
TIC_360816296,0
360816293,3
TIC_360816293,3
359572563,0
TIC_359572563,0
323980895,0
TIC_323980895,0
296670796,0
TIC_296670796,0
195256633,0
TIC_195256633,0
36607746,0
TIC_36607746,0
467484304,0
TIC_467484304,0
466318137,3
TIC_466318137,3
465176038,0
TIC_465176038,0
457272901,0
TIC_457272901,0
457110913,0
TIC_457110913,0
456962262,0
TIC_456962262,0
451254008,0
TIC_451254008,0
449549170,3
TIC_449549170,3
440872576,0
TIC_440872576,0
438777551,0
TIC_438777551,0
433546897,0
TIC_433546897,0
425316308,0
TIC_425316308,0
419946164,3
TIC_419946164,3
419858461,3
TIC_419858461,3
412371819,0
TIC_412371819,0
411796826,0
TIC_411796826,0
410554986,0
TIC_410554986,0
403911354,0
TIC_403911354,0
400712525,0
TIC_400712525,0
399058051,0
TIC_399058051,0
398502253,0
TIC_398502253,0
398466662,0
TIC_398466662,0
392112968,3
TIC_392112968,3
391510223,0
TIC_391510223,0
389999924,3
TIC_389999924,3
383410746,0
TIC_383410746,0
381996371,0
TIC_381996371,0
378227267,0
TIC_378227267,0
372960748,0
TIC_372960748,0
372596796,3
TIC_372596796,3
372448111,0
TIC_372448111,0
370385007,0
TIC_370385007,0
366248595,0
TIC_366248595,0
363661031,0
TIC_363661031,0
363632843,0
TIC_363632843,0
245027119,0
TIC_245027119,0
363202582,0
TIC_363202582,0
361998994,3
TIC_361998994,3
344745774,0
TIC_344745774,0
342375120,0
TIC_342375120,0
336613507,0
TIC_336613507,0
334757798,0
TIC_334757798,0
333511802,0
TIC_333511802,0
332880327,0
TIC_332880327,0
331297805,0
TIC_331297805,0
331160996,0
TIC_331160996,0
121625070,0
TIC_121625070,0
330885564,0
TIC_330885564,0
330014070,0
TIC_330014070,0
329921262,0
TIC_329921262,0
329691586,0
TIC_329691586,0
329609449,0
TIC_329609449,0
326662822,0
TIC_326662822,0
322862882,3
TIC_322862882,3
321802774,0
TIC_321802774,0
320994166,0
TIC_320994166,0
319949055,0
TIC_319949055,0
319806044,0
TIC_319806044,0
318668441,0
TIC_318668441,0
323002911,0
TIC_323002911,0
316236118,0
TIC_316236118,0
314013231,0
TIC_314013231,0
312508092,0
TIC_312508092,0
307888842,0
TIC_307888842,0
306547699,3
TIC_306547699,3
309436531,3
TIC_309436531,3
305739565,0
TIC_305739565,0
305492348,0
TIC_305492348,0
304950588,3
TIC_304950588,3
303883880,3
TIC_303883880,3
303686889,0
TIC_303686889,0
297668572,0
TIC_297668572,0
297457992,0
TIC_297457992,0
401952328,0
TIC_401952328,0
295233473,0
TIC_295233473,0
294385899,0
TIC_294385899,0
294365631,0
TIC_294365631,0
290263093,0
TIC_290263093,0
289445553,0
TIC_289445553,0
280857321,0
TIC_280857321,0
269439355,0
TIC_269439355,0
265633507,0
TIC_265633507,0
260776145,0
TIC_260776145,0
243641947,0
TIC_243641947,0
242460075,3
TIC_242460075,3
242389810,0
TIC_242389810,0
241752370,0
TIC_241752370,0
241569046,0
TIC_241569046,0
241514551,0
TIC_241514551,0
241326434,0
TIC_241326434,0
209923610,0
TIC_209923610,0
209707800,0
TIC_209707800,0
208091447,0
TIC_208091447,0
203476998,0
TIC_203476998,0
179715231,0
TIC_179715231,0
167597352,0
TIC_167597352,0
165667705,0
TIC_165667705,0
159262969,0
TIC_159262969,0
125424836,0
TIC_125424836,0
121194926,0
TIC_121194926,0
112037211,0
TIC_112037211,0
112037203,3
TIC_112037203,3
107506563,0
TIC_107506563,0
83395136,0
TIC_83395136,0
322901324,0
TIC_322901324,0
76505260,3
TIC_76505260,3
369789627,0
TIC_369789627,0
68523365,0
TIC_68523365,0
370138999,0
TIC_370138999,0
358070912,0
TIC_358070912,0
280096473,0
TIC_280096473,0
469821652,0
TIC_469821652,0
468055102,0
TIC_468055102,0
466167563,0
TIC_466167563,0
451566438,0
TIC_451566438,0
410372968,0
TIC_410372968,0
410358456,0
TIC_410358456,0
410314178,0
TIC_410314178,0
407922734,0
TIC_407922734,0
406236094,0
TIC_406236094,0
388280249,0
TIC_388280249,0
372443687,0
TIC_372443687,0
360822008,0
TIC_360822008,0
325275736,0
TIC_325275736,0
320327056,0
TIC_320327056,0
319568619,0
TIC_319568619,0
304130406,0
TIC_304130406,0
179987678,0
TIC_179987678,0
290302491,0
TIC_290302491,0
254142310,0
TIC_254142310,0
219924802,0
TIC_219924802,0
201660996,0
TIC_201660996,0
166220082,0
TIC_166220082,0
114181798,0
TIC_114181798,0
113648563,0
TIC_113648563,0
113117112,0
TIC_113117112,0
79920467,0
TIC_79920467,0
31786438,0
TIC_31786438,0
31697707,3
TIC_31697707,3
464593883,0
TIC_464593883,0
464481762,0
TIC_464481762,0
464445045,0
TIC_464445045,0
464280516,0
TIC_464280516,0
456574511,0
TIC_456574511,0
456560485,0
TIC_456560485,0
451538240,0
TIC_451538240,0
407772585,0
TIC_407772585,0
390723664,0
TIC_390723664,0
384299730,0
TIC_384299730,0
384016413,0
TIC_384016413,0
383299778,0
TIC_383299778,0
381982417,0
TIC_381982417,0
381789320,0
TIC_381789320,0
380775661,0
TIC_380775661,0
369861731,3
TIC_369861731,3
369861728,0
TIC_369861728,0
365554300,0
TIC_365554300,0
365021641,0
TIC_365021641,0
364072092,0
TIC_364072092,0
337274055,3
TIC_337274055,3
332314607,0
TIC_332314607,0
327210623,3
TIC_327210623,3
315398848,0
TIC_315398848,0
312030014,0
TIC_312030014,0
311565540,0
TIC_311565540,0
311292015,0
TIC_311292015,0
310854881,0
TIC_310854881,0
310267134,3
TIC_310267134,3
307320565,0
TIC_307320565,0
306648160,0
TIC_306648160,0
306357884,0
TIC_306357884,0
305512837,3
TIC_305512837,3
304695574,0
TIC_304695574,0
303617735,0
TIC_303617735,0
301455423,0
TIC_301455423,0
292477426,0
TIC_292477426,0
276647494,0
TIC_276647494,0
256158543,0
TIC_256158543,0
255768108,0
TIC_255768108,0
194795551,0
TIC_194795551,0
194179013,3
TIC_194179013,3
193782529,0
TIC_193782529,0
160930264,0
TIC_160930264,0
120033290,0
TIC_120033290,0
119950057,0
TIC_119950057,0
119089245,0
TIC_119089245,0
86419190,0
TIC_86419190,0
86021841,0
TIC_86021841,0
76761591,0
TIC_76761591,0
75919790,0
TIC_75919790,0
75076261,0
TIC_75076261,0
58046864,3
TIC_58046864,3
57093805,0
TIC_57093805,0
21997420,0
TIC_21997420,0
6404965,0
TIC_6404965,0
131581531,3
TIC_131581531,3
131347421,0
TIC_131347421,0
50909831,0
TIC_50909831,0
4959676,0
TIC_4959676,0
941340744,0
TIC_941340744,0
33840683,0
TIC_33840683,0
391903064,0
TIC_391903064,0
260367888,0
TIC_260367888,0
382045742,0
TIC_382045742,0
229138584,0
TIC_229138584,0
412259468,3
TIC_412259468,3
146244533,3
TIC_146244533,3
360714300,0
TIC_360714300,0
342343963,0
TIC_342343963,0
440324561,0
TIC_440324561,0
464300749,0
TIC_464300749,0
385858569,0
TIC_385858569,0
280655495,0
TIC_280655495,0
34297761,0
TIC_34297761,0
220547837,0
TIC_220547837,0
131730580,0
TIC_131730580,0
131419624,0
TIC_131419624,0
190981760,3
TIC_190981760,3
131250246,0
TIC_131250246,0
186470510,0
TIC_186470510,0
131036011,3
TIC_131036011,3
186459119,0
TIC_186459119,0
131025778,0
TIC_131025778,0
185482513,3
TIC_185482513,3
130797885,0
TIC_130797885,0
184670625,3
TIC_184670625,3
133655284,0
TIC_133655284,0
130191319,3
TIC_130191319,3
176148945,0
TIC_176148945,0
129881395,3
TIC_129881395,3
13737885,0
TIC_13737885,0
175317833,0
TIC_175317833,0
118603213,0
TIC_118603213,0
175079720,3
TIC_175079720,3
174426662,0
TIC_174426662,0
118072143,0
TIC_118072143,0
173860688,3
TIC_173860688,3
419419534,3
TIC_419419534,3
96055535,0
TIC_96055535,0
173824688,0
TIC_173824688,0
80174172,3
TIC_80174172,3
173260345,0
TIC_173260345,0
59536337,0
TIC_59536337,0
170405772,0
TIC_170405772,0
56630436,0
TIC_56630436,0
154616309,0
TIC_154616309,0
46999289,0
TIC_46999289,0
153197346,3
TIC_153197346,3
437215469,0
TIC_437215469,0
26051436,0
TIC_26051436,0
152685831,3
TIC_152685831,3
133107143,0
TIC_133107143,0
18795429,0
TIC_18795429,0
152326573,0
TIC_152326573,0
410159011,0
TIC_410159011,0
152005053,0
TIC_152005053,0
7904580,3
TIC_7904580,3
405485201,0
TIC_405485201,0
238012337,0
TIC_238012337,0
150424946,0
TIC_150424946,0
396794358,0
TIC_396794358,0
149745822,0
TIC_149745822,0
131348451,0
TIC_131348451,0
386456916,0
TIC_386456916,0
145910571,0
TIC_145910571,0
332710679,0
TIC_332710679,0
437144507,0
TIC_437144507,0
145904365,0
TIC_145904365,0
293978434,3
TIC_293978434,3
145023816,0
TIC_145023816,0
286099128,0
TIC_286099128,0
144970275,3
TIC_144970275,3
283702603,3
TIC_283702603,3
144682439,0
TIC_144682439,0
277833423,0
TIC_277833423,0
144467913,0
TIC_144467913,0
271486001,0
TIC_271486001,0
134551640,0
TIC_134551640,0
118329434,0
TIC_118329434,0
270649648,0
TIC_270649648,0
133849258,0
TIC_133849258,0
270471065,0
TIC_270471065,0
270457662,0
TIC_270457662,0
238162973,3
TIC_238162973,3
132320310,3
TIC_132320310,3
132313173,0
TIC_132313173,0
455272393,0
TIC_455272393,0
394338713,0
TIC_394338713,0
208030798,3
TIC_208030798,3
393196631,0
TIC_393196631,0
207981861,0
TIC_207981861,0
392995938,0
TIC_392995938,0
161299119,0
TIC_161299119,0
364431259,0
TIC_364431259,0
149022647,0
TIC_149022647,0
363749415,0
TIC_363749415,0
143934343,0
TIC_143934343,0
363083571,0
TIC_363083571,0
126125073,0
TIC_126125073,0
361710792,0
TIC_361710792,0
360475034,0
TIC_360475034,0
360473750,0
TIC_360473750,0
359426909,0
TIC_359426909,0
358938714,0
TIC_358938714,0
357661805,0
TIC_357661805,0
357312511,0
TIC_357312511,0
340228388,0
TIC_340228388,0
335860261,0
TIC_335860261,0
39858507,0
TIC_39858507,0
334080358,0
TIC_334080358,0
324116813,0
TIC_324116813,0
292889298,0
TIC_292889298,0
290504044,0
TIC_290504044,0
454361389,0
TIC_454361389,0
284254253,3
TIC_284254253,3
453289469,3
TIC_453289469,3
282091493,3
TIC_282091493,3
447192619,0
TIC_447192619,0
277538491,0
TIC_277538491,0
407166076,0
TIC_407166076,0
275562670,3
TIC_275562670,3
406861922,0
TIC_406861922,0
274367763,0
TIC_274367763,0
403507814,0
TIC_403507814,0
272983172,0
TIC_272983172,0
402391147,0
TIC_402391147,0
255909950,0
TIC_255909950,0
402219289,0
TIC_402219289,0
254909777,0
TIC_254909777,0
396316939,0
TIC_396316939,0
254629854,3
TIC_254629854,3
395926728,0
TIC_395926728,0
221882319,0
TIC_221882319,0
394672497,0
TIC_394672497,0
221861843,0
TIC_221861843,0
301160638,0
TIC_301160638,0
394570569,0
TIC_394570569,0
221785300,0
TIC_221785300,0
394492339,0
TIC_394492339,0
208719443,0
TIC_208719443,0
81077799,0
TIC_81077799,0
203377303,0
TIC_203377303,0
165827520,0
TIC_165827520,0
272167060,0
TIC_272167060,0
448358913,0
TIC_448358913,0
21113347,0
TIC_21113347,0
310294189,0
TIC_310294189,0
446370039,0
TIC_446370039,0
443666343,0
TIC_443666343,0
98957720,0
TIC_98957720,0
452281203,0
TIC_452281203,0
459850897,3
TIC_459850897,3
117689799,3
TIC_117689799,3
390988385,0
TIC_390988385,0
102159710,0
TIC_102159710,0
86451883,3
TIC_86451883,3
278968371,3
TIC_278968371,3
244912396,0
TIC_244912396,0
57753734,0
TIC_57753734,0
416368336,0
TIC_416368336,0
40779013,3
TIC_40779013,3
244487927,0
TIC_244487927,0
1870990135,0
TIC_1870990135,0
198725468,0
TIC_198725468,0
30254887,0
TIC_30254887,0
123007594,0
TIC_123007594,0
1712954983,0
TIC_1712954983,0
417129824,0
TIC_417129824,0
120101789,0
TIC_120101789,0
429036977,0
TIC_429036977,0
106224627,0
TIC_106224627,0
417047499,0
TIC_417047499,0
106224626,3
TIC_106224626,3
373576942,3
TIC_373576942,3
89876424,3
TIC_89876424,3
355748785,0
TIC_355748785,0
67247610,3
TIC_67247610,3
326203952,0
TIC_326203952,0
64214215,0
TIC_64214215,0
316038054,0
TIC_316038054,0
42484503,0
TIC_42484503,0
313408643,0
TIC_313408643,0
27916356,0
TIC_27916356,0
304514922,0
TIC_304514922,0
27844066,3
TIC_27844066,3
294599100,3
TIC_294599100,3
27459498,0
TIC_27459498,0
294594423,0
TIC_294594423,0
17865622,0
TIC_17865622,0
291147951,3
TIC_291147951,3
16187321,3
TIC_16187321,3
275887811,0
TIC_275887811,0
15460993,0
TIC_15460993,0
274641986,0
TIC_274641986,0
13424053,0
TIC_13424053,0
274075364,0
TIC_274075364,0
271167979,3
TIC_271167979,3
269269740,3
TIC_269269740,3
248058363,0
TIC_248058363,0
247283596,0
TIC_247283596,0
247283054,0
TIC_247283054,0
239628993,0
TIC_239628993,0
239585909,0
TIC_239585909,0
233415701,0
TIC_233415701,0
230840853,0
TIC_230840853,0
271042173,3
TIC_271042173,3
195750008,0
TIC_195750008,0
184468386,0
TIC_184468386,0
184295571,0
TIC_184295571,0
172754786,3
TIC_172754786,3
193708920,3
TIC_193708920,3
169461816,0
TIC_169461816,0
193482096,0
TIC_193482096,0
1965256662,3
TIC_1965256662,3
169187982,3
TIC_169187982,3
452658846,0
TIC_452658846,0
160390955,0
TIC_160390955,0
436314778,0
TIC_436314778,0
136122328,0
TIC_136122328,0
2010186093,0
TIC_2010186093,0
1976308113,3
TIC_1976308113,3
407905370,0
TIC_407905370,0
407694390,0
TIC_407694390,0
407658979,0
TIC_407658979,0
405897415,0
TIC_405897415,0
396133015,0
TIC_396133015,0
358186451,3
TIC_358186451,3
316606244,3
TIC_316606244,3
305478010,3
TIC_305478010,3
295413003,3
TIC_295413003,3
290308758,0
TIC_290308758,0
289895191,0
TIC_289895191,0
289100911,0
TIC_289100911,0
287591638,0
TIC_287591638,0
286080865,0
TIC_286080865,0
267373896,0
TIC_267373896,0
265242905,0
TIC_265242905,0
260761464,0
TIC_260761464,0
236638487,0
TIC_236638487,0
190479710,0
TIC_190479710,0
162387333,0
TIC_162387333,0
162289289,0
TIC_162289289,0
162179096,0
TIC_162179096,0
440113053,0
TIC_440113053,0
352690548,0
TIC_352690548,0
267650535,0
TIC_267650535,0
352469839,0
TIC_352469839,0
194461202,0
TIC_194461202,0
343726435,0
TIC_343726435,0
191202679,0
TIC_191202679,0
331146317,0
TIC_331146317,0
13961554,0
TIC_13961554,0
330135981,0
TIC_330135981,0
329373799,0
TIC_329373799,0
315907220,0
TIC_315907220,0
277505161,0
TIC_277505161,0
267867517,3
TIC_267867517,3
267861788,0
TIC_267861788,0
267484653,3
TIC_267484653,3
252549844,0
TIC_252549844,0
233948455,0
TIC_233948455,0
233795794,0
TIC_233795794,0
233831759,3
TIC_233831759,3
173711153,0
TIC_173711153,0
173298412,0
TIC_173298412,0
173176491,0
TIC_173176491,0
65981892,0
TIC_65981892,0
64938667,0
TIC_64938667,0
620780629,0
TIC_620780629,0
435861696,3
TIC_435861696,3
432761635,0
TIC_432761635,0
422881018,0
TIC_422881018,0
414922696,0
TIC_414922696,0
1980725947,0
TIC_1980725947,0
398912927,3
TIC_398912927,3
1979500576,3
TIC_1979500576,3
238624131,0
TIC_238624131,0
455784423,0
TIC_455784423,0
189380158,0
TIC_189380158,0
429414530,3
TIC_429414530,3
186292194,0
TIC_186292194,0
429218084,0
TIC_429218084,0
80478272,3
TIC_80478272,3
428003305,0
TIC_428003305,0
61205803,0
TIC_61205803,0
370981403,0
TIC_370981403,0
47094691,0
TIC_47094691,0
365447203,0
TIC_365447203,0
200917197,0
TIC_200917197,0
192878624,0
TIC_192878624,0
186614891,0
TIC_186614891,0
453230066,3
TIC_453230066,3
445496795,0
TIC_445496795,0
184733148,0
TIC_184733148,0
445407434,0
TIC_445407434,0
149855074,0
TIC_149855074,0
433144048,0
TIC_433144048,0
139559780,0
TIC_139559780,0
139507260,0
TIC_139507260,0
415976665,0
TIC_415976665,0
116848450,0
TIC_116848450,0
410552165,0
TIC_410552165,0
396556650,0
TIC_396556650,0
94609570,0
TIC_94609570,0
77258279,0
TIC_77258279,0
381544766,0
TIC_381544766,0
71854732,3
TIC_71854732,3
374778982,3
TIC_374778982,3
67517533,0
TIC_67517533,0
370123525,0
TIC_370123525,0
65446983,0
TIC_65446983,0
354151219,3
TIC_354151219,3
348437470,0
TIC_348437470,0
65440953,0
TIC_65440953,0
346626688,0
TIC_346626688,0
63717709,0
TIC_63717709,0
467580267,0
TIC_467580267,0
63470437,0
TIC_63470437,0
331854794,0
TIC_331854794,0
312345863,0
TIC_312345863,0
50943163,3
TIC_50943163,3
452964680,0
TIC_452964680,0
308613965,0
TIC_308613965,0
34646336,0
TIC_34646336,0
302470965,0
TIC_302470965,0
458876004,3
TIC_458876004,3
34551972,3
TIC_34551972,3
285354178,0
TIC_285354178,0
311703724,0
TIC_311703724,0
285272237,0
TIC_285272237,0
28961316,0
TIC_28961316,0
264912889,0
TIC_264912889,0
28873762,3
TIC_28873762,3
252118701,0
TIC_252118701,0
13533330,0
TIC_13533330,0
250803548,0
TIC_250803548,0
245509452,0
TIC_245509452,0
241135327,0
TIC_241135327,0
240989628,0
TIC_240989628,0
240959810,0
TIC_240959810,0
240864953,0
TIC_240864953,0
240823272,0
TIC_240823272,0
470822809,0
TIC_470822809,0
203096531,0
TIC_203096531,0
202872757,0
TIC_202872757,0
470783598,0
TIC_470783598,0
266425782,0
TIC_266425782,0
266401846,0
TIC_266401846,0
417676091,0
TIC_417676091,0
266213232,0
TIC_266213232,0
385400633,0
TIC_385400633,0
260962960,0
TIC_260962960,0
367616146,0
TIC_367616146,0
259506033,0
TIC_259506033,0
252430813,0
TIC_252430813,0
366311757,0
TIC_366311757,0
251652214,0
TIC_251652214,0
356322454,0
TIC_356322454,0
174826170,0
TIC_174826170,0
355008856,0
TIC_355008856,0
354442783,3
TIC_354442783,3
171160885,0
TIC_171160885,0
155867025,0
TIC_155867025,0
354293303,0
TIC_354293303,0
155351556,0
TIC_155351556,0
348099535,0
TIC_348099535,0
417942201,0
TIC_417942201,0
150074121,0
TIC_150074121,0
347051112,0
TIC_347051112,0
143687316,0
TIC_143687316,0
346015394,0
TIC_346015394,0
3027681,0
TIC_3027681,0
143642240,0
TIC_143642240,0
339250695,3
TIC_339250695,3
122695048,0
TIC_122695048,0
339207847,0
TIC_339207847,0
116257066,3
TIC_116257066,3
322160664,0
TIC_322160664,0
417844678,0
TIC_417844678,0
115457180,0
TIC_115457180,0
321894059,0
TIC_321894059,0
321436679,3
TIC_321436679,3
105135774,0
TIC_105135774,0
317252733,0
TIC_317252733,0
98620619,0
TIC_98620619,0
96074951,0
TIC_96074951,0
312689217,0
TIC_312689217,0
311441461,0
TIC_311441461,0
87597187,3
TIC_87597187,3
701926762,0
TIC_701926762,0
286696848,3
TIC_286696848,3
87091417,0
TIC_87091417,0
86075481,0
TIC_86075481,0
666567477,0
TIC_666567477,0
284747017,3
TIC_284747017,3
647636934,0
TIC_647636934,0
82622707,0
TIC_82622707,0
284174392,0
TIC_284174392,0
468777766,0
TIC_468777766,0
284173938,0
TIC_284173938,0
81597356,0
TIC_81597356,0
467783290,3
TIC_467783290,3
81593515,0
TIC_81593515,0
281196902,0
TIC_281196902,0
67300566,0
TIC_67300566,0
445751830,0
TIC_445751830,0
280254984,0
TIC_280254984,0
27244707,3
TIC_27244707,3
440186528,0
TIC_440186528,0
275703182,0
TIC_275703182,0
9833284,0
TIC_9833284,0
432114158,0
TIC_432114158,0
275702126,0
TIC_275702126,0
432078760,0
TIC_432078760,0
9830791,3
TIC_9830791,3
274545328,0
TIC_274545328,0
268172361,0
TIC_268172361,0
428251130,0
TIC_428251130,0
8621049,0
TIC_8621049,0
3364732,0
TIC_3364732,0
426319499,0
TIC_426319499,0
266772500,0
TIC_266772500,0
704012376,0
TIC_704012376,0
68850908,0
TIC_68850908,0
68388114,0
TIC_68388114,0
802227190,0
TIC_802227190,0
53307409,0
TIC_53307409,0
742648307,0
TIC_742648307,0
468832904,0
TIC_468832904,0
470974162,3
TIC_470974162,3
396813816,0
TIC_396813816,0
459755750,0
TIC_459755750,0
339503267,0
TIC_339503267,0
458419328,0
TIC_458419328,0
321250206,0
TIC_321250206,0
457104362,0
TIC_457104362,0
312811620,0
TIC_312811620,0
453410966,0
TIC_453410966,0
29117085,3
TIC_29117085,3
400432230,0
TIC_400432230,0
453348525,0
TIC_453348525,0
29105766,0
TIC_29105766,0
416539317,3
TIC_416539317,3
253030300,3
TIC_253030300,3
393251073,3
TIC_393251073,3
252912175,0
TIC_252912175,0
22683951,0
TIC_22683951,0
373614579,3
TIC_373614579,3
21291176,0
TIC_21291176,0
373612558,0
TIC_373612558,0
190250689,0
TIC_190250689,0
353498819,0
TIC_353498819,0
312991501,0
TIC_312991501,0
189852832,0
TIC_189852832,0
16076354,0
TIC_16076354,0
289661991,0
TIC_289661991,0
138497780,3
TIC_138497780,3
252876117,0
TIC_252876117,0
239136269,3
TIC_239136269,3
138475192,0
TIC_138475192,0
239134248,0
TIC_239134248,0
4605846,0
TIC_4605846,0
155873992,0
TIC_155873992,0
149995163,0
TIC_149995163,0
102848207,0
TIC_102848207,0
99572130,0
TIC_99572130,0
99097200,0
TIC_99097200,0
95660472,0
TIC_95660472,0
95234976,0
TIC_95234976,0
88485645,0
TIC_88485645,0
88385463,0
TIC_88385463,0
81212289,0
TIC_81212289,0
71134735,3
TIC_71134735,3
39077574,3
TIC_39077574,3
9346507,0
TIC_9346507,0
8677530,3
TIC_8677530,3
841226526,0
TIC_841226526,0
801354155,0
TIC_801354155,0
445807396,0
TIC_445807396,0
393853275,0
TIC_393853275,0
356736743,0
TIC_356736743,0
356539624,0
TIC_356539624,0
355953198,0
TIC_355953198,0
330795142,0
TIC_330795142,0
900240532,0
TIC_900240532,0
308073360,0
TIC_308073360,0
307915084,0
TIC_307915084,0
298074043,0
TIC_298074043,0
287231664,0
TIC_287231664,0
252474634,0
TIC_252474634,0
165985431,0
TIC_165985431,0
841226527,3
TIC_841226527,3
165885558,0
TIC_165885558,0
156816238,3
TIC_156816238,3
149918151,0
TIC_149918151,0
149917086,0
TIC_149917086,0
147994863,0
TIC_147994863,0
147890655,0
TIC_147890655,0
143008050,0
TIC_143008050,0
142739544,0
TIC_142739544,0
142635225,0
TIC_142635225,0
142618165,0
TIC_142618165,0
142562395,0
TIC_142562395,0
126325149,0
TIC_126325149,0
125552076,0
TIC_125552076,0
105379013,0
TIC_105379013,0
86273567,0
TIC_86273567,0
1122079,0
TIC_1122079,0
416542079,0
TIC_416542079,0
396950329,0
TIC_396950329,0
141205978,0
TIC_141205978,0
383531543,0
TIC_383531543,0
1001477809,3
TIC_1001477809,3
376688393,0
TIC_376688393,0
376632626,0
TIC_376632626,0
320208949,0
TIC_320208949,0
310994622,0
TIC_310994622,0
253044312,0
TIC_253044312,0
165989915,0
TIC_165989915,0
165468291,0
TIC_165468291,0
165431806,0
TIC_165431806,0
154126149,0
TIC_154126149,0
154105890,0
TIC_154105890,0
153978165,0
TIC_153978165,0
150388393,0
TIC_150388393,0
144310492,0
TIC_144310492,0
141275395,0
TIC_141275395,0
139086171,0
TIC_139086171,0
138973825,0
TIC_138973825,0
136998882,0
TIC_136998882,0
101643582,0
TIC_101643582,0
99330090,3
TIC_99330090,3
86263325,0
TIC_86263325,0
55748194,3
TIC_55748194,3
48220826,0
TIC_48220826,0
21549805,0
TIC_21549805,0
18067025,0
TIC_18067025,0
950525831,0
TIC_950525831,0
18017227,3
TIC_18017227,3
459215281,0
TIC_459215281,0
3896759,0
TIC_3896759,0
458424950,0
TIC_458424950,0
165464482,0
TIC_165464482,0
3808740,0
TIC_3808740,0
445837596,0
TIC_445837596,0
154181821,0
TIC_154181821,0
450337675,0
TIC_450337675,0
441697509,0
TIC_441697509,0
366755319,0
TIC_366755319,0
357373216,0
TIC_357373216,0
310094771,0
TIC_310094771,0
288434231,0
TIC_288434231,0
233462817,0
TIC_233462817,0
180672438,0
TIC_180672438,0
180607846,0
TIC_180607846,0
165723070,0
TIC_165723070,0
165412561,0
TIC_165412561,0
161003569,0
TIC_161003569,0
158617175,0
TIC_158617175,0
158497525,0
TIC_158497525,0
156648452,0
TIC_156648452,0
155898758,0
TIC_155898758,0
139118482,3
TIC_139118482,3
81247877,0
TIC_81247877,0
68074302,0
TIC_68074302,0
68035558,3
TIC_68035558,3
23815847,0
TIC_23815847,0
23769326,0
TIC_23769326,0
2016376984,3
TIC_2016376984,3
1101909431,3
TIC_1101909431,3
1101855081,0
TIC_1101855081,0
467265105,0
TIC_467265105,0
456042145,3
TIC_456042145,3
435167167,3
TIC_435167167,3
434171145,0
TIC_434171145,0
434171113,0
TIC_434171113,0
427153307,0
TIC_427153307,0
422554579,0
TIC_422554579,0
422514153,0
TIC_422514153,0
421336001,0
TIC_421336001,0
408094424,0
TIC_408094424,0
388393034,0
TIC_388393034,0
375981105,0
TIC_375981105,0
372207084,0
TIC_372207084,0
371676181,0
TIC_371676181,0
367425982,0
TIC_367425982,0
367333043,3
TIC_367333043,3
366115856,0
TIC_366115856,0
346081845,0
TIC_346081845,0
345697569,0
TIC_345697569,0
345329200,0
TIC_345329200,0
343330330,0
TIC_343330330,0
338065029,0
TIC_338065029,0
336824844,0
TIC_336824844,0
336399144,0
TIC_336399144,0
336092760,0
TIC_336092760,0
335489455,3
TIC_335489455,3
334493051,0
TIC_334493051,0
334394274,0
TIC_334394274,0
334385701,0
TIC_334385701,0
321861405,0
TIC_321861405,0
320503729,0
TIC_320503729,0
316453500,0
TIC_316453500,0
314375831,0
TIC_314375831,0
309849817,0
TIC_309849817,0
305550963,3
TIC_305550963,3
279383896,0
TIC_279383896,0
275421144,0
TIC_275421144,0
272785423,0
TIC_272785423,0
272219353,0
TIC_272219353,0
271761420,0
TIC_271761420,0
271439193,3
TIC_271439193,3
270435047,3
TIC_270435047,3
269043098,0
TIC_269043098,0
262880826,0
TIC_262880826,0
256867493,0
TIC_256867493,0
252071095,0
TIC_252071095,0
252049912,0
TIC_252049912,0
237221436,0
TIC_237221436,0
237077180,0
TIC_237077180,0
284206913,0
TIC_284206913,0
233654042,0
TIC_233654042,0
156007004,0
TIC_156007004,0
155947004,3
TIC_155947004,3
154293917,0
TIC_154293917,0
116382006,0
TIC_116382006,0
468329664,0
TIC_468329664,0
444523623,3
TIC_444523623,3
312548829,0
TIC_312548829,0
312548415,3
TIC_312548415,3
25773352,0
TIC_25773352,0
20303110,3
TIC_20303110,3
20182780,0
TIC_20182780,0
604863428,3
TIC_604863428,3
470911286,3
TIC_470911286,3
452972453,3
TIC_452972453,3
452938965,0
TIC_452938965,0
444413256,3
TIC_444413256,3
420446142,3
TIC_420446142,3
418133917,0
TIC_418133917,0
403347341,0
TIC_403347341,0
403340402,0
TIC_403340402,0
372505528,3
TIC_372505528,3
347210614,0
TIC_347210614,0
347011522,3
TIC_347011522,3
327004130,0
TIC_327004130,0
320281287,0
TIC_320281287,0
284528889,3
TIC_284528889,3
283015592,3
TIC_283015592,3
83148519,0
TIC_83148519,0
83053699,3
TIC_83053699,3
399346877,0
TIC_399346877,0
397924314,0
TIC_397924314,0
395773226,3
TIC_395773226,3
390048041,3
TIC_390048041,3
389910188,0
TIC_389910188,0
379629854,3
TIC_379629854,3
368734712,0
TIC_368734712,0
352682207,0
TIC_352682207,0
289264348,0
TIC_289264348,0
280315875,0
TIC_280315875,0
279265701,0
TIC_279265701,0
85791385,0
TIC_85791385,0
85429139,0
TIC_85429139,0
461491274,0
TIC_461491274,0
407313319,0
TIC_407313319,0
407243316,0
TIC_407243316,0
284305328,3
TIC_284305328,3
10974783,3
TIC_10974783,3
10507330,0
TIC_10507330,0
1271152446,0
TIC_1271152446,0
470678283,0
TIC_470678283,0
470169396,0
TIC_470169396,0
441730540,0
TIC_441730540,0
428963229,0
TIC_428963229,0
427866520,0
TIC_427866520,0
406634633,0
TIC_406634633,0
393633044,0
TIC_393633044,0
390021939,0
TIC_390021939,0
389968080,0
TIC_389968080,0
387603144,3
TIC_387603144,3
387330895,0
TIC_387330895,0
375654303,0
TIC_375654303,0
372392226,0
TIC_372392226,0
367913453,3
TIC_367913453,3
367287018,3
TIC_367287018,3
366580825,0
TIC_366580825,0
366120401,0
TIC_366120401,0
356786657,0
TIC_356786657,0
345645749,0
TIC_345645749,0
332393279,0
TIC_332393279,0
322262448,0
TIC_322262448,0
307956396,3
TIC_307956396,3
298264260,0
TIC_298264260,0
284760740,0
TIC_284760740,0
279769094,0
TIC_279769094,0
279605855,3
TIC_279605855,3
259274960,0
TIC_259274960,0
255865833,0
TIC_255865833,0
237101326,3
TIC_237101326,3
236775063,3
TIC_236775063,3
235684392,3
TIC_235684392,3
233719215,0
TIC_233719215,0
233053554,0
TIC_233053554,0
232567319,0
TIC_232567319,0
230388132,0
TIC_230388132,0
229639351,0
TIC_229639351,0
229605891,0
TIC_229605891,0
229508727,0
TIC_229508727,0
224601047,3
TIC_224601047,3
219866209,0
TIC_219866209,0
219499488,0
TIC_219499488,0
219489550,0
TIC_219489550,0
219485050,0
TIC_219485050,0
193556520,0
TIC_193556520,0
162577466,3
TIC_162577466,3
159334269,3
TIC_159334269,3
143009290,0
TIC_143009290,0
115270627,0
TIC_115270627,0
115182469,0
TIC_115182469,0
85459171,0
TIC_85459171,0
648958344,0
TIC_648958344,0
628103717,0
TIC_628103717,0
627323667,0
TIC_627323667,0
57193198,0
TIC_57193198,0
57159675,0
TIC_57159675,0
444724127,0
TIC_444724127,0
444558604,0
TIC_444558604,0
428892437,0
TIC_428892437,0
421973253,0
TIC_421973253,0
400899926,0
TIC_400899926,0
399444057,3
TIC_399444057,3
346673534,0
TIC_346673534,0
336840314,0
TIC_336840314,0
328814605,0
TIC_328814605,0
310002617,0
TIC_310002617,0
302381397,0
TIC_302381397,0
298752252,0
TIC_298752252,0
289373041,0
TIC_289373041,0
289316336,3
TIC_289316336,3
288242606,0
TIC_288242606,0
284454822,0
TIC_284454822,0
280035202,0
TIC_280035202,0
274974693,0
TIC_274974693,0
272782321,0
TIC_272782321,0
264295655,0
TIC_264295655,0
264223828,0
TIC_264223828,0
264173803,0
TIC_264173803,0
243297296,0
TIC_243297296,0
243280335,0
TIC_243280335,0
237235093,3
TIC_237235093,3
235902467,0
TIC_235902467,0
235664497,0
TIC_235664497,0
233576159,0
TIC_233576159,0
233535738,0
TIC_233535738,0
232632239,0
TIC_232632239,0
232603560,0
TIC_232603560,0
230084146,0
TIC_230084146,0
230075120,3
TIC_230075120,3
230006888,0
TIC_230006888,0
229976631,3
TIC_229976631,3
229786610,0
TIC_229786610,0
229408913,0
TIC_229408913,0
199610140,0
TIC_199610140,0
198616607,3
TIC_198616607,3
198189972,0
TIC_198189972,0
193773468,0
TIC_193773468,0
160618074,0
TIC_160618074,0
159438097,0
TIC_159438097,0
157218656,0
TIC_157218656,0
156215204,0
TIC_156215204,0
153896150,0
TIC_153896150,0
150761163,0
TIC_150761163,0
147761049,0
TIC_147761049,0
141616639,3
TIC_141616639,3
141488193,0
TIC_141488193,0
137420801,0
TIC_137420801,0
123357034,0
TIC_123357034,0
71396541,3
TIC_71396541,3
47937361,0
TIC_47937361,0
335655755,0
TIC_335655755,0
468396217,0
TIC_468396217,0
420803693,3
TIC_420803693,3
288471040,3
TIC_288471040,3
420680343,0
TIC_420680343,0
417646390,0
TIC_417646390,0
257060897,0
TIC_257060897,0
408729765,3
TIC_408729765,3
400103802,0
TIC_400103802,0
400093775,0
TIC_400093775,0
39573090,0
TIC_39573090,0
371711170,3
TIC_371711170,3
313194972,0
TIC_313194972,0
279947414,0
TIC_279947414,0
23124038,0
TIC_23124038,0
138329479,0
TIC_138329479,0
137157546,3
TIC_137157546,3
103096524,0
TIC_103096524,0
102719996,0
TIC_102719996,0
406926040,0
TIC_406926040,0
1813844121,0
TIC_1813844121,0
470171739,0
TIC_470171739,0
470156846,0
TIC_470156846,0
467331291,0
TIC_467331291,0
462553953,0
TIC_462553953,0
461538935,3
TIC_461538935,3
441797394,0
TIC_441797394,0
441600335,0
TIC_441600335,0
441580526,0
TIC_441580526,0
441572821,0
TIC_441572821,0
420114036,0
TIC_420114036,0
420112217,0
TIC_420112217,0
420108587,0
TIC_420108587,0
398371628,0
TIC_398371628,0
389777651,0
TIC_389777651,0
377165123,3
TIC_377165123,3
372758077,0
TIC_372758077,0
372747949,0
TIC_372747949,0
366972162,0
TIC_366972162,0
362223355,0
TIC_362223355,0
359388309,0
TIC_359388309,0
358613376,0
TIC_358613376,0
356822426,0
TIC_356822426,0
952046774,0
TIC_952046774,0
58533991,0
TIC_58533991,0
130981260,0
TIC_130981260,0
289988797,3
TIC_289988797,3
297148017,0
TIC_297148017,0
126737992,0
TIC_126737992,0
426017070,3
TIC_426017070,3
31637479,0
TIC_31637479,0
421951960,0
TIC_421951960,0
394357918,0
TIC_394357918,0
152563846,0
TIC_152563846,0
300579472,0
TIC_300579472,0
176780257,0
TIC_176780257,0
424747720,3
TIC_424747720,3
7422496,0
TIC_7422496,0
65416038,0
TIC_65416038,0
167905035,0
TIC_167905035,0
41995709,0
TIC_41995709,0
382419744,0
TIC_382419744,0
299176311,0
TIC_299176311,0
67598139,0
TIC_67598139,0
67566164,0
TIC_67566164,0
332579116,0
TIC_332579116,0
459913687,0
TIC_459913687,0
220144363,0
TIC_220144363,0
53593542,0
TIC_53593542,0
95057860,0
TIC_95057860,0
237603062,0
TIC_237603062,0
72494421,0
TIC_72494421,0
158697949,0
TIC_158697949,0
280645209,0
TIC_280645209,0
281242007,0
TIC_281242007,0
37242226,3
TIC_37242226,3
280304556,0
TIC_280304556,0
200090347,0
TIC_200090347,0
409315469,0
TIC_409315469,0
385654601,0
TIC_385654601,0
126864892,0
TIC_126864892,0
32408928,3
TIC_32408928,3
409594381,0
TIC_409594381,0
7274938,0
TIC_7274938,0
187861378,3
TIC_187861378,3
108939482,3
TIC_108939482,3
142628514,0
TIC_142628514,0
114103136,3
TIC_114103136,3
346995484,0
TIC_346995484,0
334252687,0
TIC_334252687,0
318054782,3
TIC_318054782,3
157088184,0
TIC_157088184,0
148667071,0
TIC_148667071,0
141405814,3
TIC_141405814,3
127328218,0
TIC_127328218,0
99081059,0
TIC_99081059,0
415143674,0
TIC_415143674,0
319282294,3
TIC_319282294,3
128127712,0
TIC_128127712,0
127895118,0
TIC_127895118,0
126357909,3
TIC_126357909,3
113295476,3
TIC_113295476,3
81055189,0
TIC_81055189,0
157528286,3
TIC_157528286,3
36227841,0
TIC_36227841,0
30825828,0
TIC_30825828,0
24615998,0
TIC_24615998,0
22121296,0
TIC_22121296,0
19547831,0
TIC_19547831,0
4102368,0
TIC_4102368,0
445582110,0
TIC_445582110,0
400683848,0
TIC_400683848,0
393340920,0
TIC_393340920,0
52928939,0
TIC_52928939,0
291465998,0
TIC_291465998,0
286153328,0
TIC_286153328,0
190986054,0
TIC_190986054,0
269568703,0
TIC_269568703,0
269249506,0
TIC_269249506,0
192520375,3
TIC_192520375,3
145038729,0
TIC_145038729,0
145249556,0
TIC_145249556,0
92744152,0
TIC_92744152,0
82302240,3
TIC_82302240,3
77102895,3
TIC_77102895,3
75208638,3
TIC_75208638,3
74484886,3
TIC_74484886,3
268643535,0
TIC_268643535,0
74967390,0
TIC_74967390,0
74197917,3
TIC_74197917,3
53365065,0
TIC_53365065,0
48276576,3
TIC_48276576,3
45996325,0
TIC_45996325,0
118308828,3
TIC_118308828,3
442050698,0
TIC_442050698,0
80783538,0
TIC_80783538,0
341272282,3
TIC_341272282,3
178657161,0
TIC_178657161,0
151920165,0
TIC_151920165,0
146842334,0
TIC_146842334,0
146664561,0
TIC_146664561,0
133331642,0
TIC_133331642,0
290388627,0
TIC_290388627,0
363635669,3
TIC_363635669,3
469811655,0
TIC_469811655,0
466682238,0
TIC_466682238,0
466222485,0
TIC_466222485,0
407146536,3
TIC_407146536,3
387193925,0
TIC_387193925,0
384386061,3
TIC_384386061,3
374348168,0
TIC_374348168,0
343952976,0
TIC_343952976,0
280726137,0
TIC_280726137,0
310105752,0
TIC_310105752,0
294097592,0
TIC_294097592,0
290407621,0
TIC_290407621,0
278821913,0
TIC_278821913,0
278540265,0
TIC_278540265,0
278196907,0
TIC_278196907,0
257520272,0
TIC_257520272,0
255918903,3
TIC_255918903,3
101696403,0
TIC_101696403,0
30499203,3
TIC_30499203,3
325527653,0
TIC_325527653,0
72668830,3
TIC_72668830,3
28116365,0
TIC_28116365,0
146282666,0
TIC_146282666,0
67535663,0
TIC_67535663,0
266843799,3
TIC_266843799,3
307079330,0
TIC_307079330,0
182078202,0
TIC_182078202,0
200296137,0
TIC_200296137,0
366443426,0
TIC_366443426,0
372068780,0
TIC_372068780,0
44898913,0
TIC_44898913,0
141186075,0
TIC_141186075,0
144193715,0
TIC_144193715,0
56662591,0
TIC_56662591,0
303317324,0
TIC_303317324,0
122617317,0
TIC_122617317,0
251086776,3
TIC_251086776,3
294324819,0
TIC_294324819,0
459952217,3
TIC_459952217,3
139148528,0
TIC_139148528,0
7020254,0
TIC_7020254,0
422914082,0
TIC_422914082,0
311130133,0
TIC_311130133,0
157115010,0
TIC_157115010,0
404518509,0
TIC_404518509,0
325081244,0
TIC_325081244,0
13883872,0
TIC_13883872,0
143022742,3
TIC_143022742,3
408416746,0
TIC_408416746,0
202185707,0
TIC_202185707,0
303586471,0
TIC_303586471,0
140687214,0
TIC_140687214,0
77175217,0
TIC_77175217,0
256722647,0
TIC_256722647,0
47617038,3
TIC_47617038,3
148833828,0
TIC_148833828,0
178959058,3
TIC_178959058,3
144645881,0
TIC_144645881,0
128531633,0
TIC_128531633,0
443658196,3
TIC_443658196,3
166184428,0
TIC_166184428,0
399642071,3
TIC_399642071,3
253434221,0
TIC_253434221,0
7439481,3
TIC_7439481,3
454038613,0
TIC_454038613,0
62301521,3
TIC_62301521,3
354944123,0
TIC_354944123,0
278988097,0
TIC_278988097,0
38939275,0
TIC_38939275,0
469791892,0
TIC_469791892,0
389371332,3
TIC_389371332,3
32498058,0
TIC_32498058,0
350299588,0
TIC_350299588,0
313889049,0
TIC_313889049,0
50379036,0
TIC_50379036,0
358253047,0
TIC_358253047,0
237332812,0
TIC_237332812,0
176797879,0
TIC_176797879,0
332715376,0
TIC_332715376,0
260655847,0
TIC_260655847,0
149389419,0
TIC_149389419,0
300011941,3
TIC_300011941,3
273418421,0
TIC_273418421,0
133505138,3
TIC_133505138,3
52307802,0
TIC_52307802,0
334632624,0
TIC_334632624,0
238164799,0
TIC_238164799,0
325682877,0
TIC_325682877,0
4070275,0
TIC_4070275,0
413343957,0
TIC_413343957,0
297361900,0
TIC_297361900,0
313675203,3
TIC_313675203,3
314724818,3
TIC_314724818,3
278862750,0
TIC_278862750,0
335040423,0
TIC_335040423,0
450649506,0
TIC_450649506,0
401980624,0
TIC_401980624,0
315350812,0
TIC_315350812,0
308191940,0
TIC_308191940,0
343708863,3
TIC_343708863,3
250306572,0
TIC_250306572,0
394918211,0
TIC_394918211,0
394721720,0
TIC_394721720,0
97766057,0
TIC_97766057,0
169958952,0
TIC_169958952,0
305767364,0
TIC_305767364,0
32460142,0
TIC_32460142,0
384744828,3
TIC_384744828,3
259230140,0
TIC_259230140,0
22186226,0
TIC_22186226,0
350575997,0
TIC_350575997,0
33350443,0
TIC_33350443,0
313554509,0
TIC_313554509,0
41387532,0
TIC_41387532,0
369345064,0
TIC_369345064,0
66620917,0
TIC_66620917,0
429791387,0
TIC_429791387,0
107440797,0
TIC_107440797,0
341805908,3
TIC_341805908,3
218483943,0
TIC_218483943,0
379723086,3
TIC_379723086,3
107728509,3
TIC_107728509,3
214243287,0
TIC_214243287,0
464646604,0
TIC_464646604,0
231630147,0
TIC_231630147,0
178170828,0
TIC_178170828,0
197807778,0
TIC_197807778,0
350931281,0
TIC_350931281,0
342314656,0
TIC_342314656,0
177254988,0
TIC_177254988,0
206541859,0
TIC_206541859,0
207238953,0
TIC_207238953,0
260189643,0
TIC_260189643,0
382200986,0
TIC_382200986,0
280803800,0
TIC_280803800,0
366484980,0
TIC_366484980,0
35315453,3
TIC_35315453,3
142019343,0
TIC_142019343,0
1405997635,3
TIC_1405997635,3
1234810324,0
TIC_1234810324,0
79605791,0
TIC_79605791,0
208297760,0
TIC_208297760,0
295593712,0
TIC_295593712,0
352229268,0
TIC_352229268,0
362709886,0
TIC_362709886,0
141412823,3
TIC_141412823,3
263748033,0
TIC_263748033,0
344600402,3
TIC_344600402,3
326386495,0
TIC_326386495,0
106940971,0
TIC_106940971,0
271354351,0
TIC_271354351,0
207339000,0
TIC_207339000,0
271042217,0
TIC_271042217,0
233188747,0
TIC_233188747,0
362222177,0
TIC_362222177,0
121660904,0
TIC_121660904,0
198610218,0
TIC_198610218,0
158551257,3
TIC_158551257,3
63452790,0
TIC_63452790,0
122596693,0
TIC_122596693,0
420268415,0
TIC_420268415,0
237205154,0
TIC_237205154,0
22233480,0
TIC_22233480,0
267545252,0
TIC_267545252,0
164786087,0
TIC_164786087,0
23982469,0
TIC_23982469,0
446158352,0
TIC_446158352,0
158241252,0
TIC_158241252,0
158167408,0
TIC_158167408,0
158388163,0
TIC_158388163,0
137899948,0
TIC_137899948,0
153937417,0
TIC_153937417,0
138359318,0
TIC_138359318,0
322046084,0
TIC_322046084,0
373017346,0
TIC_373017346,0
23229805,0
TIC_23229805,0
229581160,0
TIC_229581160,0
243333538,3
TIC_243333538,3
48217457,0
TIC_48217457,0
138644215,0
TIC_138644215,0
27774415,0
TIC_27774415,0
299220166,0
TIC_299220166,0
229671380,0
TIC_229671380,0
230129753,0
TIC_230129753,0
461635621,0
TIC_461635621,0
149282072,3
TIC_149282072,3
76420654,0
TIC_76420654,0
8599009,0
TIC_8599009,0
441589581,0
TIC_441589581,0
157236902,0
TIC_157236902,0
268604331,0
TIC_268604331,0
48506505,0
TIC_48506505,0
441763252,0
TIC_441763252,0
75262942,0
TIC_75262942,0
256364928,0
TIC_256364928,0
27318774,0
TIC_27318774,0
63211674,0
TIC_63211674,0
122441491,0
TIC_122441491,0
264508014,0
TIC_264508014,0
159098316,0
TIC_159098316,0
399794420,0
TIC_399794420,0
64531556,3
TIC_64531556,3
233823679,0
TIC_233823679,0
126606859,0
TIC_126606859,0
377873569,0
TIC_377873569,0
239332587,0
TIC_239332587,0
27990610,0
TIC_27990610,0
209752908,0
TIC_209752908,0
272707711,0
TIC_272707711,0
137903329,0
TIC_137903329,0
99224131,0
TIC_99224131,0
193754373,0
TIC_193754373,0
269269546,0
TIC_269269546,0
267572272,0
TIC_267572272,0
268924036,0
TIC_268924036,0
193336820,0
TIC_193336820,0
298297931,0
TIC_298297931,0
263218688,0
TIC_263218688,0
40466976,0
TIC_40466976,0
120826158,0
TIC_120826158,0
275758701,0
TIC_275758701,0
436166416,0
TIC_436166416,0
305943739,3
TIC_305943739,3
120183168,0
TIC_120183168,0
406190563,3
TIC_406190563,3
22069559,0
TIC_22069559,0
239372503,3
TIC_239372503,3
167719618,0
TIC_167719618,0
349972412,0
TIC_349972412,0
150299840,0
TIC_150299840,0
434105094,0
TIC_434105094,0
179582003,0
TIC_179582003,0
170789802,0
TIC_170789802,0
319610598,0
TIC_319610598,0
340458804,0
TIC_340458804,0
333674399,0
TIC_333674399,0
243014114,0
TIC_243014114,0
408261725,0
TIC_408261725,0
436875934,0
TIC_436875934,0
456862677,0
TIC_456862677,0
85593751,0
TIC_85593751,0
301289516,0
TIC_301289516,0
398572544,0
TIC_398572544,0
419957393,0
TIC_419957393,0
404243877,0
TIC_404243877,0
439842788,0
TIC_439842788,0
369480087,3
TIC_369480087,3
427332229,0
TIC_427332229,0
333657795,0
TIC_333657795,0
36592530,0
TIC_36592530,0
39926974,0
TIC_39926974,0
380887434,0
TIC_380887434,0
376981340,3
TIC_376981340,3
384888319,0
TIC_384888319,0
35022727,0
TIC_35022727,0
262662119,0
TIC_262662119,0
376939759,0
TIC_376939759,0
418761354,0
TIC_418761354,0
437704321,0
TIC_437704321,0
26017005,0
TIC_26017005,0
380907135,0
TIC_380907135,0
251039147,0
TIC_251039147,0
262715204,0
TIC_262715204,0
102264230,0
TIC_102264230,0
388816604,0
TIC_388816604,0
293432942,0
TIC_293432942,0
4464022,0
TIC_4464022,0
435336785,0
TIC_435336785,0
435339847,0
TIC_435339847,0
610976842,0
TIC_610976842,0
25911962,0
TIC_25911962,0
206284139,0
TIC_206284139,0
21130820,0
TIC_21130820,0
9030119,0
TIC_9030119,0
400972123,0
TIC_400972123,0
204650483,0
TIC_204650483,0
248250955,0
TIC_248250955,0
383721338,0
TIC_383721338,0
369768787,0
TIC_369768787,0
141770198,0
TIC_141770198,0
107018378,0
TIC_107018378,0
258917846,0
TIC_258917846,0
220414682,0
TIC_220414682,0
271169413,0
TIC_271169413,0
307716123,0
TIC_307716123,0
33716474,0
TIC_33716474,0
349576261,0
TIC_349576261,0
418255064,0
TIC_418255064,0
400786146,3
TIC_400786146,3
381897917,0
TIC_381897917,0
269728501,0
TIC_269728501,0
307849973,0
TIC_307849973,0
447088034,0
TIC_447088034,0
149126400,3
TIC_149126400,3
137402055,0
TIC_137402055,0
48451130,0
TIC_48451130,0
154940895,0
TIC_154940895,0
362103298,0
TIC_362103298,0
298428237,0
TIC_298428237,0
372759746,0
TIC_372759746,0
157667414,0
TIC_157667414,0
138364831,0
TIC_138364831,0
154474036,0
TIC_154474036,0
27769688,0
TIC_27769688,0
219742885,0
TIC_219742885,0
273231214,0
TIC_273231214,0
219854519,0
TIC_219854519,0
103604037,3
TIC_103604037,3
120255950,0
TIC_120255950,0
233529335,0
TIC_233529335,0
416534875,0
TIC_416534875,0
137683938,0
TIC_137683938,0
48031665,0
TIC_48031665,0
164458714,0
TIC_164458714,0
154923406,0
TIC_154923406,0
356868487,3
TIC_356868487,3
122785299,0
TIC_122785299,0
399954349,0
TIC_399954349,0
158555987,3
TIC_158555987,3
159725995,0
TIC_159725995,0
86951294,0
TIC_86951294,0
68573534,0
TIC_68573534,0
29017001,0
TIC_29017001,0
307809773,0
TIC_307809773,0
232608943,0
TIC_232608943,0
349071261,0
TIC_349071261,0
467651916,0
TIC_467651916,0
437856897,0
TIC_437856897,0
27039476,0
TIC_27039476,0
19155785,3
TIC_19155785,3
68577662,0
TIC_68577662,0
28294709,0
TIC_28294709,0
427740976,0
TIC_427740976,0
118820486,0
TIC_118820486,0
1950736,3
TIC_1950736,3
68646526,0
TIC_68646526,0
97735908,0
TIC_97735908,0
436652523,0
TIC_436652523,0
408809625,0
TIC_408809625,0
84599716,0
TIC_84599716,0
258796169,0
TIC_258796169,0
18373995,0
TIC_18373995,0
284326455,0
TIC_284326455,0
238586172,0
TIC_238586172,0
171160243,0
TIC_171160243,0
293457754,0
TIC_293457754,0
94727308,0
TIC_94727308,0
56399553,0
TIC_56399553,0
84339983,0
TIC_84339983,0
58472992,0
TIC_58472992,0
241442273,0
TIC_241442273,0
89702406,3
TIC_89702406,3
404421005,0
TIC_404421005,0
304339227,0
TIC_304339227,0
292202337,0
TIC_292202337,0
313006381,0
TIC_313006381,0
336075472,0
TIC_336075472,0
307958020,0
TIC_307958020,0
17150865,3
TIC_17150865,3
337129672,3
TIC_337129672,3
405484221,3
TIC_405484221,3
306485267,0
TIC_306485267,0
58824746,0
TIC_58824746,0
91251292,0
TIC_91251292,0
337216118,0
TIC_337216118,0
436873727,0
TIC_436873727,0
336961891,0
TIC_336961891,0
270355392,0
TIC_270355392,0
387423096,0
TIC_387423096,0
46698351,0
TIC_46698351,0
286696849,0
TIC_286696849,0
303204165,0
TIC_303204165,0
257774438,0
TIC_257774438,0
404713783,0
TIC_404713783,0
60646268,0
TIC_60646268,0
147302550,0
TIC_147302550,0
139877968,0
TIC_139877968,0
238854767,0
TIC_238854767,0
99648579,0
TIC_99648579,0
209310912,0
TIC_209310912,0
120523488,0
TIC_120523488,0
434110695,0
TIC_434110695,0
224279091,0
TIC_224279091,0
178215634,0
TIC_178215634,0
435259601,0
TIC_435259601,0
441135051,0
TIC_441135051,0
166778944,0
TIC_166778944,0
237358490,0
TIC_237358490,0
299551666,0
TIC_299551666,0
165201455,0
TIC_165201455,0
165202476,0
TIC_165202476,0
422884521,0
TIC_422884521,0
142938659,3
TIC_142938659,3
71401634,3
TIC_71401634,3
404506270,0
TIC_404506270,0
439873430,0
TIC_439873430,0
332911893,0
TIC_332911893,0
118573065,0
TIC_118573065,0
89062142,0
TIC_89062142,0
279095914,0
TIC_279095914,0
219225319,0
TIC_219225319,0
100974694,0
TIC_100974694,0
206717400,0
TIC_206717400,0
283605976,0
TIC_283605976,0
31258738,0
TIC_31258738,0
248689510,0
TIC_248689510,0
449197624,3
TIC_449197624,3
264460005,3
TIC_264460005,3
399757537,0
TIC_399757537,0
431693152,0
TIC_431693152,0
316875094,0
TIC_316875094,0
302759417,0
TIC_302759417,0
245793479,0
TIC_245793479,0
396935099,0
TIC_396935099,0
455033897,0
TIC_455033897,0
200321577,0
TIC_200321577,0
153723304,0
TIC_153723304,0
117843365,0
TIC_117843365,0
50745119,0
TIC_50745119,0
139550876,0
TIC_139550876,0
243011228,0
TIC_243011228,0
250189842,0
TIC_250189842,0
411781649,0
TIC_411781649,0
34395020,0
TIC_34395020,0
468911753,0
TIC_468911753,0
9344899,0
TIC_9344899,0
248690688,0
TIC_248690688,0
293514367,0
TIC_293514367,0
455030519,0
TIC_455030519,0
436637677,0
TIC_436637677,0
37117064,0
TIC_37117064,0
322825139,0
TIC_322825139,0
232194097,0
TIC_232194097,0
317328621,0
TIC_317328621,0
144486060,0
TIC_144486060,0
177718896,0
TIC_177718896,0
317089770,0
TIC_317089770,0
102542376,0
TIC_102542376,0
251111783,0
TIC_251111783,0
268372005,3
TIC_268372005,3
268689126,0
TIC_268689126,0
269190305,0
TIC_269190305,0
234958949,0
TIC_234958949,0
306363166,0
TIC_306363166,0
124322274,0
TIC_124322274,0
229210014,0
TIC_229210014,0
142530031,0
TIC_142530031,0
322824542,0
TIC_322824542,0
119638424,0
TIC_119638424,0
26587613,0
TIC_26587613,0
409009431,0
TIC_409009431,0
39824732,0
TIC_39824732,0
270716565,0
TIC_270716565,0
52738649,0
TIC_52738649,0
97866515,0
TIC_97866515,0
438368981,0
TIC_438368981,0
78489364,0
TIC_78489364,0
438149332,0
TIC_438149332,0
97714451,0
TIC_97714451,0
280292434,0
TIC_280292434,0
265619984,0
TIC_265619984,0
142532090,0
TIC_142532090,0
247873937,3
TIC_247873937,3
281716779,0
TIC_281716779,0
72097808,0
TIC_72097808,0
291198795,0
TIC_291198795,0
237637903,0
TIC_237637903,0
23725901,0
TIC_23725901,0
293931909,0
TIC_293931909,0
269278156,0
TIC_269278156,0
160180298,0
TIC_160180298,0
235078021,0
TIC_235078021,0
59770954,0
TIC_59770954,0
153412485,0
TIC_153412485,0
317189702,0
TIC_317189702,0
291580615,0
TIC_291580615,0
237700098,0
TIC_237700098,0
306604742,0
TIC_306604742,0
61344769,0
TIC_61344769,0
267197567,0
TIC_267197567,0
119556803,0
TIC_119556803,0
53744258,0
TIC_53744258,0
34524670,0
TIC_34524670,0
49705089,0
TIC_49705089,0
291332861,0
TIC_291332861,0
440849210,0
TIC_440849210,0
119069946,0
TIC_119069946,0
143072696,0
TIC_143072696,0
268456052,0
TIC_268456052,0
21747057,0
TIC_21747057,0
271307949,0
TIC_271307949,0
157127081,0
TIC_157127081,0
108940329,0
TIC_108940329,0
333814134,0
TIC_333814134,0
112110888,0
TIC_112110888,0
266441563,0
TIC_266441563,0
455153906,0
TIC_455153906,0
415276070,0
TIC_415276070,0
148129139,0
TIC_148129139,0
412521892,0
TIC_412521892,0
196286578,0
TIC_196286578,0
170368805,0
TIC_170368805,0
145163386,0
TIC_145163386,0
170221808,0
TIC_170221808,0
231937828,0
TIC_231937828,0
176242778,0
TIC_176242778,0
423128096,0
TIC_423128096,0
218988652,0
TIC_218988652,0
409207712,0
TIC_409207712,0
50751260,0
TIC_50751260,0
127012328,0
TIC_127012328,0
431981595,0
TIC_431981595,0
156999527,0
TIC_156999527,0
134221850,0
TIC_134221850,0
452903647,0
TIC_452903647,0
100389539,0
TIC_100389539,0
265350422,0
TIC_265350422,0
65949719,0
TIC_65949719,0
95589845,0
TIC_95589845,0
107090327,0
TIC_107090327,0
65905621,0
TIC_65905621,0
265011923,0
TIC_265011923,0
274137295,0
TIC_274137295,0
65805840,0
TIC_65805840,0
280307604,3
TIC_280307604,3
419092044,0
TIC_419092044,0
50575306,0
TIC_50575306,0
19117967,0
TIC_19117967,0
320341952,0
TIC_320341952,0
7976072,0
TIC_7976072,0
96317115,0
TIC_96317115,0
174546820,0
TIC_174546820,0
126772538,3
TIC_126772538,3
143724857,0
TIC_143724857,0
281225729,0
TIC_281225729,0
334414389,0
TIC_334414389,0
81744640,0
TIC_81744640,0
333810741,0
TIC_333810741,0
32004914,0
TIC_32004914,0
19447218,0
TIC_19447218,0
156990000,0
TIC_156990000,0
60074373,3
TIC_60074373,3
181422954,0
TIC_181422954,0
82739585,0
TIC_82739585,0
394223845,0
TIC_394223845,0
354937825,0
TIC_354937825,0
52936161,0
TIC_52936161,0
348756659,0
TIC_348756659,0
179687771,0
TIC_179687771,0
53047383,0
TIC_53047383,0
17683158,0
TIC_17683158,0
332630868,3
TIC_332630868,3
291469139,0
TIC_291469139,0
268439377,3
TIC_268439377,3
1260235,0
TIC_1260235,0
17896514,0
TIC_17896514,0
186470968,0
TIC_186470968,0
176442805,0
TIC_176442805,0
77550515,0
TIC_77550515,0
434428836,0
TIC_434428836,0
231559817,0
TIC_231559817,0
19612445,0
TIC_19612445,0
374200604,3
TIC_374200604,3
38118291,0
TIC_38118291,0
80029842,3
TIC_80029842,3
453060368,0
TIC_453060368,0
131034657,0
TIC_131034657,0
258051471,0
TIC_258051471,0
143994382,0
TIC_143994382,0
26305150,0
TIC_26305150,0
418971787,3
TIC_418971787,3
186541435,0
TIC_186541435,0
134596619,0
TIC_134596619,0
132534906,3
TIC_132534906,3
332705008,0
TIC_332705008,0
60377863,0
TIC_60377863,0
74712191,0
TIC_74712191,0
74530173,0
TIC_74530173,0
70780410,0
TIC_70780410,0
44514807,0
TIC_44514807,0
428685938,3
TIC_428685938,3
35972578,0
TIC_35972578,0
262499797,3
TIC_262499797,3
152467154,0
TIC_152467154,0
335590096,0
TIC_335590096,0
71341774,0
TIC_71341774,0
322807371,0
TIC_322807371,0
143032776,3
TIC_143032776,3
48274889,0
TIC_48274889,0
143059017,0
TIC_143059017,0
35758536,0
TIC_35758536,0
74484423,0
TIC_74484423,0
362370757,0
TIC_362370757,0
71221700,0
TIC_71221700,0
446135868,0
TIC_446135868,0
168158622,0
TIC_168158622,0
310822679,0
TIC_310822679,0
228694725,0
TIC_228694725,0
463754499,0
TIC_463754499,0
133512515,0
TIC_133512515,0
458300989,0
TIC_458300989,0
447054140,0
TIC_447054140,0
144155193,0
TIC_144155193,0
45465399,3
TIC_45465399,3
245099574,0
TIC_245099574,0
359735804,0
TIC_359735804,0
458331312,0
TIC_458331312,0
446463666,0
TIC_446463666,0
80681136,0
TIC_80681136,0
72504752,0
TIC_72504752,0
457743020,3
TIC_457743020,3
274911400,0
TIC_274911400,0
309292963,0
TIC_309292963,0
441936163,0
TIC_441936163,0
92004082,0
TIC_92004082,0
458199018,0
TIC_458199018,0
6010784,0
TIC_6010784,0
441234277,0
TIC_441234277,0
469333534,0
TIC_469333534,0
463365347,0
TIC_463365347,0
438278301,0
TIC_438278301,0
81693792,0
TIC_81693792,0
124235800,0
TIC_124235800,0
376610581,0
TIC_376610581,0
425508314,0
TIC_425508314,0
107017977,0
TIC_107017977,0
358072664,3
TIC_358072664,3
457789844,0
TIC_457789844,0
464388115,0
TIC_464388115,0
463011281,0
TIC_463011281,0
385459345,0
TIC_385459345,0
447585233,0
TIC_447585233,0
356835341,0
TIC_356835341,0
272211398,0
TIC_272211398,0
303327435,0
TIC_303327435,0
303814029,0
TIC_303814029,0
219769290,0
TIC_219769290,0
72401290,0
TIC_72401290,0
49254857,0
TIC_49254857,0
440937096,0
TIC_440937096,0
454069765,0
TIC_454069765,0
317362389,0
TIC_317362389,0
60859922,0
TIC_60859922,0
155419920,0
TIC_155419920,0
132611413,0
TIC_132611413,0
404227343,0
TIC_404227343,0
411943564,0
TIC_411943564,0
219181903,0
TIC_219181903,0
307099276,0
TIC_307099276,0
399847887,0
TIC_399847887,0
454828937,0
TIC_454828937,0
376421071,0
TIC_376421071,0
448820344,0
TIC_448820344,0
359403471,0
TIC_359403471,0
307221757,0
TIC_307221757,0
296850254,0
TIC_296850254,0
148772620,0
TIC_148772620,0
35106764,0
TIC_35106764,0
292797572,3
TIC_292797572,3
412635642,0
TIC_412635642,0
68030406,0
TIC_68030406,0
241638905,0
TIC_241638905,0
457018819,0
TIC_457018819,0
149109125,0
TIC_149109125,0
237929468,0
TIC_237929468,0
77680373,0
TIC_77680373,0
166242494,0
TIC_166242494,0
418567812,0
TIC_418567812,0
242190195,0
TIC_242190195,0
332017079,0
TIC_332017079,0
319783554,3
TIC_319783554,3
382975217,0
TIC_382975217,0
160476088,0
TIC_160476088,0
401028336,0
TIC_401028336,0
245341495,0
TIC_245341495,0
448435566,0
TIC_448435566,0
400073524,0
TIC_400073524,0
405571798,0
TIC_405571798,0
147723246,0
TIC_147723246,0
188865842,0
TIC_188865842,0
8005485,0
TIC_8005485,0
412485680,0
TIC_412485680,0
457649900,0
TIC_457649900,0
290337456,0
TIC_290337456,0
329672278,0
TIC_329672278,0
420202798,0
TIC_420202798,0
210681065,0
TIC_210681065,0
407827885,0
TIC_407827885,0
406443564,3
TIC_406443564,3
129890791,0
TIC_129890791,0
295507430,0
TIC_295507430,0
243476396,0
TIC_243476396,0
253961767,0
TIC_253961767,0
406106335,0
TIC_406106335,0
359523751,0
TIC_359523751,0
453942180,0
TIC_453942180,0
149585119,0
TIC_149585119,0
397522142,0
TIC_397522142,0
148478039,0
TIC_148478039,0
304085024,0
TIC_304085024,0
210629725,0
TIC_210629725,0
68081952,0
TIC_68081952,0
145204443,0
TIC_145204443,0
311736478,0
TIC_311736478,0
200435203,0
TIC_200435203,0
14029793,0
TIC_14029793,0
46627476,0
TIC_46627476,0
80137654,0
TIC_80137654,0
177391159,0
TIC_177391159,0
294315741,3
TIC_294315741,3
5592720,0
TIC_5592720,0
293607057,0
TIC_293607057,0
445392860,0
TIC_445392860,0
303385111,0
TIC_303385111,0
295312916,0
TIC_295312916,0
247180220,0
TIC_247180220,0
362111691,0
TIC_362111691,0
360221713,0
TIC_360221713,0
277128619,0
TIC_277128619,0
294295243,0
TIC_294295243,0
384709136,0
TIC_384709136,0
340624586,0
TIC_340624586,0
76228620,0
TIC_76228620,0
33227166,0
TIC_33227166,0
179230828,0
TIC_179230828,0
95709395,0
TIC_95709395,0
418471116,0
TIC_418471116,0
301900477,0
TIC_301900477,0
384386062,0
TIC_384386062,0
282485660,0
TIC_282485660,0
449107129,0
TIC_449107129,0
424196109,0
TIC_424196109,0
150531994,0
TIC_150531994,0
463781038,0
TIC_463781038,0
276735500,0
TIC_276735500,0
418298773,0
TIC_418298773,0
245728942,0
TIC_245728942,0
287494667,0
TIC_287494667,0
362032529,0
TIC_362032529,0
221656234,0
TIC_221656234,0
68322189,3
TIC_68322189,3
302054555,0
TIC_302054555,0
294691204,0
TIC_294691204,0
420829332,0
TIC_420829332,0
310266243,0
TIC_310266243,0
403405969,0
TIC_403405969,0
208772468,0
TIC_208772468,0
213111428,0
TIC_213111428,0
344130921,0
TIC_344130921,0
217838717,0
TIC_217838717,0
161247580,0
TIC_161247580,0
361711730,0
TIC_361711730,0
76894548,0
TIC_76894548,0
154400369,0
TIC_154400369,0
444290896,0
TIC_444290896,0
46807139,0
TIC_46807139,0
283665218,0
TIC_283665218,0
318180448,0
TIC_318180448,0
306990399,0
TIC_306990399,0
401509690,0
TIC_401509690,0
406726743,0
TIC_406726743,0
263486257,0
TIC_263486257,0
127115861,0
TIC_127115861,0
396649769,0
TIC_396649769,0
412828754,0
TIC_412828754,0
324609476,0
TIC_324609476,0
282221346,0
TIC_282221346,0
75522633,0
TIC_75522633,0
298946836,0
TIC_298946836,0
297950791,0
TIC_297950791,0
306512967,0
TIC_306512967,0
291857895,0
TIC_291857895,0
323022088,0
TIC_323022088,0
261020738,0
TIC_261020738,0
282701278,0
TIC_282701278,0
217933560,0
TIC_217933560,0
208151094,0
TIC_208151094,0
324426685,0
TIC_324426685,0
401704685,0
TIC_401704685,0
407146538,3
TIC_407146538,3
216925130,0
TIC_216925130,0
37291237,0
TIC_37291237,0
277034534,0
TIC_277034534,0
458027465,0
TIC_458027465,0
16264917,0
TIC_16264917,0
214218272,0
TIC_214218272,0
294768072,0
TIC_294768072,0
173979859,0
TIC_173979859,0
407127579,0
TIC_407127579,0
243244680,0
TIC_243244680,0
56655478,0
TIC_56655478,0
117275513,0
TIC_117275513,0
366631954,0
TIC_366631954,0
381360757,0
TIC_381360757,0
319968129,3
TIC_319968129,3
307733361,0
TIC_307733361,0
7059054,0
TIC_7059054,0
458686969,0
TIC_458686969,0
6893917,0
TIC_6893917,0
23113034,3
TIC_23113034,3
303432813,0
TIC_303432813,0
87873211,0
TIC_87873211,0
303523128,0
TIC_303523128,0
69672493,3
TIC_69672493,3
17409453,0
TIC_17409453,0
203214138,0
TIC_203214138,0
437011608,0
TIC_437011608,0
5882269,0
TIC_5882269,0
438260486,0
TIC_438260486,0
6785559,0
TIC_6785559,0
178217113,0
TIC_178217113,0
18310799,0
TIC_18310799,0
234388232,0
TIC_234388232,0
330687113,0
TIC_330687113,0
184892124,0
TIC_184892124,0
438073782,0
TIC_438073782,0
90853136,0
TIC_90853136,0
63189173,0
TIC_63189173,0
19028197,0
TIC_19028197,0
434226736,0
TIC_434226736,0
26826078,0
TIC_26826078,0
203214081,0
TIC_203214081,0
14770122,0
TIC_14770122,0
91481801,0
TIC_91481801,0
349582831,0
TIC_349582831,0
366410512,0
TIC_366410512,0
82508808,0
TIC_82508808,0
366443576,0
TIC_366443576,0
415443327,0
TIC_415443327,0
203287192,0
TIC_203287192,0
59351345,0
TIC_59351345,0
97735297,3
TIC_97735297,3
350348197,0
TIC_350348197,0
411930845,0
TIC_411930845,0
239977528,0
TIC_239977528,0
203289099,0
TIC_203289099,0
337385330,0
TIC_337385330,0
2685481,0
TIC_2685481,0
26693519,0
TIC_26693519,0
366499151,0
TIC_366499151,0
149496868,0
TIC_149496868,0
26469462,0
TIC_26469462,0
438412198,0
TIC_438412198,0
75427473,3
TIC_75427473,3
58723861,0
TIC_58723861,0
366568760,0
TIC_366568760,0
116668723,0
TIC_116668723,0
332022997,0
TIC_332022997,0
306902029,3
TIC_306902029,3
247906954,0
TIC_247906954,0
27064468,0
TIC_27064468,0
438170612,0
TIC_438170612,0
406495245,0
TIC_406495245,0
101520163,0
TIC_101520163,0
75589027,0
TIC_75589027,0
350043412,0
TIC_350043412,0
114516994,0
TIC_114516994,0
312221462,3
TIC_312221462,3
95010343,3
TIC_95010343,3
172110606,3
TIC_172110606,3
175236511,0
TIC_175236511,0
14570132,0
TIC_14570132,0
38087018,0
TIC_38087018,0
95337971,0
TIC_95337971,0
175193677,0
TIC_175193677,0
350020859,0
TIC_350020859,0
393495970,0
TIC_393495970,0
281837575,0
TIC_281837575,0
380619414,0
TIC_380619414,0
281885301,0
TIC_281885301,0
173103335,0
TIC_173103335,0
95361530,0
TIC_95361530,0
291517604,0
TIC_291517604,0
286094277,0
TIC_286094277,0
40954422,3
TIC_40954422,3
388130237,0
TIC_388130237,0
257527578,0
TIC_257527578,0
124029677,0
TIC_124029677,0
240849748,0
TIC_240849748,0
388811663,0
TIC_388811663,0
468889418,0
TIC_468889418,0
38161230,0
TIC_38161230,0
337647366,0
TIC_337647366,0
286712787,0
TIC_286712787,0
4165850,0
TIC_4165850,0
277697921,0
TIC_277697921,0
60286662,0
TIC_60286662,0
115010361,0
TIC_115010361,0
6892385,0
TIC_6892385,0
349986198,0
TIC_349986198,0
59582240,0
TIC_59582240,0
458686504,0
TIC_458686504,0
363548415,0
TIC_363548415,0
350023518,0
TIC_350023518,0
330690135,0
TIC_330690135,0
110996418,0
TIC_110996418,0
53287554,0
TIC_53287554,0
98669309,0
TIC_98669309,0
49428710,0
TIC_49428710,0
55266835,0
TIC_55266835,0
437054764,0
TIC_437054764,0
350033870,0
TIC_350033870,0
149969625,0
TIC_149969625,0
288671122,0
TIC_288671122,0
346972413,0
TIC_346972413,0
346667887,0
TIC_346667887,0
99654378,0
TIC_99654378,0
298829544,0
TIC_298829544,0
28643432,3
TIC_28643432,3
462808933,0
TIC_462808933,0
68453985,0
TIC_68453985,0
441590110,0
TIC_441590110,0
141677268,0
TIC_141677268,0
408549705,3
TIC_408549705,3
289574465,0
TIC_289574465,0
359469754,0
TIC_359469754,0
336125492,0
TIC_336125492,0
336126253,0
TIC_336126253,0
288612903,0
TIC_288612903,0
357145112,0
TIC_357145112,0
383828887,0
TIC_383828887,0
219431828,0
TIC_219431828,0
193628179,3
TIC_193628179,3
298049015,3
TIC_298049015,3
21101556,0
TIC_21101556,0
267810289,0
TIC_267810289,0
320324079,0
TIC_320324079,0
158323182,0
TIC_158323182,0
65845738,0
TIC_65845738,0
419411415,0
TIC_419411415,0
159117779,0
TIC_159117779,0
147892178,0
TIC_147892178,0
110738386,0
TIC_110738386,0
111108561,0
TIC_111108561,0
265979849,0
TIC_265979849,0
215595454,0
TIC_215595454,0
424699834,3
TIC_424699834,3
247356332,0
TIC_247356332,0
7583660,0
TIC_7583660,0
236632480,0
TIC_236632480,0
256561562,0
TIC_256561562,0
215018906,0
TIC_215018906,0
259172249,0
TIC_259172249,0
378708888,0
TIC_378708888,0
394691478,0
TIC_394691478,0
233409941,0
TIC_233409941,0
30791047,0
TIC_30791047,0
377297285,0
TIC_377297285,0
406361982,0
TIC_406361982,0
383645563,0
TIC_383645563,0
195093356,3
TIC_195093356,3
313453776,0
TIC_313453776,0
154014059,0
TIC_154014059,0
288428649,0
TIC_288428649,0
55778666,0
TIC_55778666,0
105387356,3
TIC_105387356,3
69356857,0
TIC_69356857,0
259100469,0
TIC_259100469,0
335681838,0
TIC_335681838,0
154814765,0
TIC_154814765,0
193765661,0
TIC_193765661,0
435740442,0
TIC_435740442,0
219016883,0
TIC_219016883,0
230290708,0
TIC_230290708,0
40055053,0
TIC_40055053,0
305948428,0
TIC_305948428,0
426122503,0
TIC_426122503,0
322504451,0
TIC_322504451,0
352151292,0
TIC_352151292,0
123041007,0
TIC_123041007,0
295807723,3
TIC_295807723,3
289307883,0
TIC_289307883,0
256154857,0
TIC_256154857,0
185598695,0
TIC_185598695,0
278105308,0
TIC_278105308,0
436007113,0
TIC_436007113,0
395385033,0
TIC_395385033,0
284660935,0
TIC_284660935,0
126225595,0
TIC_126225595,0
158325942,0
TIC_158325942,0
356146869,0
TIC_356146869,0
185226925,3
TIC_185226925,3
147895461,3
TIC_147895461,3
375419034,0
TIC_375419034,0
326347927,3
TIC_326347927,3
402828941,0
TIC_402828941,0
274122380,3
TIC_274122380,3
275527293,0
TIC_275527293,0
435719275,0
TIC_435719275,0
219847787,0
TIC_219847787,0
312899686,3
TIC_312899686,3
153971295,0
TIC_153971295,0
202468443,3
TIC_202468443,3
359321688,0
TIC_359321688,0
424112727,0
TIC_424112727,0
296461391,0
TIC_296461391,0
278668358,0
TIC_278668358,0
172871230,3
TIC_172871230,3
356682805,0
TIC_356682805,0
219466803,3
TIC_219466803,3
282935857,0
TIC_282935857,0
276381737,0
TIC_276381737,0
264301607,0
TIC_264301607,0
7681574,0
TIC_7681574,0
194679333,0
TIC_194679333,0
405932063,0
TIC_405932063,0
329346586,0
TIC_329346586,0
399956873,3
TIC_399956873,3
171312653,0
TIC_171312653,0
250330564,0
TIC_250330564,0
301035553,0
TIC_301035553,0
909930,0
TIC_909930,0
857186,0
TIC_857186,0
176279915,0
TIC_176279915,0
224217761,0
TIC_224217761,0
250983039,0
TIC_250983039,0
33397739,0
TIC_33397739,0
250111245,0
TIC_250111245,0
422486295,0
TIC_422486295,0
4619242,0
TIC_4619242,0
241102583,3
TIC_241102583,3
422423972,0
TIC_422423972,0
313835568,0
TIC_313835568,0
407997410,0
TIC_407997410,0
267215820,0
TIC_267215820,0
58825110,0
TIC_58825110,0
337025682,0
TIC_337025682,0
58798731,0
TIC_58798731,0
293407882,0
TIC_293407882,0
408743161,0
TIC_408743161,0
387401076,0
TIC_387401076,0
369477998,0
TIC_369477998,0
422653398,3
TIC_422653398,3
52052461,0
TIC_52052461,0
306204904,0
TIC_306204904,0
306401382,0
TIC_306401382,0
399724238,0
TIC_399724238,0
347469901,0
TIC_347469901,0
302202317,0
TIC_302202317,0
126982221,0
TIC_126982221,0
309439436,0
TIC_309439436,0
408824640,0
TIC_408824640,0
435871546,0
TIC_435871546,0
246965431,0
TIC_246965431,0
257562160,0
TIC_257562160,0
243153196,3
TIC_243153196,3
336691874,0
TIC_336691874,0
272146465,0
TIC_272146465,0
408643099,0
TIC_408643099,0
270406298,0
TIC_270406298,0
257922326,0
TIC_257922326,0
303502327,0
TIC_303502327,0
58372253,0
TIC_58372253,0
61145589,0
TIC_61145589,0
436843539,0
TIC_436843539,0
387544178,0
TIC_387544178,0
387515920,0
TIC_387515920,0
96948338,0
TIC_96948338,0
247409676,0
TIC_247409676,0
381360750,0
TIC_381360750,0
430099722,0
TIC_430099722,0
27294830,0
TIC_27294830,0
467615239,0
TIC_467615239,0
101348333,0
TIC_101348333,0
14156936,0
TIC_14156936,0
90669930,0
TIC_90669930,0
356990855,0
TIC_356990855,0
34980970,0
TIC_34980970,0
16005254,0
TIC_16005254,0
96165095,0
TIC_96165095,0
26018819,0
TIC_26018819,0
21119973,0
TIC_21119973,0
366527844,0
TIC_366527844,0
26054627,0
TIC_26054627,0
68808155,0
TIC_68808155,0
27476314,0
TIC_27476314,0
69995219,0
TIC_69995219,0
113919944,3
TIC_113919944,3
34781378,0
TIC_34781378,0
96170689,0
TIC_96170689,0
467684543,0
TIC_467684543,0
150006846,0
TIC_150006846,0
46631742,0
TIC_46631742,0
90767677,0
TIC_90767677,0
427578289,0
TIC_427578289,0
366602797,3
TIC_366602797,3
308522539,0
TIC_308522539,0
426448042,0
TIC_426448042,0
366754985,0
TIC_366754985,0
21132157,0
TIC_21132157,0
45034406,0
TIC_45034406,0
81178747,0
TIC_81178747,0
56457123,0
TIC_56457123,0
113804153,0
TIC_113804153,0
400381085,0
TIC_400381085,0
17457400,0
TIC_17457400,0
371470493,0
TIC_371470493,0
9155187,0
TIC_9155187,0
20096620,0
TIC_20096620,0
71268730,0
TIC_71268730,0
219113246,0
TIC_219113246,0
467153319,0
TIC_467153319,0
321069529,0
TIC_321069529,0
328325110,0
TIC_328325110,0
441587756,0
TIC_441587756,0
241174783,3
TIC_241174783,3
356472238,0
TIC_356472238,0
166053959,0
TIC_166053959,0
165297570,0
TIC_165297570,0
85266608,0
TIC_85266608,0
202425357,0
TIC_202425357,0
166086403,0
TIC_166086403,0
407591297,0
TIC_407591297,0
39143128,0
TIC_39143128,0
8853478,0
TIC_8853478,0
298600443,0
TIC_298600443,0
198512478,0
TIC_198512478,0
313425396,0
TIC_313425396,0
61109252,0
TIC_61109252,0
298070500,0
TIC_298070500,0
202428245,3
TIC_202428245,3
18019350,0
TIC_18019350,0
8260536,0
TIC_8260536,0
284688043,0
TIC_284688043,0
332564140,0
TIC_332564140,0
397058826,0
TIC_397058826,0
29781207,0
TIC_29781207,0
438519486,0
TIC_438519486,0
56798909,0
TIC_56798909,0
172353721,0
TIC_172353721,0
127226712,0
TIC_127226712,0
372424377,0
TIC_372424377,0
430093142,0
TIC_430093142,0
115628210,0
TIC_115628210,0
76882795,0
TIC_76882795,0
76032342,0
TIC_76032342,0
386197662,0
TIC_386197662,0
269838674,0
TIC_269838674,0
371164829,0
TIC_371164829,0
52517713,0
TIC_52517713,0
87405719,0
TIC_87405719,0
79316101,0
TIC_79316101,0
115564354,3
TIC_115564354,3
68443254,0
TIC_68443254,0
195155818,0
TIC_195155818,0
47132480,0
TIC_47132480,0
80611440,0
TIC_80611440,0
47319867,0
TIC_47319867,0
436099179,3
TIC_436099179,3
429501231,0
TIC_429501231,0
127957099,0
TIC_127957099,0
52420398,0
TIC_52420398,0
76545118,0
TIC_76545118,0
5800958,3
TIC_5800958,3
46774573,0
TIC_46774573,0
302895184,0
TIC_302895184,0
86898676,0
TIC_86898676,0
75697959,0
TIC_75697959,0
307377219,3
TIC_307377219,3
294309873,0
TIC_294309873,0
155369758,0
TIC_155369758,0
6853696,0
TIC_6853696,0
367193060,0
TIC_367193060,0
247912728,0
TIC_247912728,0
29374525,3
TIC_29374525,3
91697121,0
TIC_91697121,0
406684949,0
TIC_406684949,0
400515645,0
TIC_400515645,0
367193046,0
TIC_367193046,0
255735567,0
TIC_255735567,0
84788795,0
TIC_84788795,0
239722954,3
TIC_239722954,3
291016451,0
TIC_291016451,0
119130170,0
TIC_119130170,0
6653897,3
TIC_6653897,3
69028091,0
TIC_69028091,0
101569583,0
TIC_101569583,0
58997701,0
TIC_58997701,0
26406123,0
TIC_26406123,0
75171363,0
TIC_75171363,0
87044036,3
TIC_87044036,3
456971986,0
TIC_456971986,0
367434266,0
TIC_367434266,0
1942969,0
TIC_1942969,0
445990611,0
TIC_445990611,0
118963720,0
TIC_118963720,0
79971247,0
TIC_79971247,0
437786834,0
TIC_437786834,0
171646471,0
TIC_171646471,0
87827371,0
TIC_87827371,0
45368525,0
TIC_45368525,0
83275782,0
TIC_83275782,0
172222885,0
TIC_172222885,0
302419660,0
TIC_302419660,0
367267217,0
TIC_367267217,0
47132361,0
TIC_47132361,0
76798849,0
TIC_76798849,0
81808065,0
TIC_81808065,0
97669493,0
TIC_97669493,0
78601408,0
TIC_78601408,0
353361266,0
TIC_353361266,0
127229631,0
TIC_127229631,0
95122849,0
TIC_95122849,0
67444896,0
TIC_67444896,0
46307587,0
TIC_46307587,0
69295263,0
TIC_69295263,0
459947163,0
TIC_459947163,0
192982424,0
TIC_192982424,0
443961200,0
TIC_443961200,0
186815660,0
TIC_186815660,0
291109653,0
TIC_291109653,0
302305400,0
TIC_302305400,0
281815702,0
TIC_281815702,0
468983280,0
TIC_468983280,0
59575189,0
TIC_59575189,0
247166992,0
TIC_247166992,0
350024178,0
TIC_350024178,0
468979441,0
TIC_468979441,0
14440334,0
TIC_14440334,0
380671216,0
TIC_380671216,0
323658120,3
TIC_323658120,3
270679144,0
TIC_270679144,0
262736264,0
TIC_262736264,0
386772576,0
TIC_386772576,0
62740096,0
TIC_62740096,0
94823134,0
TIC_94823134,0
126322519,0
TIC_126322519,0
350044062,3
TIC_350044062,3
95079513,0
TIC_95079513,0
374350678,0
TIC_374350678,0
385312460,0
TIC_385312460,0
377097547,0
TIC_377097547,0
406140233,0
TIC_406140233,0
35285308,0
TIC_35285308,0
26865340,0
TIC_26865340,0
389040826,0
TIC_389040826,0
366698929,0
TIC_366698929,0
184869170,3
TIC_184869170,3
63190194,0
TIC_63190194,0
55275863,0
TIC_55275863,0
70678449,0
TIC_70678449,0
307951656,0
TIC_307951656,0
386620582,0
TIC_386620582,0
443582629,0
TIC_443582629,0
374180079,0
TIC_374180079,0
396932137,0
TIC_396932137,0
366409685,0
TIC_366409685,0
443616612,0
TIC_443616612,0
277833995,0
TIC_277833995,0
345450130,0
TIC_345450130,0
335540507,0
TIC_335540507,0
415399713,0
TIC_415399713,0
458686847,0
TIC_458686847,0
366411016,0
TIC_366411016,0
244170332,0
TIC_244170332,0
88114177,0
TIC_88114177,0
318836983,0
TIC_318836983,0
155093420,0
TIC_155093420,0
176868951,0
TIC_176868951,0
411697517,0
TIC_411697517,0
268143410,0
TIC_268143410,0
17555760,0
TIC_17555760,0
337648770,0
TIC_337648770,0
178266267,0
TIC_178266267,0
456305193,3
TIC_456305193,3
231721006,0
TIC_231721006,0
466206508,0
TIC_466206508,0
17385917,0
TIC_17385917,0
68893269,0
TIC_68893269,0
301624989,0
TIC_301624989,0
59744366,0
TIC_59744366,0
63013648,3
TIC_63013648,3
155012162,0
TIC_155012162,0
6499453,0
TIC_6499453,0
195187769,0
TIC_195187769,0
387974148,0
TIC_387974148,0
3224605,0
TIC_3224605,0
218354669,0
TIC_218354669,0
91287873,0
TIC_91287873,0
388804061,0
TIC_388804061,0
55315929,0
TIC_55315929,0
323687123,0
TIC_323687123,0
14570099,0
TIC_14570099,0
456945304,0
TIC_456945304,0
238606535,0
TIC_238606535,0
330637910,0
TIC_330637910,0
17307715,0
TIC_17307715,0
239198720,0
TIC_239198720,0
127505658,0
TIC_127505658,0
117892246,0
TIC_117892246,0
73250068,0
TIC_73250068,0
456335739,0
TIC_456335739,0
142785421,0
TIC_142785421,0
267484403,0
TIC_267484403,0
302381442,0
TIC_302381442,0
88565745,0
TIC_88565745,0
9151337,0
TIC_9151337,0
459762279,0
TIC_459762279,0
268405086,3
TIC_268405086,3
160162137,0
TIC_160162137,0
137543637,3
TIC_137543637,3
98833877,0
TIC_98833877,0
154563411,0
TIC_154563411,0
252928337,0
TIC_252928337,0
366298702,0
TIC_366298702,0
456306892,0
TIC_456306892,0
392064198,0
TIC_392064198,0
357244603,0
TIC_357244603,0
29169215,0
TIC_29169215,0
188389305,0
TIC_188389305,0
160165689,0
TIC_160165689,0
29069242,0
TIC_29069242,0
141762491,0
TIC_141762491,0
51094586,0
TIC_51094586,0
9907513,0
TIC_9907513,0
192969211,0
TIC_192969211,0
88529975,0
TIC_88529975,0
468433454,0
TIC_468433454,0
53394475,0
TIC_53394475,0
302908969,0
TIC_302908969,0
203144354,0
TIC_203144354,0
85284138,0
TIC_85284138,0
237108775,0
TIC_237108775,0
159160230,0
TIC_159160230,0
287268770,0
TIC_287268770,0
237097499,0
TIC_237097499,0
101592219,0
TIC_101592219,0
224293782,0
TIC_224293782,0
237015185,0
TIC_237015185,0
252469648,0
TIC_252469648,0
171599496,0
TIC_171599496,0
233070717,0
TIC_233070717,0
229713401,0
TIC_229713401,0
17122808,0
TIC_17122808,0
252481136,0
TIC_252481136,0
232624234,0
TIC_232624234,0
18021087,0
TIC_18021087,0
165413340,0
TIC_165413340,0
148960849,0
TIC_148960849,0
235711993,0
TIC_235711993,0
154220877,0
TIC_154220877,0
9376973,0
TIC_9376973,0
56999883,0
TIC_56999883,0
224299081,0
TIC_224299081,0
165414210,0
TIC_165414210,0
219467837,3
TIC_219467837,3
288162228,0
TIC_288162228,0
420174131,0
TIC_420174131,0
53498154,0
TIC_53498154,0
137020480,0
TIC_137020480,0
376645976,0
TIC_376645976,0
335813590,0
TIC_335813590,0
135100529,0
TIC_135100529,0
298437387,0
TIC_298437387,0
316416562,0
TIC_316416562,0
347430350,0
TIC_347430350,0
420779000,0
TIC_420779000,0
119131709,0
TIC_119131709,0
119585136,0
TIC_119585136,0
233173039,0
TIC_233173039,0
105616091,0
TIC_105616091,0
136992839,0
TIC_136992839,0
154258295,0
TIC_154258295,0
166054851,0
TIC_166054851,0
373729723,3
TIC_373729723,3
141202786,0
TIC_141202786,0
160521907,0
TIC_160521907,0
284592754,0
TIC_284592754,0
441658213,0
TIC_441658213,0
156377968,0
TIC_156377968,0
366804698,0
TIC_366804698,0
67743054,0
TIC_67743054,0
23863106,3
TIC_23863106,3
392319808,0
TIC_392319808,0
353807936,0
TIC_353807936,0
256326844,0
TIC_256326844,0
232628532,0
TIC_232628532,0
298729646,0
TIC_298729646,0
233465389,0
TIC_233465389,0
282940781,0
TIC_282940781,0
458458156,0
TIC_458458156,0
441736986,0
TIC_441736986,0
119178132,0
TIC_119178132,0
207491214,0
TIC_207491214,0
311116297,0
TIC_311116297,0
349312122,0
TIC_349312122,0
422217860,0
TIC_422217860,0
198161914,0
TIC_198161914,0
158022899,0
TIC_158022899,0
274223601,0
TIC_274223601,0
235684964,0
TIC_235684964,0
28242530,0
TIC_28242530,0
357347296,0
TIC_357347296,0
162577468,0
TIC_162577468,0
860207014,0
TIC_860207014,0
23863105,0
TIC_23863105,0
461239485,0
TIC_461239485,0
175772482,0
TIC_175772482,0
368805700,0
TIC_368805700,0
181949561,0
TIC_181949561,0
311133118,0
TIC_311133118,0
287959034,0
TIC_287959034,0
209464063,0
TIC_209464063,0
143257768,0
TIC_143257768,0
368739874,0
TIC_368739874,0
207439380,0
TIC_207439380,0
17538423,0
TIC_17538423,0
155949264,0
TIC_155949264,0
32260988,0
TIC_32260988,0
460396820,0
TIC_460396820,0
255928426,0
TIC_255928426,0
281100535,0
TIC_281100535,0
193634953,0
TIC_193634953,0
323250919,0
TIC_323250919,0
115508409,0
TIC_115508409,0
17652022,0
TIC_17652022,0
37150278,0
TIC_37150278,0
272519426,0
TIC_272519426,0
23638678,0
TIC_23638678,0
103865797,3
TIC_103865797,3
393546540,0
TIC_393546540,0
416739490,0
TIC_416739490,0
264052454,0
TIC_264052454,0
224328450,0
TIC_224328450,0
76193403,0
TIC_76193403,0
43276438,0
TIC_43276438,0
141985686,3
TIC_141985686,3
10792081,0
TIC_10792081,0
148673433,0
TIC_148673433,0
165625229,0
TIC_165625229,0
137843225,0
TIC_137843225,0
441614965,0
TIC_441614965,0
335813325,0
TIC_335813325,0
286813592,0
TIC_286813592,0
173002823,0
TIC_173002823,0
441804533,0
TIC_441804533,0
388898854,0
TIC_388898854,0
219041246,0
TIC_219041246,0
467158766,0
TIC_467158766,0
147923561,0
TIC_147923561,0
298074836,0
TIC_298074836,0
53481079,0
TIC_53481079,0
17932757,0
TIC_17932757,0
4843495,0
TIC_4843495,0
230055368,0
TIC_230055368,0
85292615,0
TIC_85292615,0
458481611,0
TIC_458481611,0
235901733,0
TIC_235901733,0
162631539,0
TIC_162631539,0
1042432,0
TIC_1042432,0
71582156,0
TIC_71582156,0
357048995,0
TIC_357048995,0
219875976,0
TIC_219875976,0
103605399,0
TIC_103605399,0
138820713,0
TIC_138820713,0
188668950,0
TIC_188668950,0
335952150,0
TIC_335952150,0
224297408,0
TIC_224297408,0
9989136,0
TIC_9989136,0
157769780,0
TIC_157769780,0
310380289,0
TIC_310380289,0
229618478,0
TIC_229618478,0
198162530,0
TIC_198162530,0
328934980,0
TIC_328934980,0
230087765,0
TIC_230087765,0
159851831,0
TIC_159851831,0
258557847,3
TIC_258557847,3
308300731,0
TIC_308300731,0
157768969,0
TIC_157768969,0
18016577,0
TIC_18016577,0
318209162,3
TIC_318209162,3
4918918,0
TIC_4918918,0
407495930,0
TIC_407495930,0
387329912,0
TIC_387329912,0
310262516,0
TIC_310262516,0
426144112,0
TIC_426144112,0
349440621,0
TIC_349440621,0
332365162,0
TIC_332365162,0
135267558,0
TIC_135267558,0
256584532,0
TIC_256584532,0
72889156,0
TIC_72889156,0
219506608,0
TIC_219506608,0
82598822,0
TIC_82598822,0
317594531,0
TIC_317594531,0
255907107,0
TIC_255907107,0
428703516,0
TIC_428703516,0
257531677,0
TIC_257531677,0
354832924,0
TIC_354832924,0
150476057,0
TIC_150476057,0
397763985,0
TIC_397763985,0
353225230,0
TIC_353225230,0
351652998,0
TIC_351652998,0
470990157,0
TIC_470990157,0
462715015,3
TIC_462715015,3
23179035,0
TIC_23179035,0
459836041,0
TIC_459836041,0
313609787,0
TIC_313609787,0
445795465,0
TIC_445795465,0
9701368,0
TIC_9701368,0
289666986,0
TIC_289666986,0
310728245,0
TIC_310728245,0
459189798,0
TIC_459189798,0
264468702,0
TIC_264468702,0
102846772,0
TIC_102846772,0
43333094,0
TIC_43333094,0
279920478,0
TIC_279920478,0
158845573,0
TIC_158845573,0
319684122,0
TIC_319684122,0
302814895,3
TIC_302814895,3
456367532,0
TIC_456367532,0
40292751,0
TIC_40292751,0
446616059,3
TIC_446616059,3
42883782,0
TIC_42883782,0
87216634,0
TIC_87216634,0
187333348,0
TIC_187333348,0
110936761,3
TIC_110936761,3
95423778,0
TIC_95423778,0
398895470,0
TIC_398895470,0
273874849,0
TIC_273874849,0
151724385,0
TIC_151724385,0
391958006,0
TIC_391958006,0
374530847,0
TIC_374530847,0
305243225,0
TIC_305243225,0
328081248,0
TIC_328081248,0
151759246,0
TIC_151759246,0
243921117,0
TIC_243921117,0
399402994,0
TIC_399402994,0
466382581,0
TIC_466382581,0
303055194,3
TIC_303055194,3
378390325,0
TIC_378390325,0
283621618,0
TIC_283621618,0
188646744,0
TIC_188646744,0
459735346,0
TIC_459735346,0
283471501,0
TIC_283471501,0
379824738,0
TIC_379824738,0
331484419,3
TIC_331484419,3
388909695,0
TIC_388909695,0
92439980,0
TIC_92439980,0
427041513,0
TIC_427041513,0
375942197,0
TIC_375942197,0
194076601,0
TIC_194076601,0
418604868,0
TIC_418604868,0
283419843,0
TIC_283419843,0
330218897,0
TIC_330218897,0
459730973,0
TIC_459730973,0
354619337,0
TIC_354619337,0
466390120,0
TIC_466390120,0
248853232,0
TIC_248853232,0
272366748,0
TIC_272366748,0
269243313,0
TIC_269243313,0
48253329,0
TIC_48253329,0
369062542,0
TIC_369062542,0
351077390,0
TIC_351077390,0
363029616,0
TIC_363029616,0
224418572,3
TIC_224418572,3
308504559,0
TIC_308504559,0
287934343,0
TIC_287934343,0
213875310,0
TIC_213875310,0
281118572,0
TIC_281118572,0
346859243,0
TIC_346859243,0
354727907,0
TIC_354727907,0
395143000,0
TIC_395143000,0
222485202,0
TIC_222485202,0
355732304,3
TIC_355732304,3
68345291,0
TIC_68345291,0
350882505,0
TIC_350882505,0
23937608,0
TIC_23937608,0
24113219,0
TIC_24113219,0
230292034,0
TIC_230292034,0
209935997,0
TIC_209935997,0
75784122,0
TIC_75784122,0
95574586,0
TIC_95574586,0
808243,0
TIC_808243,0
71459120,0
TIC_71459120,0
151728428,3
TIC_151728428,3
277329402,0
TIC_277329402,0
387844266,0
TIC_387844266,0
278623780,0
TIC_278623780,0
346154016,0
TIC_346154016,0
41422753,3
TIC_41422753,3
3680800,0
TIC_3680800,0
336072306,0
TIC_336072306,0
256046749,0
TIC_256046749,0
114947483,0
TIC_114947483,0
462372373,0
TIC_462372373,0
11034516,0
TIC_11034516,0
20988926,3
TIC_20988926,3
345205395,0
TIC_345205395,0
184531966,0
TIC_184531966,0
383216635,0
TIC_383216635,0
341297143,3
TIC_341297143,3
380517859,3
TIC_380517859,3
236158940,0
TIC_236158940,0
210169818,0
TIC_210169818,0
305375697,0
TIC_305375697,0
373816781,0
TIC_373816781,0
138671052,0
TIC_138671052,0
353146308,0
TIC_353146308,0
376454594,0
TIC_376454594,0
283165117,0
TIC_283165117,0
106114491,3
TIC_106114491,3
282890159,0
TIC_282890159,0
247172524,0
TIC_247172524,0
258037656,0
TIC_258037656,0
184521624,0
TIC_184521624,0
360142739,0
TIC_360142739,0
232941965,0
TIC_232941965,0
283759999,0
TIC_283759999,0
13574009,0
TIC_13574009,0
233788275,0
TIC_233788275,0
15682927,3
TIC_15682927,3
277987172,3
TIC_277987172,3
273780062,0
TIC_273780062,0
383214426,0
TIC_383214426,0
279179610,0
TIC_279179610,0
202941251,0
TIC_202941251,0
375199523,3
TIC_375199523,3
321790238,0
TIC_321790238,0
398038296,0
TIC_398038296,0
243464977,0
TIC_243464977,0
14956304,0
TIC_14956304,0
305612552,0
TIC_305612552,0
467211520,0
TIC_467211520,0
126171392,3
TIC_126171392,3
224635135,0
TIC_224635135,0
294173437,3
TIC_294173437,3
65737977,0
TIC_65737977,0
60542708,0
TIC_60542708,0
408317165,0
TIC_408317165,0
341299943,0
TIC_341299943,0
276376289,0
TIC_276376289,0
387318486,0
TIC_387318486,0
452483795,3
TIC_452483795,3
354489554,0
TIC_354489554,0
273774284,3
TIC_273774284,3
239361732,0
TIC_239361732,0
16538820,0
TIC_16538820,0
289313987,0
TIC_289313987,0
187416256,0
TIC_187416256,0
329709756,3
TIC_329709756,3
305506996,0
TIC_305506996,0
239529652,0
TIC_239529652,0
305790119,0
TIC_305790119,0
165948070,0
TIC_165948070,0
467006627,3
TIC_467006627,3
286545058,0
TIC_286545058,0
364192929,0
TIC_364192929,0
60491424,0
TIC_60491424,0
289125016,3
TIC_289125016,3
345193111,0
TIC_345193111,0
372831381,0
TIC_372831381,0
163164300,0
TIC_163164300,0
387318409,0
TIC_387318409,0
92217989,0
TIC_92217989,0
88266880,0
TIC_88266880,0
24833662,0
TIC_24833662,0
405122173,0
TIC_405122173,0
322593401,0
TIC_322593401,0
407958640,0
TIC_407958640,0
276704866,0
TIC_276704866,0
396378209,0
TIC_396378209,0
158552665,0
TIC_158552665,0
452508760,0
TIC_452508760,0
27230283,0
TIC_27230283,0
296898634,3
TIC_296898634,3
303456821,0
TIC_303456821,0
166190643,3
TIC_166190643,3
63659057,0
TIC_63659057,0
88101924,0
TIC_88101924,0
159104028,0
TIC_159104028,0
366846982,0
TIC_366846982,0
331691841,0
TIC_331691841,0
419878932,0
TIC_419878932,0
64282927,0
TIC_64282927,0
258738667,0
TIC_258738667,0
154762431,0
TIC_154762431,0
287643871,0
TIC_287643871,0
27863043,0
TIC_27863043,0
297153209,3
TIC_297153209,3
434116397,0
TIC_434116397,0
236785891,0
TIC_236785891,0
407653728,0
TIC_407653728,0
436764867,0
TIC_436764867,0
199671901,0
TIC_199671901,0
188876052,0
TIC_188876052,0
262689575,0
TIC_262689575,0
239541449,3
TIC_239541449,3
436478932,0
TIC_436478932,0
200606159,0
TIC_200606159,0
405788729,0
TIC_405788729,0
404610583,3
TIC_404610583,3
369532319,0
TIC_369532319,0
431810418,0
TIC_431810418,0
91051152,0
TIC_91051152,0
431701493,0
TIC_431701493,0
160432093,0
TIC_160432093,0
420814525,0
TIC_420814525,0
154353849,0
TIC_154353849,0
354173595,0
TIC_354173595,0
376847633,0
TIC_376847633,0
348054109,3
TIC_348054109,3
12938488,0
TIC_12938488,0
266023807,0
TIC_266023807,0
137151335,0
TIC_137151335,0
164652245,0
TIC_164652245,0
120045750,0
TIC_120045750,0
299087490,0
TIC_299087490,0
356871098,0
TIC_356871098,0
120692092,0
TIC_120692092,0
272782368,0
TIC_272782368,0
158657354,0
TIC_158657354,0
284900292,0
TIC_284900292,0
377780790,0
TIC_377780790,0
154437244,0
TIC_154437244,0
29385858,0
TIC_29385858,0
230064711,0
TIC_230064711,0
159054620,0
TIC_159054620,0
27534138,0
TIC_27534138,0
63283780,0
TIC_63283780,0
352011875,0
TIC_352011875,0
293880523,0
TIC_293880523,0
39516274,0
TIC_39516274,0
370907864,0
TIC_370907864,0
120317234,0
TIC_120317234,0
259233660,0
TIC_259233660,0
139104940,0
TIC_139104940,0
102734241,0
TIC_102734241,0
121731834,0
TIC_121731834,0
48353358,0
TIC_48353358,0
123357864,0
TIC_123357864,0
123309556,0
TIC_123309556,0
279922257,0
TIC_279922257,0
286201103,0
TIC_286201103,0
128558444,0
TIC_128558444,0
199949052,0
TIC_199949052,0
414019147,0
TIC_414019147,0
432280671,0
TIC_432280671,0
53728859,0
TIC_53728859,0
57984377,0
TIC_57984377,0
288246496,0
TIC_288246496,0
327369524,0
TIC_327369524,0
291751373,0
TIC_291751373,0
67881560,0
TIC_67881560,0
125520907,0
TIC_125520907,0
334597566,3
TIC_334597566,3
291685334,0
TIC_291685334,0
455947620,0
TIC_455947620,0
341444900,3
TIC_341444900,3
56231866,3
TIC_56231866,3
439942982,0
TIC_439942982,0
396234347,0
TIC_396234347,0
368678195,0
TIC_368678195,0
250707118,0
TIC_250707118,0
419523962,0
TIC_419523962,0
245392284,0
TIC_245392284,0
292152376,0
TIC_292152376,0
285466025,0
TIC_285466025,0
67711670,0
TIC_67711670,0
388076422,0
TIC_388076422,0
323194443,0
TIC_323194443,0
129756316,0
TIC_129756316,0
352924930,3
TIC_352924930,3
194736418,0
TIC_194736418,0
272050287,3
TIC_272050287,3
250839071,0
TIC_250839071,0
192415680,0
TIC_192415680,0
374919956,0
TIC_374919956,0
453064665,0
TIC_453064665,0
356916207,0
TIC_356916207,0
467649533,0
TIC_467649533,0
66296167,0
TIC_66296167,0
115451738,0
TIC_115451738,0
280024247,0
TIC_280024247,0
353459965,0
TIC_353459965,0
339207264,0
TIC_339207264,0
353960022,0
TIC_353960022,0
9443323,0
TIC_9443323,0
66091052,0
TIC_66091052,0
392681545,0
TIC_392681545,0
355640518,0
TIC_355640518,0
102808276,0
TIC_102808276,0
104734832,0
TIC_104734832,0
144006874,0
TIC_144006874,0
321578632,0
TIC_321578632,0
428867906,0
TIC_428867906,0
239823606,0
TIC_239823606,0
122629761,0
TIC_122629761,0
67031480,0
TIC_67031480,0
428767018,0
TIC_428767018,0
172033454,0
TIC_172033454,0
219697927,0
TIC_219697927,0
198458010,0
TIC_198458010,0
400093502,0
TIC_400093502,0
259099556,3
TIC_259099556,3
29106627,0
TIC_29106627,0
440624788,0
TIC_440624788,0
147797743,0
TIC_147797743,0
271424111,0
TIC_271424111,0
99896567,0
TIC_99896567,0
424388628,0
TIC_424388628,0
308301091,0
TIC_308301091,0
196066560,0
TIC_196066560,0
119973835,0
TIC_119973835,0
272670038,0
TIC_272670038,0
116048097,0
TIC_116048097,0
271431851,0
TIC_271431851,0
199712572,0
TIC_199712572,0
299089652,0
TIC_299089652,0
294283951,3
TIC_294283951,3
160223936,0
TIC_160223936,0
18318288,0
TIC_18318288,0
48448369,0
TIC_48448369,0
122375047,0
TIC_122375047,0
350814622,0
TIC_350814622,0
268159158,0
TIC_268159158,0
336255880,0
TIC_336255880,0
339591840,3
TIC_339591840,3
97165413,0
TIC_97165413,0
35883621,3
TIC_35883621,3
157081737,0
TIC_157081737,0
262781201,3
TIC_262781201,3
293743169,0
TIC_293743169,0
269341832,0
TIC_269341832,0
118914286,0
TIC_118914286,0
170434745,0
TIC_170434745,0
19342878,0
TIC_19342878,0
55849732,0
TIC_55849732,0
92590258,0
TIC_92590258,0
265010875,0
TIC_265010875,0
182405015,0
TIC_182405015,0
258234731,0
TIC_258234731,0
152245179,0
TIC_152245179,0
255780160,0
TIC_255780160,0
384984325,0
TIC_384984325,0
7439480,0
TIC_7439480,0
189322727,0
TIC_189322727,0
258741560,0
TIC_258741560,0
116631353,0
TIC_116631353,0
419840740,0
TIC_419840740,0
120115768,0
TIC_120115768,0
364408162,3
TIC_364408162,3
436508469,0
TIC_436508469,0
125367522,0
TIC_125367522,0
322498101,0
TIC_322498101,0
435851868,0
TIC_435851868,0
165682741,0
TIC_165682741,0
352442207,0
TIC_352442207,0
91101364,0
TIC_91101364,0
269488987,0
TIC_269488987,0
404516402,0
TIC_404516402,0
129004637,0
TIC_129004637,0
313975346,0
TIC_313975346,0
100769500,0
TIC_100769500,0
115739057,0
TIC_115739057,0
210083929,0
TIC_210083929,0
357872559,0
TIC_357872559,0
188800346,0
TIC_188800346,0
129107501,3
TIC_129107501,3
199721945,0
TIC_199721945,0
100909102,0
TIC_100909102,0
468692991,0
TIC_468692991,0
44295981,0
TIC_44295981,0
352892371,0
TIC_352892371,0
468765355,0
TIC_468765355,0
456783397,0
TIC_456783397,0
217980791,0
TIC_217980791,0
129108133,0
TIC_129108133,0
423903685,3
TIC_423903685,3
115683877,0
TIC_115683877,0
404488903,0
TIC_404488903,0
372178596,0
TIC_372178596,0
402740809,3
TIC_402740809,3
371573539,0
TIC_371573539,0
195606729,0
TIC_195606729,0
434186655,0
TIC_434186655,0
312289279,0
TIC_312289279,0
117068362,3
TIC_117068362,3
411343008,0
TIC_411343008,0
301986302,0
TIC_301986302,0
120051913,0
TIC_120051913,0
117072799,0
TIC_117072799,0
86005116,3
TIC_86005116,3
404456775,0
TIC_404456775,0
422037524,0
TIC_422037524,0
294904059,0
TIC_294904059,0
188001223,0
TIC_188001223,0
164260243,0
TIC_164260243,0
422457210,0
TIC_422457210,0
239542854,0
TIC_239542854,0
287863314,0
TIC_287863314,0
190822775,0
TIC_190822775,0
330665027,0
TIC_330665027,0
10593553,0
TIC_10593553,0
193979250,0
TIC_193979250,0
51637609,0
TIC_51637609,0
67478724,0
TIC_67478724,0
26583436,3
TIC_26583436,3
416486384,0
TIC_416486384,0
164280385,0
TIC_164280385,0
258738570,0
TIC_258738570,0
298776943,0
TIC_298776943,0
331456189,0
TIC_331456189,0
314649737,0
TIC_314649737,0
257056367,0
TIC_257056367,0
452743735,0
TIC_452743735,0
199162630,3
TIC_199162630,3
97249514,0
TIC_97249514,0
351864831,0
TIC_351864831,0
257207557,0
TIC_257207557,0
346077232,0
TIC_346077232,0
345333936,3
TIC_345333936,3
251894891,0
TIC_251894891,0
469702377,0
TIC_469702377,0
63844530,0
TIC_63844530,0
440636649,0
TIC_440636649,0
197743152,0
TIC_197743152,0
194234471,0
TIC_194234471,0
387933822,0
TIC_387933822,0
176861415,0
TIC_176861415,0
155258153,0
TIC_155258153,0
330944099,3
TIC_330944099,3
196261799,0
TIC_196261799,0
202514659,0
TIC_202514659,0
302201081,0
TIC_302201081,0
44621795,0
TIC_44621795,0
455727012,0
TIC_455727012,0
422223456,0
TIC_422223456,0
437756191,0
TIC_437756191,0
325410269,0
TIC_325410269,0
154351773,0
TIC_154351773,0
154576989,0
TIC_154576989,0
432422552,3
TIC_432422552,3
326475995,0
TIC_326475995,0
200606486,0
TIC_200606486,0
326116570,0
TIC_326116570,0
25758870,0
TIC_25758870,0
173671381,0
TIC_173671381,0
430751891,0
TIC_430751891,0
314088020,0
TIC_314088020,0
431114892,0
TIC_431114892,0
428317266,0
TIC_428317266,0
375116172,0
TIC_375116172,0
202283090,0
TIC_202283090,0
252585354,0
TIC_252585354,0
325653071,0
TIC_325653071,0
456910600,0
TIC_456910600,0
150907983,0
TIC_150907983,0
288144647,0
TIC_288144647,0
66726479,0
TIC_66726479,0
352147273,0
TIC_352147273,0
176789447,0
TIC_176789447,0
53874375,0
TIC_53874375,0
66788350,0
TIC_66788350,0
437736517,0
TIC_437736517,0
252610172,0
TIC_252610172,0
406783172,0
TIC_406783172,0
202087931,0
TIC_202087931,0
431660224,0
TIC_431660224,0
202282233,0
TIC_202282233,0
150902766,0
TIC_150902766,0
405532603,0
TIC_405532603,0
430431091,0
TIC_430431091,0
125489084,0
TIC_125489084,0
319294834,0
TIC_319294834,0
249776059,0
TIC_249776059,0
15654898,0
TIC_15654898,0
437740083,3
TIC_437740083,3
276250096,0
TIC_276250096,0
431216437,0
TIC_431216437,0
446157122,0
TIC_446157122,0
388505345,0
TIC_388505345,0
418301643,0
TIC_418301643,0
154304816,0
TIC_154304816,0
456260074,0
TIC_456260074,0
455737331,0
TIC_455737331,0
52005579,0
TIC_52005579,0
307734818,0
TIC_307734818,0
287152495,0
TIC_287152495,0
432758245,0
TIC_432758245,0
261135533,0
TIC_261135533,0
373017793,0
TIC_373017793,0
237204346,0
TIC_237204346,0
435878153,0
TIC_435878153,0
294497466,0
TIC_294497466,0
60984804,0
TIC_60984804,0
181748381,0
TIC_181748381,0
180575165,0
TIC_180575165,0
293547742,0
TIC_293547742,0
291471222,0
TIC_291471222,0
344927749,0
TIC_344927749,0
193023697,0
TIC_193023697,0
296737508,0
TIC_296737508,0
434477274,0
TIC_434477274,0
168281028,0
TIC_168281028,0
192976435,0
TIC_192976435,0
134528212,0
TIC_134528212,0
33303538,0
TIC_33303538,0
142211778,0
TIC_142211778,0
465933345,0
TIC_465933345,0
49043968,0
TIC_49043968,0
397362481,0
TIC_397362481,0
462206806,0
TIC_462206806,0
157230659,0
TIC_157230659,0
449951606,3
TIC_449951606,3
370877263,3
TIC_370877263,3
152569268,0
TIC_152569268,0
370009806,0
TIC_370009806,0
361218772,0
TIC_361218772,0
286763141,0
TIC_286763141,0
308778563,0
TIC_308778563,0
354285962,3
TIC_354285962,3
22712134,0
TIC_22712134,0
240714633,0
TIC_240714633,0
292469572,0
TIC_292469572,0
256576519,0
TIC_256576519,0
26390980,0
TIC_26390980,0
238751619,0
TIC_238751619,0
34977731,0
TIC_34977731,0
434813314,0
TIC_434813314,0
456171328,0
TIC_456171328,0
373894336,0
TIC_373894336,0
369907772,0
TIC_369907772,0
285233023,3
TIC_285233023,3
285505979,0
TIC_285505979,0
271747067,0
TIC_271747067,0
326809267,0
TIC_326809267,0
177712122,0
TIC_177712122,0
186810676,0
TIC_186810676,0
186989177,0
TIC_186989177,0
320505267,0
TIC_320505267,0
445370101,0
TIC_445370101,0
202869426,0
TIC_202869426,0
301414902,0
TIC_301414902,0
412887082,0
TIC_412887082,0
353893493,0
TIC_353893493,0
52260140,0
TIC_52260140,0
470724594,0
TIC_470724594,0
192487723,0
TIC_192487723,0
272218608,0
TIC_272218608,0
354742440,0
TIC_354742440,0
444753130,0
TIC_444753130,0
85281192,0
TIC_85281192,0
292852583,0
TIC_292852583,0
12980264,0
TIC_12980264,0
196474344,0
TIC_196474344,0
301991463,0
TIC_301991463,0
270132709,0
TIC_270132709,0
63586213,0
TIC_63586213,0
372207328,0
TIC_372207328,0
200775844,0
TIC_200775844,0
307201632,0
TIC_307201632,0
196973090,0
TIC_196973090,0
249884767,0
TIC_249884767,0
283845022,0
TIC_283845022,0
308120029,0
TIC_308120029,0
415875608,0
TIC_415875608,0
101133275,0
TIC_101133275,0
5724439,0
TIC_5724439,0
63718617,0
TIC_63718617,0
407156755,0
TIC_407156755,0
327126871,0
TIC_327126871,0
381591826,0
TIC_381591826,0
186715217,0
TIC_186715217,0
332496784,0
TIC_332496784,0
376765646,0
TIC_376765646,0
285328782,0
TIC_285328782,0
184739529,0
TIC_184739529,0
256349966,3
TIC_256349966,3
327093061,0
TIC_327093061,0
241062925,0
TIC_241062925,0
260040728,0
TIC_260040728,0
467690903,0
TIC_467690903,0
321258259,0
TIC_321258259,0
470450936,0
TIC_470450936,0
266609407,0
TIC_266609407,0
392674549,0
TIC_392674549,0
459102737,0
TIC_459102737,0
259810421,0
TIC_259810421,0
355418639,0
TIC_355418639,0
98613492,3
TIC_98613492,3
9136777,0
TIC_9136777,0
122881136,0
TIC_122881136,0
259708416,0
TIC_259708416,0
267617257,0
TIC_267617257,0
458987621,0
TIC_458987621,0
450308346,0
TIC_450308346,0
148514918,0
TIC_148514918,0
311284709,0
TIC_311284709,0
407517154,0
TIC_407517154,0
272994016,0
TIC_272994016,0
279851358,0
TIC_279851358,0
259502942,0
TIC_259502942,0
274002141,3
TIC_274002141,3
274472658,0
TIC_274472658,0
251705938,0
TIC_251705938,0
279725262,0
TIC_279725262,0
115899725,0
TIC_115899725,0
286951368,0
TIC_286951368,0
468501184,0
TIC_468501184,0
390410937,0
TIC_390410937,0
9441591,0
TIC_9441591,0
187532854,3
TIC_187532854,3
251594291,0
TIC_251594291,0
450308271,0
TIC_450308271,0
458890024,0
TIC_458890024,0
470653603,0
TIC_470653603,0
367522211,0
TIC_367522211,0
328513434,0
TIC_328513434,0
16550540,0
TIC_16550540,0
16552586,0
TIC_16552586,0
138344895,0
TIC_138344895,0
459982699,0
TIC_459982699,0
16776356,0
TIC_16776356,0
239159011,0
TIC_239159011,0
318071201,0
TIC_318071201,0
171922657,0
TIC_171922657,0
88460991,0
TIC_88460991,0
147821208,0
TIC_147821208,0
309512152,0
TIC_309512152,0
191998744,0
TIC_191998744,0
73244652,3
TIC_73244652,3
359629653,0
TIC_359629653,0
353586703,3
TIC_353586703,3
287207371,0
TIC_287207371,0
88999533,0
TIC_88999533,0
150470555,0
TIC_150470555,0
265076459,0
TIC_265076459,0
94405787,0
TIC_94405787,0
141395223,0
TIC_141395223,0
142908390,0
TIC_142908390,0
31605271,0
TIC_31605271,0
97925605,0
TIC_97925605,0
452867348,0
TIC_452867348,0
97279971,0
TIC_97279971,0
142916753,0
TIC_142916753,0
106829921,0
TIC_106829921,0
176082442,0
TIC_176082442,0
170466784,0
TIC_170466784,0
169191182,0
TIC_169191182,0
157050713,0
TIC_157050713,0
106626059,0
TIC_106626059,0
95191643,0
TIC_95191643,0
36022284,0
TIC_36022284,0
144037593,0
TIC_144037593,0
143526233,0
TIC_143526233,0
107617930,0
TIC_107617930,0
140740440,0
TIC_140740440,0
141458054,0
TIC_141458054,0
98159959,0
TIC_98159959,0
107776260,0
TIC_107776260,0
142420436,0
TIC_142420436,0
22972676,0
TIC_22972676,0
238914510,0
TIC_238914510,0
348501452,0
TIC_348501452,0
50211272,0
TIC_50211272,0
54141697,0
TIC_54141697,0
141933255,0
TIC_141933255,0
266486214,0
TIC_266486214,0
32296259,0
TIC_32296259,0
60189629,0
TIC_60189629,0
290415036,0
TIC_290415036,0
139707575,0
TIC_139707575,0
332383229,0
TIC_332383229,0
122981686,0
TIC_122981686,0
348297468,0
TIC_348297468,0
422031406,0
TIC_422031406,0
97921547,0
TIC_97921547,0
125563127,0
TIC_125563127,0
97588014,0
TIC_97588014,0
323569398,0
TIC_323569398,0
122798633,0
TIC_122798633,0
347442932,3
TIC_347442932,3
320411045,0
TIC_320411045,0
168936945,0
TIC_168936945,0
47244580,0
TIC_47244580,0
150559728,0
TIC_150559728,0
7562528,0
TIC_7562528,0
66242670,0
TIC_66242670,0
146413471,0
TIC_146413471,0
255588086,0
TIC_255588086,0
270456887,0
TIC_270456887,0
328502522,0
TIC_328502522,0
2507547,0
TIC_2507547,0
238317637,0
TIC_238317637,0
93862917,0
TIC_93862917,0
123133954,0
TIC_123133954,0
453009027,0
TIC_453009027,0
180989820,0
TIC_180989820,0
190643105,0
TIC_190643105,0
184801054,0
TIC_184801054,0
186707229,0
TIC_186707229,0
385157401,0
TIC_385157401,0
180931993,0
TIC_180931993,0
4598935,0
TIC_4598935,0
12061971,0
TIC_12061971,0
410901394,0
TIC_410901394,0
140706833,0
TIC_140706833,0
410303247,0
TIC_410303247,0
189097100,0
TIC_189097100,0
132314633,0
TIC_132314633,0
380528770,0
TIC_380528770,0
11927677,0
TIC_11927677,0
332657786,0
TIC_332657786,0
181208298,0
TIC_181208298,0
81089255,0
TIC_81089255,0
101225566,0
TIC_101225566,0
189300053,0
TIC_189300053,0
355449539,0
TIC_355449539,0
294394558,0
TIC_294394558,0
281286325,0
TIC_281286325,0
46772529,3
TIC_46772529,3
37754672,0
TIC_37754672,0
238124845,0
TIC_238124845,0
423445163,0
TIC_423445163,0
118754987,0
TIC_118754987,0
25212199,0
TIC_25212199,0
47143972,0
TIC_47143972,0
445522339,0
TIC_445522339,0
438376091,0
TIC_438376091,0
36808091,0
TIC_36808091,0
374741750,0
TIC_374741750,0
303426966,0
TIC_303426966,0
371596277,0
TIC_371596277,0
45881495,0
TIC_45881495,0
72806004,0
TIC_72806004,0
35973654,0
TIC_35973654,0
75580659,0
TIC_75580659,0
358838026,0
TIC_358838026,0
177257073,0
TIC_177257073,0
376800517,0
TIC_376800517,0
469008497,0
TIC_469008497,0
54145416,0
TIC_54145416,0
142277868,0
TIC_142277868,0
358164738,0
TIC_358164738,0
361154154,0
TIC_361154154,0
303030789,0
TIC_303030789,0
72542944,0
TIC_72542944,0
29780740,0
TIC_29780740,0
439618305,0
TIC_439618305,0
101961987,0
TIC_101961987,0
446524637,0
TIC_446524637,0
5709314,0
TIC_5709314,0
139314045,0
TIC_139314045,0
188128470,0
TIC_188128470,0
382688257,0
TIC_382688257,0
382187347,0
TIC_382187347,0
71674064,0
TIC_71674064,0
167720788,0
TIC_167720788,0
356921678,0
TIC_356921678,0
147193084,0
TIC_147193084,0
57694405,0
TIC_57694405,0
437774844,0
TIC_437774844,0
363417404,0
TIC_363417404,0
54238138,0
TIC_54238138,0
49066806,0
TIC_49066806,0
297853363,0
TIC_297853363,0
72542131,0
TIC_72542131,0
464544047,0
TIC_464544047,0
459604398,0
TIC_459604398,0
46104747,0
TIC_46104747,0
280647591,0
TIC_280647591,0
80384677,0
TIC_80384677,0
306248357,0
TIC_306248357,0
310497279,0
TIC_310497279,0
142171554,0
TIC_142171554,0
457337619,0
TIC_457337619,0
255851356,3
TIC_255851356,3
390151888,0
TIC_390151888,0
161738745,0
TIC_161738745,0
72504017,0
TIC_72504017,0
9385460,0
TIC_9385460,0
915110182,0
TIC_915110182,0
302212110,0
TIC_302212110,0
290777444,0
TIC_290777444,0
133850380,0
TIC_133850380,0
166527623,0
TIC_166527623,0
220460087,0
TIC_220460087,0
324422520,0
TIC_324422520,0
94483093,0
TIC_94483093,0
259606227,0
TIC_259606227,0
179739873,0
TIC_179739873,0
141074654,0
TIC_141074654,0
420529106,0
TIC_420529106,0
313671132,0
TIC_313671132,0
47667,0
TIC_47667,0
3728481,0
TIC_3728481,0
368713985,0
TIC_368713985,0
210441429,0
TIC_210441429,0
453668803,0
TIC_453668803,0
392914193,0
TIC_392914193,0
121560868,0
TIC_121560868,0
366316586,0
TIC_366316586,0
253126207,0
TIC_253126207,0
22560356,0
TIC_22560356,0
73310180,0
TIC_73310180,0
243550555,0
TIC_243550555,0
124617560,0
TIC_124617560,0
419503191,0
TIC_419503191,0
464542805,0
TIC_464542805,0
272251987,0
TIC_272251987,0
304363215,0
TIC_304363215,0
144321743,0
TIC_144321743,0
144077896,0
TIC_144077896,0
308010949,0
TIC_308010949,0
170627138,0
TIC_170627138,0
94012094,0
TIC_94012094,0
438629686,0
TIC_438629686,0
377771417,0
TIC_377771417,0
374155286,0
TIC_374155286,0
162729620,3
TIC_162729620,3
363259409,0
TIC_363259409,0
131312528,0
TIC_131312528,0
289389326,0
TIC_289389326,0
91794828,0
TIC_91794828,0
72123144,0
TIC_72123144,0
463868678,0
TIC_463868678,0
398945279,0
TIC_398945279,0
241297273,0
TIC_241297273,0
49411575,0
TIC_49411575,0
361344753,0
TIC_361344753,0
306249066,0
TIC_306249066,0
131195882,0
TIC_131195882,0
22452837,0
TIC_22452837,0
166145361,0
TIC_166145361,0
325647810,0
TIC_325647810,0
167573692,0
TIC_167573692,0
392027961,0
TIC_392027961,0
90048949,0
TIC_90048949,0
56884,0
TIC_56884,0
263207857,0
TIC_263207857,0
242532142,0
TIC_242532142,0
400968492,0
TIC_400968492,0
366315051,0
TIC_366315051,0
291668351,0
TIC_291668351,0
289076007,0
TIC_289076007,0
403368444,0
TIC_403368444,0
76706043,0
TIC_76706043,0
426904354,0
TIC_426904354,0
149179763,0
TIC_149179763,0
145804834,0
TIC_145804834,0
349503728,0
TIC_349503728,0
439381274,0
TIC_439381274,0
350432166,0
TIC_350432166,0
399195246,0
TIC_399195246,0
241592217,0
TIC_241592217,0
374908396,0
TIC_374908396,0
260539542,0
TIC_260539542,0
207937389,0
TIC_207937389,0
443199889,0
TIC_443199889,0
258409964,0
TIC_258409964,0
148691985,0
TIC_148691985,0
411463659,0
TIC_411463659,0
75650448,0
TIC_75650448,0
160442729,0
TIC_160442729,0
312612366,0
TIC_312612366,0
457446242,0
TIC_457446242,0
292349703,0
TIC_292349703,0
38584799,0
TIC_38584799,0
400491269,0
TIC_400491269,0
330424797,0
TIC_330424797,0
209054294,0
TIC_209054294,0
256124756,0
TIC_256124756,0
460316238,0
TIC_460316238,0
446918603,0
TIC_446918603,0
167654347,0
TIC_167654347,0
241525834,0
TIC_241525834,0
23111,0
TIC_23111,0
332887363,0
TIC_332887363,0
149450435,0
TIC_149450435,0
15827263,3
TIC_15827263,3
346855283,0
TIC_346855283,0
439943973,0
TIC_439943973,0
440150441,0
TIC_440150441,0
258940847,0
TIC_258940847,0
64837857,0
TIC_64837857,0
174328045,0
TIC_174328045,0
283884522,0
TIC_283884522,0
150901009,0
TIC_150901009,0
278726770,3
TIC_278726770,3
304690618,0
TIC_304690618,0
262457587,3
TIC_262457587,3
96475638,0
TIC_96475638,0
292221593,0
TIC_292221593,0
272768631,0
TIC_272768631,0
468178519,0
TIC_468178519,0
355895977,0
TIC_355895977,0
418343229,0
TIC_418343229,0
415732733,0
TIC_415732733,0
147561732,0
TIC_147561732,0
192014454,0
TIC_192014454,0
256429408,0
TIC_256429408,0
161169240,0
TIC_161169240,0
206361691,0
TIC_206361691,0
333736132,0
TIC_333736132,0
126797048,0
TIC_126797048,0
53843023,0
TIC_53843023,0
331644554,0
TIC_331644554,0
99989903,0
TIC_99989903,0
452920657,0
TIC_452920657,0
141522677,0
TIC_141522677,0
423360793,0
TIC_423360793,0
62085710,0
TIC_62085710,0
253864764,0
TIC_253864764,0
344034178,0
TIC_344034178,0
6898572,0
TIC_6898572,0
425817867,0
TIC_425817867,0
254141733,0
TIC_254141733,0
394126269,0
TIC_394126269,0
273270473,0
TIC_273270473,0
6764171,0
TIC_6764171,0
269217040,0
TIC_269217040,0
396246765,0
TIC_396246765,0
464658144,0
TIC_464658144,0
410119093,0
TIC_410119093,0
149989864,0
TIC_149989864,0
382258844,0
TIC_382258844,0
324609409,0
TIC_324609409,0
35377903,3
TIC_35377903,3
27414976,0
TIC_27414976,0
118339710,0
TIC_118339710,0
104195270,3
TIC_104195270,3
441546821,0
TIC_441546821,0
5966772,0
TIC_5966772,0
341405597,0
TIC_341405597,0
167085203,0
TIC_167085203,0
349789882,0
TIC_349789882,0
179442778,0
TIC_179442778,0
255560319,0
TIC_255560319,0
342449055,0
TIC_342449055,0
379717270,0
TIC_379717270,0
411731278,0
TIC_411731278,0
287328202,0
TIC_287328202,0
269849065,0
TIC_269849065,0
20375215,0
TIC_20375215,0
143842198,0
TIC_143842198,0
303364023,3
TIC_303364023,3
192943720,0
TIC_192943720,0
428673146,0
TIC_428673146,0
261264800,0
TIC_261264800,0
460950389,0
TIC_460950389,0
112115898,0
TIC_112115898,0
34986694,0
TIC_34986694,0
405428714,0
TIC_405428714,0
92449173,0
TIC_92449173,0
281541545,0
TIC_281541545,0
253917292,0
TIC_253917292,0
220524097,0
TIC_220524097,0
370010846,0
TIC_370010846,0
261646133,0
TIC_261646133,0
150320610,0
TIC_150320610,0
121490076,0
TIC_121490076,0
47482754,0
TIC_47482754,0
287326127,0
TIC_287326127,0
426032475,0
TIC_426032475,0
382521776,0
TIC_382521776,0
9032367,0
TIC_9032367,0
349891396,0
TIC_349891396,0
221566773,0
TIC_221566773,0
412666676,0
TIC_412666676,0
76899250,0
TIC_76899250,0
324150445,0
TIC_324150445,0
171886633,0
TIC_171886633,0
89417257,0
TIC_89417257,0
91324328,0
TIC_91324328,0
174070181,0
TIC_174070181,0
263203229,3
TIC_263203229,3
307232923,0
TIC_307232923,0
361403927,0
TIC_361403927,0
345056639,0
TIC_345056639,0
301247383,0
TIC_301247383,0
367900542,0
TIC_367900542,0
343717397,0
TIC_343717397,0
421056636,0
TIC_421056636,0
426901646,0
TIC_426901646,0
299876474,3
TIC_299876474,3
381448973,0
TIC_381448973,0
87422071,0
TIC_87422071,0
301248781,0
TIC_301248781,0
261192051,0
TIC_261192051,0
381468938,0
TIC_381468938,0
314193010,0
TIC_314193010,0
89659632,0
TIC_89659632,0
383313006,0
TIC_383313006,0
57011946,0
TIC_57011946,0
361467239,0
TIC_361467239,0
234540647,0
TIC_234540647,0
360224870,0
TIC_360224870,0
96829917,0
TIC_96829917,0
148523092,3
TIC_148523092,3
420369105,0
TIC_420369105,0
311856080,0
TIC_311856080,0
90156362,0
TIC_90156362,0
365952328,3
TIC_365952328,3
304430662,0
TIC_304430662,0
375297961,0
TIC_375297961,0
61621800,0
TIC_61621800,0
469813927,0
TIC_469813927,0
355138852,0
TIC_355138852,0
79660831,0
TIC_79660831,0
100263315,0
TIC_100263315,0
344552721,0
TIC_344552721,0
32443914,0
TIC_32443914,0
421990278,0
TIC_421990278,0
467931774,0
TIC_467931774,0
419738713,0
TIC_419738713,0
411955845,0
TIC_411955845,0
254209017,0
TIC_254209017,0
291013124,0
TIC_291013124,0
253857911,0
TIC_253857911,0
219978369,0
TIC_219978369,0
253788533,0
TIC_253788533,0
201658484,0
TIC_201658484,0
319568755,0
TIC_319568755,0
90935909,0
TIC_90935909,0
129458276,0
TIC_129458276,0
101272159,0
TIC_101272159,0
326327260,0
TIC_326327260,0
352438619,0
TIC_352438619,0
408609355,0
TIC_408609355,0
269372232,0
TIC_269372232,0
32046665,0
TIC_32046665,0
164249928,0
TIC_164249928,0
290403522,0
TIC_290403522,0
387295547,0
TIC_387295547,0
254174907,0
TIC_254174907,0
90935995,0
TIC_90935995,0
262470965,0
TIC_262470965,0
166495921,0
TIC_166495921,0
100264497,0
TIC_100264497,0
112989868,0
TIC_112989868,0
144327080,0
TIC_144327080,0
441076258,0
TIC_441076258,0
261680542,0
TIC_261680542,0
29821723,0
TIC_29821723,0
214515989,0
TIC_214515989,0
129711632,0
TIC_129711632,0
92443533,0
TIC_92443533,0
364267778,0
TIC_364267778,0
211352962,0
TIC_211352962,0
233964924,0
TIC_233964924,0
278525028,0
TIC_278525028,0
402027382,0
TIC_402027382,0
281666033,0
TIC_281666033,0
327917279,0
TIC_327917279,0
350821320,0
TIC_350821320,0
197643976,0
TIC_197643976,0
261679541,0
TIC_261679541,0
259884973,0
TIC_259884973,0
197642926,0
TIC_197642926,0
197598125,0
TIC_197598125,0
55450156,0
TIC_55450156,0
302453291,0
TIC_302453291,0
278666476,0
TIC_278666476,0
469967533,0
TIC_469967533,0
29430403,0
TIC_29430403,0
380884709,0
TIC_380884709,0
8995204,0
TIC_8995204,0
4610830,0
TIC_4610830,0
49735922,0
TIC_49735922,0
301235044,0
TIC_301235044,0
422618449,0
TIC_422618449,0
262584907,0
TIC_262584907,0
278892590,0
TIC_278892590,0
126982911,0
TIC_126982911,0
380886534,0
TIC_380886534,0
257467784,0
TIC_257467784,0
58858008,0
TIC_58858008,0
369474541,0
TIC_369474541,0
311086350,0
TIC_311086350,0
399571743,0
TIC_399571743,0
254296853,0
TIC_254296853,0
150063444,0
TIC_150063444,0
230982415,0
TIC_230982415,0
434100688,3
TIC_434100688,3
9166136,0
TIC_9166136,0
350861689,0
TIC_350861689,0
166671025,0
TIC_166671025,0
197808753,0
TIC_197808753,0
55363630,0
TIC_55363630,0
274017513,0
TIC_274017513,0
254301731,0
TIC_254301731,0
281596890,0
TIC_281596890,0
201254754,0
TIC_201254754,0
237909527,0
TIC_237909527,0
36646052,0
TIC_36646052,0
293267224,0
TIC_293267224,0
408508003,0
TIC_408508003,0
419957314,0
TIC_419957314,0
25959926,0
TIC_25959926,0
405269313,0
TIC_405269313,0
344224831,3
TIC_344224831,3
405230669,0
TIC_405230669,0
408506314,0
TIC_408506314,0
28872266,0
TIC_28872266,0
58726656,0
TIC_58726656,0
426471754,0
TIC_426471754,0
150096001,0
TIC_150096001,0
67395329,0
TIC_67395329,0
4426490,3
TIC_4426490,3
403693870,0
TIC_403693870,0
377024332,3
TIC_377024332,3
365007485,0
TIC_365007485,0
262135904,3
TIC_262135904,3
364955057,0
TIC_364955057,0
4486230,0
TIC_4486230,0
431899136,0
TIC_431899136,0
293075732,3
TIC_293075732,3
393818343,0
TIC_393818343,0
156514476,0
TIC_156514476,0
154067753,0
TIC_154067753,0
397053253,0
TIC_397053253,0
39174810,0
TIC_39174810,0
312543349,0
TIC_312543349,0
282794970,0
TIC_282794970,0
5364106,0
TIC_5364106,0
165312726,0
TIC_165312726,0
253054954,0
TIC_253054954,0
272125414,0
TIC_272125414,0
67512645,0
TIC_67512645,0
252537013,3
TIC_252537013,3
9707944,0
TIC_9707944,0
89043973,0
TIC_89043973,0
441158994,0
TIC_441158994,0
139879080,0
TIC_139879080,0
140893722,0
TIC_140893722,0
262928973,0
TIC_262928973,0
167656187,0
TIC_167656187,0
9216075,0
TIC_9216075,0
387294150,0
TIC_387294150,0
354846183,0
TIC_354846183,0
195192253,0
TIC_195192253,0
198185513,0
TIC_198185513,0
197039766,0
TIC_197039766,0
252913663,0
TIC_252913663,0
288471046,0
TIC_288471046,0
428812049,0
TIC_428812049,0
67181830,0
TIC_67181830,0
121070864,0
TIC_121070864,0
59369068,0
TIC_59369068,0
367439938,0
TIC_367439938,0
264159776,0
TIC_264159776,0
47220926,0
TIC_47220926,0
365509373,0
TIC_365509373,0
69054388,0
TIC_69054388,0
84126162,3
TIC_84126162,3
58474992,3
TIC_58474992,3
114422211,0
TIC_114422211,0
418184767,0
TIC_418184767,0
91777086,0
TIC_91777086,0
57147191,0
TIC_57147191,0
76731445,0
TIC_76731445,0
67349298,0
TIC_67349298,0
45376816,0
TIC_45376816,0
49524528,0
TIC_49524528,0
462507821,0
TIC_462507821,0
307375528,0
TIC_307375528,0
63307816,0
TIC_63307816,0
78290597,0
TIC_78290597,0
19560484,0
TIC_19560484,0
270048796,0
TIC_270048796,0
63082902,0
TIC_63082902,0
294434193,0
TIC_294434193,0
114600571,0
TIC_114600571,0
88929544,0
TIC_88929544,0
421006834,0
TIC_421006834,0
74389253,0
TIC_74389253,0
238506223,0
TIC_238506223,0
262137985,0
TIC_262137985,0
421005422,0
TIC_421005422,0
392022763,0
TIC_392022763,0
14435301,0
TIC_14435301,0
457039843,0
TIC_457039843,0
438329568,0
TIC_438329568,0
45905504,0
TIC_45905504,0
165965790,0
TIC_165965790,0
83180637,0
TIC_83180637,0
400466395,3
TIC_400466395,3
70435923,0
TIC_70435923,0
443607377,0
TIC_443607377,0
81963214,0
TIC_81963214,0
294350792,0
TIC_294350792,0
30853990,0
TIC_30853990,0
219108677,0
TIC_219108677,0
230013442,0
TIC_230013442,0
204496071,0
TIC_204496071,0
404715325,0
TIC_404715325,0
435339558,0
TIC_435339558,0
56658270,0
TIC_56658270,0
243208884,0
TIC_243208884,0
80224448,0
TIC_80224448,0
243030574,0
TIC_243030574,0
27635334,0
TIC_27635334,0
121990418,0
TIC_121990418,0
17129975,3
TIC_17129975,3
271749758,0
TIC_271749758,0
354031707,0
TIC_354031707,0
219824470,0
TIC_219824470,0
427765233,0
TIC_427765233,0
348684814,0
TIC_348684814,0
158381418,0
TIC_158381418,0
5972036,0
TIC_5972036,0
436575927,0
TIC_436575927,0
320847025,0
TIC_320847025,0
26078330,0
TIC_26078330,0
422912527,0
TIC_422912527,0
443823169,0
TIC_443823169,0
113921235,0
TIC_113921235,0
368628986,0
TIC_368628986,0
83181153,0
TIC_83181153,0
59490344,0
TIC_59490344,0
366302410,0
TIC_366302410,0
21035365,0
TIC_21035365,0
70897115,0
TIC_70897115,0
261141602,3
TIC_261141602,3
353302490,0
TIC_353302490,0
440562226,0
TIC_440562226,0
259330386,0
TIC_259330386,0
408656366,0
TIC_408656366,0
55390413,3
TIC_55390413,3
383829317,0
TIC_383829317,0
41875043,3
TIC_41875043,3
357858008,0
TIC_357858008,0
350733403,0
TIC_350733403,0
444977814,3
TIC_444977814,3
154926644,0
TIC_154926644,0
85113291,0
TIC_85113291,0
317290270,0
TIC_317290270,0
219707850,0
TIC_219707850,0
390207998,0
TIC_390207998,0
99834321,0
TIC_99834321,0
343336312,0
TIC_343336312,0
289441015,3
TIC_289441015,3
335661164,0
TIC_335661164,0
405837291,0
TIC_405837291,0
233867481,0
TIC_233867481,0
167631701,0
TIC_167631701,0
322369867,0
TIC_322369867,0
67246795,0
TIC_67246795,0
158657991,0
TIC_158657991,0
11894726,0
TIC_11894726,0
16740548,0
TIC_16740548,0
1881298619,0
TIC_1881298619,0
156512187,0
TIC_156512187,0
366119858,0
TIC_366119858,0
233287217,0
TIC_233287217,0
233855268,0
TIC_233855268,0
125366299,0
TIC_125366299,0
230856987,0
TIC_230856987,0
354032153,0
TIC_354032153,0
219803922,0
TIC_219803922,0
219809549,0
TIC_219809549,0
164783371,0
TIC_164783371,0
416195843,0
TIC_416195843,0
446166017,0
TIC_446166017,0
430930679,0
TIC_430930679,0
284592989,0
TIC_284592989,0
22903436,0
TIC_22903436,0
29953537,0
TIC_29953537,0
418981325,0
TIC_418981325,0
366074071,0
TIC_366074071,0
284300833,0
TIC_284300833,0
269343479,0
TIC_269343479,0
210904767,0
TIC_210904767,0
329981856,0
TIC_329981856,0
277039287,0
TIC_277039287,0
201175570,0
TIC_201175570,0
345724317,3
TIC_345724317,3
57299130,0
TIC_57299130,0
263723967,0
TIC_263723967,0
21720215,0
TIC_21720215,0
201899356,0
TIC_201899356,0
31142436,0
TIC_31142436,0
235015217,0
TIC_235015217,0
337217173,0
TIC_337217173,0
50592053,0
TIC_50592053,0
18574158,3
TIC_18574158,3
22038430,0
TIC_22038430,0
329821992,0
TIC_329821992,0
62676654,0
TIC_62676654,0
167227214,0
TIC_167227214,0
110178537,0
TIC_110178537,0
325670253,0
TIC_325670253,0
317520667,0
TIC_317520667,0
104866616,0
TIC_104866616,0
469810663,0
TIC_469810663,0
244089109,0
TIC_244089109,0
23961340,0
TIC_23961340,0
248769312,0
TIC_248769312,0
376867898,0
TIC_376867898,0
383723559,3
TIC_383723559,3
405010127,0
TIC_405010127,0
139158696,0
TIC_139158696,0
137685450,0
TIC_137685450,0
160428500,0
TIC_160428500,0
289218489,0
TIC_289218489,0
14203588,0
TIC_14203588,0
298658399,0
TIC_298658399,0
276922692,0
TIC_276922692,0
138609069,0
TIC_138609069,0
66266024,0
TIC_66266024,0
138225319,0
TIC_138225319,0
188814758,0
TIC_188814758,0
233266582,0
TIC_233266582,0
287191183,0
TIC_287191183,0
366725641,0
TIC_366725641,0
142385671,0
TIC_142385671,0
22740615,0
TIC_22740615,0
286923515,0
TIC_286923515,0
165337974,0
TIC_165337974,0
364571121,0
TIC_364571121,0
199289712,0
TIC_199289712,0
233266797,0
TIC_233266797,0
274411493,0
TIC_274411493,0
195933415,0
TIC_195933415,0
166178400,0
TIC_166178400,0
296327387,0
TIC_296327387,0
195483731,0
TIC_195483731,0
62867537,0
TIC_62867537,0
452864692,0
TIC_452864692,0
395214388,0
TIC_395214388,0
199488690,0
TIC_199488690,0
293949992,0
TIC_293949992,0
313922260,0
TIC_313922260,0
430415564,0
TIC_430415564,0
325765282,0
TIC_325765282,0
444209952,0
TIC_444209952,0
469523613,0
TIC_469523613,0
197604890,0
TIC_197604890,0
371579161,3
TIC_371579161,3
417564823,0
TIC_417564823,0
66545173,0
TIC_66545173,0
237019002,0
TIC_237019002,0
430406538,0
TIC_430406538,0
430845815,0
TIC_430845815,0
266488971,0
TIC_266488971,0
200465781,0
TIC_200465781,0
66286602,0
TIC_66286602,0
335624180,0
TIC_335624180,0
365712006,3
TIC_365712006,3
361944563,0
TIC_361944563,0
325908483,0
TIC_325908483,0
199676274,0
TIC_199676274,0
286382849,0
TIC_286382849,0
420383981,0
TIC_420383981,0
64198376,0
TIC_64198376,0
469436001,3
TIC_469436001,3
277853911,0
TIC_277853911,0
345596003,0
TIC_345596003,0
272829240,0
TIC_272829240,0
344855300,0
TIC_344855300,0
256418577,0
TIC_256418577,0
269231011,0
TIC_269231011,0
434086605,0
TIC_434086605,0
434270112,0
TIC_434270112,0
419524589,0
TIC_419524589,0
404898080,0
TIC_404898080,0
420018238,0
TIC_420018238,0
269102377,0
TIC_269102377,0
188539008,0
TIC_188539008,0
470749725,0
TIC_470749725,0
161687209,3
TIC_161687209,3
269514008,0
TIC_269514008,0
269330087,0
TIC_269330087,0
371909591,0
TIC_371909591,0
235717158,0
TIC_235717158,0
263723781,0
TIC_263723781,0
408548144,0
TIC_408548144,0
400235555,0
TIC_400235555,0
8416274,0
TIC_8416274,0
402848417,3
TIC_402848417,3
405542683,0
TIC_405542683,0
351599985,0
TIC_351599985,0
459323923,0
TIC_459323923,0
352284958,0
TIC_352284958,0
331619598,0
TIC_331619598,0
378860702,0
TIC_378860702,0
154869806,0
TIC_154869806,0
377622130,0
TIC_377622130,0
468350765,0
TIC_468350765,0
376354189,0
TIC_376354189,0
469523619,0
TIC_469523619,0
431033767,0
TIC_431033767,0
444159424,0
TIC_444159424,0
154264903,0
TIC_154264903,0
415461195,0
TIC_415461195,0
341005781,0
TIC_341005781,0
343774169,0
TIC_343774169,0
326470400,3
TIC_326470400,3
239277658,0
TIC_239277658,0
288421619,0
TIC_288421619,0
456482025,0
TIC_456482025,0
427685831,0
TIC_427685831,0
372048733,0
TIC_372048733,0
63100069,0
TIC_63100069,0
420191136,0
TIC_420191136,0
302173245,0
TIC_302173245,0
268727719,3
TIC_268727719,3
25472026,0
TIC_25472026,0
26999884,0
TIC_26999884,0
44161614,0
TIC_44161614,0
51768374,0
TIC_51768374,0
419877797,0
TIC_419877797,0
196201652,0
TIC_196201652,0
314992600,0
TIC_314992600,0
419878733,0
TIC_419878733,0
408469564,0
TIC_408469564,0
422159302,0
TIC_422159302,0
426956677,0
TIC_426956677,0
77490011,0
TIC_77490011,0
124895104,0
TIC_124895104,0
350064389,0
TIC_350064389,0
317849098,0
TIC_317849098,0
18885659,0
TIC_18885659,0
277499689,0
TIC_277499689,0
364007087,0
TIC_364007087,0
123234747,0
TIC_123234747,0
325086150,3
TIC_325086150,3
24499407,0
TIC_24499407,0
62682198,0
TIC_62682198,0
39464158,0
TIC_39464158,0
415377888,0
TIC_415377888,0
317170536,0
TIC_317170536,0
310586478,0
TIC_310586478,0
205044976,0
TIC_205044976,0
159893748,0
TIC_159893748,0
116262653,0
TIC_116262653,0
44388479,0
TIC_44388479,0
71083829,0
TIC_71083829,0
345009464,0
TIC_345009464,0
120313529,0
TIC_120313529,0
342276668,0
TIC_342276668,0
388371132,0
TIC_388371132,0
425706173,0
TIC_425706173,0
466928064,0
TIC_466928064,0
374800835,0
TIC_374800835,0
377253700,0
TIC_377253700,0
336264393,0
TIC_336264393,0
251803342,0
TIC_251803342,0
23912656,0
TIC_23912656,0
69436501,0
TIC_69436501,0
151760597,0
TIC_151760597,0
279331929,0
TIC_279331929,0
242674266,0
TIC_242674266,0
344416349,3
TIC_344416349,3
110828766,0
TIC_110828766,0
466890210,0
TIC_466890210,0
157808355,0
TIC_157808355,0
466966249,0
TIC_466966249,0
209320688,0
TIC_209320688,0
350268913,0
TIC_350268913,0
287948915,0
TIC_287948915,0
397653875,0
TIC_397653875,0
363040636,0
TIC_363040636,0
238239232,0
TIC_238239232,0
89362689,0
TIC_89362689,0
282113152,0
TIC_282113152,0
394924803,0
TIC_394924803,0
418629890,0
TIC_418629890,0
20607624,0
TIC_20607624,0
374521355,0
TIC_374521355,0
439598736,0
TIC_439598736,0
251743761,0
TIC_251743761,0
383364626,0
TIC_383364626,0
41839508,0
TIC_41839508,0
456401439,0
TIC_456401439,0
426122272,0
TIC_426122272,0
288953761,0
TIC_288953761,0
435673126,3
TIC_435673126,3
305026599,0
TIC_305026599,0
407135911,0
TIC_407135911,0
51318828,3
TIC_51318828,3
358975793,0
TIC_358975793,0
219089784,0
TIC_219089784,0
459728249,0
TIC_459728249,0
298291597,0
TIC_298291597,0
289047954,3
TIC_289047954,3
383358873,0
TIC_383358873,0
260767135,0
TIC_260767135,0
166099360,0
TIC_166099360,0
334798754,0
TIC_334798754,0
274057129,0
TIC_274057129,0
298189225,0
TIC_298189225,0
160103855,0
TIC_160103855,0
418866096,3
TIC_418866096,3
297413553,0
TIC_297413553,0
87932853,0
TIC_87932853,0
269130683,0
TIC_269130683,0
258279359,0
TIC_258279359,0
275717567,0
TIC_275717567,0
125695940,0
TIC_125695940,0
276385231,0
TIC_276385231,0
406548952,0
TIC_406548952,0
267817947,0
TIC_267817947,0
184527843,0
TIC_184527843,0
63232997,0
TIC_63232997,0
398099429,0
TIC_398099429,0
63550960,0
TIC_63550960,0
83299322,0
TIC_83299322,0
172376068,3
TIC_172376068,3
267808774,0
TIC_267808774,0
396723723,0
TIC_396723723,0
170440216,0
TIC_170440216,0
41067039,0
TIC_41067039,0
396731435,0
TIC_396731435,0
198358065,0
TIC_198358065,0
387346503,0
TIC_387346503,0
298189384,0
TIC_298189384,0
96885837,0
TIC_96885837,0
60446303,0
TIC_60446303,0
452741216,0
TIC_452741216,0
199417958,0
TIC_199417958,0
405689470,0
TIC_405689470,0
291976834,0
TIC_291976834,0
62501513,0
TIC_62501513,0
233533589,0
TIC_233533589,0
160255140,0
TIC_160255140,0
417514666,0
TIC_417514666,0
42110638,0
TIC_42110638,0
99796664,0
TIC_99796664,0
233735354,0
TIC_233735354,0
418375357,0
TIC_418375357,0
276909255,0
TIC_276909255,0
85216969,0
TIC_85216969,0
125744840,0
TIC_125744840,0
375192273,0
TIC_375192273,0
399613138,3
TIC_399613138,3
415739607,0
TIC_415739607,0
321785052,0
TIC_321785052,0
262148317,0
TIC_262148317,0
418543326,0
TIC_418543326,0
372077289,0
TIC_372077289,0
287768299,0
TIC_287768299,0
161687285,0
TIC_161687285,0
375855364,0
TIC_375855364,0
387416841,0
TIC_387416841,0
292023054,0
TIC_292023054,0
341157650,0
TIC_341157650,0
265887000,0
TIC_265887000,0
297924888,0
TIC_297924888,0
301623068,0
TIC_301623068,0
427855645,0
TIC_427855645,0
387414814,0
TIC_387414814,0
40093986,0
TIC_40093986,0
279528230,0
TIC_279528230,0
423903016,0
TIC_423903016,0
436222251,0
TIC_436222251,0
421330229,0
TIC_421330229,0
210337597,3
TIC_210337597,3
286857537,0
TIC_286857537,0
193081156,0
TIC_193081156,0
279472966,0
TIC_279472966,0
99025225,0
TIC_99025225,0
387377484,0
TIC_387377484,0
287444302,0
TIC_287444302,0
160512852,0
TIC_160512852,0
273069412,3
TIC_273069412,3
160585062,0
TIC_160585062,0
352301423,0
TIC_352301423,0
75417968,3
TIC_75417968,3
271017537,0
TIC_271017537,0
323407659,0
TIC_323407659,0
309133240,0
TIC_309133240,0
202059363,0
TIC_202059363,0
238279960,0
TIC_238279960,0
445276138,0
TIC_445276138,0
90950296,0
TIC_90950296,0
44451202,0
TIC_44451202,0
17925767,0
TIC_17925767,0
243283955,3
TIC_243283955,3
113542042,0
TIC_113542042,0
233747840,0
TIC_233747840,0
289345412,0
TIC_289345412,0
129198098,0
TIC_129198098,0
257052211,3
TIC_257052211,3
43921512,0
TIC_43921512,0
411347315,3
TIC_411347315,3
256778317,0
TIC_256778317,0
259415341,0
TIC_259415341,0
160652910,0
TIC_160652910,0
402992891,0
TIC_402992891,0
270494650,0
TIC_270494650,0
258634801,0
TIC_258634801,0
18023524,0
TIC_18023524,0
258822347,0
TIC_258822347,0
120487017,0
TIC_120487017,0
430666395,0
TIC_430666395,0
306039307,0
TIC_306039307,0
236644754,0
TIC_236644754,0
120737368,0
TIC_120737368,0
21349099,0
TIC_21349099,0
240535286,0
TIC_240535286,0
256783400,0
TIC_256783400,0
139350191,0
TIC_139350191,0
97248423,0
TIC_97248423,0
452727513,0
TIC_452727513,0
369581703,3
TIC_369581703,3
10552342,3
TIC_10552342,3
88641387,0
TIC_88641387,0
395790368,0
TIC_395790368,0
245349211,0
TIC_245349211,0
255998336,0
TIC_255998336,0
373196394,0
TIC_373196394,0
427715152,0
TIC_427715152,0
53461742,0
TIC_53461742,0
52745699,0
TIC_52745699,0
124128680,0
TIC_124128680,0
11755687,0
TIC_11755687,0
192833836,0
TIC_192833836,0
235072851,0
TIC_235072851,0
296354161,0
TIC_296354161,0
300381700,0
TIC_300381700,0
124573902,0
TIC_124573902,0
224603921,0
TIC_224603921,0
160075684,0
TIC_160075684,0
258776466,0
TIC_258776466,0
198178859,0
TIC_198178859,0
165598669,0
TIC_165598669,0
161687211,0
TIC_161687211,0
273234825,0
TIC_273234825,0
273690178,0
TIC_273690178,0
259238498,0
TIC_259238498,0
122706449,0
TIC_122706449,0
233194447,0
TIC_233194447,0
333324340,0
TIC_333324340,0
177697418,0
TIC_177697418,0
455733237,0
TIC_455733237,0
173706852,0
TIC_173706852,0
352409708,0
TIC_352409708,0
374173310,0
TIC_374173310,0
173615288,0
TIC_173615288,0
439939258,0
TIC_439939258,0
202648961,0
TIC_202648961,0
432224130,0
TIC_432224130,0
352107384,0
TIC_352107384,0
440001383,0
TIC_440001383,0
177494632,0
TIC_177494632,0
154480367,0
TIC_154480367,0
127426341,0
TIC_127426341,0
374177909,3
TIC_374177909,3
191373021,3
TIC_191373021,3
25624952,3
TIC_25624952,3
291732201,3
TIC_291732201,3
199296714,0
TIC_199296714,0
259188347,0
TIC_259188347,0
354478327,0
TIC_354478327,0
302477411,0
TIC_302477411,0
279871772,0
TIC_279871772,0
61520064,0
TIC_61520064,0
285592400,0
TIC_285592400,0
186530554,0
TIC_186530554,0
422707559,0
TIC_422707559,0
13036318,0
TIC_13036318,0
436875993,0
TIC_436875993,0
264193444,0
TIC_264193444,0
347018922,3
TIC_347018922,3
192321638,0
TIC_192321638,0
450012972,0
TIC_450012972,0
250478345,0
TIC_250478345,0
77258176,0
TIC_77258176,0
305830609,0
TIC_305830609,0
73692250,0
TIC_73692250,0
387527174,0
TIC_387527174,0
335037151,0
TIC_335037151,0
252045206,0
TIC_252045206,0
467602108,0
TIC_467602108,0
196389062,0
TIC_196389062,0
22659404,0
TIC_22659404,0
470898625,0
TIC_470898625,0
245665919,0
TIC_245665919,0
374122973,0
TIC_374122973,0
400503123,0
TIC_400503123,0
104153474,0
TIC_104153474,0
418262301,0
TIC_418262301,0
73729607,0
TIC_73729607,0
259381479,0
TIC_259381479,0
327249454,0
TIC_327249454,0
347944406,0
TIC_347944406,0
130087198,0
TIC_130087198,0
196351790,0
TIC_196351790,0
158933249,0
TIC_158933249,0
272840455,0
TIC_272840455,0
169081296,0
TIC_169081296,0
417829948,0
TIC_417829948,0
159303995,0
TIC_159303995,0
271052158,0
TIC_271052158,0
298897095,0
TIC_298897095,0
274198407,0
TIC_274198407,0
251090642,0
TIC_251090642,0
167804011,0
TIC_167804011,0
229172128,0
TIC_229172128,0
319855425,0
TIC_319855425,0
2621212,0
TIC_2621212,0
187309502,0
TIC_187309502,0
437444661,0
TIC_437444661,0
46020827,0
TIC_46020827,0
145368316,0
TIC_145368316,0
187278212,0
TIC_187278212,0
50171060,0
TIC_50171060,0
376866659,0
TIC_376866659,0
442530946,0
TIC_442530946,0
126325985,0
TIC_126325985,0
11270200,0
TIC_11270200,0
77202722,0
TIC_77202722,0
71841620,0
TIC_71841620,0
431016234,0
TIC_431016234,0
188500604,0
TIC_188500604,0
76835246,0
TIC_76835246,0
68952448,0
TIC_68952448,0
441122551,0
TIC_441122551,0
336732544,0
TIC_336732544,0
301258470,0
TIC_301258470,0
128168083,0
TIC_128168083,0
262016897,0
TIC_262016897,0
250977648,0
TIC_250977648,0
119262291,0
TIC_119262291,0
102068384,0
TIC_102068384,0
12611594,0
TIC_12611594,0
111778581,0
TIC_111778581,0
377240984,0
TIC_377240984,0
96847781,0
TIC_96847781,0
130633912,0
TIC_130633912,0
441012828,0
TIC_441012828,0
301031110,0
TIC_301031110,0
154796579,0
TIC_154796579,0
271898990,0
TIC_271898990,0
169504920,0
TIC_169504920,0
11439959,0
TIC_11439959,0
110795273,0
TIC_110795273,0
55871761,0
TIC_55871761,0
270204383,0
TIC_270204383,0
397231954,0
TIC_397231954,0
327302178,0
TIC_327302178,0
355058141,0
TIC_355058141,0
118798035,0
TIC_118798035,0
146364192,0
TIC_146364192,0
380255458,0
TIC_380255458,0
56815340,0
TIC_56815340,0
187495749,0
TIC_187495749,0
317882327,0
TIC_317882327,0
431871952,0
TIC_431871952,0
461547946,0
TIC_461547946,0
368184695,0
TIC_368184695,0
156678143,3
TIC_156678143,3
456130294,0
TIC_456130294,0
316138059,0
TIC_316138059,0
459021929,0
TIC_459021929,0
238959233,0
TIC_238959233,0
366564164,0
TIC_366564164,0
367710318,0
TIC_367710318,0
141524447,0
TIC_141524447,0
187495621,3
TIC_187495621,3
252851803,0
TIC_252851803,0
117174065,0
TIC_117174065,0
318491006,0
TIC_318491006,0
117772549,0
TIC_117772549,0
150271800,0
TIC_150271800,0
63303430,0
TIC_63303430,0
220621072,0
TIC_220621072,0
60527976,0
TIC_60527976,0
438298111,0
TIC_438298111,0
231949697,0
TIC_231949697,0
37075377,0
TIC_37075377,0
72214252,0
TIC_72214252,0
89014296,0
TIC_89014296,0
59845928,0
TIC_59845928,0
206763148,0
TIC_206763148,0
235283051,0
TIC_235283051,0
237405551,0
TIC_237405551,0
283094471,0
TIC_283094471,0
410449566,0
TIC_410449566,0
358111035,0
TIC_358111035,0
234187289,0
TIC_234187289,0
72212948,0
TIC_72212948,0
220599411,0
TIC_220599411,0
178739678,0
TIC_178739678,0
235057120,0
TIC_235057120,0
10487354,0
TIC_10487354,0
322818151,0
TIC_322818151,0
307036187,0
TIC_307036187,0
232131043,0
TIC_232131043,0
284613259,0
TIC_284613259,0
207334420,0
TIC_207334420,0
234009062,0
TIC_234009062,0
60520371,0
TIC_60520371,0
317924729,0
TIC_317924729,0
404970821,0
TIC_404970821,0
71581518,0
TIC_71581518,0
318756174,0
TIC_318756174,0
52555068,0
TIC_52555068,0
251186192,0
TIC_251186192,0
5370009,0
TIC_5370009,0
234595543,0
TIC_234595543,0
95415033,0
TIC_95415033,0
172463434,0
TIC_172463434,0
261944532,0
TIC_261944532,0
237664324,0
TIC_237664324,0
153696322,0
TIC_153696322,0
159084486,0
TIC_159084486,0
393412295,0
TIC_393412295,0
206947218,0
TIC_206947218,0
12090836,0
TIC_12090836,0
125260728,0
TIC_125260728,0
95512789,0
TIC_95512789,0
143168991,0
TIC_143168991,0
350934357,0
TIC_350934357,0
142914189,0
TIC_142914189,0
110110529,0
TIC_110110529,0
57047535,0
TIC_57047535,0
100474173,0
TIC_100474173,0
142711195,0
TIC_142711195,0
294668702,0
TIC_294668702,0
279154795,0
TIC_279154795,0
452837676,0
TIC_452837676,0
148322608,0
TIC_148322608,0
55967712,0
TIC_55967712,0
267834862,0
TIC_267834862,0
238394308,0
TIC_238394308,0
308692360,0
TIC_308692360,0
54272884,0
TIC_54272884,0
47248224,0
TIC_47248224,0
167337562,0
TIC_167337562,0
185620819,0
TIC_185620819,0
142757891,0
TIC_142757891,0
350230694,0
TIC_350230694,0
111741396,0
TIC_111741396,0
156716001,0
TIC_156716001,0
26046851,0
TIC_26046851,0
405255920,0
TIC_405255920,0
393626873,3
TIC_393626873,3
63735024,0
TIC_63735024,0
306772292,0
TIC_306772292,0
177033137,0
TIC_177033137,0
108748840,0
TIC_108748840,0
121341000,0
TIC_121341000,0
231451287,0
TIC_231451287,0
289481977,0
TIC_289481977,0
409796937,0
TIC_409796937,0
132766482,0
TIC_132766482,0
348899056,0
TIC_348899056,0
285212983,0
TIC_285212983,0
385796857,0
TIC_385796857,0
54391400,0
TIC_54391400,0
412386707,0
TIC_412386707,0
167165932,0
TIC_167165932,0
130958848,0
TIC_130958848,0
141279435,0
TIC_141279435,0
279262080,0
TIC_279262080,0
236817690,0
TIC_236817690,0
298308533,0
TIC_298308533,0
229605578,0
TIC_229605578,0
431838716,0
TIC_431838716,0
429123881,0
TIC_429123881,0
414919755,0
TIC_414919755,0
391090520,0
TIC_391090520,0
357956179,0
TIC_357956179,0
434373518,0
TIC_434373518,0
234603808,0
TIC_234603808,0
124183167,0
TIC_124183167,0
67196266,0
TIC_67196266,0
97715482,0
TIC_97715482,0
53596439,0
TIC_53596439,0
120540061,0
TIC_120540061,0
270471727,0
TIC_270471727,0
317801157,0
TIC_317801157,0
148106497,0
TIC_148106497,0
64334960,0
TIC_64334960,0
265078278,0
TIC_265078278,0
64250123,0
TIC_64250123,0
264691112,0
TIC_264691112,0
232399986,0
TIC_232399986,0
358340733,0
TIC_358340733,0
279909537,0
TIC_279909537,0
300868410,0
TIC_300868410,0
10485639,0
TIC_10485639,0
270711339,0
TIC_270711339,0
10313047,0
TIC_10313047,0
150429313,0
TIC_150429313,0
300654938,0
TIC_300654938,0
117885024,0
TIC_117885024,0
265129950,0
TIC_265129950,0
415084429,0
TIC_415084429,0
22730066,0
TIC_22730066,0
142053623,0
TIC_142053623,0
140938327,0
TIC_140938327,0
88865512,0
TIC_88865512,0
5045948,0
TIC_5045948,0
88760990,0
TIC_88760990,0
456787558,0
TIC_456787558,0
182992572,0
TIC_182992572,0
130295375,0
TIC_130295375,0
299801675,0
TIC_299801675,0
2093349,0
TIC_2093349,0
148273668,0
TIC_148273668,0
176604975,0
TIC_176604975,0
140190514,0
TIC_140190514,0
107779737,0
TIC_107779737,0
25154148,0
TIC_25154148,0
458615187,0
TIC_458615187,0
289114603,0
TIC_289114603,0
452973397,0
TIC_452973397,0
349677805,0
TIC_349677805,0
284586930,0
TIC_284586930,0
114011911,0
TIC_114011911,0
334380435,0
TIC_334380435,0
59537824,0
TIC_59537824,0
159671133,0
TIC_159671133,0
441422655,0
TIC_441422655,0
115942852,0
TIC_115942852,0
33945661,0
TIC_33945661,0
273861354,0
TIC_273861354,0
51992761,0
TIC_51992761,0
80429950,0
TIC_80429950,0
12999193,0
TIC_12999193,0
410774020,0
TIC_410774020,0
47762924,0
TIC_47762924,0
207463446,0
TIC_207463446,0
341872729,0
TIC_341872729,0
199572211,0
TIC_199572211,0
319482278,0
TIC_319482278,0
327996774,0
TIC_327996774,0
29848696,0
TIC_29848696,0
241577487,0
TIC_241577487,0
358289302,0
TIC_358289302,0
164695417,0
TIC_164695417,0
122522333,0
TIC_122522333,0
25030847,0
TIC_25030847,0
88507544,0
TIC_88507544,0
138733600,0
TIC_138733600,0
70514245,0
TIC_70514245,0
25004866,0
TIC_25004866,0
123365281,0
TIC_123365281,0
321011198,0
TIC_321011198,0
399789568,0
TIC_399789568,0
261746870,0
TIC_261746870,0
1309019,3
TIC_1309019,3
264460009,0
TIC_264460009,0
77287067,3
TIC_77287067,3
423785115,0
TIC_423785115,0
200001699,0
TIC_200001699,0
46432937,3
TIC_46432937,3
317132251,0
TIC_317132251,0
37348844,0
TIC_37348844,0
1333933,0
TIC_1333933,0
421184129,0
TIC_421184129,0
163029327,0
TIC_163029327,0
334981118,0
TIC_334981118,0
162093661,0
TIC_162093661,0
77552382,0
TIC_77552382,0
19269186,0
TIC_19269186,0
289819148,0
TIC_289819148,0
386563408,0
TIC_386563408,0
52024670,0
TIC_52024670,0
79936069,0
TIC_79936069,0
78010250,0
TIC_78010250,0
455279465,0
TIC_455279465,0
44566945,0
TIC_44566945,0
296882354,0
TIC_296882354,0
133420230,0
TIC_133420230,0
2405205,0
TIC_2405205,0
179240138,0
TIC_179240138,0
238334463,0
TIC_238334463,0
332713106,0
TIC_332713106,0
47055436,0
TIC_47055436,0
36715978,0
TIC_36715978,0
308664375,0
TIC_308664375,0
73635140,0
TIC_73635140,0
454039549,0
TIC_454039549,0
71125919,0
TIC_71125919,0
385699758,0
TIC_385699758,0
362360634,0
TIC_362360634,0
371315483,0
TIC_371315483,0
309257123,0
TIC_309257123,0
457542392,0
TIC_457542392,0
178658245,0
TIC_178658245,0
362264027,0
TIC_362264027,0
23326828,0
TIC_23326828,0
38579332,0
TIC_38579332,0
105712339,0
TIC_105712339,0
269895488,0
TIC_269895488,0
458032939,0
TIC_458032939,0
93532796,0
TIC_93532796,0
142064910,0
TIC_142064910,0
163262279,0
TIC_163262279,0
281170011,0
TIC_281170011,0
45636452,0
TIC_45636452,0
193318850,0
TIC_193318850,0
33977715,0
TIC_33977715,0
158200069,0
TIC_158200069,0
23224540,0
TIC_23224540,0
384482338,0
TIC_384482338,0
163493945,0
TIC_163493945,0
36811910,0
TIC_36811910,0
303865520,0
TIC_303865520,0
73983171,0
TIC_73983171,0
198294279,0
TIC_198294279,0
309694541,0
TIC_309694541,0
49729638,0
TIC_49729638,0
31061885,0
TIC_31061885,0
354809215,0
TIC_354809215,0
422568868,0
TIC_422568868,0
68123867,0
TIC_68123867,0
347866089,0
TIC_347866089,0
434620877,0
TIC_434620877,0
437346961,0
TIC_437346961,0
67607738,0
TIC_67607738,0
77466620,0
TIC_77466620,0
38691375,0
TIC_38691375,0
26040447,0
TIC_26040447,0
115018003,0
TIC_115018003,0
346069206,0
TIC_346069206,0
17798086,0
TIC_17798086,0
23847464,0
TIC_23847464,0
37126544,0
TIC_37126544,0
434949776,0
TIC_434949776,0
51680381,0
TIC_51680381,0
33400193,0
TIC_33400193,0
102181368,0
TIC_102181368,0
441919395,0
TIC_441919395,0
68792475,0
TIC_68792475,0
301023390,0
TIC_301023390,0
127361441,0
TIC_127361441,0
237343052,0
TIC_237343052,0
309845124,0
TIC_309845124,0
311010709,0
TIC_311010709,0
301271430,0
TIC_301271430,0
335919075,0
TIC_335919075,0
449292005,0
TIC_449292005,0
250294534,0
TIC_250294534,0
353111680,0
TIC_353111680,0
422078739,0
TIC_422078739,0
69538264,0
TIC_69538264,0
166510722,0
TIC_166510722,0
206167837,0
TIC_206167837,0
269244393,0
TIC_269244393,0
317916019,0
TIC_317916019,0
206553642,0
TIC_206553642,0
13663443,0
TIC_13663443,0
279356,0
TIC_279356,0
913035,0
TIC_913035,0
442381495,0
TIC_442381495,0
155744976,0
TIC_155744976,0
51217656,0
TIC_51217656,0
169725951,0
TIC_169725951,0
317916466,0
TIC_317916466,0
422037052,0
TIC_422037052,0
146320244,0
TIC_146320244,0
1104064500,0
TIC_1104064500,0
73644471,0
TIC_73644471,0
193096383,0
TIC_193096383,0
434452008,0
TIC_434452008,0
405421485,0
TIC_405421485,0
441058440,0
TIC_441058440,0
289909884,0
TIC_289909884,0
340383885,0
TIC_340383885,0
21355897,0
TIC_21355897,0
60091800,0
TIC_60091800,0
447419723,0
TIC_447419723,0
237164114,0
TIC_237164114,0
326266811,0
TIC_326266811,0
161421929,0
TIC_161421929,0
265523693,0
TIC_265523693,0
323624496,0
TIC_323624496,0
465283863,0
TIC_465283863,0
395186430,0
TIC_395186430,0
160679177,0
TIC_160679177,0
307398951,0
TIC_307398951,0
55578720,0
TIC_55578720,0
395745531,0
TIC_395745531,0
263313709,0
TIC_263313709,0
194721330,0
TIC_194721330,0
157703394,0
TIC_157703394,0
193164274,0
TIC_193164274,0
447462887,0
TIC_447462887,0
410056850,0
TIC_410056850,0
73232401,0
TIC_73232401,0
951438622,0
TIC_951438622,0
341497604,0
TIC_341497604,0
124095894,0
TIC_124095894,0
SYN_0000,0
SYN_0001,0
SYN_0002,0
SYN_0003,0
SYN_0004,0
SYN_0005,0
SYN_0006,0
SYN_0007,0
SYN_0008,0
SYN_0009,0
SYN_0010,0
SYN_0011,0
SYN_0012,0
SYN_0013,0
SYN_0014,0
SYN_0015,0
SYN_0016,0
SYN_0017,0
SYN_0018,0
SYN_0019,0
SYN_0020,0
SYN_0021,0
SYN_0022,0
SYN_0023,0
SYN_0024,0
SYN_0025,0
SYN_0026,0
SYN_0027,0
SYN_0028,0
SYN_0029,0
SYN_0030,0
SYN_0031,0
SYN_0032,0
SYN_0033,0
SYN_0034,0
SYN_0035,0
SYN_0036,0
SYN_0037,0
SYN_0038,0
SYN_0039,0
SYN_0040,0
SYN_0041,0
SYN_0042,0
SYN_0043,0
SYN_0044,0
SYN_0045,0
SYN_0046,0
SYN_0047,0
SYN_0048,0
SYN_0049,0
