pl_name,hostname,tic_id,pl_orbper,pl_trandep,pl_trandur,st_teff,st_logg,st_rad,st_mass,discoverymethod,disc_facility,default_flag
"Kepler-1513 b","Kepler-1513","TIC 394177315",160.88420000000,,,5491.00,4.460000,0.950000,0.943000,"Transit","Kepler",1
"TOI-4914 b","TOI-4914","TIC 49254857",10.60057000000,,2.9000000,5805.00,4.300000,1.000000,1.030000,"Transit","Transiting Exoplanet Survey Satellite (TESS)",1
"TOI-237 c","TOI-237","TIC 305048087",1.74486147000,0.31400000,0.8270000,3226.00,5.049400,0.205600,0.169800,"Transit","La Silla Observatory",1
"TOI-1898 b","TOI-1898","TIC 91987762",45.52234000000,,4.2704237,6241.00,4.116000,1.613100,1.248400,"Transit","Transiting Exoplanet Survey Satellite (TESS)",1
"HD 330075 b","HD 330075","TIC 275786473",3.38773000000,,,5000.00,4.260000,0.840000,0.470000,"Radial Velocity","La Silla Observatory",1
"KOI-351 f","KOI-351","TIC 267667295",124.91440000000,,10.9400000,6080.00,4.400000,1.200000,1.200000,"Transit","Kepler",1
"Kepler-1812 b","Kepler-1812","TIC 170346516",7.16521978400,,,6174.00,4.417000,1.103000,1.162000,"Transit","Kepler",1
"KMT-2017-BLG-0428L b","KMT-2017-BLG-0428L",,,,,,,,0.340000,"Microlensing","KMTNet",1
"Kepler-516 b","Kepler-516","TIC 184085929",24.85462415000,,8.9587000,7099.00,4.040000,2.020000,1.620000,"Transit","Kepler",1
"Kepler-1685 b","Kepler-1685","TIC 272270869",20.49050000000,,,5484.00,4.576500,0.835451,0.960000,"Transit","Kepler",1
"Kepler-299 e","Kepler-299","TIC 48304460",38.28548900000,,5.6380000,5617.00,4.394000,1.032000,,"Transit","Kepler",1
"TOI-1749 b","TOI-1749","TIC 233602827",2.38839000000,,,3985.00,4.700000,0.550000,0.580000,"Transit","Transiting Exoplanet Survey Satellite (TESS)",1
"Kepler-406 b","Kepler-406","TIC 63066101",2.42629000000,,,5538.00,4.409000,1.070000,1.070000,"Transit","Kepler",1
"OGLE-2016-BLG-1190L b","OGLE-2016-BLG-1190L",,1220.00000000000,,,,,,0.880000,"Microlensing","OGLE",1
"Kepler-1215 b","Kepler-1215","TIC 28230011",4.76703963000,,1.8500000,5616.00,4.480000,0.930000,0.950000,"Transit","Kepler",1
"Kepler-82 c","Kepler-82","TIC 63372898",51.54000000000,,,,,0.898000,0.910000,"Transit","Kepler",1
"Kepler-434 b","Kepler-434","TIC 270611401",12.87470990000,,2.2880000,5977.00,4.242000,1.380000,1.198000,"Transit","Kepler",1
"Kepler-1998 b","Kepler-1998","TIC 164525250",3.03267135000,0.00424000,1.7740000,5640.00,4.492000,0.921000,0.962000,"Transit","Kepler",1
"Kepler-189 b","Kepler-189","TIC 158494327",10.39993100000,,3.4170000,5235.00,4.619000,0.750000,,"Transit","Kepler",1
"HD 3765 b","HD 3765","TIC 424009747",1211.00000000000,,,5049.80,4.527285,0.830610,0.851785,"Radial Velocity","Multiple Observatories",1
"Kepler-400 c","Kepler-400","TIC 122707140",17.34082400000,,3.4250000,5886.00,4.350000,1.145000,,"Transit","Kepler",1
"Kepler-852 b","Kepler-852","TIC 28089606",44.93098040000,,6.4980000,6100.00,4.380000,1.160000,1.190000,"Transit","Kepler",1
"Kepler-444 e","Kepler-444","TIC 394172596",7.74349300000,,,5046.00,4.562500,0.752000,0.758000,"Transit","Kepler",1
"WASP-89 b","WASP-89","TIC 77202722",3.35642270000,1.49000000,2.4600000,5130.00,4.515000,0.880000,0.920000,"Transit","SuperWASP",1
"K2-415 b","K2-415","TIC 323687123",4.01796940000,,,3173.00,5.066000,0.196500,0.163500,"Transit","K2",1
"Kepler-328 c","Kepler-328","TIC 184164097",71.31200000000,,,,4.440000,1.060000,1.150000,"Transit","Kepler",1
"HATS-13 b","HATS-13","TIC 289793076",3.04404990000,,2.6347200,5523.00,4.524000,0.887000,0.962000,"Transit","HATSouth",1
"Kepler-476 b","Kepler-476","TIC 271430806",14.00640607000,,4.6809000,5837.00,4.380000,1.090000,1.030000,"Transit","Kepler",1
"HIP 94235 b","HIP 94235","TIC 464646604",7.71305700000,,2.4700000,5991.00,4.460000,1.080000,1.094000,"Transit","Transiting Exoplanet Survey Satellite (TESS)",1
"Kepler-763 d","Kepler-763","TIC 63130782",6.50327035000,0.04183000,2.5910000,4999.00,4.490000,0.843000,0.800000,"Transit","Kepler",1
"Kepler-134 c","Kepler-134","TIC 48448369",10.10578500000,,2.0590000,5983.00,4.310000,1.176000,,"Transit","Kepler",1
"HD 136352 c","HD 136352","TIC 136916387",27.59221000000,0.06380000,3.2510000,5664.00,4.390000,1.058000,0.870000,"Radial Velocity","La Silla Observatory",1
"Kepler-359 b","Kepler-359","TIC 275568400",25.56322200000,,4.2840000,6248.00,4.429000,1.086000,,"Transit","Kepler",1
"Kepler-777 b","Kepler-777","TIC 123497954",5.72812599000,,1.9804000,4043.00,4.710000,0.560000,0.580000,"Transit","Kepler",1
"Kepler-1923 b","Kepler-1923","TIC 170346220",52.60969925000,,,5881.00,4.259000,1.294000,1.109000,"Transit","Kepler",1
"Kepler-836 b","Kepler-836","TIC 158486560",11.36112327000,,4.2053000,5895.00,4.410000,1.040000,1.030000,"Transit","Kepler",1
"Kepler-48 c","Kepler-48","TIC 171882123",9.67395000000,,,5194.00,4.487000,0.890000,0.880000,"Transit","Kepler",1
"Kepler-521 b","Kepler-521","TIC 268302011",22.20813214000,,7.3225000,6406.00,4.240000,1.460000,1.340000,"Transit","Kepler",1
"CWISEP J193518.59-154620.3 b","CWISEP J193518.59-154620.3",,,,,,,,0.024000,"Imaging","James Webb Space Telescope (JWST)",1
"Kepler-726 b","Kepler-726","TIC 63000832",21.80451088000,,3.3931000,5452.00,4.530000,0.850000,0.880000,"Transit","Kepler",1
"Kepler-1461 b","Kepler-1461","TIC 279915288",29.34947750000,,4.2070000,4919.00,4.600000,0.740000,0.790000,"Transit","Kepler",1
"Kepler-1471 b","Kepler-1471","TIC 416282121",3.63899398000,,2.2130000,5660.00,4.480000,0.930000,0.950000,"Transit","Kepler",1
"HD 212301 b","HD 212301","TIC 317057430",2.24571000000,,,6239.00,4.500000,1.160000,1.550000,"Radial Velocity","La Silla Observatory",1
"GQ Lup b","GQ Lup","TIC 442623945",,,,,,,0.700000,"Imaging","Paranal Observatory",1
"KMT-2019-BLG-1339L b","KMT-2019-BLG-1339L",,,,,,,,0.480000,"Microlensing","KMTNet",1
"HD 159243 c","HD 159243","TIC 348652846",248.40000000000,,,6123.00,4.550000,1.120000,1.125000,"Radial Velocity","Haute-Provence Observatory",1
"EPIC 205950854 c","K2-168","TIC 437695245",8.05072200000,,,5502.70,,0.830000,0.877000,"Transit","K2",1
"KMT-2022-BLG-2076L b","KMT-2022-BLG-2076L",,,,,,,,0.670000,"Microlensing","KMTNet",1
"K2-162 b","K2-162","TIC 94892940",9.45889000000,0.02669000,3.0000000,4842.00,4.630000,0.690000,0.750000,"Transit","K2",1
"Kepler-1320 b","Kepler-1320","TIC 121603556",0.86838652800,,1.0575000,4817.00,4.600000,0.740000,0.800000,"Transit","Kepler",1
"K2-80 b","K2-80","TIC 242961495",19.09180000000,,4.4600000,5441.00,4.519000,0.870000,0.900000,"Transit","K2",1
"Kepler-24 b","Kepler-24","TIC 122376177",8.14000000000,,,6028.00,,1.099000,1.060000,"Transit","Kepler",1
"HAT-P-56 b","HAT-P-56","TIC 84339983",2.79083000000,1.10000000,,6566.00,3.390000,1.470000,1.420000,"Transit","HATNet",1
"Kepler-1701 b","Kepler-1701","TIC 120899838",169.13400000000,,,5146.00,4.528800,0.840217,0.870000,"Transit","Kepler",1
"WASP-195 b","WASP-195","TIC 232567319",5.05192800000,0.36020000,,6300.00,4.140000,1.578000,1.300000,"Transit","SuperWASP",1
"Kepler-93 c","Kepler-93","TIC 137151335",1460.00000000000,,,5669.00,4.468000,0.920000,0.910000,"Radial Velocity","W. M. Keck Observatory",1
"HD 117207 b","HD 117207","TIC 405501056",2621.75000000000,,,5732.00,4.371000,1.074000,1.053000,"Radial Velocity","W. M. Keck Observatory",1
"Kepler-1530 d","Kepler-1530","TIC 298892283",9.20761013000,,,5678.00,4.215000,1.303000,1.015000,"Transit","Kepler",1
"TOI-1728 b","TOI-1728","TIC 285048486",3.49151000000,,1.9600000,3980.00,4.657000,0.624300,0.646000,"Transit","Transiting Exoplanet Survey Satellite (TESS)",1
"Kepler-610 b","Kepler-610","TIC 275491028",6.99692655400,,2.7377000,5943.00,4.370000,1.130000,1.100000,"Transit","Kepler",1
"HD 188641 b","HD 188641","TIC 300611942",14583.81038000000,,,,,,1.070000,"Radial Velocity","Multiple Observatories",1
"HD 221287 b","HD 221287","TIC 231716612",456.10000000000,,,6304.00,4.430000,,1.250000,"Radial Velocity","La Silla Observatory",1
"K2-147 b","K2-147","TIC 398275886",0.96193900000,0.05450000,0.9024000,3690.00,4.665000,0.578000,0.563000,"Transit","K2",1
"TOI-251 b","TOI-251","TIC 224225541",4.93777000000,,2.2320000,5875.00,4.560000,0.881000,1.036000,"Transit","Transiting Exoplanet Survey Satellite (TESS)",1
"HD 30562 b","HD 30562","TIC 176379354",1157.00000000000,,,5882.00,4.070000,1.610000,1.120000,"Radial Velocity","Lick Observatory",1
"Kepler-1047 c","Kepler-1047","TIC 299029323",3.18897601000,,2.4900000,5754.00,4.370000,1.130000,1.080000,"Transit","Kepler",1
"HD 102329 c","HD 102329","TIC 325254372",1123.00000000000,,,,,,1.300000,"Radial Velocity","W. M. Keck Observatory",1
"Kepler-1504 b","Kepler-1504","TIC 416281986",82.30400300000,,13.8430000,5393.00,4.550000,0.810000,0.850000,"Transit","Kepler",1
"TOI-1452 b","TOI-1452","TIC 420112589",11.06201000000,0.30900000,,3185.00,4.950000,0.275000,0.249000,"Transit","Transiting Exoplanet Survey Satellite (TESS)",1
"Kepler-289 e","Kepler-289","TIC 273234825",330.07160000000,,,,,0.985000,1.061000,"Transit","Kepler",1
"Kepler-1154 c","Kepler-1154","TIC 169561256",8.45808312000,,3.0680000,6327.00,4.230000,1.430000,1.260000,"Transit","Kepler",1
"TOI-2654 b","TOI-2654","TIC 200805484",2.96760425926,,1.8137941,4594.08,4.637500,0.756095,,"Transit","Transiting Exoplanet Survey Satellite (TESS)",1
"NY Vir c","NY Vir","TIC 175402069",8799.00000000000,,,32780.00,5.741930,0.151000,0.459000,"Eclipse Timing Variations","Winer Observatory",1
"Kepler-30 c","Kepler-30","TIC 399794329",60.32310500000,1.62000000,,5498.00,4.770000,0.950000,0.990000,"Transit","Kepler",1
"TOI-1246 e","TOI-1246","TIC 230127302",37.92548000000,,3.5440768,5213.00,4.510000,0.864900,0.888900,"Transit","Transiting Exoplanet Survey Satellite (TESS)",1
"HIP 107772 b","HIP 107772","TIC 197602069",55.19900000000,,,,,,0.630000,"Radial Velocity","Multiple Observatories",1
"Kepler-1898 b","Kepler-1898","TIC 121124617",4.76562023200,,,5702.00,4.258000,1.125000,0.837000,"Transit","Kepler",1
"TIC 172900988 b","TIC 172900988 Aa","TIC 172900988",200.45200000000,,,6050.00,4.248500,1.384200,1.238400,"Transit","Transiting Exoplanet Survey Satellite (TESS)",1
"Kepler-1266 b","Kepler-1266","TIC 158167159",28.47474800000,,4.8090000,5044.00,4.590000,0.760000,0.800000,"Transit","Kepler",1
"Kepler-739 b","Kepler-739","TIC 159225155",12.53248465000,,4.0098000,5601.00,4.510000,0.900000,0.930000,"Transit","Kepler",1
"TOI-7149 b","TOI-7149","TIC 459323923",2.65206166000,,1.7256000,3363.00,4.880000,0.351000,0.344000,"Transit","Transiting Exoplanet Survey Satellite (TESS)",1
"HD 97037 b","HD 97037","TIC 143046056",6449.08337000000,,,,,,1.060000,"Radial Velocity","Multiple Observatories",1
"KMT-2021-BLG-0712L b","KMT-2021-BLG-0712L",,,,,,,,0.220000,"Microlensing","KMTNet",1
"HAT-P-35 b","HAT-P-35","TIC 455096220",3.64670600000,,,6096.00,,1.435000,1.236000,"Transit","HATNet",1
"TOI-2015 c","TOI-2015","TIC 368287008",5.58279600000,,,3297.00,5.040000,0.327300,0.304100,"Transit Timing Variations","Multiple Observatories",1
"Kepler-1266 c","Kepler-1266","TIC 158167159",4.86631012000,,,4996.00,4.497000,0.831000,0.791000,"Transit","Kepler",1
"Kepler-357 c","Kepler-357","TIC 159649595",16.85837000000,,2.0160000,5036.00,4.503000,0.834000,,"Transit","Kepler",1
"Kepler-174 d","Kepler-174","TIC 158434144",247.35373000000,,8.7730000,4880.00,4.679000,0.622000,,"Transit","Kepler",1
"Kepler-82 f","Kepler-82","TIC 63372898",75.73200000000,,,,,0.898000,0.910000,"Transit Timing Variations","KOINet",1
"GJ 463 b","GJ 463","TIC 147670988",3459.00000000000,,,3563.00,,0.483000,0.486000,"Radial Velocity","Multiple Observatories",1
"K2-391 b","K2-391","TIC 9054633",4.62265400000,,,5543.00,4.973000,0.566000,0.757000,"Transit","K2",1
"Kepler-198 d","Kepler-198","TIC 122519154",1.31184443000,,1.7729000,5636.00,4.490000,0.930000,0.970000,"Transit","Kepler",1
"TOI-1117 b","TOI-1117","TIC 295541511",2.22816000000,,,5635.00,4.410000,1.050000,0.970000,"Transit","Transiting Exoplanet Survey Satellite (TESS)",1
"HD 11506 b","HD 11506","TIC 266680498",1617.70000000000,,,6123.00,4.390000,,1.220000,"Radial Velocity","W. M. Keck Observatory",1
"Kepler-1152 b","Kepler-1152","TIC 159382189",1.64680190800,,1.2561000,3964.00,4.730000,0.530000,0.550000,"Transit","Kepler",1
"TOI-3486 b","TOI-3486","TIC 221861843",2.21778105000,1.51500000,1.7170000,4930.00,4.569000,0.788000,0.837000,"Transit","Transiting Exoplanet Survey Satellite (TESS)",1
"K2-216 b","K2-216","TIC 418761354",2.17480000000,,1.8400000,4503.00,4.570000,0.720000,0.700000,"Transit","K2",1
"WASP-34 b","WASP-34","TIC 437242640",4.31768000000,1.30000000,,5700.00,4.500000,0.910000,0.960000,"Transit","SuperWASP",1
"HD 98649 b","HD 98649","TIC 437258837",5384.00000000000,,,,,,0.970000,"Radial Velocity","La Silla Observatory",1
"Kepler-967 c","Kepler-967","TIC 120962548",198.71125020000,,8.5374000,5178.00,4.560000,0.800000,0.840000,"Transit","Kepler",1
"Kepler-327 d","Kepler-327","TIC 63366281",13.96945700000,,1.4080000,3799.00,4.758000,0.492000,,"Transit","Kepler",1
"WASP-93 b","WASP-93","TIC 240681314",2.73253210000,1.09700000,2.2344000,6700.00,4.197000,1.524000,1.334000,"Transit","SuperWASP",1
"Kepler-1874 b","Kepler-1874","TIC 158219569",56.57320023000,,,4701.00,4.540000,0.775000,0.758000,"Transit","Kepler",1
"TOI-2096 b","TOI-2096","TIC 142748283",3.11906330000,0.26600000,1.0720000,3300.00,5.050000,0.235000,0.231000,"Transit","Transiting Exoplanet Survey Satellite (TESS)",1
"CoRoT-28 b","CoRoT-28","TIC 106352250",5.20851000000,,5.7000000,5150.00,3.600000,1.780000,1.010000,"Transit","CoRoT",1
"K2-275 c","K2-275","TIC 332022997",8.43883850000,,,4841.00,4.650000,0.690000,0.770000,"Transit","K2",1
"TOI-5789 c","TOI-5789","TIC 87216634",12.92774800000,,2.0190000,5185.00,4.511000,0.833000,0.821000,"Transit","Transiting Exoplanet Survey Satellite (TESS)",1
"Kepler-1050 c","Kepler-1050","TIC 48216453",21.12845690000,,3.7890000,6010.00,4.370000,1.130000,1.090000,"Transit","Kepler",1
"Kepler-275 b","Kepler-275","TIC 137634395",10.30068200000,,4.9670000,6165.00,4.229000,1.383000,,"Transit","Kepler",1
"OGLE-2014-BLG-1760L b","OGLE-2014-BLG-1760L",,,,,,,,0.803000,"Microlensing","OGLE",1
"HD 96700 b","HD 96700","TIC 23270430",8.12450000000,,,5845.00,4.390000,,0.890000,"Radial Velocity","La Silla Observatory",1
"Kepler-464 b","Kepler-464","TIC 27239696",7.25696522400,,4.8639000,5933.00,4.110000,1.590000,1.210000,"Transit","Kepler",1
"Kepler-297 c","Kepler-297","TIC 48304302",74.92013700000,,4.7940000,5619.00,4.468000,0.915000,,"Transit","Kepler",1
"Kepler-454 b","Kepler-454","TIC 121276638",10.57375340000,,,5687.00,,1.066000,1.030000,"Transit","Kepler",1
"TOI-5027 b","TOI-5027","TIC 361711730",10.24368000000,,,5909.00,4.517000,0.920000,1.020000,"Transit","Transiting Exoplanet Survey Satellite (TESS)",1
"Kepler-834 b","Kepler-834","TIC 158392088",13.32388301000,,3.2768000,4554.00,4.640000,0.660000,0.700000,"Transit","Kepler",1
"K2-105 b","K2-105","TIC 6892385",8.26726000000,,,5373.00,4.450000,0.905000,0.940000,"Transit","K2",1
"Kepler-1228 b","Kepler-1228","TIC 272596598",0.57736957900,,1.0963000,5063.00,4.590000,0.740000,0.780000,"Transit","Kepler",1
"KOI-142 b","KOI-142","TIC 122712595",10.91647000000,,,5466.00,,0.897000,0.990000,"Transit","Kepler",1
"HAT-P-46 b","HAT-P-46","TIC 104866616",4.46312900000,,3.0984000,6120.00,4.250000,1.396000,1.284000,"Transit","HATNet",1
"Kepler-122 b","Kepler-122","TIC 122714267",5.76619300000,,3.8460000,6050.00,4.299000,1.216000,,"Transit","Kepler",1
"Kepler-100 d","Kepler-100","TIC 159654016",35.33310000000,,,5825.00,4.125000,1.490000,1.080000,"Transit","Kepler",1
"Kepler-1208 b","Kepler-1208","TIC 63010574",11.08507637000,,1.7080000,5001.00,4.590000,0.760000,0.800000,"Transit","Kepler",1
"16 Cyg B b","16 Cyg B","TIC 27533327",798.50000000000,,,5750.00,4.360000,1.130000,1.080000,"Radial Velocity","Multiple Observatories",1
"Kepler-1481 b","Kepler-1481","TIC 299219860",5.94220998000,,2.2737000,4908.00,4.600000,0.750000,0.800000,"Transit","Kepler",1
"HD 175607 b","HD 175607","TIC 382073690",29.01000000000,,,5392.00,4.640000,0.700000,0.710000,"Radial Velocity","La Silla Observatory",1
"HD 109749 b","HD 109749","TIC 144289338",5.23989100000,,,5824.00,,1.220000,1.130000,"Radial Velocity","W. M. Keck Observatory",1
"Kepler-1166 b","Kepler-1166","TIC 406951266",33.24068820000,,4.9820000,5446.00,4.530000,0.860000,0.900000,"Transit","Kepler",1
"Kepler-157 c","Kepler-157","TIC 122716806",13.54050000000,,4.5140000,5774.00,4.389000,1.044000,,"Transit","Kepler",1
"Kepler-837 b","Kepler-837","TIC 164891482",16.56059504000,,2.2611000,5403.00,4.560000,0.810000,0.850000,"Transit","Kepler",1
"Kepler-360 c","Kepler-360","TIC 158213532",7.18643400000,,1.4060000,6053.00,4.423000,1.058000,,"Transit","Kepler",1
"K2-333 b","K2-333","TIC 330690135",14.75928700000,,4.9600000,5880.00,4.290000,1.220000,1.060000,"Transit","K2",1
"HD 27894 c","HD 27894","TIC 396697266",36.07000000000,,,,,,0.800000,"Radial Velocity","La Silla Observatory",1
"Kepler-1165 c","Kepler-1165","TIC 158326744",29.96870041000,,,6249.00,4.428000,1.076000,1.130000,"Transit","Kepler",1
"Kepler-371 c","Kepler-371","TIC 137550286",67.96801500000,,7.8020000,5666.00,4.390000,0.992000,,"Transit","Kepler",1
"K2-350 b","K2-350","TIC 294319820",4.16387300000,,2.7500000,5789.00,4.390000,1.040000,0.980000,"Transit","K2",1
"NGTS-6 b","NGTS-6","TIC 1528696",0.88205900000,,,4730.00,4.700000,0.754000,0.767000,"Transit","Next-Generation Transit Survey (NGTS)",1
"Kepler-419 b","Kepler-419","TIC 27454084",69.75460000000,,,6430.00,4.100000,1.740000,1.390000,"Transit","Kepler",1
"Kepler-1515 b","Kepler-1515","TIC 417660218",214.31141640000,,16.1734000,6511.00,4.260000,1.410000,1.300000,"Transit","Kepler",1
"Kepler-540 b","Kepler-540","TIC 159452015",172.70497840000,,11.2793000,5946.00,4.380000,1.080000,1.020000,"Transit","Kepler",1
"HATS-26 b","HATS-26","TIC 315002523",3.30238810000,,5.2152000,6071.00,3.936000,2.040000,1.299000,"Transit","HATSouth",1
"Kepler-85 b","Kepler-85","TIC 159580705",8.30000000000,,,5505.20,,0.875000,0.928000,"Transit","Kepler",1
"K2-16 c","K2-16","TIC 281886199",19.07863000000,,3.8590000,4742.00,4.510000,0.660000,0.680000,"Transit","K2",1
"TOI-7510 c","TOI-7510","TIC 118798035",22.56874230000,,,5720.00,4.439000,1.035000,1.063000,"Transit","Transiting Exoplanet Survey Satellite (TESS)",1
"Kepler-805 b","Kepler-805","TIC 275573748",30.86389310000,,8.4210000,6112.00,4.080000,1.650000,1.190000,"Transit","Kepler",1
"YZ Cet d","YZ Cet","TIC 439403362",4.65626000000,,,3151.00,5.170000,0.157000,0.142000,"Radial Velocity","La Silla Observatory",1
"Kepler-122 c","Kepler-122","TIC 122714267",12.46598800000,,5.0630000,6050.00,4.299000,1.216000,,"Transit","Kepler",1
"WASP-68 b","WASP-68","TIC 71841620",5.08430000000,0.57000000,,5910.00,4.170000,1.790000,1.490000,"Transit","SuperWASP",1
"HD 97658 b","HD 97658","TIC 82308728",9.48971160000,0.07120000,,5212.00,4.640000,0.728000,0.850000,"Radial Velocity","W. M. Keck Observatory",1
"Kepler-1379 b","Kepler-1379","TIC 138296836",0.88184114600,,1.3051000,5188.00,4.570000,0.790000,0.830000,"Transit","Kepler",1
"Kepler-1850 b","Kepler-1850","TIC 158389981",1.38580000400,,,4239.00,4.667000,0.600000,0.611000,"Transit","Kepler",1
"Kepler-1943 b","Kepler-1943","TIC 138100223",4.85018014900,,,6032.00,4.485000,0.973000,1.055000,"Transit","Kepler",1
"Kepler-519 b","Kepler-519","TIC 171971913",24.30789460000,,2.5981000,5260.00,4.580000,0.800000,0.890000,"Transit","Kepler",1
"Kepler-661 b","Kepler-661","TIC 164557360",6.02930132100,,1.5798000,4483.00,4.640000,0.670000,0.700000,"Transit","Kepler",1
"Kepler-1813 b","Kepler-1813","TIC 424864367",2.81816005700,,,5167.00,4.555000,0.787000,0.812000,"Transit","Kepler",1
"Kepler-237 b","Kepler-237","TIC 258348597",4.71510600000,,2.3510000,4861.00,4.583000,0.725000,,"Transit","Kepler",1
"Kepler-177 b","Kepler-177","TIC 158172348",36.86010000000,,,5732.00,4.100000,1.324000,0.921000,"Transit","Kepler",1
"K2-237 b","K2-237","TIC 16288184",2.18053332000,1.41600000,2.9272800,6180.00,4.353000,1.236000,1.256000,"Transit","K2",1
"TIC 139702105 b","TIC 139702105","TIC 139702105",6.83601903383,,2.2345072,5742.35,4.292700,1.254230,,"Transit","Transiting Exoplanet Survey Satellite (TESS)",1
"Kepler-696 b","Kepler-696","TIC 138219428",4.19042557500,,2.8403000,5903.00,4.390000,1.080000,1.060000,"Transit","Kepler",1
"Kepler-1846 b","Kepler-1846","TIC 271044777",14.82009983000,,,4825.00,4.603000,0.732000,0.785000,"Transit","Kepler",1
"Kepler-1456 b","Kepler-1456","TIC 158385035",18.13738290000,,3.5500000,4231.00,4.670000,0.620000,0.640000,"Transit","Kepler",1
"Kepler-137 b","Kepler-137","TIC 123415819",8.43638700000,,3.2170000,5187.00,4.553000,0.802000,,"Transit","Kepler",1
"K2-11 b","K2-11","TIC 301609547",39.93767000000,0.07000000,,5433.00,,5.150000,1.350000,"Transit","K2",1
"Kepler-248 b","Kepler-248","TIC 275493574",6.30820500000,,3.0080000,5190.00,4.573000,0.831000,,"Transit","Kepler",1
"CoRoT-11 b","CoRoT-11","TIC 110178537",2.99433000000,1.14490000,2.5009000,6440.00,4.220000,1.370000,1.270000,"Transit","CoRoT",1
"Kepler-55 d","Kepler-55","TIC 164884002",2.21109900000,,1.6440000,4503.00,4.684000,0.619000,,"Transit","Kepler",1
"K2-73 c","K2-73","TIC 38354061",1000.00000000000,,,5867.00,4.390000,1.058000,1.020000,"Radial Velocity","W. M. Keck Observatory",1
"WASP-160 B b","WASP-160 B","TIC 32949762",3.76849520000,1.66300000,2.8442400,5298.00,,0.868000,0.870000,"Transit","SuperWASP-South",1
"TOI-6034 b","TOI-6034","TIC 388076422",2.57618400000,,1.5600000,3635.00,4.770000,0.489000,0.514000,"Transit","Transiting Exoplanet Survey Satellite (TESS)",1
"HIP 75092 b","HIP 75092","TIC 225884682",926.40000000000,,,4891.00,3.090000,4.530000,1.280000,"Radial Velocity","Multiple Observatories",1
"TOI-139 b","TOI-139","TIC 62483237",11.07085000000,,,4570.00,4.705000,0.700700,0.690000,"Transit","Transiting Exoplanet Survey Satellite (TESS)",1
"TOI-269 b","TOI-269","TIC 220479565",3.69771040000,,,3514.00,4.831000,0.398000,0.391700,"Transit","Transiting Exoplanet Survey Satellite (TESS)",1
"Kepler-31 d","Kepler-31","TIC 270788519",87.64510000000,0.09590000,8.2560000,6340.00,4.696000,1.220000,1.210000,"Transit","Kepler",1
"Kepler-109 c","Kepler-109","TIC 122441003",21.22265000000,,,5950.00,,1.387000,1.094000,"Transit","Kepler",1
"Kepler-1397 b","Kepler-1397","TIC 269030207",47.44995500000,,10.7470000,6026.00,4.370000,1.120000,1.090000,"Transit","Kepler",1
"WTS-2 b","WTS-2","TIC 138359318",1.01870680000,,,5000.00,4.600000,0.752000,0.820000,"Transit","United Kingdom Infrared Telescope",1
"TIC 160113658 b","TIC 160113658","TIC 160113658",6.72952262077,,2.3227940,4817.31,4.585600,0.789834,,"Transit","Transiting Exoplanet Survey Satellite (TESS)",1
"HAT-P-44 b","HAT-P-44","TIC 168699373",4.30121900000,,3.1248000,5295.00,4.460000,0.949000,0.942000,"Transit","HATNet",1
"K2-75 b","K2-75","TIC 250996363",7.81420000000,,5.4800000,5995.00,4.118000,1.560000,1.160000,"Transit","K2",1
"Kepler-1945 b","Kepler-1945","TIC 123408849",6.08003997800,,,4991.00,4.513000,0.804000,0.767000,"Transit","Kepler",1
"TOI-1789 b","TOI-1789","TIC 172518755",3.20866400000,0.46300000,2.3000000,5991.00,3.943000,2.168000,1.507000,"Transit","Transiting Exoplanet Survey Satellite (TESS)",1
"Kepler-1092 b","Kepler-1092","TIC 273378026",58.60179250000,,5.5430000,5862.00,4.440000,1.000000,0.990000,"Transit","Kepler",1
"K2-186 b","K2-186","TIC 203228393",41.47421900000,,,5784.00,4.450000,0.980830,1.018617,"Transit","K2",1
"Kepler-1497 b","Kepler-1497","TIC 272275278",8.74199772000,,4.2970000,5675.00,4.470000,0.950000,0.960000,"Transit","Kepler",1
"HD 154088 b","HD 154088","TIC 20856917",18.56000000000,,,5374.00,4.370000,,0.910000,"Radial Velocity","La Silla Observatory",1
"KMT-2021-BLG-1391L b","KMT-2021-BLG-1391L",,,,,,,,0.370000,"Microlensing","KMTNet",1
"Kepler-1193 b","Kepler-1193","TIC 298897851",2.83265213400,,2.3844000,5908.00,4.310000,1.210000,1.080000,"Transit","Kepler",1
"OGLE-2012-BLG-0358L b","OGLE-2012-BLG-0358L",,,,,,,,0.022000,"Microlensing","OGLE",1
"Kepler-15 b","Kepler-15","TIC 27774415",4.94278200000,1.12650000,3.5000000,5515.00,4.460000,0.992000,1.018000,"Transit","Kepler",1
"KMT-2021-BLG-0240L b","KMT-2021-BLG-0240L",,,,,,,,0.560000,"Microlensing","KMTNet",1
"TOI-3464 b","TOI-3464","TIC 290504044",3.65155680000,0.65400000,2.5080000,6370.00,4.185000,1.560000,1.363000,"Transit","Transiting Exoplanet Survey Satellite (TESS)",1
"HD 33844 c","HD 33844","TIC 169534187",916.00000000000,,,4861.00,3.240000,5.290000,1.780000,"Radial Velocity","Anglo-Australian Telescope",1
"HAT-P-2 c","HAT-P-2","TIC 39903405",8500.00000000000,,,,,,1.330000,"Radial Velocity","Multiple Observatories",1
"Kepler-201 c","Kepler-201","TIC 138297190",151.88405800000,,12.9900000,6065.00,4.294000,1.229000,,"Transit","Kepler",1
"Kepler-29 b","Kepler-29","TIC 273875635",10.33974000000,0.10200000,3.0410000,5378.00,4.600000,0.732000,0.761000,"Transit","Kepler",1
"Kepler-233 c","Kepler-233","TIC 27843776",60.41895500000,,5.6190000,5360.00,4.614000,0.758000,,"Transit","Kepler",1
"K2-254 c","K2-254","TIC 147683165",12.11839000000,0.12000000,2.4000000,4629.00,4.640000,0.670000,0.710000,"Transit","K2",1
"TOI-4137 b","TOI-4137","TIC 417646390",3.80161220000,0.74900000,3.4296000,6202.00,4.240000,1.438000,1.313000,"Transit","Transiting Exoplanet Survey Satellite (TESS)",1
"Kepler-918 b","Kepler-918","TIC 28450124",4.85386933000,,2.7990000,6028.00,4.370000,1.140000,1.110000,"Transit","Kepler",1
"Kepler-46 b","Kepler-46","TIC 158992508",33.60134000000,,,5155.00,4.447000,0.938000,0.902000,"Transit","Kepler",1
"Kepler-46 c","Kepler-46","TIC 158992508",57.01100000000,,,5155.00,4.447000,0.938000,0.902000,"Transit Timing Variations","Kepler",1
"Kepler-82 d","Kepler-82","TIC 63372898",2.38296100000,,2.0260000,5428.00,4.466000,0.945000,,"Transit","Kepler",1
"Kepler-82 e","Kepler-82","TIC 63372898",5.90220600000,,2.8270000,5428.00,4.466000,0.945000,,"Transit","Kepler",1
"Kepler-338 b","Kepler-338","TIC 258203303",13.72697600000,,7.2880000,5923.00,4.017000,1.735000,,"Transit","Kepler",1
"Kepler-247 c","Kepler-247","TIC 158792051",9.43945200000,,2.8960000,5100.00,4.608000,0.768000,,"Transit","Kepler",1
"Kepler-414 c","Kepler-414","TIC 28357724",7.17100000000,,,,,0.946000,0.890000,"Transit","Kepler",1
"Kepler-417 c","Kepler-417","TIC 270705374",15.94300000000,,,,,0.806000,0.900000,"Transit","Kepler",1
"Kepler-415 c","Kepler-415","TIC 138365520",8.70800000000,,,,,0.643000,0.670000,"Transit","Kepler",1
"bet Pic d","bet Pic","TIC 270577175",33200.00000000000,,,,,,1.789000,"Imaging","Paranal Observatory",1
"HD 134606 e","HD 134606","TIC 262457542",4.32030000000,,,5576.00,4.330000,1.158000,1.046000,"Radial Velocity","Multiple Observatories",1
"Kepler-1976 b","Kepler-1976","TIC 26584326",4.95931924400,0.98020000,2.2273900,5712.00,4.359000,1.082000,0.976000,"Transit","Kepler",1
"Kepler-411 c","Kepler-411","TIC 399954349",7.83443500000,,,,,0.820000,0.870000,"Transit","Kepler",1
"Kepler-411 d","Kepler-411","TIC 399954349",58.02035000000,,,,,0.820000,0.870000,"Transit","Kepler",1
"WASP-126 b","WASP-126","TIC 25155310",3.28883000000,,,5800.00,,1.270000,1.120000,"Transit","SuperWASP-South",1
"CoRoT-8 b","CoRoT-8","TIC 391880567",6.21229000000,0.65100000,2.7400000,5080.00,4.580000,0.770000,0.880000,"Transit","CoRoT",1
"Kepler-546 b","Kepler-546","TIC 237158650",4.14702025800,,2.8969000,5967.00,4.360000,1.150000,1.110000,"Transit","Kepler",1
"HATS-7 b","HATS-7","TIC 220029715",3.18531500000,,2.2992000,4985.00,4.545000,0.815000,0.849000,"Transit","HATSouth",1
"TOI-6954 b","TOI-6954","TIC 443607377",4.02074127419,,1.9852161,5170.87,4.486300,0.947112,,"Transit","Transiting Exoplanet Survey Satellite (TESS)",1
"MASCARA-1 b","MASCARA-1","TIC 354619337",2.14877381000,0.62160000,4.2260000,7490.00,,2.082000,1.900000,"Transit","Multiple Observatories",1
"TOI-5800 b","TOI-5800","TIC 151759246",2.62788380000,,1.2000000,4850.00,4.560000,0.773000,0.778000,"Transit","Transiting Exoplanet Survey Satellite (TESS)",1
"HD 214823 b","HD 214823","TIC 115779095",1854.84424000000,,,,,,1.115000,"Radial Velocity","Haute-Provence Observatory",1
"Kepler-1518 b","Kepler-1518","TIC 239289191",5.11177904000,,2.9600000,6846.00,4.080000,1.880000,1.540000,"Transit","Kepler",1
"K2-320 b","K2-320","TIC 281748980",1.99500000000,0.55700000,,3157.00,4.550000,0.300000,0.117000,"Transit","K2",1
"OGLE-2018-BLG-1269L b","OGLE-2018-BLG-1269L",,,,,,,,1.110000,"Microlensing","OGLE",1
"Kepler-1953 b","Kepler-1953","TIC 158625687",6.24565982800,,,4858.00,4.622000,0.707000,0.786000,"Transit","Kepler",1
"Kepler-324 b","Kepler-324","TIC 243271716",4.38531500000,,2.4880000,5194.00,4.530000,0.840000,,"Transit","Kepler",1
"TOI-880.02","TOI-880","TIC 34077285",2.57571000000,,1.9700000,5050.00,4.530000,0.830000,0.870000,"Transit","Transiting Exoplanet Survey Satellite (TESS)",1
"Kepler-375 c","Kepler-375","TIC 299032517",19.98632600000,,3.8100000,5826.00,4.567000,0.837000,,"Transit","Kepler",1
"HD 101581 b","HIP 56998","TIC 397362481",4.46569000000,,1.7700000,4675.00,4.654000,0.630000,0.653000,"Transit","Transiting Exoplanet Survey Satellite (TESS)",1
"EPIC 229004835 b","EPIC 229004835","TIC 94924543",16.14113200000,,,5868.00,,0.999000,0.970000,"Transit","K2",1
"Kepler-1334 b","Kepler-1334","TIC 299217895",15.64591713000,,4.0120000,5614.00,4.500000,0.910000,0.940000,"Transit","Kepler",1
"Kepler-337 c","Kepler-337","TIC 159226052",9.69320100000,,5.5090000,5684.00,4.004000,1.761000,,"Transit","Kepler",1
"WASP-147 b","WASP-147","TIC 114749636",4.60273000000,0.64000000,4.3944000,5702.00,,1.429000,1.044000,"Transit","SuperWASP-South",1
"TOI-3593 b","TOI-3593","TIC 162289289",3.82128670000,1.21000000,2.4860000,5550.00,4.519000,0.918000,1.015000,"Transit","Transiting Exoplanet Survey Satellite (TESS)",1
"Kepler-999 b","Kepler-999","TIC 269032792",5.99185701700,,1.6220000,6237.00,4.110000,1.650000,1.290000,"Transit","Kepler",1
"TOI-2443 b","TOI-2443","TIC 318753380",15.66858000000,,4.5480000,4375.00,4.420000,0.631000,0.642000,"Transit","Transiting Exoplanet Survey Satellite (TESS)",1
"OGLE-2011-BLG-0173L b","OGLE-2011-BLG-0173L",,,,,,,,0.410000,"Microlensing","OGLE",1
"Kepler-722 b","Kepler-722","TIC 159304532",4.09357325200,,2.2856000,5863.00,4.410000,1.050000,1.030000,"Transit","Kepler",1
"HD 191806 b","HD 191806","TIC 294684871",1603.38923000000,,,,,,1.070000,"Radial Velocity","Haute-Provence Observatory",1
"Kepler-11 f","Kepler-11","TIC 169175503",46.68880000000,0.05480000,6.4310000,5663.00,4.366000,1.065000,0.961000,"Transit","Kepler",1
"Kepler-1226 b","Kepler-1226","TIC 27845000",17.29234530000,,6.7240000,5923.00,4.430000,1.020000,1.020000,"Transit","Kepler",1
"TIC 437041147 b","TIC 437041147","TIC 437041147",3.82301421497,,2.1217414,5224.36,4.429900,0.961092,,"Transit","Transiting Exoplanet Survey Satellite (TESS)",1
"K2-83 b","K2-83","TIC 242988068",2.74697000000,,1.6640000,3910.00,4.863000,0.424000,0.484000,"Transit","K2",1
"Kepler-731 b","Kepler-731","TIC 272366748",3.85560355100,,3.2096900,5849.00,4.410000,1.060000,1.030000,"Transit","Kepler",1
"HD 213240 b","HD 213240","TIC 144068704",882.70001000000,,,5979.00,4.270000,1.510000,1.570000,"Radial Velocity","La Silla Observatory",1
"Kepler-561 b","Kepler-561","TIC 270700432",58.36204950000,,6.2859000,5646.00,4.480000,0.940000,0.960000,"Transit","Kepler",1
"K2-138 g","K2-138","TIC 4610830",41.96797000000,,4.7500000,5356.30,4.540000,0.863000,0.935000,"Transit","K2",1
"HIP 29442 d","TOI-469","TIC 33692729",6.42957500000,,3.0800000,5289.00,4.390000,0.980000,0.901000,"Radial Velocity","Paranal Observatory",1
"HD 62364 c","HD 62364","TIC 271972463",74839.94555000000,,,,,,1.190000,"Radial Velocity","Multiple Observatories",1
"Kepler-978 b","Kepler-978","TIC 158317637",49.62215090000,,7.0930000,6002.00,4.380000,1.090000,1.070000,"Transit","Kepler",1
"HD 29985 b","HD 29985","TIC 170867837",20608.14049000000,,,,,,0.750000,"Radial Velocity","Multiple Observatories",1
"GJ 682 b","GJ 682","TIC 16909043",17.47800000000,,,3028.00,,,0.270000,"Radial Velocity","Multiple Observatories",1
"Kepler-454 d","Kepler-454","TIC 121276638",4073.00000000000,,,5687.00,,1.066000,1.030000,"Radial Velocity","Roque de los Muchachos Observatory",1
"Kepler-338 d","Kepler-338","TIC 258203303",44.43101400000,,10.6240000,5923.00,4.017000,1.735000,,"Transit","Kepler",1
"Kepler-138 b","Kepler-138","TIC 159376971",10.31340000000,,,3841.00,4.710000,0.535000,0.535000,"Transit","Kepler",1
"Kepler-138 c","Kepler-138","TIC 159376971",13.78150000000,,,3841.00,4.710000,0.535000,0.535000,"Transit","Kepler",1
"Kepler-138 d","Kepler-138","TIC 159376971",23.09230000000,,,3841.00,4.710000,0.535000,0.535000,"Transit","Kepler",1
"Kepler-1933 b","Kepler-1933","TIC 120103486",4.94329023400,,,5661.00,4.415000,1.008000,0.964000,"Transit","Kepler",1
"Kepler-1101 b","Kepler-1101","TIC 271163971",81.31510590000,,5.7620000,5614.00,4.500000,0.910000,0.940000,"Transit","Kepler",1
"HD 18438 b","HD 18438","TIC 297820335",803.00000000000,,,3860.00,0.900000,88.475000,1.840000,"Radial Velocity","Bohyunsan Optical Astronomical Observatory",1
"HD 95735 c","GJ 411","TIC 166646191",2946.00000000000,,,3719.00,4.895000,0.368500,0.389900,"Radial Velocity","Multiple Observatories",1
"Kepler-292 d","Kepler-292","TIC 271960465",7.05567900000,,3.1450000,5299.00,4.536000,0.826000,,"Transit","Kepler",1
"HD 45364 b","HD 45364","TIC 117768715",225.79000000000,,,5466.00,,0.890000,0.820000,"Radial Velocity","La Silla Observatory",1
"HATS-53 b","HATS-53","TIC 157266693",3.85377680000,,3.5064000,5644.00,4.340000,1.101000,0.964000,"Transit","HATSouth",1
"Kepler-260 b","Kepler-260","TIC 137348863",8.18739900000,,3.0270000,5250.00,4.494000,0.862000,,"Transit","Kepler",1
"TOI-4156 b","TOI-4156","TIC 462553953",4.46189034133,,3.1219890,5971.64,4.427600,1.039630,,"Transit","Transiting Exoplanet Survey Satellite (TESS)",1
"Kepler-347 c","Kepler-347","TIC 299158566",27.32087100000,,3.9270000,6088.00,4.472000,1.005000,,"Transit","Kepler",1
"HD 110014 b","HD 110014","TIC 32448045",835.47700000000,,,4445.00,2.100000,20.900000,2.170000,"Radial Velocity","La Silla Observatory",1
"HD 220197 b","HD 220197","TIC 435199076",1728.00000000000,,,5683.00,4.420000,0.980000,0.910000,"Radial Velocity","Roque de los Muchachos Observatory",1
"WASP-37 b","WASP-37","TIC 368805700",3.57746900000,1.42700000,3.1296000,5800.00,4.250000,1.003000,0.925000,"Transit","SuperWASP",1
"Kepler-335 c","Kepler-335","TIC 272085033",67.84446900000,,12.1570000,5877.00,4.017000,1.854000,,"Transit","Kepler",1
"KOI-3503 c","KOI-3503","TIC 138097784",31.82800000000,,,6001.00,,1.255000,0.858000,"Transit","Kepler",1
"WASP-46 b","WASP-46","TIC 231663901",1.43036763000,,,5600.00,4.489000,0.858000,0.828000,"Transit","SuperWASP",1
"HD 115404 A c","HD 115404 A","TIC 373765355",15319.22517000000,,,,,,0.830000,"Radial Velocity","Multiple Observatories",1
"Kepler-1507 b","Kepler-1507","TIC 158786851",16.05062130000,,2.9390000,5410.00,4.530000,0.850000,0.890000,"Transit","Kepler",1
"K2-273 b","K2-273","TIC 175233369",11.71956630000,,,5161.00,4.530000,0.850000,0.890000,"Transit","K2",1
"TOI-1221 b","TOI-1221","TIC 349095149",91.68278000000,0.07200000,8.1200000,5592.00,4.380000,1.031000,0.930000,"Transit","Transiting Exoplanet Survey Satellite (TESS)",1
"Kepler-253 d","Kepler-253","TIC 63065911",18.11986900000,,4.2900000,5208.00,4.595000,0.786000,,"Transit","Kepler",1
"CoRoT-4 b","CoRoT-4","TIC 36440357",9.20205000000,,,6190.00,4.410000,1.170000,1.160000,"Transit","CoRoT",1
"TOI-3894 b","TOI-3894","TIC 165464482",4.33454000000,0.89780000,3.5950000,6000.00,4.143000,1.502000,1.138000,"Transit","Transiting Exoplanet Survey Satellite (TESS)",1
"Kepler-1038 b","Kepler-1038","TIC 268483792",148.46033820000,,5.4020000,5335.00,4.550000,0.830000,0.870000,"Transit","Kepler",1
"Kepler-846 b","Kepler-846","TIC 399911496",19.80792185000,,3.5240000,5579.00,4.500000,0.910000,0.940000,"Transit","Kepler",1
"Kepler-866 b","Kepler-866","TIC 159307214",2.61703253600,,2.0451000,4751.00,4.620000,0.710000,0.750000,"Transit","Kepler",1
"KOI-884 e","Kepler-247","TIC 158792051",31.10165900000,,,,,0.788000,0.887000,"Transit Timing Variations","Kepler",1
"TOI-2411 b","TOI-2411","TIC 10837041",0.78269420000,,,4099.00,4.590000,0.680000,0.650000,"Transit","Transiting Exoplanet Survey Satellite (TESS)",1
"Kepler-301 c","Kepler-301","TIC 48419097",5.41902600000,,2.2810000,5815.00,4.525000,0.900000,,"Transit","Kepler",1
"K2-409 b","K2-409","TIC 432261603",1.90808400000,,,5742.00,4.204000,1.228000,0.886000,"Transit","K2",1
"Kepler-37 d","Kepler-37","TIC 164652245",39.79226220000,,,5357.00,,0.789000,0.790000,"Transit","Kepler",1
"TIC 46432937 b","TIC 46432937","TIC 46432937",1.44044527000,,1.1950000,3572.00,4.740000,0.529900,0.563000,"Transit","Transiting Exoplanet Survey Satellite (TESS)",1
"TOI-4562 b","TOI-4562","TIC 349576261",225.10640000000,,,6096.00,4.390000,1.152000,1.192000,"Transit","Transiting Exoplanet Survey Satellite (TESS)",1
"Kepler-560 b","Kepler-560","TIC 239275865",18.47764449000,,1.8777000,3556.00,4.940000,0.330000,0.340000,"Transit","Kepler",1
"KMT-2023-BLG-1866L b","KMT-2023-BLG-1866L",,,,,,,,0.510000,"Microlensing","KMTNet",1
"HD 74156 c","HD 74156","TIC 379949822",2448.48726000000,,,,,,1.100000,"Radial Velocity","Haute-Provence Observatory",1
"GJ 273 c","GJ 273","TIC 318686860",4.72340000000,,,3382.00,,0.293000,0.290000,"Radial Velocity","La Silla Observatory",1
"Kepler-1921 c","Kepler-1921","TIC 239287963",3.15722086000,0.00497000,3.7620000,6120.00,3.934000,2.000000,1.251000,"Transit","Kepler",1
"TOI-5292 A b","TOI-5292 A","TIC 33397739",2.02191000000,,1.8840000,3919.00,4.642000,0.611000,0.596000,"Transit","Transiting Exoplanet Survey Satellite (TESS)",1
"TOI-1883 b","TOI-1883","TIC 348755728",4.50800000000,,1.9510000,3554.00,4.719000,0.506000,0.495000,"Transit","Transiting Exoplanet Survey Satellite (TESS)",1
"HD 127195 b","HD 127195","TIC 127725774",534.50000000000,,,4981.00,3.290000,4.160000,1.340000,"Radial Velocity","La Silla Observatory",1
"HD 127195 c","HD 127195","TIC 127725774",836.99000000000,,,4981.00,3.290000,4.160000,1.340000,"Radial Velocity","La Silla Observatory",1
"TOI-1272 b","TOI-1272","TIC 417948359",3.31597650000,,1.5210000,4985.00,4.551000,0.800000,0.828000,"Transit","Transiting Exoplanet Survey Satellite (TESS)",1
"TOI-1694 c","TOI-1694","TIC 396740648",386.25000000000,,,5005.00,4.536000,0.812000,0.828000,"Radial Velocity","W. M. Keck Observatory",1
"Gaia23braL b","Gaia23braL","TIC 848465592",,,,,,,0.774000,"Microlensing","European Space Agency (ESA) Gaia Satellite",1
"DMPP-7 b","DMPP-7","TIC 365158631",4.92666000000,,,6096.00,4.170000,1.490000,1.230000,"Radial Velocity","Multiple Observatories",1
"KMT-2025-BLG-1160L b","KMT-2025-BLG-1160L",,,,,,,,0.580000,"Microlensing","KMTNet",1
"K2-99 c","K2-99","TIC 176966903",522.20000000000,,33.6000000,6069.00,3.783000,2.550000,1.440000,"Radial Velocity","Multiple Observatories",1
"TOI-1064 b","TOI-1064","TIC 79748331",6.44386800000,0.10670000,1.9800000,4734.00,4.600000,0.726000,0.748000,"Transit","Transiting Exoplanet Survey Satellite (TESS)",1
"Kepler-841 b","Kepler-841","TIC 267569980",124.41983980000,,3.6612000,5324.00,4.560000,0.810000,0.850000,"Transit","Kepler",1
"TOI-5605 b","TOI-5605","TIC 252469648",5.91340454843,,2.3829991,4583.79,4.637200,0.736044,,"Transit","Transiting Exoplanet Survey Satellite (TESS)",1
"HD 27894 d","HD 27894","TIC 396697266",5019.54244000000,,,,,,0.810000,"Radial Velocity","La Silla Observatory",1
"Kepler-186 e","Kepler-186","TIC 268159861",22.40770400000,,,3788.00,4.770000,0.472000,0.478000,"Transit","Kepler",1
"Kepler-1987 d","Kepler-1987","TIC 271958892",5.64491415400,0.13979000,2.2599000,4769.00,4.622000,0.714000,0.799000,"Transit","Kepler",1
"Kepler-1233 b","Kepler-1233","TIC 273131021",45.12630420000,,6.6310000,6198.00,4.300000,1.250000,1.160000,"Transit","Kepler",1
"HD 29021 b","HD 29021","TIC 458350670",1365.00000000000,,,,,,0.860000,"Radial Velocity","Haute-Provence Observatory",1
"Kepler-205 b","Kepler-205","TIC 399822422",2.75564000000,,1.9480000,4321.00,4.735000,0.546000,,"Transit","Kepler",1
"Kepler-549 c","Kepler-549","TIC 164455792",117.04049800000,,8.5450000,5360.00,4.540000,0.840000,0.880000,"Transit","Kepler",1
"Kepler-1221 b","Kepler-1221","TIC 279912260",12.00096042000,,3.4330000,5194.00,4.550000,0.820000,0.870000,"Transit","Kepler",1
"Kepler-1836 b","Kepler-1836","TIC 137556026",5.25416994100,,,6123.00,4.472000,0.987000,1.053000,"Transit","Kepler",1
"Kepler-257 b","Kepler-257","TIC 273132699",2.38266700000,,1.8120000,5180.00,4.360000,1.037000,,"Transit","Kepler",1
"Kepler-42 b","Kepler-42","TIC 63126862",1.21376720000,,,3068.00,,0.170000,0.130000,"Transit","Kepler",1
"HD 75302 b","HD 75302","TIC 262587669",4356.00000000000,,,,,,1.060000,"Radial Velocity","La Silla Observatory",1
"Kepler-44 b","Kepler-44","TIC 239277658",3.24672930000,,3.1240000,5800.00,4.220000,1.350000,1.120000,"Transit","Kepler",1
"Kepler-425 b","Kepler-425","TIC 122441491",3.79701816000,,2.3530000,5170.00,4.535000,0.860000,0.930000,"Transit","Kepler",1
"KOI-984 c","KOI-984","TIC 122784501",21.51200000000,,,5295.00,4.540000,0.818000,0.928000,"Transit Timing Variations","Kepler",1
"Kepler-1912 b","Kepler-1912","TIC 123444694",6.05921983700,,,5734.00,4.462000,0.962000,0.977000,"Transit","Kepler",1
"Kepler-336 d","Kepler-336","TIC 122298677",20.67877200000,,4.5150000,5867.00,4.264000,1.304000,,"Transit","Kepler",1
"HD 156098 c","HD 156098","TIC 152449405",7841.58390000000,,,,,,1.290000,"Radial Velocity","Multiple Observatories",1
"Kepler-1258 b","Kepler-1258","TIC 279918915",0.98494016700,,1.9543000,5839.00,4.450000,0.990000,0.990000,"Transit","Kepler",1
"HD 142 b","HD 142","TIC 389757979",351.43394000000,,,,,,1.210000,"Radial Velocity","Anglo-Australian Telescope",1
"KMT-2021-BLG-0171L b","KMT-2021-BLG-0171L",,,,,5200.00,,,0.780000,"Microlensing","KMTNet",1
"Kepler-132 b","Kepler-132","TIC 237158274",6.17819600000,,3.2640000,6003.00,4.310000,1.178000,,"Transit","Kepler",1
"TOI-5174 b","TOI-5174","TIC 49428710",12.21428600000,,,5643.77,4.359580,1.094570,1.000000,"Transit","Transiting Exoplanet Survey Satellite (TESS)",1
"WASP-97 b","WASP-97","TIC 230982885",2.07276000000,1.20000000,,5640.00,4.450000,1.080000,1.180000,"Transit","SuperWASP",1
"Kepler-1646 b","Kepler-1646","TIC 158552258",4.48558383000,,0.8208000,3299.00,5.010000,0.260000,0.240000,"Transit","Kepler",1
"HD 63433 c","HD 63433","TIC 130181866",20.54382810000,,,5553.00,4.560000,0.934000,0.956000,"Transit","Transiting Exoplanet Survey Satellite (TESS)",1
"K2-342 b","K2-342","TIC 197215129",11.56105200000,,3.7300000,5920.00,4.360000,1.090000,1.010000,"Transit","K2",1
"Kepler-188 c","Kepler-188","TIC 123235018",5.99655300000,,3.2310000,6021.00,4.346000,1.141000,,"Transit","Kepler",1
"Kepler-1096 b","Kepler-1096","TIC 271255413",2.89221750600,,1.3657000,4306.00,4.660000,0.630000,0.660000,"Transit","Kepler",1
"HD 173416 b","HD 173416","TIC 157951225",322.03000000000,,,4683.00,2.480000,13.500000,2.000000,"Radial Velocity","Xinglong Station",1
"Kepler-111 c","Kepler-111","TIC 63001143",224.77833000000,0.32260000,11.1300000,5914.00,4.369000,1.145000,1.118000,"Transit","Kepler",1
"KMT-2022-BLG-1013L b","KMT-2022-BLG-1013L",,,,,,,,0.180000,"Microlensing","KMTNet",1
"Kepler-284 b","Kepler-284","TIC 275486985",12.69914900000,,2.8190000,5615.00,4.580000,0.814000,,"Transit","Kepler",1
"MOA-2013-BLG-605L b","MOA-2013-BLG-605L",,,,,,,,0.024000,"Microlensing","MOA",1
"OGLE-2016-BLG-1227L b","OGLE-2016-BLG-1227L",,,,,,,,0.100000,"Microlensing","OGLE",1
"HATS-52 b","HATS-52","TIC 19684256",1.36665436000,,2.0904000,6010.00,4.445000,1.046000,1.111000,"Transit","HATSouth",1
"HD 32963 b","HD 32963","TIC 69528586",2372.00000000000,,,5727.00,4.410000,,0.940000,"Radial Velocity","W. M. Keck Observatory",1
"Kepler-131 b","Kepler-131","TIC 121660708",16.09200000000,,,5685.00,4.417000,1.030000,1.020000,"Transit","Kepler",1
"MOA-2008-BLG-379L b","MOA-2008-BLG-379L",,,,,,,,0.560000,"Microlensing","MOA",1
"Kepler-1241 b","Kepler-1241","TIC 378013798",18.55257010000,,4.2010000,5261.00,4.560000,0.800000,0.840000,"Transit","Kepler",1
"HIP 55507 b","HIP 55507","TIC 406781410",5138.43727000000,,,,,,0.650000,"Radial Velocity","Multiple Observatories",1
"HD 1690 b","HD 1690","TIC 37763102",533.00000000000,,,4374.00,2.040000,21.660000,1.860000,"Radial Velocity","La Silla Observatory",1
"TOI-2498 b","TOI-2498","TIC 263179590",3.73825200000,,,5905.00,4.297000,1.260000,1.120000,"Transit","Transiting Exoplanet Survey Satellite (TESS)",1
"HD 29399 b","HD 29399","TIC 38828538",892.70000000000,,,4845.00,3.250000,4.500000,1.170000,"Radial Velocity","La Silla Observatory",1
"WASP-1 b","WASP-1","TIC 57984377",2.51994540000,,,,,1.470000,1.240000,"Transit","SuperWASP",1
"HD 151450 b","HD 151450","TIC 12514017",21.89288000000,,,,,,1.140000,"Radial Velocity","Multiple Observatories",1
"OGLE-TR-111 b","OGLE-TR-111","TIC 465390152",4.01444630000,,2.6797000,,,0.830000,,"Transit","OGLE",1
"Kepler-361 c","Kepler-361","TIC 272601590",55.18802300000,,9.1670000,6169.00,4.254000,1.343000,,"Transit","Kepler",1
"K2-136 b","K2-136","TIC 18310799",7.97525000000,,2.6700000,4500.00,4.680000,0.677000,0.742000,"Transit","K2",1
"K2-136 c","K2-136","TIC 18310799",17.30723000000,,3.4490000,4500.00,4.680000,0.677000,0.742000,"Transit","K2",1
"HD 18143 c","HD 18143","TIC 436933294",28982.41764000000,,,,,,0.850000,"Radial Velocity","Multiple Observatories",1
"LHS 1678 d","LHS 1678","TIC 77156829",4.96522290000,,1.0000000,3490.00,,0.329000,0.345000,"Transit","Transiting Exoplanet Survey Satellite (TESS)",1
"WASP-157 b","WASP-157","TIC 179012583",3.95162300000,,,5772.00,4.380000,1.100000,1.060000,"Transit","SuperWASP",1
"EPIC 201833600 c","K2-50","TIC 363444743",3.96151000000,,,,,,0.611000,"Transit","K2",1
"Kepler-93 b","Kepler-93","TIC 137151335",4.72673978000,,,5669.00,,0.919000,0.911000,"Transit","Kepler",1
"HD 106270 b","HD 106270","TIC 176910071",1888.00000000000,,,5509.00,3.720000,2.660000,1.390000,"Radial Velocity","W. M. Keck Observatory",1
"TOI-220 b","TOI-220","TIC 150098860",10.69526400000,,2.2390000,5298.00,4.370000,0.858000,0.825000,"Transit","Transiting Exoplanet Survey Satellite (TESS)",1
"HD 2638 b","HD 2638","TIC 244178536",3.44420000000,,,5186.00,4.380000,0.940000,0.770000,"Radial Velocity","La Silla Observatory",1
"HD 39194 c","HD 39194","TIC 389506883",14.03090000000,,,,,,0.860000,"Radial Velocity","La Silla Observatory",1
"Kepler-511 b","Kepler-511","TIC 164456037",296.63786500000,,16.2231000,5770.00,4.280000,1.200000,1.000000,"Transit","Kepler",1
"K2-151 b","K2-151","TIC 376936928",3.83547600000,,,3695.00,4.800000,0.450000,0.470000,"Transit","K2",1
"HIP 54373 b","HIP 54373","TIC 410407964",7.76000000000,,,4021.00,,,0.570000,"Radial Velocity","Las Campanas Observatory",1
"Kepler-426 b","Kepler-426","TIC 299220166",3.21751883000,,2.1910000,5725.00,4.471000,0.920000,0.910000,"Transit","Kepler",1
"TOI-6054.02","TOI-6054","TIC 392681545",12.56363600000,0.02430000,6.6200000,6047.00,4.100000,1.662000,1.107000,"Transit","Transiting Exoplanet Survey Satellite (TESS)",1
"TOI-5795 b","TOI-5795","TIC 151724385",6.14063250000,,3.4070000,5715.00,4.320000,1.082000,0.901000,"Transit","Transiting Exoplanet Survey Satellite (TESS)",1
"HS Psc b","HS Psc","TIC 353804063",3.98600000000,,,4203.00,4.660000,0.650000,0.690000,"Radial Velocity","McDonald Observatory",1
"TOI-1443 b","TOI-1443","TIC 237232044",23.54067800000,,4.2604610,5224.00,4.564000,0.751100,0.766300,"Transit","Transiting Exoplanet Survey Satellite (TESS)",1
"HD 134606 f","HD 134606","TIC 262457542",26.91500000000,,,5576.00,4.330000,1.158000,1.046000,"Radial Velocity","Multiple Observatories",1
"Kepler-1717 b","Kepler-1717","TIC 27396246",30.65279961000,,,6200.00,4.072000,1.640000,1.158000,"Transit","Kepler",1
"TOI-4329 b","TOI-4329","TIC 256722647",2.92230000000,,,6000.00,3.900000,2.310000,1.538000,"Transit","Transiting Exoplanet Survey Satellite (TESS)",1
"Kepler-784 c","Kepler-784","TIC 272078218",17.15723600000,0.01104000,11.2840000,5676.00,4.100000,1.487000,1.016000,"Transit","Kepler",1
"Kepler-1972 b","Kepler-1972","TIC 121604440",7.54425000000,,,5818.00,4.200000,1.384000,1.120000,"Transit","Kepler",1
"HD 100546 b","HD 100546","TIC 280773136",,,,10500.00,,,2.400000,"Imaging","Paranal Observatory",1
"Kepler-238 e","Kepler-238","TIC 121460918",23.65400000000,,,,4.490000,0.960000,1.060000,"Transit","Kepler",1
"Kepler-993 b","Kepler-993","TIC 63365721",22.08557563000,,2.1619000,3843.00,4.720000,0.540000,0.570000,"Transit","Kepler",1
"Teegarden's Star d","Teegarden's Star","TIC 257870150",26.13000000000,,,3034.00,5.190000,0.120000,0.097000,"Radial Velocity","Multiple Observatories",1
"OGLE-TR-132 b","OGLE-TR-132","TIC 465144510",1.68986800000,0.91700000,,6210.00,4.313000,1.320000,1.305000,"Transit","OGLE",1
"TOI-4342 c","TOI-4342","TIC 354944123",10.68866200000,,2.8540000,3866.00,4.652000,0.598000,0.587000,"Transit","Transiting Exoplanet Survey Satellite (TESS)",1
"Kepler-1761 b","Kepler-1761","TIC 48421337",4.04354000100,,,3871.00,4.744000,0.532000,0.573000,"Transit","Kepler",1
"Kepler-865 c","Kepler-865","TIC 273499989",6.20920207000,0.01019000,2.6370000,5440.00,4.438000,0.885000,0.782000,"Transit","Kepler",1
"K2-59 b","K2-59","TIC 188570847",20.69210000000,,2.7600000,5055.00,4.592000,0.731000,0.774000,"Transit","K2",1
"Kepler-1062 b","Kepler-1062","TIC 120043084",9.30412078000,,1.8914000,4597.00,4.620000,0.700000,0.750000,"Transit","Kepler",1
"OGLE-2018-BLG-0516L b","OGLE-2018-BLG-0516L",,,,,,,,0.470000,"Microlensing","OGLE",1
"Kepler-809 b","Kepler-809","TIC 299156496",55.63934000000,,7.1190000,5734.00,4.450000,0.980000,0.990000,"Transit","Kepler",1
"Kepler-941 b","Kepler-941","TIC 270959184",17.42395198000,,4.8730000,5539.00,4.530000,0.860000,0.890000,"Transit","Kepler",1
"TOI-5799 b","TOI-5799","TIC 328081248",4.16450700000,,1.3522000,3452.00,4.936000,0.321000,0.325000,"Transit","Transiting Exoplanet Survey Satellite (TESS)",1
"Kepler-1400 b","Kepler-1400","TIC 158212755",9.06689421000,,2.9570000,5044.00,4.580000,0.780000,0.830000,"Transit","Kepler",1
"HD 10975 b","HD 10975","TIC 28763463",283.80000000000,,,4840.00,2.480000,11.160000,1.410000,"Radial Velocity","Okayama Astrophysical Observatory",1
"HAT-P-20 b","HAT-P-20","TIC 26826078",2.87531700000,0.98980000,1.8480000,4595.00,4.630000,0.694000,0.756000,"Transit","HATNet",1
"Kepler-920 c","Kepler-920","TIC 267570317",100.82741130000,,8.2810000,5403.00,4.540000,0.850000,0.890000,"Transit","Kepler",1
"KMT-2024-BLG-0404L c","KMT-2024-BLG-0404L",,,,,,,,0.090000,"Microlensing","KMTNet",1
"Kepler-1505 b","Kepler-1505","TIC 137408775",30.86093660000,,4.1090000,5686.00,4.540000,0.860000,0.930000,"Transit","Kepler",1
"Kepler-545 b","Kepler-545","TIC 122446089",13.24934059000,,4.4634000,5882.00,4.390000,1.070000,1.040000,"Transit","Kepler",1
"TOI-1438 b","TOI-1438","TIC 229650439",5.13967000000,,1.0400000,5230.00,4.500000,0.820000,0.876000,"Transit","Transiting Exoplanet Survey Satellite (TESS)",1
"HATS-3 b","HATS-3","TIC 336732616",3.54785100000,,3.5856000,6351.00,4.220000,1.404000,1.209000,"Transit","HATSouth",1
"HD 135694 b","HD 135694","TIC 232540264",15.92347556800,,4.4904000,5712.00,,1.080000,1.020000,"Transit","Transiting Exoplanet Survey Satellite (TESS)",1
"HR 5183 b","HR 5183","TIC 379117362",27000.00000000000,,,5794.00,4.020000,1.530000,1.070000,"Radial Velocity","Multiple Observatories",1
"Kepler-374 c","Kepler-374","TIC 270863576",3.28280700000,,3.3090000,5977.00,4.479000,0.911000,,"Transit","Kepler",1
"TOI-2200 b","TOI-2200","TIC 142105158",2.93602836512,,2.2530649,5036.17,4.582900,0.826247,,"Transit","Transiting Exoplanet Survey Satellite (TESS)",1
"TOI-2295 c","TOI-2295","TIC 48018596",966.50000000000,,,5730.00,4.176000,1.459000,1.168000,"Radial Velocity","Haute-Provence Observatory",1
"TOI-205 b","TOI-205","TIC 281575427",4.25300773815,,3.3953599,6302.74,4.233500,1.453820,,"Transit","Transiting Exoplanet Survey Satellite (TESS)",1
"Kepler-1547 b","Kepler-1547","TIC 164646094",0.69297967600,,1.0820000,6078.00,4.340000,1.180000,1.120000,"Transit","Kepler",1
"Kepler-1181 c","Kepler-1181","TIC 394176812",8.93484887000,0.01359000,2.5790000,6688.00,4.304000,1.347000,1.336000,"Transit","Kepler",1
"EPIC 220674823 c","EPIC 220674823","TIC 266015990",13.34060300000,,3.7822000,5578.00,4.408000,0.990000,0.913000,"Transit","K2",1
"HD 160691 e","HD 160691","TIC 362661163",307.90000000000,,,5773.00,4.200000,1.330000,1.130000,"Radial Velocity","La Silla Observatory",1
"Kepler-1471 c","Kepler-1471","TIC 416282121",11.60448810000,0.02676000,3.4090000,5533.00,4.275000,1.166000,0.934000,"Transit","Kepler",1
"WASP-197 b","WASP-197","TIC 85266608",5.16722800000,0.39310000,,6050.00,3.900000,2.112000,1.360000,"Transit","SuperWASP",1
"Kepler-1279 b","Kepler-1279","TIC 121465371",23.47741010000,,7.2710000,6221.00,4.260000,1.330000,1.210000,"Transit","Kepler",1
"Kepler-1438 b","Kepler-1438","TIC 121946404",2.31942009000,,1.6120000,5530.00,4.460000,0.960000,0.970000,"Transit","Kepler",1
"Kepler-446 b","Kepler-446","TIC 123417850",1.56540900000,,0.6456000,3359.00,,0.240000,0.220000,"Transit","Kepler",1
"Kepler-1197 b","Kepler-1197","TIC 63004645",2.03231845000,,1.1214000,4708.00,4.620000,0.720000,0.780000,"Transit","Kepler",1
"KOBE-1 c","KOBE-1","TIC 16917838",29.67100000000,,,4135.00,5.070000,0.619000,0.629000,"Radial Velocity","Calar Alto Observatory",1
"Kepler-113 b","Kepler-113","TIC 298834019",4.75400000000,,,4725.00,4.636000,0.690000,0.750000,"Transit","Kepler",1
"Kepler-10 c","Kepler-10","TIC 377780790",45.29430100000,,,5708.00,4.344000,1.065000,0.910000,"Transit","Kepler",1
"Kepler-1963 b","Kepler-1963","TIC 272597196",1.96226000800,,,5726.00,4.418000,0.979000,0.915000,"Transit","Kepler",1
"Kepler-357 b","Kepler-357","TIC 159649595",6.47543400000,,2.6510000,5036.00,4.503000,0.834000,,"Transit","Kepler",1
"WASP-24 b","WASP-24","TIC 460396820",2.34121000000,1.00000000,,6075.00,4.260000,1.420000,1.430000,"Transit","SuperWASP",1
"TOI-3261 b","TOI-3261","TIC 358070912",0.88313310000,,1.6180000,5068.00,4.190000,0.849000,0.861000,"Transit","Transiting Exoplanet Survey Satellite (TESS)",1
"Kepler-223 c","Kepler-223","TIC 273876171",9.84564000000,,,,,1.720000,1.125000,"Transit","Kepler",1
"Kepler-1417 b","Kepler-1417","TIC 122707371",20.35052130000,,7.3160000,5839.00,4.430000,1.020000,1.020000,"Transit","Kepler",1
"KMT-2016-BLG-2321L b","KMT-2016-BLG-2321L",,,,,,,,0.730000,"Microlensing","KMTNet",1
"Kepler-755 b","Kepler-755","TIC 239227652",1.26909037400,,1.5736000,5043.00,4.580000,0.770000,0.820000,"Transit","Kepler",1
"HD 180314 b","HD 180314","TIC 392658786",394.73000000000,,,4917.00,2.980000,9.200000,2.600000,"Radial Velocity","Subaru Telescope",1
"Kepler-390 b","Kepler-390","TIC 137340986",6.73808800000,,2.3770000,5166.00,4.569000,0.776000,,"Transit","Kepler",1
"Kepler-202 b","Kepler-202","TIC 258202719",4.06942700000,,2.0670000,4668.00,4.650000,0.667000,,"Transit","Kepler",1
"KMT-2021-BLG-0748L b","KMT-2021-BLG-0748L",,,,,,,,0.360000,"Microlensing","KMTNet",1
"Kepler-403 d","Kepler-403","TIC 159174926",13.61159129000,,7.5080000,6209.00,4.210000,1.450000,1.250000,"Transit","Kepler",1
"K2-57 b","K2-57","TIC 146799150",9.00730000000,0.09900000,2.5800000,4413.00,4.629000,0.671000,0.699000,"Transit","K2",1
"K2-28 b","K2-28","TIC 39926974",2.26045500000,,,3214.00,4.930000,0.288000,0.257000,"Transit","K2",1
"Kepler-292 f","Kepler-292","TIC 271960465",20.83423700000,,4.3410000,5299.00,4.536000,0.826000,,"Transit","Kepler",1
"Kepler-220 d","Kepler-220","TIC 159759306",28.12239700000,,4.1030000,4632.00,4.652000,0.666000,,"Transit","Kepler",1
"Kepler-366 c","Kepler-366","TIC 27914560",12.51616000000,,4.8380000,6209.00,4.452000,1.048000,,"Transit","Kepler",1
"HD 67087 c","HD 67087","TIC 165796397",2374.00000000000,,,6330.00,4.190000,1.550000,1.360000,"Radial Velocity","Multiple Observatories",1
"HD 191939 f","HD 191939","TIC 269701147",2898.00000000000,,,5348.00,4.300000,0.940000,0.810000,"Radial Velocity","W. M. Keck Observatory",1
"KMT-2019-BLG-1216L b","KMT-2019-BLG-1216L",,,,,,,,0.390000,"Microlensing","KMTNet",1
"TOI-4465 b","TOI-4465","TIC 157236902",101.94054000000,,,5545.00,4.379000,1.014000,0.930000,"Transit","Transiting Exoplanet Survey Satellite (TESS)",1
"bet UMi b","bet UMi","TIC 229540730",522.30000000000,,,4126.00,1.500000,38.300000,1.400000,"Radial Velocity","Bohyunsan Optical Astronomical Observatory",1
"Kepler-309 b","Kepler-309","TIC 273373488",5.92365300000,,2.7870000,4713.00,4.612000,0.721000,,"Transit","Kepler",1
"Kepler-686 b","Kepler-686","TIC 399794420",1.59474546300,,1.9561000,5649.00,4.490000,0.920000,0.940000,"Transit","Kepler",1
"TOI-907.01","TOI-907","TIC 305424003",4.58491290000,,5.2493974,6272.00,3.839900,2.059789,1.069357,"Transit","Transiting Exoplanet Survey Satellite (TESS)",1
"NGTS-26 b","NGTS-26","TIC 392747437",4.51992790000,,3.7190000,5550.00,4.100000,1.160000,0.960000,"Transit","Next-Generation Transit Survey (NGTS)",1
"HD 39091 b","HD 39091","TIC 261136679",2088.80000000000,,,5998.00,4.430000,1.170000,1.070000,"Radial Velocity","Anglo-Australian Telescope",1
"TOI-2322 b","TOI-2322","TIC 300812741",11.30717000000,,2.8000000,4664.00,4.570000,0.662000,0.703000,"Transit","Transiting Exoplanet Survey Satellite (TESS)",1
"TOI-2322 c","TOI-2322","TIC 300812741",20.22552800000,,2.3070000,4664.00,4.570000,0.662000,0.703000,"Transit","Transiting Exoplanet Survey Satellite (TESS)",1
"Kepler-103 c","Kepler-103","TIC 121865656",179.60978000000,,,6047.00,4.170000,1.492000,1.212000,"Transit","Kepler",1
"TOI-707 b","TOI-707","TIC 167342439",52.79918000000,,6.2150000,5424.00,4.390000,0.978000,0.990000,"Transit","Transiting Exoplanet Survey Satellite (TESS)",1
"WASP-5 b","WASP-5","TIC 184240683",1.62842790000,1.18000000,2.3688000,5700.00,4.395000,1.029000,0.960000,"Transit","SuperWASP",1
"HD 7924 c","HD 7924","TIC 468723402",15.29900000000,,,5075.00,4.590000,0.782100,0.832000,"Radial Velocity","W. M. Keck Observatory",1
"HD 183263 b","HD 183263","TIC 134245358",624.87404000000,,,,,,1.060000,"Radial Velocity","W. M. Keck Observatory",1
"HD 171238 b","HD 171238","TIC 228217280",1515.00000000000,,,,,,0.920000,"Radial Velocity","La Silla Observatory",1
"HD 175541 b","HD 175541","TIC 227196910",298.43000000000,,,5013.00,3.330000,4.190000,1.390000,"Radial Velocity","W. M. Keck Observatory",1
"HD 33142 b","HD 33142","TIC 169397663",330.00000000000,,,5025.40,3.375000,4.170000,1.520000,"Radial Velocity","W. M. Keck Observatory",1
"Kepler-291 b","Kepler-291","TIC 158631683",3.54651100000,,2.2660000,6002.00,4.472000,1.016000,,"Transit","Kepler",1
"HD 154672 b","HD 154672","TIC 380086262",163.94000000000,,,5743.00,4.270000,1.320000,1.180000,"Radial Velocity","Las Campanas Observatory",1
"K2-77 b","K2-77","TIC 435339847",8.20008440000,0.08310000,2.5440000,5160.00,4.569000,0.792000,0.847000,"Transit","K2",1
"K2-266 b","K2-266","TIC 374180079",0.65852400000,0.18000000,0.3333600,4285.00,4.581000,0.703000,0.686000,"Transit","K2",1
"Kepler-990 c","Kepler-990","TIC 273591945",0.53835430800,,1.4801000,5948.00,4.390000,1.080000,1.050000,"Transit","Kepler",1
"TOI-2992 b","TOI-2992","TIC 49045066",3.00781200000,0.66600000,3.8400000,6000.00,4.139000,1.545000,1.210000,"Transit","Transiting Exoplanet Survey Satellite (TESS)",1
"Kepler-450 d","Kepler-450","TIC 27534138",7.51464000000,,,6197.21,4.083070,1.641620,1.190000,"Transit","Kepler",1
"Kepler-638 b","Kepler-638","TIC 120420633",6.07972888000,,7.3431000,5382.00,4.430000,0.930000,0.880000,"Transit","Kepler",1
"Kepler-479 b","Kepler-479","TIC 122682249",12.49341307000,,2.2382000,5247.00,4.560000,0.810000,0.860000,"Transit","Kepler",1
"Kepler-363 d","Kepler-363","TIC 258349590",11.93212500000,,6.3500000,5593.00,4.152000,1.485000,,"Transit","Kepler",1
"Kepler-1946 b","Kepler-1946","TIC 123451321",3.03519010500,,,5505.00,4.503000,0.873000,0.887000,"Transit","Kepler",1
"24 Sex c","24 Sex","TIC 1713457",883.00000000000,,,5098.00,3.500000,4.900000,1.540000,"Radial Velocity","Lick Observatory",1
"Kepler-1747 b","Kepler-1747","TIC 164670571",6.23031997700,,,5477.00,4.557000,0.865000,0.983000,"Transit","Kepler",1
"K2-335 b","K2-335","TIC 21247758",12.28321100000,,4.3100000,6222.00,4.280000,1.330000,1.230000,"Transit","K2",1
"K2-344 b","K2-344","TIC 203289099",3.35585000000,,1.7600000,4374.00,4.760000,0.490000,0.510000,"Transit","K2",1
"KELT-6 c","KELT-6","TIC 165987272",1276.00000000000,,,6272.00,4.120000,1.529000,1.126000,"Radial Velocity","Multiple Observatories",1
"Kepler-126 b","Kepler-126","TIC 159046962",10.49571100000,,4.8150000,6239.00,4.247000,1.358000,,"Transit","Kepler",1
"Kepler-228 d","Kepler-228","TIC 27772524",11.09428600000,,4.5910000,6043.00,4.467000,1.014000,,"Transit","Kepler",1
"NGTS-15 b","NGTS-15","TIC 1333933",3.27623000000,,2.5040000,5600.00,4.400000,0.954000,0.995000,"Transit","Next-Generation Transit Survey (NGTS)",1
"BD+37 3172 b","BD+37 3172","TIC 289572819",1887.76000000000,,,4500.00,1.500000,50.240000,3.750000,"Radial Velocity","McDonald Observatory",1
"CoRoT-19 b","CoRoT-19","TIC 42821097",3.89713000000,,4.7000000,6090.00,4.070000,1.650000,1.210000,"Transit","CoRoT",1
"Kepler-1625 b","Kepler-1625","TIC 184011870",287.37894900000,,18.8860000,5677.00,4.480000,0.940000,0.960000,"Transit","Kepler",1
"Kepler-629 b","Kepler-629","TIC 122063843",7.23858540000,,3.1069000,5444.00,4.550000,0.840000,0.930000,"Transit","Kepler",1
"TOI-6677 b","TOI-6677","TIC 62085710",5.45060661625,,4.6304467,6572.28,4.111900,1.571670,,"Transit","Transiting Exoplanet Survey Satellite (TESS)",1
"K2-397 b","K2-397","TIC 6139066",3.57232600000,,,5387.00,4.435000,0.966000,0.937000,"Transit","K2",1
"Kepler-1354 b","Kepler-1354","TIC 137096633",76.61337700000,,9.7620000,6168.00,4.310000,1.240000,1.160000,"Transit","Kepler",1
"TOI-1194 b","TOI-1194","TIC 147950620",2.31064460000,,1.6276453,5394.00,4.463000,0.960800,0.983500,"Transit","Transiting Exoplanet Survey Satellite (TESS)",1
"KELT-17 b","KELT-17","TIC 6893917",3.08017160000,0.90700000,3.4752000,7454.00,4.220000,1.645000,1.635000,"Transit","KELT",1
"TOI-3919 b","TOI-3919","TIC 23769326",7.43323400000,0.69500000,3.8540000,6100.00,4.279000,1.319000,1.208000,"Transit","Transiting Exoplanet Survey Satellite (TESS)",1
"Kepler-65 d","Kepler-65","TIC 121731834",8.13123000000,0.00980000,4.1000000,6211.00,4.232000,1.410000,1.250000,"Transit","Kepler",1
"Kepler-1656 c","Kepler-1656","TIC 120255950",1919.00000000000,,,,,1.100000,1.030000,"Radial Velocity","W. M. Keck Observatory",1
"MOA-2016-BLG-526L b","MOA-2016-BLG-526L",,,,,,,,0.370000,"Microlensing","MOA",1
"K2-71 b","K2-71","TIC 402287746",6.98541000000,,1.4100000,4006.00,4.852000,0.426000,0.477000,"Transit","K2",1
"TOI-3785 b","TOI-3785","TIC 458419328",4.67473730000,0.92540000,1.7000000,3576.00,4.747000,0.500000,0.520000,"Transit","Transiting Exoplanet Survey Satellite (TESS)",1
"Kepler-1595 b","Kepler-1595","TIC 279915521",4.56380468000,,2.3200000,5203.00,4.560000,0.800000,0.840000,"Transit","Kepler",1
"KOI-351 d","KOI-351","TIC 267667295",59.73667000000,,8.4000000,6080.00,4.400000,1.200000,1.200000,"Transit","Kepler",1
"TOI-837 b","TOI-837","TIC 460205581",8.32491130000,,1.9830000,5995.00,4.453000,1.052000,1.142000,"Transit","Transiting Exoplanet Survey Satellite (TESS)",1
"TOI-4860 b","TOI-4860","TIC 335590096",1.52275910000,,1.2310000,3260.00,4.860000,0.358000,0.340000,"Transit","Transiting Exoplanet Survey Satellite (TESS)",1
"NGTS-3 A b","NGTS-3 A","TIC 124778445",1.67537280000,2.68000000,2.3000000,5600.00,,0.930000,1.017000,"Transit","Next-Generation Transit Survey (NGTS)",1
"K2-174 b","K2-174","TIC 243014114",19.56230700000,,5.8080000,4455.00,4.625000,0.676000,0.700000,"Transit","K2",1
"Kepler-1880 b","Kepler-1880","TIC 121333305",6.30921983700,,,4380.00,4.710000,0.530000,0.524000,"Transit","Kepler",1
"HAT-P-6 b","HAT-P-6","TIC 176899385",3.85298000000,0.87000000,,6570.00,4.220000,1.620000,1.790000,"Transit","HATNet",1
"LHS 1903 d","LHS 1903","TIC 318022259",12.56628700000,0.18080000,2.7620000,3664.00,4.750000,0.539000,0.538000,"Transit","Transiting Exoplanet Survey Satellite (TESS)",1
"TOI-1201 b","TOI-1201","TIC 29960110",2.49198630000,,1.7470000,3476.00,4.800000,0.508000,0.512000,"Transit","Transiting Exoplanet Survey Satellite (TESS)",1
"Kepler-1093 c","Kepler-1093","TIC 120420344",89.72229200000,,10.6780000,6166.00,4.330000,1.200000,1.130000,"Transit","Kepler",1
"Kepler-203 d","Kepler-203","TIC 169084431",11.32972000000,,3.9920000,5821.00,4.358000,1.114000,,"Transit","Kepler",1
"KMT-2018-BLG-1025L b","KMT-2018-BLG-1025L",,,,,,,,0.219000,"Microlensing","KMTNet",1
"Kepler-379 c","Kepler-379","TIC 184167421",62.78469700000,,4.6780000,6054.00,4.273000,1.306000,,"Transit","Kepler",1
"WASP-181 b","WASP-181","TIC 293457754",4.51950640000,1.59000000,3.0648000,5839.00,4.487000,0.965000,1.040000,"Transit","SuperWASP",1
"Kepler-1033 b","Kepler-1033","TIC 164560648",7.56052806000,,3.8262000,5547.00,4.490000,0.920000,0.940000,"Transit","Kepler",1
"Kepler-684 b","Kepler-684","TIC 122607324",6.77030200800,,1.9398000,5493.00,4.530000,0.860000,0.890000,"Transit","Kepler",1
"Kepler-393 b","Kepler-393","TIC 159580535",9.18241700000,,4.3430000,6189.00,4.233000,1.382000,,"Transit","Kepler",1
"WASP-72 b","WASP-72","TIC 122612091",2.21673000000,0.37000000,,6250.00,4.090000,2.180000,2.780000,"Transit","SuperWASP",1
"Kepler-378 b","Kepler-378","TIC 271354634",16.09236100000,,1.9370000,4661.00,4.647000,0.671000,,"Transit","Kepler",1
"WASP-133 b","WASP-133","TIC 92449173",2.17642300000,,3.4392000,5700.00,4.180000,1.440000,1.160000,"Transit","SuperWASP-South",1
"HATS-65 b","HATS-65","TIC 169504920",3.10516100000,,2.8848000,6277.00,4.303000,1.310000,1.257000,"Transit","HATSouth",1
"HD 35759 b","HD 35759","TIC 286954708",82.46700000000,,,6060.00,4.240000,,1.150000,"Radial Velocity","Haute-Provence Observatory",1
"Kepler-1702 b","Kepler-1702","TIC 164830907",18.50120000000,,,5093.00,4.645920,0.725742,0.850000,"Transit","Kepler",1
"Kepler-550 b","Kepler-550","TIC 273376082",8.60010410900,,4.0251000,5322.00,4.550000,0.830000,0.870000,"Transit","Kepler",1
"GJ 887 c","GJ 887","TIC 155315739",21.78400000000,,,3688.00,4.156000,0.468000,0.495000,"Radial Velocity","La Silla Observatory",1
"TOI-4458 b","TOI-4458","TIC 229671380",3.93937920000,0.33680000,5.7530000,6151.00,3.960000,1.960000,1.470000,"Transit","Transiting Exoplanet Survey Satellite (TESS)",1
"Kepler-1895 b","Kepler-1895","TIC 26493559",6.07029008900,,,5076.00,4.598000,0.763000,0.860000,"Transit","Kepler",1
"TOI-1634 c","TOI-1634","TIC 201186294",103.00000000000,,,3472.00,4.787000,0.450000,0.451000,"Radial Velocity","Multiple Observatories",1
"Kepler-1218 b","Kepler-1218","TIC 159763595",22.92212660000,,8.2610000,5986.00,4.380000,1.100000,1.060000,"Transit","Kepler",1
"GJ 238 b","GJ 238","TIC 260708537",1.74469990000,,1.2390000,3485.00,,0.431400,0.419300,"Transit","Transiting Exoplanet Survey Satellite (TESS)",1
"TIC 445839811 b","TIC 445839811","TIC 445839811",11.10862603180,,4.2066479,5408.25,4.501700,0.850041,,"Transit","Transiting Exoplanet Survey Satellite (TESS)",1
"HIP 98599 b","HIP 98599","TIC 74541369",2656.00000000000,,,5978.00,,,1.190000,"Radial Velocity","Multiple Facilities",1
"Kepler-323 b","Kepler-323","TIC 137150039",1.67832800000,,,6004.00,,1.120000,1.015000,"Transit","Kepler",1
"K2-268 e","K2-268","TIC 444037742",6.13124300000,,2.5400000,5106.00,4.580000,0.780000,0.840000,"Transit","K2",1
"Kepler-8 b","Kepler-8","TIC 123233041",3.52249910000,,,6213.00,4.174000,1.486000,1.213000,"Transit","Kepler",1
"Kepler-904 b","Kepler-904","TIC 121789066",3.02166863200,,2.7580000,6160.00,4.310000,1.250000,1.160000,"Transit","Kepler",1
"Kepler-772 b","Kepler-772","TIC 137150277",12.99207337000,,5.9838000,5714.00,4.330000,1.110000,0.980000,"Transit","Kepler",1
"Kepler-669 b","Kepler-669","TIC 26541079",4.12554686900,,3.1389000,6038.00,4.340000,1.200000,1.150000,"Transit","Kepler",1
"Kepler-1610 c","Kepler-1610","TIC 272073436",44.98518850000,0.06178000,4.1640000,5295.00,4.548000,0.800000,0.825000,"Transit","Kepler",1
"Kepler-310 b","Kepler-310","TIC 158840828",13.93069800000,,2.1040000,5797.00,4.521000,0.876000,,"Transit","Kepler",1
"Kepler-427 b","Kepler-427","TIC 158668572",10.29099400000,,4.2860000,5800.00,4.140000,1.350000,0.960000,"Transit","Kepler",1
"NGTS-33 b","NGTS-33","TIC 97921547",2.82797200000,,2.6200000,7437.00,4.260000,1.470000,1.600000,"Transit","Transiting Exoplanet Survey Satellite (TESS)",1
"TOI-3976 A b","TOI-3976 A","TIC 154293917",6.60766200000,0.56200000,4.5170000,5975.00,4.183000,1.501000,1.254000,"Transit","Transiting Exoplanet Survey Satellite (TESS)",1
"HD 191939 e","HD 191939","TIC 269701147",101.12000000000,,,5348.00,4.300000,0.940000,0.810000,"Radial Velocity","W. M. Keck Observatory",1
"Kepler-1876 b","Kepler-1876","TIC 171883078",6.99205000000,,,6104.00,,1.477000,1.187000,"Transit","Kepler",1
"Kepler-1771 b","Kepler-1771","TIC 26583944",88.64399719000,,,5661.00,4.471000,0.934000,0.941000,"Transit","Kepler",1
"HD 224693 b","HD 224693","TIC 114807081",26.69040000000,,,5894.00,,1.930000,1.310000,"Radial Velocity","W. M. Keck Observatory",1
"HD 457 b","HD 457","TIC 120506209",20324.58153000000,,,,,,1.150000,"Radial Velocity","Multiple Observatories",1
"TOI-469.01","TOI-469","TIC 33692729",13.63082050000,,4.3270000,5289.00,4.390000,0.980000,0.901000,"Transit","Transiting Exoplanet Survey Satellite (TESS)",1
"HIP 65891 b","HIP 65891","TIC 68418284",1089.60000000000,,,5000.00,,8.930000,2.500000,"Radial Velocity","Multiple Observatories",1
"Kepler-227 c","Kepler-227","TIC 26539443",54.41869400000,,4.5110000,5854.00,4.401000,1.091000,,"Transit","Kepler",1
"Kepler-127 d","Kepler-127","TIC 164881786",48.63040800000,,7.0180000,6106.00,4.265000,1.359000,,"Transit","Kepler",1
"K2-184 b","K2-184","TIC 21244210",16.97801020000,,,5245.00,4.620000,0.750000,0.840000,"Transit","K2",1
"Kepler-1026 b","Kepler-1026","TIC 237192046",36.51560530000,,3.5880000,4948.00,4.590000,0.750000,0.790000,"Transit","Kepler",1
"HD 63765 b","HD 63765","TIC 340697083",358.00000000000,,,5449.00,4.410000,0.830000,0.650000,"Radial Velocity","La Silla Observatory",1
"Kepler-371 b","Kepler-371","TIC 137550286",34.76327800000,,4.1740000,5666.00,4.390000,0.992000,,"Transit","Kepler",1
"Kepler-438 b","Kepler-438","TIC 336266673",35.23319000000,,3.4800000,3748.00,4.740000,0.520000,0.544000,"Transit","Kepler",1
"HD 27442 b","HD 27442","TIC 198079199",428.10000000000,,,4846.00,3.783000,,1.230000,"Radial Velocity","Anglo-Australian Telescope",1
"Kepler-214 b","Kepler-214","TIC 164785720",15.66054400000,,7.0060000,6169.00,4.249000,1.352000,,"Transit","Kepler",1
"Kepler-398 b","Kepler-398","TIC 137155210",4.08142300000,,2.2870000,4493.00,4.689000,0.613000,,"Transit","Kepler",1
"Kepler-310 c","Kepler-310","TIC 158840828",56.47542000000,,6.1330000,5797.00,4.521000,0.876000,,"Transit","Kepler",1
"TOI-2485 b","TOI-2485","TIC 328934463",11.23479000000,,6.5670000,,,1.720000,1.163000,"Transit","Transiting Exoplanet Survey Satellite (TESS)",1
"Kepler-982 b","Kepler-982","TIC 158730203",15.77382210000,,4.9443000,6139.00,4.280000,1.290000,1.160000,"Transit","Kepler",1
"Kepler-1535 b","Kepler-1535","TIC 120961712",138.94420000000,,10.4560000,6021.00,4.380000,1.110000,1.080000,"Transit","Kepler",1
"Kepler-110 b","Kepler-110","TIC 26751563",12.69111200000,,3.7550000,5960.00,4.327000,1.149000,,"Transit","Kepler",1
"HD 73534 b","HD 73534","TIC 21285884",1750.00000000000,,,4917.00,3.600000,2.580000,1.160000,"Radial Velocity","W. M. Keck Observatory",1
"Kepler-1630 b","Kepler-1630","TIC 273237673",509.99740200000,,8.4810000,4736.00,4.660000,0.630000,0.660000,"Transit","Kepler",1
"Kepler-824 b","Kepler-824","TIC 122447994",4.51436633000,,2.9560000,6035.00,4.320000,1.220000,1.150000,"Transit","Kepler",1
"HATS-50 b","HATS-50","TIC 301031110",3.82970150000,,3.0792000,5990.00,4.411000,1.117000,1.168000,"Transit","HATSouth",1
"HD 177565 b","HD 177565","TIC 254147274",44.50500000000,,,,,,1.000000,"Radial Velocity","La Silla Observatory",1
"Kepler-1372 b","Kepler-1372","TIC 158843824",1.31155556800,,2.0250000,5677.00,4.460000,0.970000,0.980000,"Transit","Kepler",1
"KMT-2019-BLG-1367L b","KMT-2019-BLG-1367L",,,,,,,,0.250000,"Microlensing","KMTNet",1
"TWA 7 b","TWA 7","TIC 54147487",,,,,,,0.460000,"Imaging","James Webb Space Telescope (JWST)",1
"K2-14 b","K2-14","TIC 366683184",8.36802000000,0.94300000,,3789.00,,0.450000,0.470000,"Transit","K2",1
"Kepler-511 c","Kepler-511","TIC 164456037",26.62949944000,,,5866.00,4.117000,1.417000,0.958000,"Transit","Kepler",1
"TOI-470 b","TOI-470","TIC 37770169",12.19148000000,0.22750000,3.0630000,5190.00,4.540000,0.831000,0.870000,"Transit","Transiting Exoplanet Survey Satellite (TESS)",1
"Kepler-813 b","Kepler-813","TIC 377782430",19.12947337000,,3.7570000,5743.00,4.480000,0.930000,0.950000,"Transit","Kepler",1
"TOI-2000 c","TOI-2000","TIC 371188886",9.12705500000,,3.6540000,5611.00,4.363000,1.134000,1.082000,"Transit","Transiting Exoplanet Survey Satellite (TESS)",1
"Kepler-611 b","Kepler-611","TIC 158113449",2.43703330200,,3.2010000,5761.00,4.430000,1.010000,1.010000,"Transit","Kepler",1
"Kepler-595 b","Kepler-595","TIC 27231753",25.30290920000,,,,,0.821000,0.930000,"Transit","Kepler",1
"HD 220689 b","HD 220689","TIC 9156146",2266.40000000000,,,5921.00,4.360000,1.068000,1.016000,"Radial Velocity","La Silla Observatory",1
"V830 Tau b","V830 Tau","TIC 268397995",4.92700000000,,,4250.00,,2.000000,1.000000,"Radial Velocity","Multiple Observatories",1
"HD 181433 d","HD 181433","TIC 410399074",6896.10000000000,,,,,,0.860000,"Radial Velocity","La Silla Observatory",1
"Kepler-41 b","Kepler-41","TIC 271042217",1.85555820000,,2.4341000,5750.00,4.278000,1.290000,1.150000,"Transit","Kepler",1
"Kepler-229 c","Kepler-229","TIC 399912169",16.06863800000,,3.5460000,5120.00,4.633000,0.728000,,"Transit","Kepler",1
"Kepler-1815 b","Kepler-1815","TIC 239273090",12.19139957000,,,5516.00,4.399000,0.967000,0.856000,"Transit","Kepler",1
"Kepler-769 c","Kepler-769","TIC 137815803",15.98701740000,,4.2790000,6186.00,4.300000,1.280000,1.190000,"Transit","Kepler",1
"Kepler-1770 b","Kepler-1770","TIC 268603980",16.84189987000,,,5602.00,4.404000,1.009000,0.941000,"Transit","Kepler",1
"Kepler-520 c","Kepler-520","TIC 138097531",5.21104261000,,3.3011000,6112.00,4.410000,1.090000,1.100000,"Transit","Kepler",1
"TOI-1268 b","TOI-1268","TIC 142394656",8.15770940000,0.81860000,4.0010000,5300.00,4.550000,0.920000,0.960000,"Transit","Transiting Exoplanet Survey Satellite (TESS)",1
"Kepler-68 b","Kepler-68","TIC 417676622",5.39875259000,,,5847.00,,1.256400,1.057000,"Transit","Kepler",1
"Kepler-79 d","Kepler-79","TIC 239306681",52.08970000000,0.24789000,,6389.00,,1.316000,1.244000,"Transit","Kepler",1
"Kepler-600 b","Kepler-600","TIC 164646661",23.67517607000,,4.6120000,5279.00,4.560000,0.810000,0.840000,"Transit","Kepler",1
"GJ 1061 d","GJ 1061","TIC 79611981",13.06600000000,,,2953.00,,0.156000,0.120000,"Radial Velocity","La Silla Observatory",1
"Kepler-374 d","Kepler-374","TIC 270863576",5.02821900000,,3.4400000,5977.00,4.479000,0.911000,,"Transit","Kepler",1
"Kepler-1292 b","Kepler-1292","TIC 164830162",3.27646405000,,2.2720000,5556.00,4.490000,0.930000,0.950000,"Transit","Kepler",1
"Kepler-1666 c","Kepler-1666","TIC 273685548",40.71570000000,,,6293.00,4.409710,1.145860,1.230000,"Transit","Kepler",1
"Kepler-1359 b","Kepler-1359","TIC 159102744",59.49709520000,,5.6020000,4709.00,4.620000,0.720000,0.780000,"Transit","Kepler",1
"TOI-6707 b","TOI-6707","TIC 287328202",3.83479363758,,3.5182216,6289.49,4.157800,1.582020,,"Transit","Transiting Exoplanet Survey Satellite (TESS)",1
"TOI-375 b","TOI-375","TIC 280097543",9.45469000000,,9.8400000,5259.90,3.672000,2.900000,1.441000,"Transit","Transiting Exoplanet Survey Satellite (TESS)",1
"Kepler-342 b","Kepler-342","TIC 63293562",15.17031800000,,4.0160000,6175.00,4.187000,1.472000,,"Transit","Kepler",1
"WASP-153 b","WASP-153","TIC 157586003",3.33260900000,,3.8400000,5914.00,4.100000,1.730000,1.336000,"Transit","SuperWASP",1
"Kepler-853 b","Kepler-853","TIC 48419201",7.16892463000,,4.5907000,6350.00,4.170000,1.550000,1.300000,"Transit","Kepler",1
"K2-124 b","K2-124","TIC 197221381",6.41365100000,,1.6800000,3570.00,4.858000,0.388000,0.390000,"Transit","K2",1
"Kepler-1061 b","Kepler-1061","TIC 27776660",2.75798266600,,2.2906000,6067.00,4.420000,1.070000,1.090000,"Transit","Kepler",1
"TOI-201 d","TOI-201","TIC 350618622",5.84889000000,,,6423.00,,1.310000,1.320000,"Transit","Transiting Exoplanet Survey Satellite (TESS)",1
"K2-413 b","K2-413","TIC 423610130",0.80940000000,,,4116.00,4.656000,0.700000,0.808000,"Transit","K2",1
"TOI-6002 b","TOI-6002","TIC 102734241",10.90482100000,0.38700000,1.6570000,3229.00,4.989000,0.243200,0.210100,"Transit","Transiting Exoplanet Survey Satellite (TESS)",1
"TOI-1798.01","TOI-1798","TIC 198153540",8.02152233100,,3.1324000,5165.00,,0.780000,0.870000,"Transit","Transiting Exoplanet Survey Satellite (TESS)",1
"TOI-5398 b","TOI-5398","TIC 8260536",10.59054700000,,4.2580000,6000.00,4.440000,1.051000,1.146000,"Transit","Transiting Exoplanet Survey Satellite (TESS)",1
"Kepler-187 b","Kepler-187","TIC 269264648",4.93886400000,,4.2790000,6105.00,4.274000,1.287000,,"Transit","Kepler",1
"TOI-871 b","TOI-871","TIC 219344917",14.36256500000,0.04500000,4.0320000,4929.00,4.604000,0.719000,0.758000,"Transit","Transiting Exoplanet Survey Satellite (TESS)",1
"Kepler-270 b","Kepler-270","TIC 123417308",11.47609400000,,4.8650000,6067.00,4.196000,1.461000,,"Transit","Kepler",1
"Kepler-1378 b","Kepler-1378","TIC 169459324",11.95398936000,,2.6440000,4407.00,4.630000,0.670000,0.700000,"Transit","Kepler",1
"Kepler-1121 b","Kepler-1121","TIC 28230581",13.15141081000,,5.6035000,6231.00,4.140000,1.590000,1.290000,"Transit","Kepler",1
"Kepler-55 e","Kepler-55","TIC 164884002",4.61753400000,,2.1320000,4503.00,4.684000,0.619000,,"Transit","Kepler",1
"Kepler-1931 b","Kepler-1931","TIC 159571280",38.57609940000,,,6167.00,4.333000,1.221000,1.174000,"Transit","Kepler",1
"Kepler-1865 b","Kepler-1865","TIC 138431036",2.52400994300,,,5420.00,4.487000,0.871000,0.849000,"Transit","Kepler",1
"Kepler-341 c","Kepler-341","TIC 159179987",8.01041000000,,4.2160000,6012.00,4.437000,1.024000,,"Transit","Kepler",1
"BD-13 2130 b","BD-13 2130","TIC 288474555",714.29999000000,,,4545.00,2.200000,19.170000,2.120000,"Radial Velocity","La Silla Observatory",1
"eps CrB b","eps CrB","TIC 356000102",417.90000000000,,,4406.00,1.940000,21.000000,1.700000,"Radial Velocity","Bohyunsan Optical Astronomical Observatory",1
"Kepler-1542 c","Kepler-1542","TIC 279915941",2.89223021000,,2.6070000,5564.00,4.410000,0.990000,0.940000,"Transit","Kepler",1
"Kepler-223 d","Kepler-223","TIC 273876171",14.78869000000,,,,,1.720000,1.125000,"Transit","Kepler",1
"Kepler-1268 b","Kepler-1268","TIC 158630552",40.99039860000,,7.2610000,5904.00,4.380000,1.090000,1.060000,"Transit","Kepler",1
"KMT-2023-BLG-1592L b","KMT-2023-BLG-1592L",,,,,,,,0.550000,"Microlensing","KMTNet",1
"Kepler-394 b","Kepler-394","TIC 27777414",8.00501300000,,3.4190000,6402.00,4.408000,1.132000,,"Transit","Kepler",1
"GJ 1002 b","GJ 1002","TIC 176287658",10.34650000000,,,3024.00,5.100000,0.137000,0.120000,"Radial Velocity","Multiple Observatories",1
"TIC 231949697 b","TIC 231949697","TIC 231949697",0.90720448719,,0.9668435,3451.32,4.244700,0.492584,,"Transit","Transiting Exoplanet Survey Satellite (TESS)",1
"Kepler-387 b","Kepler-387","TIC 158559417",6.79163600000,,3.1970000,5774.00,4.353000,1.046000,,"Transit","Kepler",1
"HD 4203 b","HD 4203","TIC 434225151",431.88000000000,,,5596.00,4.230000,1.420000,1.250000,"Radial Velocity","W. M. Keck Observatory",1
"TOI-2421 b","TOI-2421","TIC 70524163",4.34740320000,0.29490000,4.8624000,5607.00,4.005000,1.750000,1.131000,"Transit","Transiting Exoplanet Survey Satellite (TESS)",1
"Kepler-407 b","Kepler-407","TIC 405688133",0.66931240000,,,5487.00,4.300000,1.040000,0.990000,"Transit","Kepler",1
"HATS-54 b","HATS-54","TIC 363851359",2.54417650000,,2.4680000,5621.00,4.200000,1.230000,1.050000,"Transit","HATSouth",1
"Kepler-135 c","Kepler-135","TIC 122450088",11.44870800000,,5.0470000,6090.00,4.271000,1.275000,,"Transit","Kepler",1
"HD 69830 b","HD 69830","TIC 307624961",8.66700000000,,,5385.00,,,0.860000,"Radial Velocity","La Silla Observatory",1
"Kepler-1307 b","Kepler-1307","TIC 63453366",18.01621096000,,3.9960000,5884.00,4.390000,1.080000,1.060000,"Transit","Kepler",1
"Kepler-139 c","Kepler-139","TIC 123450224",157.07287800000,,8.5170000,5594.00,4.247000,1.300000,,"Transit","Kepler",1
"Kepler-1012 b","Kepler-1012","TIC 158986490",5.50860439000,,2.9468000,5556.00,4.500000,0.910000,0.950000,"Transit","Kepler",1
"Kepler-1694 b","Kepler-1694","TIC 138425797",3.89526000000,,,4954.00,4.594510,0.756284,0.820000,"Transit","Kepler",1
"Kepler-1064 b","Kepler-1064","TIC 137315852",16.54080322000,,2.5440000,5153.00,4.570000,0.790000,0.850000,"Transit","Kepler",1
"OGLE-2017-BLG-0373L b","OGLE-2017-BLG-0373L",,,,,,,,0.248000,"Microlensing","OGLE",1
"Kepler-216 c","Kepler-216","TIC 270698499",17.40666900000,,6.8690000,6091.00,4.280000,1.260000,,"Transit","Kepler",1
"K2-163 b","K2-163","TIC 56760743",6.67311700000,,,4937.00,4.710000,0.762201,0.826112,"Transit","K2",1
"Kepler-296 c","Kepler-296","TIC 243271945",5.84163660000,,,3740.00,4.774000,0.480000,0.498000,"Transit","Kepler",1
"GJ 9689 b","GJ 9689","TIC 87942223",18.27000000000,,,3836.00,4.690000,0.570000,0.590000,"Radial Velocity","Roque de los Muchachos Observatory",1
"Kepler-284 c","Kepler-284","TIC 275486985",37.51445600000,,5.3520000,5615.00,4.580000,0.814000,,"Transit","Kepler",1
"GJ 27.1 b","GJ 27.1","TIC 80417903",15.81900000000,,,3542.00,,,0.530000,"Radial Velocity","Multiple Observatories",1
"Kepler-1075 b","Kepler-1075","TIC 158489841",1.52372816000,,1.4652000,3959.00,4.720000,0.540000,0.560000,"Transit","Kepler",1
"K2-404 b","K2-404","TIC 61312205",13.11536500000,,,3748.00,4.695000,0.552000,0.552000,"Transit","K2",1
"Kepler-1342 b","Kepler-1342","TIC 272942844",2.21571035800,,1.8915000,5527.00,4.510000,0.900000,0.930000,"Transit","Kepler",1
"Kepler-721 b","Kepler-721","TIC 164726831",5.39202538800,,2.9810000,5075.00,4.580000,0.780000,0.820000,"Transit","Kepler",1
"HIP 54515 b","HIP 54515","TIC 62903306",33000.00000000000,,,8100.00,,,1.900000,"Imaging","Subaru Telescope",1
"TOI-2525 b","TOI-2525","TIC 149601126",23.28560000000,,4.0500000,5096.00,4.580000,0.785000,0.849000,"Transit","Transiting Exoplanet Survey Satellite (TESS)",1
"KMT-2022-BLG-1551L b","KMT-2022-BLG-1551L",,,,,,,,0.540000,"Microlensing","KMTNet",1
"Kepler-150 d","Kepler-150","TIC 121598758",12.56093000000,,3.7640000,5560.00,4.466000,0.939000,,"Transit","Kepler",1
"K2-104 b","K2-104","TIC 175194958",1.97419540000,,,3712.00,4.780000,0.480000,0.510000,"Transit","K2",1
"HAT-P-59 b","HAT-P-59","TIC 229400092",4.14197710000,,2.3390000,5678.00,4.356000,1.103800,1.008000,"Transit","HATNet",1
"Kepler-80 e","Kepler-80","TIC 184296619",4.64489000000,,,4540.00,4.639000,0.678000,0.730000,"Transit","Kepler",1
"Kepler-1764 b","Kepler-1764","TIC 138431522",70.46829987000,,,6461.00,4.396000,1.131000,1.162000,"Transit","Kepler",1
"KIC 10001893 b","KIC 10001893","TIC 158488181",0.21970000000,,,27500.00,5.350000,,,"Orbital Brightness Modulation","Kepler",1
"TOI-481 b","TOI-481","TIC 339672028",10.33111000000,,,5735.00,4.060000,1.660000,1.140000,"Transit","Transiting Exoplanet Survey Satellite (TESS)",1
"Kepler-422 b","Kepler-422","TIC 123495874",7.89144830000,,,5972.00,4.310000,1.240000,1.150000,"Transit","Kepler",1
"HD 13167 b","HD 13167","TIC 72638232",2613.00000000000,,,5671.00,3.720000,2.390000,1.350000,"Radial Velocity","W. M. Keck Observatory",1
"HD 20782 b","HD 20782","TIC 144503325",597.06430000000,,,5782.13,4.351400,1.126810,1.040000,"Radial Velocity","Anglo-Australian Telescope",1
"Kepler-773 b","Kepler-773","TIC 122682991",3.74910006100,,1.8438000,5850.00,4.450000,1.010000,1.040000,"Transit","Kepler",1
"Kepler-218 d","Kepler-218","TIC 271662623",124.52446470000,,9.5980000,5542.00,4.420000,1.020000,1.010000,"Transit","Kepler",1
"HATS-9 b","HATS-9","TIC 12611594",1.91529100000,,,5599.00,4.100000,1.560000,1.100000,"Transit","HATSouth",1
"Kepler-906 b","Kepler-906","TIC 137154728",41.69799760000,,5.6754000,6035.00,4.450000,1.020000,1.060000,"Transit","Kepler",1
"Kepler-444 b","Kepler-444","TIC 394172596",3.60010530000,,,5046.00,4.562500,0.752000,0.758000,"Transit","Kepler",1
"K2-12 b","K2-12","TIC 396972464",8.28246000000,,,5672.00,,1.117000,0.965000,"Transit","K2",1
"Kepler-1819 b","Kepler-1819","TIC 272596372",16.48690033000,,,6090.00,4.447000,1.071000,1.173000,"Transit","Kepler",1
"EPIC 249893012 b","EPIC 249893012","TIC 432254760",3.59510000000,,4.3300000,5430.00,3.990000,1.710000,1.050000,"Transit","K2",1
"WASP-172 b","WASP-172","TIC 453789494",5.47743300000,0.72000000,5.2944000,6900.00,4.050000,1.910000,1.490000,"Transit","SuperWASP-South",1
"Kepler-192 b","Kepler-192","TIC 158626833",9.92674600000,,3.7800000,5479.00,4.428000,1.007000,,"Transit","Kepler",1
"HATS-51 b","HATS-51","TIC 53458803",3.34887020000,,3.3216000,5758.00,4.198000,1.440000,1.187000,"Transit","HATSouth",1
"K2-21 c","K2-21","TIC 240766850",15.50192000000,,,4222.06,,0.646783,0.676023,"Transit","K2",1
"GJ 685 b","GJ 685","TIC 219780306",24.16000000000,,,3816.00,4.720000,0.540000,0.550000,"Radial Velocity","Roque de los Muchachos Observatory",1
"HATS-44 b","HATS-44","TIC 32499655",2.74390040000,,1.6512000,5080.00,4.514000,0.847000,0.860000,"Transit","HATSouth",1
"Kepler-1059 b","Kepler-1059","TIC 121943952",3.76419104800,,2.0596000,4906.00,4.610000,0.720000,0.750000,"Transit","Kepler",1
"Kepler-860 b","Kepler-860","TIC 271774166",5.10137945400,,2.5932000,5836.00,4.400000,1.060000,1.040000,"Transit","Kepler",1
"BD+48 738 b","BD+48 738","TIC 302069358",392.60000000000,,,4414.00,2.240000,11.000000,0.740000,"Radial Velocity","McDonald Observatory",1
"Kepler-1212 b","Kepler-1212","TIC 27912642",12.94130146000,,4.4680000,6051.00,4.360000,1.150000,1.100000,"Transit","Kepler",1
"HD 11505 b","HD 11505","TIC 328159699",32669.22247000000,,,,,,1.030000,"Radial Velocity","Multiple Observatories",1
"Kepler-124 c","Kepler-124","TIC 399860218",13.82137500000,,3.5520000,4984.00,4.669000,0.636000,,"Transit","Kepler",1
"HD 108341 b","HD 108341","TIC 286896213",1129.00000000000,,,5122.00,4.450000,0.790000,0.843000,"Radial Velocity","La Silla Observatory",1
"Kepler-30 b","Kepler-30","TIC 399794329",29.33434000000,0.16500000,,5498.00,4.770000,0.950000,0.990000,"Transit","Kepler",1
"HD 114386 c","HD 114386","TIC 124306858",444.00000000000,,,4895.00,4.280000,,0.800000,"Radial Velocity","Las Campanas Observatory",1
"HD 89839 b","HD 89839","TIC 294028147",3391.20000000000,,,,,,1.210000,"Radial Velocity","Multiple Facilities",1
"HD 93083 b","HD 93083","TIC 54237857",144.72000000000,,,5033.80,4.230000,0.837000,0.836000,"Radial Velocity","La Silla Observatory",1
"Kepler-979 b","Kepler-979","TIC 239285770",8.08801350000,,1.7768000,5310.00,4.540000,0.830000,0.870000,"Transit","Kepler",1
"Kepler-1766 b","Kepler-1766","TIC 270958237",105.01499940000,,,5868.00,4.363000,1.042000,0.915000,"Transit","Kepler",1
"Teegarden's Star b","Teegarden's Star","TIC 257870150",4.90634000000,,,3034.00,5.190000,0.120000,0.097000,"Radial Velocity","Calar Alto Observatory",1
"Kepler-1446 b","Kepler-1446","TIC 159050852",0.68996783200,,1.2135000,4865.00,4.600000,0.750000,0.810000,"Transit","Kepler",1
"HD 179949 b","HD 179949","TIC 2288734",3.09251400000,,,6168.00,4.341000,,1.210000,"Radial Velocity","Anglo-Australian Telescope",1
"Kepler-558 b","Kepler-558","TIC 164730843",29.00790538000,,4.8259000,5242.00,4.560000,0.810000,0.850000,"Transit","Kepler",1
"CoRoT-2 b","CoRoT-2","TIC 391958006",1.74299350000,2.75000000,2.2670400,5625.00,,0.906000,0.960000,"Transit","CoRoT",1
"KOI-1783.01","KOI-1783","TIC 159051209",134.46280000000,0.50440000,5.8740000,5922.00,4.300000,1.143000,1.076000,"Transit","Kepler",1
"TOI-1273 b","TOI-1273","TIC 445859771",4.63129600000,,,5690.00,4.370000,1.060000,1.060000,"Transit","Transiting Exoplanet Survey Satellite (TESS)",1
"TIC 356227008 b","TIC 356227008","TIC 356227008",2.96147448702,,2.5830627,5731.86,4.485100,0.959792,,"Transit","Transiting Exoplanet Survey Satellite (TESS)",1
"TOI-375 d","TOI-375","TIC 280097543",297.90000000000,,,5259.90,3.672000,2.900000,1.441000,"Radial Velocity","Multiple Observatories",1
"Kepler-1622 b","Kepler-1622","TIC 273047792",10.81187370000,,2.6110000,6436.00,4.200000,1.500000,1.310000,"Transit","Kepler",1
"TOI-2525 c","TOI-2525","TIC 149601126",49.25190000000,,5.5020000,5096.00,4.580000,0.785000,0.849000,"Transit","Transiting Exoplanet Survey Satellite (TESS)",1
"TIC 423703298 b","TIC 423703298","TIC 423703298",4.03712711976,,1.9926733,4540.37,4.610900,0.729825,,"Transit","Transiting Exoplanet Survey Satellite (TESS)",1
"WASP-49 b","WASP-49","TIC 306362738",2.78174000000,1.40000000,,5600.00,4.500000,0.970000,0.920000,"Transit","SuperWASP",1
"Kepler-1727 b","Kepler-1727","TIC 122376998",9.02929973600,,,5349.00,4.526000,0.820000,0.824000,"Transit","Kepler",1
"Kepler-1468 c","Kepler-1468","TIC 138219758",3.54553021000,,4.1700000,5893.00,4.420000,1.050000,1.040000,"Transit","Kepler",1
"K2-155 b","K2-155","TIC 17307715",6.34200000000,0.06800000,2.4096000,4258.00,4.600000,0.580000,0.650000,"Transit","K2",1
"TOI-4666 b","TOI-4666","TIC 165202476",2.90891650000,,2.1370000,3793.00,4.664000,0.585000,0.576000,"Transit","Transiting Exoplanet Survey Satellite (TESS)",1
"Kepler-1517 b","Kepler-1517","TIC 158555987",5.54608366500,,2.3929000,7010.00,4.060000,1.950000,1.580000,"Transit","Kepler",1
"Kepler-1303 b","Kepler-1303","TIC 164674711",7.56127224000,,2.9380000,5771.00,4.440000,1.000000,1.010000,"Transit","Kepler",1
"EPIC 201615463 c","K2-166","TIC 377171980",3.80464000000,,,,,,1.073000,"Transit","K2",1
"HD 140901 c","HD 140901","TIC 179348425",14386.00000000000,,,,,,1.060000,"Radial Velocity","Multiple Observatories",1
"HD 184010 b","HD 184010","TIC 113329742",286.60000000000,,,4971.00,3.180000,4.860000,1.350000,"Radial Velocity","Okayama Astrophysical Observatory",1
"Kepler-1748 b","Kepler-1748","TIC 158112888",5.82352018400,,,5774.00,4.526000,0.864000,0.916000,"Transit","Kepler",1
"TOI-1752 b","TOI-1752","TIC 287139872",0.93518610000,,1.0410000,3762.00,4.710000,0.530000,0.524000,"Transit","Transiting Exoplanet Survey Satellite (TESS)",1
"TOI-733 b","TOI-733","TIC 106402532",4.88476500000,,2.6100000,5585.00,4.470000,0.949000,0.956000,"Transit","Transiting Exoplanet Survey Satellite (TESS)",1
"HD 207897 b","HD 207897","TIC 264678534",16.20166000000,,2.9048422,5106.00,4.562000,0.782700,0.820800,"Transit","Transiting Exoplanet Survey Satellite (TESS)",1
"OGLE-2014-BLG-0319L b","OGLE-2014-BLG-0319L",,,,,,,,0.520000,"Microlensing","OGLE",1
"HD 13808 c","HD 13808","TIC 220022156",53.75300000000,,,5035.00,,0.781000,0.771000,"Radial Velocity","La Silla Observatory",1
"TOI-5716 b","TOI-5716","TIC 298074836",6.76630000000,,,3436.00,,0.220000,0.190000,"Transit","Transiting Exoplanet Survey Satellite (TESS)",1
"Kepler-1441 b","Kepler-1441","TIC 270704515",39.44198390000,,7.2850000,5802.00,4.450000,1.000000,1.000000,"Transit","Kepler",1
"Kepler-567 b","Kepler-567","TIC 28231454",16.54297375000,,3.8725000,5148.00,4.570000,0.790000,0.840000,"Transit","Kepler",1
"Kepler-161 b","Kepler-161","TIC 159444082",4.92135500000,,1.8730000,5078.00,4.553000,0.806000,,"Transit","Kepler",1
"Kepler-1083 b","Kepler-1083","TIC 164458639",33.41779930000,,4.5490000,5049.00,4.580000,0.770000,0.810000,"Transit","Kepler",1
"K2-190 b","K2-190","TIC 392469577",10.09885800000,,,5631.00,4.380000,0.912206,0.904597,"Transit","K2",1
"WASP-95 b","WASP-95","TIC 144065872",2.18467000000,1.00000000,,5830.00,4.360000,1.230000,1.460000,"Transit","SuperWASP",1
"K2-224 b","K2-224","TIC 32425577",4.47904000000,0.03270000,2.4000000,5620.00,4.550000,0.840000,0.910000,"Transit","K2",1
"Kepler-1327 b","Kepler-1327","TIC 299153388",14.88801098000,,5.0620000,5885.00,4.420000,1.030000,1.020000,"Transit","Kepler",1
"Kepler-1984 b","Kepler-1984","TIC 137089954",1.99281233900,0.03148000,2.0660000,3638.00,4.844000,0.420000,0.450000,"Transit","Kepler",1
"Kepler-767 b","Kepler-767","TIC 137220387",161.52801010000,,3.6935000,5694.00,4.480000,0.940000,0.960000,"Transit","Kepler",1
"Kepler-364 c","Kepler-364","TIC 123358019",59.98062700000,,6.5820000,6108.00,4.273000,1.284000,,"Transit","Kepler",1
"K2-6 b","K2-6","TIC 446672575",30.94191000000,0.06800000,,5850.00,,0.960000,0.970000,"Transit","K2",1
"Kepler-1821 b","Kepler-1821","TIC 27187386",16.45809937000,,,5475.00,4.521000,0.884000,0.946000,"Transit","Kepler",1
"Kepler-963 b","Kepler-963","TIC 272605867",9.97683705000,,3.4190000,5461.00,4.520000,0.870000,0.910000,"Transit","Kepler",1
"Kepler-52 b","Kepler-52","TIC 399825554",7.87735650000,,2.4223000,4075.00,4.740000,0.520000,0.540000,"Transit","Kepler",1
"K2-2016-BLG-0005L b","K2-2016-BLG-0005L",,4700.00000000000,,,,,,0.584000,"Microlensing","K2",1
"Kepler-724 b","Kepler-724","TIC 270521439",3.31494633800,,1.7069000,5437.00,4.530000,0.860000,0.900000,"Transit","Kepler",1
"Kepler-33 b","Kepler-33","TIC 158935283",5.66793000000,0.00868000,4.8800000,5904.00,4.027000,1.820000,1.291000,"Transit","Kepler",1
"Kepler-619 c","Kepler-619","TIC 417659212",1.20846502600,,1.5105000,5980.00,4.380000,1.110000,1.090000,"Transit","Kepler",1
"Kepler-1371 b","Kepler-1371","TIC 158840095",3.44620390000,,2.0010000,5361.00,4.550000,0.830000,0.870000,"Transit","Kepler",1
"Kepler-1384 b","Kepler-1384","TIC 184418214",15.36262753000,,3.6570000,4919.00,4.600000,0.740000,0.780000,"Transit","Kepler",1
"EPIC 211822797 b","EPIC 211822797","TIC 337632006",21.17019630000,,,4057.00,4.700000,0.580000,0.620000,"Transit","K2",1
"Kepler-1690 b","Kepler-1690","TIC 121462999",234.63600000000,,,5404.00,4.539830,0.862346,0.940000,"Transit","Kepler",1
"PSR B0329+54 b","PSR B0329+54","TIC 316847481",10140.00000000000,,,,,,1.440000,"Pulsar Timing","Multiple Facilities",1
"HATS-69 b","HATS-69","TIC 467971286",2.22525770000,,2.3577600,5137.00,4.501000,0.878500,0.892000,"Transit","HATSouth",1
"HD 141399 d","HD 141399","TIC 156067565",1069.80000000000,,,5600.00,4.280000,,1.070000,"Radial Velocity","Multiple Observatories",1
"HD 187123 b","HD 187123","TIC 58559140",3.09658280000,,,5790.00,4.333380,1.150430,1.040000,"Radial Velocity","W. M. Keck Observatory",1
"HD 20868 b","HD 20868","TIC 142851295",380.85001000000,,,4802.00,4.260000,0.760000,0.390000,"Radial Velocity","La Silla Observatory",1
"TOI-2018 b","TOI-2018","TIC 357501308",7.43558300000,,2.3600000,4174.00,4.620000,0.620000,0.570000,"Transit","Transiting Exoplanet Survey Satellite (TESS)",1
"Kepler-1248 b","Kepler-1248","TIC 298897924",7.46725407000,,3.7130000,6149.00,4.360000,1.210000,1.210000,"Transit","Kepler",1
"WASP-21 b","WASP-21","TIC 436478932",4.32248200000,1.08200000,3.3552000,,,,,"Transit","SuperWASP",1
"Kepler-1929 b","Kepler-1929","TIC 269029175",59.36249924000,,,5786.00,4.106000,1.471000,1.006000,"Transit","Kepler",1
"WASP-65 b","WASP-65","TIC 444013020",2.31142430000,1.28000000,2.7350400,5600.00,4.400000,1.010000,0.930000,"Transit","SuperWASP",1
"Kepler-207 c","Kepler-207","TIC 159217436",3.07157100000,,4.0770000,5920.00,4.129000,1.588000,,"Transit","Kepler",1
"Kepler-920 b","Kepler-920","TIC 267570317",6.53192704000,,3.1164000,5403.00,4.540000,0.850000,0.890000,"Transit","Kepler",1
"Kepler-1526 b","Kepler-1526","TIC 120425617",3.90863200500,,1.8427000,4601.00,4.620000,0.690000,0.730000,"Transit","Kepler",1
"Kepler-758 b","Kepler-758","TIC 137968594",12.10971040000,,5.8000000,6228.00,4.190000,1.420000,1.160000,"Transit","Kepler",1
"Kepler-903 b","Kepler-903","TIC 121732589",10.35077210000,,6.5650000,5682.00,4.460000,0.970000,0.980000,"Transit","Kepler",1
"Kepler-497 b","Kepler-497","TIC 122605766",3.57320367100,,2.8837000,5834.00,4.390000,1.110000,1.090000,"Transit","Kepler",1
"Kepler-127 b","Kepler-127","TIC 164881786",14.43588900000,,3.4350000,6106.00,4.265000,1.359000,,"Transit","Kepler",1
"Kepler-1436 b","Kepler-1436","TIC 273378908",9.70571600000,,6.9220000,5972.00,4.390000,1.090000,1.060000,"Transit","Kepler",1
"Kepler-27 c","Kepler-27","TIC 137556626",31.33090000000,,4.7500000,5400.00,5.400000,0.590000,0.650000,"Transit","Kepler",1
"HD 148164 c","HD 148164","TIC 323319664",5062.00000000000,,,6032.00,,1.340000,1.210000,"Radial Velocity","W. M. Keck Observatory",1
"K2-261 b","K2-261","TIC 281731203",11.63346810000,0.27810000,5.1288000,5490.00,4.040000,1.663000,1.107000,"Transit","K2",1
"Kepler-1917 b","Kepler-1917","TIC 270857590",12.90240002000,,,5530.00,4.586000,0.788000,0.882000,"Transit","Kepler",1
"GJ 3998 c","GJ 3998","TIC 459558974",13.72700000000,,,3726.00,4.750000,0.500000,0.520000,"Radial Velocity","Roque de los Muchachos Observatory",1
"Kepler-290 b","Kepler-290","TIC 158218214",14.58934700000,,2.4040000,5147.00,4.622000,0.743000,,"Transit","Kepler",1
"Kepler-1290 b","Kepler-1290","TIC 159450182",4.69500134000,,2.9630000,5660.00,4.490000,0.930000,0.950000,"Transit","Kepler",1
"WASP-149 b","WASP-149","TIC 19342878",1.33281300000,1.68340000,,5750.00,4.400000,1.080000,1.050000,"Transit","SuperWASP",1
"Kepler-826 b","Kepler-826","TIC 120355363",4.48758907000,,2.8308000,6079.00,4.340000,1.150000,1.050000,"Transit","Kepler",1
"KIC 8540376 b","KOI-7892","TIC 123449386",31.80990000000,0.09000000,,6474.00,4.310000,1.260000,1.040000,"Transit","Kepler",1
"K2-406 b","K2-406","TIC 292202337",22.54940600000,,,5784.00,4.374000,0.961000,0.798000,"Transit","K2",1
"Kepler-282 b","Kepler-282","TIC 164779321",9.22052400000,,4.8470000,5602.00,4.459000,0.904000,,"Transit","Kepler",1
"HD 219134 d","HD 219134","TIC 283722336",46.85900000000,,,4699.00,4.567000,0.778000,0.810000,"Radial Velocity","Roque de los Muchachos Observatory",1
"Kepler-1794 b","Kepler-1794","TIC 240219049",9.76298046100,,,5052.00,4.503000,0.816000,0.773000,"Transit","Kepler",1
"HD 70573 b","HD 70573","TIC 455235218",851.80000000000,,,5737.00,4.590000,,1.000000,"Radial Velocity","La Silla Observatory",1
"HD 143811 AB b","HD 143811 A","TIC 93869857",117000.00000000000,,,6791.00,4.340000,,1.320000,"Imaging","Paranal Observatory",1
"TOI-5803 b","TOI-5803","TIC 466382581",5.38305000000,,,5134.00,4.613000,0.762500,0.870000,"Transit","Transiting Exoplanet Survey Satellite (TESS)",1
"OGLE-2012-BLG-0026L b","OGLE-2012-BLG-0026L",,,,,,,,1.060000,"Microlensing","OGLE",1
"CoRoT-10 b","CoRoT-10","TIC 405010127",13.24060000000,1.61036000,2.9800000,5075.00,4.650000,0.790000,0.890000,"Transit","CoRoT",1
"KOI-351 b","KOI-351","TIC 267667295",7.00815100000,,3.9900000,6080.00,4.400000,1.200000,1.200000,"Transit","Kepler",1
"Kepler-1305 b","Kepler-1305","TIC 273131845",13.56309720000,,5.6320000,5701.00,4.470000,0.960000,0.970000,"Transit","Kepler",1
"Kepler-1259 b","Kepler-1259","TIC 273592350",0.66308525800,,1.0691000,5053.00,4.580000,0.770000,0.800000,"Transit","Kepler",1
"Kepler-255 b","Kepler-255","TIC 272083669",5.71460600000,,2.2380000,5573.00,4.516000,0.933000,,"Transit","Kepler",1
"Kepler-1599 b","Kepler-1599","TIC 120768052",122.36355300000,,9.3200000,5767.00,4.450000,0.990000,0.990000,"Transit","Kepler",1
"HATS-60 b","HATS-60","TIC 145750719",3.56082900000,,3.8592000,5688.00,4.148000,1.460000,1.097000,"Transit","HATSouth",1
"HATS-14 b","HATS-14","TIC 29344935",2.76676410000,,2.6421600,5346.00,4.484000,0.933000,0.967000,"Transit","HATSouth",1
"Kepler-343 c","Kepler-343","TIC 63120970",23.22182000000,,2.7080000,5807.00,4.184000,1.433000,,"Transit","Kepler",1
"HD 81040 b","HD 81040","TIC 414965996",1002.70000000000,,,,,,0.990000,"Radial Velocity","Multiple Observatories",1
"Kepler-651 b","Kepler-651","TIC 158415898",21.38521506000,,4.0311000,5522.00,4.530000,0.870000,0.920000,"Transit","Kepler",1
"Kepler-1742 b","Kepler-1742","TIC 158326424",49.47819901000,,,5776.00,4.554000,0.849000,0.939000,"Transit","Kepler",1
"HD 168863 b","HD 168863","TIC 167730892",14773.93272000000,,,,,,0.800000,"Radial Velocity","Multiple Observatories",1
"psi1 Dra B b","psi1 Dra B","TIC 441804565",3117.00000000000,,,6212.00,4.200000,,1.190000,"Radial Velocity","McDonald Observatory",1
"K2-107 b","K2-107","TIC 414843476",3.31395900000,,,6061.00,4.040000,1.810000,1.300000,"Transit","K2",1
"KMT-2025-BLG-0121L b","KMT-2025-BLG-0121L",,,,,,,,0.610000,"Microlensing","KMTNet",1
"Kepler-290 c","Kepler-290","TIC 158218214",36.77031000000,,4.2780000,5147.00,4.622000,0.743000,,"Transit","Kepler",1
"Kepler-1779 b","Kepler-1779","TIC 239309962",16.34359932000,,,5730.00,4.394000,1.056000,1.008000,"Transit","Kepler",1
"Kepler-1210 b","Kepler-1210","TIC 26750065",8.07124073000,,2.6530000,5568.00,4.490000,0.920000,0.940000,"Transit","Kepler",1
"Kepler-219 b","Kepler-219","TIC 158838045",4.58551200000,,3.2720000,5786.00,4.157000,1.491000,,"Transit","Kepler",1
"Kepler-1304 b","Kepler-1304","TIC 399819857",16.12888530000,,5.9380000,5259.00,4.560000,0.810000,0.850000,"Transit","Kepler",1
"BD+45 564 b","BD+45 564","TIC 292607437",307.88000000000,,,5004.00,4.220000,,0.810000,"Radial Velocity","Haute-Provence Observatory",1
"Qatar-5 b","Qatar-5","TIC 190998418",2.87923190000,1.12600000,2.9088000,5747.00,4.427000,1.076000,1.128000,"Transit","Qatar",1
"Kepler-894 b","Kepler-894","TIC 158838278",9.80322400000,,4.4934000,5603.00,4.530000,0.850000,0.870000,"Transit","Kepler",1
"Kepler-154 b","Kepler-154","TIC 416282268",33.04053200000,,3.3550000,5690.00,4.415000,1.001000,,"Transit","Kepler",1
"TOI-5713 b","TOI-5713","TIC 219041246",10.44198900000,0.29200000,1.7500000,3225.00,4.910000,0.299200,0.265300,"Transit","Transiting Exoplanet Survey Satellite (TESS)",1
"HIP 90988 b","HIP 90988","TIC 404598466",455.73816000000,,,,,,1.613000,"Radial Velocity","Multiple Observatories",1
"HD 23079 b","HD 23079","TIC 206402844",735.74000000000,,,5994.00,4.370000,1.080000,1.160000,"Radial Velocity","Anglo-Australian Telescope",1
"Kepler-107 b","Kepler-107","TIC 27988327",3.18002180000,,,5854.00,,1.447000,1.238000,"Transit","Kepler",1
"TOI-4515 b","TOI-4515","TIC 456862677",15.26644600000,,3.2400000,5433.00,4.480000,0.860000,0.949000,"Transit","Transiting Exoplanet Survey Satellite (TESS)",1
"TOI-2267 b","TOI-2267 A","TIC 459837008",2.28909000000,0.22300000,0.8150000,3030.00,4.990000,0.207500,0.171000,"Transit","Transiting Exoplanet Survey Satellite (TESS)",1
"HD 360 b","HD 360","TIC 37652064",273.10000000000,,,4770.00,2.590000,10.860000,1.690000,"Radial Velocity","Okayama Astrophysical Observatory",1
"HIP 5158 b","HIP 5158","TIC 268634769",345.72000000000,,,4962.00,4.370000,,0.780000,"Radial Velocity","La Silla Observatory",1
"Kepler-395 b","Kepler-395","TIC 270520765",7.05434600000,,1.9090000,4262.00,4.729000,0.556000,,"Transit","Kepler",1
"XO-2 S b","XO-2 S","TIC 356473029",18.22000000000,,,5325.00,4.420000,1.020000,0.980000,"Radial Velocity","Roque de los Muchachos Observatory",1
"Kepler-81 c","Kepler-81","TIC 270611154",12.04000000000,,,,4.700000,0.590000,0.640000,"Transit","Kepler",1
"HD 76920 b","HD 76920","TIC 302372658",415.89100000000,,,4664.00,2.710000,8.330000,1.000000,"Radial Velocity","Multiple Observatories",1
"K2-285 c","K2-285","TIC 262715204",7.13804800000,0.21000000,2.5200000,4975.00,4.400000,0.787000,0.830000,"Transit","K2",1
"Kepler-385 b","Kepler-385","TIC 27082352",10.04368600000,,4.5970000,6326.00,4.412000,1.126000,,"Transit","Kepler",1
"Kepler-635 b","Kepler-635","TIC 394174221",23.44971004000,,8.6525000,6174.00,4.200000,1.510000,1.330000,"Transit","Kepler",1
"Kepler-691 b","Kepler-691","TIC 121787669",8.11437900000,,2.2580000,3715.00,4.760000,0.500000,0.530000,"Transit","Kepler",1
"Kepler-151 c","Kepler-151","TIC 137410997",24.67461200000,,3.0140000,5460.00,4.555000,0.830000,,"Transit","Kepler",1
"TOI-333 b","TOI-333","TIC 224245334",3.78525030000,,3.2000000,6241.00,4.410000,1.100000,1.200000,"Transit","Transiting Exoplanet Survey Satellite (TESS)",1
"K2-8 b","K2-8","TIC 38114658",10.35239000000,,3.3620000,4870.00,4.520000,0.740000,0.780000,"Transit","K2",1
"Kepler-565 b","Kepler-565","TIC 164556745",4.24374722600,,3.3680000,5735.00,4.470000,0.950000,0.980000,"Transit","Kepler",1
"TOI-929 b","TOI-929","TIC 175532955",5.83015366944,,2.8656840,4457.16,4.586500,0.717414,,"Transit","Transiting Exoplanet Survey Satellite (TESS)",1
"Kepler-216 b","Kepler-216","TIC 270698499",7.69364100000,,5.0500000,6091.00,4.280000,1.260000,,"Transit","Kepler",1
"TOI-2005 b","TOI-2005","TIC 147660886",17.30590400000,,2.2490000,7130.00,3.946000,2.020000,1.590000,"Transit","Transiting Exoplanet Survey Satellite (TESS)",1
"Kepler-418 b","Kepler-418","TIC 377871791",86.67856000000,,10.2240000,5820.00,4.350000,1.090000,0.980000,"Transit","Kepler",1
"KIC 10525077 b","KIC 10525077","TIC 158489091",854.08300000000,0.25000000,,6091.00,4.420000,1.010000,1.010000,"Transit","Kepler",1
"K2-155 d","K2-155","TIC 17307715",40.71800000000,0.07400000,4.4640000,4258.00,4.600000,0.580000,0.650000,"Transit","K2",1
"HAT-P-15 b","HAT-P-15","TIC 353459965",10.86350000000,1.00000000,,5568.00,4.380000,1.070000,1.000000,"Transit","HATNet",1
"HD 238090 b","HD 238090","TIC 224289449",13.67100000000,,,3933.00,4.700000,0.570000,0.578000,"Radial Velocity","Multiple Observatories",1
"Kepler-609 b","Kepler-609","TIC 63126989",6.52121066600,,2.8091000,5971.00,4.360000,1.140000,1.090000,"Transit","Kepler",1
"TOI-6080 b","TOI-6080","TIC 116048097",8.05562348084,,3.5651667,5775.46,4.461700,1.062210,,"Transit","Transiting Exoplanet Survey Satellite (TESS)",1
"HD 192699 b","HD 192699","TIC 399334674",340.94000000000,,,5041.00,3.250000,4.410000,1.380000,"Radial Velocity","Lick Observatory",1
"Kepler-112 c","Kepler-112","TIC 272943597",28.57426300000,,4.9630000,5544.00,4.506000,0.841000,,"Transit","Kepler",1
"Kepler-215 e","Kepler-215","TIC 271352188",68.16101000000,,5.6540000,5739.00,4.364000,1.027000,,"Transit","Kepler",1
"Kepler-1100 b","Kepler-1100","TIC 63009789",6.42200058000,,2.6602000,6247.00,4.260000,1.340000,1.210000,"Transit","Kepler",1
"Kepler-347 d","Kepler-347","TIC 299158566",85.51734400000,0.02702000,9.3310000,5592.00,4.115000,1.451000,1.000000,"Transit","Kepler",1
"Kepler-990 b","Kepler-990","TIC 273591945",9.91723428000,,3.2597000,5948.00,4.390000,1.080000,1.050000,"Transit","Kepler",1
"TOI-6130 b","TOI-6130","TIC 210083929",2.39267900000,,2.4200000,6110.00,4.190000,1.510000,1.310000,"Transit","Transiting Exoplanet Survey Satellite (TESS)",1
"HATS-57 b","HATS-57","TIC 178289267",2.35062100000,,2.4885600,5587.00,4.484000,0.960000,1.026000,"Transit","HATSouth",1
"HD 41004 B b","HD 41004 B","TIC 734710085",1.32830000000,,,,,,0.400000,"Radial Velocity","La Silla Observatory",1
"Kepler-271 b","Kepler-271","TIC 164414655",10.43547805000,,3.4047000,5555.00,4.520000,0.870000,0.900000,"Transit","Kepler",1
"OGLE-2013-BLG-1721L b","OGLE-2013-BLG-1721L",,,,,,,,0.460000,"Microlensing","OGLE",1
"Kepler-280 c","Kepler-280","TIC 159716174",4.80709100000,,0.9010000,5744.00,4.537000,0.886000,,"Transit","Kepler",1
"HIP 66074 b","HIP 66074","TIC 298130822",310.90000000000,,,4300.00,4.580000,0.690000,0.705000,"Astrometry","European Space Agency (ESA) Gaia Satellite",1
"Kepler-1447 b","Kepler-1447","TIC 416281317",56.67472850000,,5.4220000,5722.00,4.470000,0.950000,0.970000,"Transit","Kepler",1
"Kepler-337 b","Kepler-337","TIC 159226052",3.29278100000,,4.7670000,5684.00,4.004000,1.761000,,"Transit","Kepler",1
"TrES-3 b","TrES-3","TIC 116264089",1.30618581000,2.73900000,,5650.00,4.400000,0.829000,0.928000,"Transit","TrES",1
"Kepler-1553 b","Kepler-1553","TIC 351062058",4.24261881000,,2.6580000,5288.00,4.560000,0.810000,0.850000,"Transit","Kepler",1
"TOI-3288 b","TOI-3288","TIC 79920467",1.43386470000,,1.7370000,4072.00,4.592000,0.672000,0.643000,"Transit","Transiting Exoplanet Survey Satellite (TESS)",1
"HD 108147 b","HD 108147","TIC 450491293",10.89850000000,,,6255.73,4.361270,1.206640,1.220000,"Radial Velocity","La Silla Observatory",1
"Kepler-485 b","Kepler-485","TIC 27318774",3.24325979600,,3.0359800,5958.00,4.390000,1.090000,1.070000,"Transit","Kepler",1
"Kepler-681 b","Kepler-681","TIC 299217986",26.39435646000,,3.4785000,5021.00,4.580000,0.760000,0.800000,"Transit","Kepler",1
"TOI-5799 c","TOI-5799","TIC 328081248",14.01044900000,,1.7300000,3452.00,4.936000,0.321000,0.325000,"Transit","Transiting Exoplanet Survey Satellite (TESS)",1
"Kepler-632 b","Kepler-632","TIC 169181786",30.99660733000,,2.7959000,5322.00,4.550000,0.840000,0.910000,"Transit","Kepler",1
"Kepler-68 d","Kepler-68","TIC 417676622",632.62000000000,,,5847.00,,1.256400,1.057000,"Radial Velocity","W. M. Keck Observatory",1
"TOI-1718 b","TOI-1718","TIC 257241363",5.58703768615,,3.0007770,5304.91,4.460600,0.939285,,"Transit","Transiting Exoplanet Survey Satellite (TESS)",1
"Kepler-105 b","Kepler-105","TIC 158625964",5.41220340000,,,5933.00,,1.026000,0.991000,"Transit","Kepler",1
"TOI-375 c","TOI-375","TIC 280097543",115.50000000000,,,5259.90,3.672000,2.900000,1.441000,"Radial Velocity","Multiple Observatories",1
"TOI-1260 b","TOI-1260","TIC 355867695",3.12746300000,0.10820000,2.0600000,4227.00,4.570000,0.672000,0.679000,"Transit","Transiting Exoplanet Survey Satellite (TESS)",1
"KMT-2023-BLG-1431L b","KMT-2023-BLG-1431L",,,,,,,,0.570000,"Microlensing","KMTNet",1
"Kepler-418 c","Kepler-418","TIC 377871791",12.21829987000,,,5822.00,4.351000,1.081000,0.957000,"Transit","Kepler",1
"Kepler-1247 b","Kepler-1247","TIC 271165854",13.71220213000,,2.4927000,5303.00,4.550000,0.820000,0.860000,"Transit","Kepler",1
"HD 97048 b","HD 97048","TIC 454291762",,,,10000.00,,2.250000,2.400000,"Disk Kinematics","Atacama Large Millimeter Array (ALMA)",1
"HD 103197 b","HD 103197","TIC 400806831",47.84000000000,,,5250.00,4.450000,0.880000,0.800000,"Radial Velocity","La Silla Observatory",1
"HIP 67537 b","HIP 67537","TIC 166526615",2523.64713000000,,,,,,2.316000,"Radial Velocity","Multiple Observatories",1
"Kepler-62 f","Kepler-62","TIC 164458488",267.29100000000,0.04200000,7.4600000,4925.00,4.680000,0.640000,0.690000,"Transit","Kepler",1
"Kepler-1360 b","Kepler-1360","TIC 239287622",40.52864130000,,10.5260000,6778.00,4.090000,1.830000,1.510000,"Transit","Kepler",1
"Kepler-1664 b","Kepler-1664","TIC 399860388",14.38680000000,,,5735.81,,,,"Transit","Kepler",1
"Kepler-1172 b","Kepler-1172","TIC 122507231",26.02044230000,,4.8400000,5558.00,4.510000,0.890000,0.920000,"Transit","Kepler",1
"BD-14 3065 b","BD-14 3065 A","TIC 293607057",4.28897310000,0.64900000,3.0860000,6935.00,3.850000,2.350000,1.410000,"Transit","Transiting Exoplanet Survey Satellite (TESS)",1
"TOI-1279 b","TOI-1279","TIC 224297258",9.61419000000,,2.7649671,5457.00,4.529000,0.842600,0.878400,"Transit","Transiting Exoplanet Survey Satellite (TESS)",1
"WASP-156 b","WASP-156","TIC 270380593",3.83616290000,,,5036.00,4.460000,,,"Transit","SuperWASP",1
"TOI-1184 b","TOI-1184","TIC 233087860",5.74843380300,,1.8879000,4534.00,,0.690000,0.710000,"Transit","Transiting Exoplanet Survey Satellite (TESS)",1
"TOI-1203 c","TOI-1203","TIC 23434737",13.07660000000,,,5737.00,4.340000,1.179000,0.886000,"Radial Velocity","La Silla Observatory",1
"Kepler-66 b","Kepler-66","TIC 270790035",17.81581500000,,,5962.00,4.484000,0.966000,1.038000,"Transit","Kepler",1
"Kepler-260 c","Kepler-260","TIC 137348863",76.05017800000,,6.8260000,5250.00,4.494000,0.862000,,"Transit","Kepler",1
"HD 158996 b","HD 158996","TIC 288268410",820.20000000000,,,4069.00,1.400000,50.300000,1.800000,"Radial Velocity","Bohyunsan Optical Astronomical Observatory",1
"K2-117 c","K2-117","TIC 458686847",5.44401700000,,,3778.00,4.750000,0.510000,0.540000,"Transit","K2",1
"TOI-5335 b","TOI-5335","TIC 381360750",3.61365988443,,2.5345785,5528.92,4.449700,0.916633,,"Transit","Transiting Exoplanet Survey Satellite (TESS)",1
"HD 16141 b","HD 16141","TIC 251109533",75.52300000000,,,5757.00,4.140000,1.480000,1.110000,"Radial Velocity","W. M. Keck Observatory",1
"Kepler-900 b","Kepler-900","TIC 272278496",6.99130860000,,2.2124000,4836.00,4.600000,0.730000,0.780000,"Transit","Kepler",1
"HD 15906 b","HD 15906","TIC 4646810",10.92470900000,0.07290000,1.8000000,4757.00,4.490000,0.762000,0.790000,"Transit","Transiting Exoplanet Survey Satellite (TESS)",1
"Kepler-472 b","Kepler-472","TIC 184554925",4.17625551400,,3.7012000,4996.00,4.590000,0.780000,0.850000,"Transit","Kepler",1
"Kepler-269 c","Kepler-269","TIC 122297877",8.12789900000,,3.8990000,5847.00,4.500000,0.959000,,"Transit","Kepler",1
"Kepler-821 b","Kepler-821","TIC 120573482",1.92279873000,,1.9191000,5191.00,4.560000,0.800000,0.840000,"Transit","Kepler",1
"Kepler-1482 b","Kepler-1482","TIC 279917678",12.25383217000,,2.2130000,5381.00,4.540000,0.840000,0.880000,"Transit","Kepler",1
"Kepler-19 b","Kepler-19","TIC 122375047",9.28699000000,,,5541.00,,0.859000,0.936000,"Transit","Kepler",1
"HD 98736 b","HD 98736","TIC 3819571",968.80000000000,,,5271.00,,0.930000,0.920000,"Radial Velocity","W. M. Keck Observatory",1
"Kepler-1035 b","Kepler-1035","TIC 158927791",2.71407755500,,1.2618000,5763.00,4.450000,0.970000,0.980000,"Transit","Kepler",1
"Kepler-505 b","Kepler-505","TIC 158631520",27.52197994000,,4.0704000,3931.00,4.730000,0.530000,0.550000,"Transit","Kepler",1
"Kepler-376 c","Kepler-376","TIC 137219378",14.17232700000,,2.6100000,5900.00,4.303000,1.175000,,"Transit","Kepler",1
"Kepler-114 c","Kepler-114","TIC 27011135",8.04100000000,,,,4.720000,0.540000,0.560000,"Transit","Kepler",1
"Kepler-79 c","Kepler-79","TIC 239306681",27.40260000000,,,6389.00,,1.316000,1.244000,"Transit","Kepler",1
"Kepler-286 e","Kepler-286","TIC 290035455",29.22128900000,,3.9300000,5580.00,4.495000,0.863000,,"Transit","Kepler",1
"TOI-6383 A b","TOI-6383 A","TIC 328513434",1.79058695000,,1.5400000,3444.00,4.810000,0.457000,0.458000,"Transit","Transiting Exoplanet Survey Satellite (TESS)",1
"Kepler-279 e","Kepler-279","TIC 158428960",98.35310000000,,,,,1.430000,1.164000,"Transit","Kepler",1
"HD 48265 c","HD 48265","TIC 255781806",10418.00000000000,,,5805.00,4.060000,,1.380000,"Radial Velocity","Las Campanas Observatory",1
"Kepler-1687 b","Kepler-1687","TIC 416281238",5.77954000000,,,4132.00,4.528970,0.726119,0.650000,"Transit","Kepler",1
"EPIC 206042996 b","EPIC 206042996","TIC 12785571",5.29860000000,,,4114.00,4.800000,0.500000,,"Transit","K2",1
"Kepler-1544 b","Kepler-1544","TIC 28090925",168.81117400000,,6.5000000,4886.00,4.610000,0.740000,0.810000,"Transit","Kepler",1
"HD 98219 b","HD 98219","TIC 437246853",433.80000000000,,,4925.00,3.360000,4.600000,1.410000,"Radial Velocity","W. M. Keck Observatory",1
"rho CrB b","rho CrB","TIC 458494003",39.84900000000,,,,,,1.000000,"Radial Velocity","Fred Lawrence Whipple Observatory",1
"HAT-P-9 b","HAT-P-9","TIC 371234684",3.92281072000,1.14400000,3.3600000,6350.00,4.293000,1.338000,1.281000,"Transit","HATNet",1
"TOI-2537 c","TOI-2537","TIC 399967279",1920.00000000000,,,4870.00,4.551000,0.771000,0.771000,"Radial Velocity","Multiple Observatories",1
"TOI-5160 b","TOI-5160","TIC 4165850",4.28077325600,,2.1491878,5622.14,4.392900,1.033150,,"Transit","Transiting Exoplanet Survey Satellite (TESS)",1
"Kepler-129 d","Kepler-129","TIC 164999822",2646.00000000000,,,5770.00,,1.653000,1.178000,"Radial Velocity","W. M. Keck Observatory",1
"Kepler-87 b","Kepler-87","TIC 273592336",114.73635000000,,,5600.00,3.960000,1.820000,1.100000,"Transit","Kepler",1
"Kepler-166 d","Kepler-166","TIC 26814955",1.55400392800,,1.7696000,5350.00,4.550000,0.830000,0.880000,"Transit","Kepler",1
"LHS 1903 e","LHS 1903","TIC 318022259",29.31773000000,0.08680000,3.7800000,3664.00,4.750000,0.539000,0.538000,"Transit","CHaracterising ExOPlanets Satellite (CHEOPS)",1
"Kepler-587 b","Kepler-587","TIC 158838923",10.94027841000,,2.2868000,5549.00,4.510000,0.890000,0.920000,"Transit","Kepler",1
"Kepler-74 b","Kepler-74","TIC 137903329",7.34071100000,,3.0820000,6000.00,4.440000,1.120000,1.180000,"Transit","Kepler",1
"TOI-1842 b","TOI-1842","TIC 404505029",9.57391810000,,4.3070829,6039.00,3.986000,2.032000,1.464300,"Transit","Transiting Exoplanet Survey Satellite (TESS)",1
"HD 115954 b","HD 115954","TIC 180655149",3700.00000000000,,,5957.00,4.150000,1.213000,1.180000,"Radial Velocity","Haute-Provence Observatory",1
"K2-98 b","K2-98","TIC 366410512",10.13673490000,0.09300000,5.1216000,6260.00,4.169000,1.518000,1.246000,"Transit","K2",1
"Kepler-243 b","Kepler-243","TIC 164886497",5.71544200000,,2.4840000,5228.00,4.565000,0.842000,,"Transit","Kepler",1
"K2-290 c","K2-290","TIC 70803960",48.36685000000,,8.1400000,6302.00,4.230000,1.511000,1.194000,"Transit","K2",1
"Kepler-1371 c","Kepler-1371","TIC 158840095",2.00541269000,,1.7980000,5361.00,4.550000,0.830000,0.870000,"Transit","Kepler",1
"GJ 724 b","GJ 724","TIC 424934357",5.10128400000,,,3799.00,4.880000,0.522260,0.527100,"Radial Velocity","Calar Alto Observatory",1
"Kepler-1270 b","Kepler-1270","TIC 399826741",6.03356196000,,10.2640000,5047.00,3.490000,3.380000,1.280000,"Transit","Kepler",1
"TOI-2266 b","TOI-2266","TIC 8348911",2.32631800000,,0.9800000,3200.00,,0.240000,0.230000,"Transit","Transiting Exoplanet Survey Satellite (TESS)",1
"Kepler-291 c","Kepler-291","TIC 158631683",5.70078600000,,1.6470000,6002.00,4.472000,1.016000,,"Transit","Kepler",1
"K2-211 b","K2-211","TIC 399731211",0.66956100000,0.02220000,1.2912000,5117.00,4.543000,0.818000,0.851000,"Transit","K2",1
"TOI-2136 b","TOI-2136","TIC 336128819",7.85192800000,,,3342.00,4.910000,0.340000,0.340000,"Transit","Transiting Exoplanet Survey Satellite (TESS)",1
"K2-171 b","K2-171","TIC 206241306",5.62846600000,,,5250.00,3.950000,1.717458,0.891587,"Transit","K2",1
"HR 2562 b","HR 2562","TIC 167656187",,,,,,,1.300000,"Imaging","Gemini Observatory",1
"KOINTREAU-1 b","XEST 17-036","TIC 61229372",,,,3551.00,3.440000,,0.260000,"Imaging","W. M. Keck Observatory",1
"K2-265 b","K2-265","TIC 146364192",2.36902000000,0.02870000,2.3088000,5420.00,4.465000,0.920000,0.901000,"Transit","K2",1
"KELT-1 b","KELT-1","TIC 432549364",1.21751400000,0.60860000,2.7645600,6516.00,4.228000,1.471000,1.335000,"Transit","KELT",1
"Kepler-1642 c","Kepler-1642","TIC 273036122",6.65138020000,,2.1356000,5355.00,4.540000,0.840000,0.880000,"Transit","Kepler",1
"Kepler-380 c","Kepler-380","TIC 48132154",7.63000400000,,2.9490000,6045.00,4.293000,1.224000,,"Transit","Kepler",1
"Kepler-969 c","Kepler-969","TIC 158785055",1.68293460400,,1.8737000,5214.00,4.570000,0.820000,0.920000,"Transit","Kepler",1
"Kepler-1991 b","Kepler-1991","TIC 164831457",13.26079792000,0.01994000,3.9120000,5478.00,4.354000,1.053000,0.914000,"Transit","Kepler",1
"Kepler-738 b","Kepler-738","TIC 158490928",24.58721573000,,3.8669000,5327.00,4.550000,0.820000,0.860000,"Transit","Kepler",1
"Kepler-1014 b","Kepler-1014","TIC 164883912",16.57110363000,,2.9613000,5388.00,4.540000,0.840000,0.880000,"Transit","Kepler",1
"Kepler-1155 b","Kepler-1155","TIC 121785676",33.46974300000,,4.5130000,5842.00,4.430000,1.030000,1.030000,"Transit","Kepler",1
"WASP-174 b","WASP-174","TIC 102192004",4.23370050000,,2.0940000,6399.00,4.273000,1.347000,1.240000,"Transit","SuperWASP-South",1
"HIP 29442 c","TOI-469","TIC 33692729",3.53795590000,,2.4290000,5289.00,4.390000,0.980000,0.901000,"Radial Velocity","Paranal Observatory",1
"KMT-2016-BLG-2605L b","KMT-2016-BLG-2605L",,,,,,,,0.064000,"Microlensing","KMTNet",1
"TOI-4479 b","TOI-4479","TIC 126606859",1.15890000000,,,3400.00,4.500000,0.451000,0.452000,"Transit","Transiting Exoplanet Survey Satellite (TESS)",1
"Kepler-1494 b","Kepler-1494","TIC 123499226",91.08048200000,,9.6500000,5659.00,4.480000,0.940000,0.960000,"Transit","Kepler",1
"TOI-444 b","TOI-444","TIC 179034327",17.96360000000,0.10560000,3.7610000,5225.00,4.640000,0.779000,0.960000,"Transit","Transiting Exoplanet Survey Satellite (TESS)",1
"xi Aql b","xi Aql","TIC 375464367",136.97000000000,,,4841.00,2.610000,10.860000,1.740000,"Radial Velocity","Okayama Astrophysical Observatory",1
"WASP-123 b","WASP-123","TIC 31858843",,,,,,,,"Transit","SuperWASP",1
"Ross 458 c","Ross 458","TIC 88138162",,,,,,,,"Imaging","Las Campanas Observatory",1
"HD 715 b","HD 715","TIC 272125414",56.40000000000,0.20000000,13.5200000,6070.00,3.846000,2.500000,1.600000,"Transit","Transiting Exoplanet Survey Satellite (TESS)",1
"HD 75898 b","HD 75898","TIC 302580456",422.82000000000,,,6122.00,4.340000,,1.295000,"Radial Velocity","W. M. Keck Observatory",1
"Kepler-1007 b","Kepler-1007","TIC 272074477",5.18500207300,,2.1771000,4587.00,4.620000,0.700000,0.730000,"Transit","Kepler",1
"Kepler-1275 b","Kepler-1275","TIC 270521167",3.65691115000,,2.1140000,6296.00,4.260000,1.360000,1.230000,"Transit","Kepler",1
"Kepler-555 b","Kepler-555","TIC 120572779",16.21775407000,,4.9296000,5894.00,4.420000,1.040000,1.030000,"Transit","Kepler",1
"HD 203387 b","HD 203387","TIC 288329878",512.53520000000,,,,,,2.817000,"Radial Velocity","Multiple Observatories",1
"Kepler-716 b","Kepler-716","TIC 159377404",10.37168453000,,3.0479000,5099.00,4.580000,0.780000,0.830000,"Transit","Kepler",1
"Kepler-596 b","Kepler-596","TIC 416267321",21.30022655000,,4.0882000,6267.00,4.270000,1.320000,1.210000,"Transit","Kepler",1
"Kepler-353 c","Kepler-353","TIC 239229234",8.41089400000,,2.2530000,3903.00,4.751000,0.504000,,"Transit","Kepler",1
"Kepler-896 b","Kepler-896","TIC 123490277",144.54739600000,,14.9620000,5262.00,4.560000,0.810000,0.840000,"Transit","Kepler",1
"K2-326 b","K2-326","TIC 422487869",1.25600000000,0.09210000,,3924.00,4.462000,0.688000,0.507000,"Transit","K2",1
"TIC 24750448 c","TIC 24750448","TIC 24750448",10.14385270726,,3.4281866,4545.43,4.662400,0.713599,,"Transit","Transiting Exoplanet Survey Satellite (TESS)",1
"HD 5319 b","HD 5319","TIC 344627954",637.10000000000,,,4871.00,3.260000,4.060000,1.270000,"Radial Velocity","W. M. Keck Observatory",1
"HATS-76 b","HATS-76","TIC 170849515",1.94164230000,,1.8576000,4016.00,4.665000,0.625900,0.662000,"Transit","HATSouth",1
"Kepler-1231 b","Kepler-1231","TIC 158792743",10.41725184000,,4.1870000,5778.00,4.440000,1.000000,1.010000,"Transit","Kepler",1
"OGLE-2013-BLG-1761L b","OGLE-2013-BLG-1761L",,,,,,,,0.330000,"Microlensing","OGLE",1
"Kepler-896 c","Kepler-896","TIC 123490277",29.54225660000,0.08799000,13.9020000,5510.00,4.572000,0.803000,0.877000,"Transit","Kepler",1
"Kepler-100 b","Kepler-100","TIC 159654016",6.88734000000,,,5837.00,4.100000,1.510000,1.130000,"Transit","Kepler",1
"WASP-11 b","WASP-11","TIC 85593751",3.72247000000,1.60000000,,4800.00,4.450000,0.890000,1.420000,"Transit","SuperWASP",1
"OGLE-2018-BLG-0740L b","OGLE-2018-BLG-0740L",,5480.00000000000,,,5912.00,4.500000,,1.000000,"Microlensing","OGLE",1
"HD 7449 b","HD 7449","TIC 248381971",1270.55195000000,,,,,,1.196000,"Radial Velocity","La Silla Observatory",1
"HD 148164 b","HD 148164","TIC 323319664",328.55000000000,,,6032.00,,1.340000,1.210000,"Radial Velocity","W. M. Keck Observatory",1
"HATS-56 b","HATS-56","TIC 272213425",4.32479900000,,4.6416000,6536.00,3.949000,2.201000,1.573000,"Transit","HATSouth",1
"HD 33142 d","HD 33142","TIC 169397663",89.90000000000,,,5025.40,3.375000,4.170000,1.520000,"Radial Velocity","Multiple Observatories",1
"WASP-119 b","WASP-119","TIC 388104525",2.49979000000,,3.0240000,5650.00,4.260000,1.200000,1.020000,"Transit","SuperWASP-South",1
"Kepler-499 b","Kepler-499","TIC 271430916",5.63252845300,,2.1530000,5312.00,4.550000,0.830000,0.870000,"Transit","Kepler",1
"KMT-2022-BLG-0371L b","KMT-2022-BLG-0371L",,,,,,,,0.630000,"Microlensing","KMTNet",1
"KMT-2021-BLG-2609L b","KMT-2021-BLG-2609L",,,,,,,,0.200000,"Microlensing","KMTNet",1
"HAT-P-29 b","HAT-P-29","TIC 250707118",5.72319000000,0.86000000,,6087.00,4.340000,1.300000,1.450000,"Transit","HATNet",1
"Kepler-1520 b","Kepler-1520","TIC 417679385",0.65355357200,,1.5399000,4677.00,4.610000,0.710000,0.760000,"Transit","Kepler",1
"HD 1605 b","HD 1605","TIC 57983992",577.20000000000,,,4915.00,,3.490000,1.330000,"Radial Velocity","Multiple Observatories",1
"Kepler-962 b","Kepler-962","TIC 271546798",12.05707239000,,2.2598000,5478.00,4.540000,0.860000,0.930000,"Transit","Kepler",1
"Kepler-1951 b","Kepler-1951","TIC 122446866",20.65780067000,,,5468.00,4.171000,1.306000,0.923000,"Transit","Kepler",1
"K2-270 b","K2-270","TIC 293375721",1.54306900000,,,4877.00,4.590000,0.770000,0.850000,"Transit","K2",1
"MOA-2009-BLG-319L b","MOA-2009-BLG-319L",,,,,,,,0.524000,"Microlensing","MOA",1
"OGLE-2017-BLG-0448L b","OGLE-2017-BLG-0448L",,,,,,,,0.500000,"Microlensing","OGLE",1
"Kepler-704 b","Kepler-704","TIC 237157729",3.76182115000,,3.3906000,5616.00,4.460000,0.960000,0.970000,"Transit","Kepler",1
"HD 63454 b","HD 63454","TIC 278380701",2.81805000000,,,4812.00,4.280000,0.770000,0.420000,"Radial Velocity","La Silla Observatory",1
"Kepler-294 c","Kepler-294","TIC 158487005",6.62640000000,,3.1750000,5913.00,4.491000,0.976000,,"Transit","Kepler",1
"HD 103720 b","HD 103720","TIC 96195878",4.55570000000,,,5017.00,4.430000,0.730000,0.794000,"Radial Velocity","La Silla Observatory",1
"TOI-6000 b","TOI-6000","TIC 259233660",0.44895900000,,,3419.00,4.850000,0.380000,0.370000,"Transit","Transiting Exoplanet Survey Satellite (TESS)",1
"K2-176 b","K2-176","TIC 440724456",5.32943900000,,,5428.00,4.630000,0.864160,0.938545,"Transit","K2",1
"HD 45350 b","HD 45350","TIC 144132551",963.60000000000,,,5566.00,4.225510,1.264420,0.980000,"Radial Velocity","W. M. Keck Observatory",1
"SWEEPS-11 b","SWEEPS-11",,1.79600000000,0.60000000,,,,1.450000,1.100000,"Transit","Hubble Space Telescope",1
"Kepler-1294 b","Kepler-1294","TIC 159721015",115.68622580000,,4.6250000,5776.00,4.460000,0.970000,0.990000,"Transit","Kepler",1
"DE CVn b","DE CVn","TIC 446175401",4098.10000000000,,,,,,0.510000,"Eclipse Timing Variations","Multiple Facilities",1
"Kepler-1635 b","Kepler-1635","TIC 164891054",469.63111000000,,13.5560000,5347.00,4.530000,0.850000,0.890000,"Transit","Kepler",1
"HD 50554 b","HD 50554","TIC 80224448",1240.00000000000,,,6050.00,4.590000,,1.100000,"Radial Velocity","Lick Observatory",1
"HD 50554 d","HD 50554","TIC 80224448",28.06940000000,,6.2100000,5968.00,,1.146000,1.040000,"Transit","Transiting Exoplanet Survey Satellite (TESS)",1
"TOI-3053 b","TOI-3053","TIC 269859655",2.99199870000,,,5378.00,4.340000,0.970000,0.960000,"Transit","Transiting Exoplanet Survey Satellite (TESS)",1
"K2-201 c","K2-201","TIC 125060509",22.77987800000,,,5507.00,4.680000,0.878161,0.956055,"Transit","K2",1
"TOI-2152 A b","TOI-2152","TIC 395393265",3.37735120000,0.66600000,3.7150000,6630.00,4.205000,1.612000,1.516000,"Transit","Transiting Exoplanet Survey Satellite (TESS)",1
"K2-185 c","K2-185","TIC 337607207",52.71349400000,,4.6400000,5788.00,4.480000,0.940000,0.960000,"Transit","K2",1
"TOI-1235 b","TOI-1235","TIC 103633434",3.44471400000,,,3997.00,4.640000,0.619000,0.630000,"Transit","Transiting Exoplanet Survey Satellite (TESS)",1
"Kepler-1613 b","Kepler-1613","TIC 159180076",1.51842990000,,3.4140000,6005.00,4.370000,1.120000,1.080000,"Transit","Kepler",1
"Kepler-1621 b","Kepler-1621","TIC 273238089",92.26371400000,,9.8620000,6158.00,4.310000,1.240000,1.150000,"Transit","Kepler",1
"NGTS-12 b","NGTS-12","TIC 157230659",7.53280600000,,5.8500000,5690.00,4.045000,1.589000,1.021000,"Transit","Next-Generation Transit Survey (NGTS)",1
"K2-295 b","K2-295","TIC 610976842",4.02486700000,,2.4984000,4444.00,4.630000,0.700000,0.740000,"Transit","K2",1
"TOI-206 b","TOI-206","TIC 55650590",0.73631040000,,,3383.00,4.890000,0.350000,0.350000,"Transit","Transiting Exoplanet Survey Satellite (TESS)",1
"Kepler-325 d","Kepler-325","TIC 267671250",38.71518500000,,3.4580000,5752.00,4.411000,1.003000,,"Transit","Kepler",1
"Kepler-346 b","Kepler-346","TIC 158660363",6.51112700000,,1.5090000,6033.00,4.464000,1.021000,,"Transit","Kepler",1
"Kepler-372 d","Kepler-372","TIC 350810559",30.09256800000,,7.4990000,6509.00,4.405000,1.137000,,"Transit","Kepler",1
"K2-402 b","K2-402","TIC 393548451",17.27474000000,,,5716.00,4.197000,1.280000,0.944000,"Transit","K2",1
"gam Psc b","gam Psc","TIC 262691761",555.10000000000,,,4742.00,2.330000,11.200000,0.990000,"Radial Velocity","Okayama Astrophysical Observatory",1
"HD 168746 b","HD 168746","TIC 18097734",6.40400000000,,,5570.00,4.390000,1.090000,1.070000,"Radial Velocity","La Silla Observatory",1
"HD 219828 b","HD 219828","TIC 243085377",3.83483000000,,,,,,1.040000,"Radial Velocity","La Silla Observatory",1
"HD 5891 b","HD 5891","TIC 243146568",177.11000000000,,,4673.00,2.670000,10.640000,1.930000,"Radial Velocity","W. M. Keck Observatory",1
"TOI-2458 b","TOI-2458","TIC 449197831",3.73659000000,0.03918000,2.1300000,6005.00,4.200000,1.310000,1.050000,"Transit","Transiting Exoplanet Survey Satellite (TESS)",1
"K2-260 b","K2-260","TIC 293612446",2.62669762000,0.92500000,4.1990400,6860.00,4.161000,1.755000,1.637000,"Transit","K2",1
"Kepler-1542 e","Kepler-1542","TIC 279915941",5.10115756000,,2.6150000,5564.00,4.410000,0.990000,0.940000,"Transit","Kepler",1
"HD 180617 b","HD 180617","TIC 176188045",105.91100000000,,,3534.00,4.900000,0.481000,0.484000,"Radial Velocity","Calar Alto Observatory",1
"K2-205 b","K2-205","TIC 344661825",26.67226300000,,,5890.00,4.250000,1.077574,0.951027,"Transit","K2",1
"Kepler-578 b","Kepler-578","TIC 121734474",1.61688369600,,1.5845000,5334.00,4.540000,0.830000,0.870000,"Transit","Kepler",1
"Kepler-1596 b","Kepler-1596","TIC 350813882",66.37337900000,,11.1810000,5706.00,4.490000,0.920000,0.950000,"Transit","Kepler",1
"Kepler-530 b","Kepler-530","TIC 48305629",39.30941904000,,5.7832000,5697.00,4.530000,0.890000,0.970000,"Transit","Kepler",1
"Kepler-1562 b","Kepler-1562","TIC 271040678",64.27377520000,,9.7560000,5760.00,4.410000,1.050000,1.020000,"Transit","Kepler",1
"K2-398 c","K2-398","TIC 281660552",18.78783900000,,,5946.00,4.227000,1.239000,0.945000,"Transit","K2",1
"HATS-59 b","HATS-59","TIC 437261733",5.41608100000,,3.5928000,5670.00,4.422000,1.036000,1.038000,"Transit","HATSouth",1
"GJ 536 b","GJ 536","TIC 119147875",8.70874000000,,,3641.00,4.713000,0.529000,0.528000,"Radial Velocity","La Silla Observatory",1
"Kepler-198 b","Kepler-198","TIC 122519154",17.79003700000,,4.4780000,5574.00,4.467000,0.940000,,"Transit","Kepler",1
"Kepler-1243 b","Kepler-1243","TIC 270782121",16.83207290000,,3.9230000,5667.00,4.480000,0.940000,0.960000,"Transit","Kepler",1
"K2-123 b","K2-123","TIC 197249801",30.95152400000,,,4035.00,4.690000,0.590000,0.620000,"Transit","K2",1
"K2-348 b","K2-348","TIC 117275513",4.68841800000,,2.7500000,5077.00,4.500000,0.850000,0.830000,"Transit","K2",1
"Kepler-1388 c","Kepler-1388","TIC 164524311",5.53608151000,,2.1817000,4098.00,4.670000,0.610000,0.630000,"Transit","Kepler",1
"TOI-6038 A b","TOI-6038 A","TIC 194736418",5.82673110000,0.12740000,5.0420000,6110.00,4.118000,1.648000,1.291000,"Transit","Transiting Exoplanet Survey Satellite (TESS)",1
"HD 56414 b","HD 56414","TIC 300038935",29.04992000000,,7.5800000,8500.00,,1.751000,1.890000,"Transit","Transiting Exoplanet Survey Satellite (TESS)",1
"K2-337 b","K2-337","TIC 20484888",16.27356300000,,7.6400000,5869.00,4.170000,1.320000,0.940000,"Transit","K2",1
"Kepler-148 d","Kepler-148","TIC 159171904",51.84688575000,,4.7788000,5172.00,4.560000,0.810000,0.860000,"Transit","Kepler",1
"Kepler-305 d","Kepler-305","TIC 171879024",16.74000000000,,,5090.00,,0.792000,0.827000,"Transit","Kepler",1
"K2-130 b","K2-130","TIC 12181371",2.49412000000,,,4356.47,,0.744261,0.695630,"Transit","K2",1
"Kepler-430 b","Kepler-430","TIC 26748113",35.96800000000,,,5884.00,4.150000,1.485000,1.166000,"Transit","Kepler",1
"Kepler-1470 b","Kepler-1470","TIC 121733900",16.29509030000,,3.6440000,4961.00,4.590000,0.760000,0.800000,"Transit","Kepler",1
"Kepler-524 c","Kepler-524","TIC 27914389",1.88897906000,,3.2460000,6014.00,4.390000,1.100000,1.090000,"Transit","Kepler",1
"Kepler-329 b","Kepler-329","TIC 268713285",7.41639700000,,2.1680000,4257.00,4.740000,0.523000,,"Transit","Kepler",1
"K2-322 b","K2-322","TIC 277869696",8.20500000000,0.07100000,,4141.00,4.677000,0.602000,0.630000,"Transit","K2",1
"2MASS J04414489+2301513 b","2MASS J04414489+2301513","TIC 118893899",,,,,,,0.019000,"Imaging","Hubble Space Telescope",1
"Kepler-175 b","Kepler-175","TIC 159099116",11.90351500000,,4.2150000,6064.00,4.472000,1.010000,,"Transit","Kepler",1
"WASP-52 b","WASP-52","TIC 427685831",1.74977980000,2.71000000,1.8096000,5000.00,4.582000,0.790000,0.870000,"Transit","SuperWASP",1
"WASP-43 b","WASP-43","TIC 36734222",0.81347500000,2.55000000,1.1592000,4400.00,4.650000,0.600000,0.580000,"Transit","SuperWASP",1
"HAT-P-17 c","HAT-P-17","TIC 266593143",5584.00000000000,,,5336.96,4.554660,0.838682,0.920000,"Radial Velocity","W. M. Keck Observatory",1
"KOI-94 d","KOI-94","TIC 273231214",22.34298900000,,,6182.00,4.181000,1.520000,1.277000,"Transit","Kepler",1
"KOI-94 c","KOI-94","TIC 273231214",10.42364800000,,,6182.00,4.181000,1.520000,1.277000,"Transit","Kepler",1
"KOI-94 e","KOI-94","TIC 273231214",54.32031000000,,,6182.00,4.181000,1.520000,1.277000,"Transit","Kepler",1
"KOI-94 b","KOI-94","TIC 273231214",3.74320800000,,,6182.00,4.181000,1.520000,1.277000,"Transit","Kepler",1
"WASP-103 b","WASP-103","TIC 276754403",0.92554200000,1.19500000,2.5930000,6110.00,4.220000,1.436000,1.220000,"Transit","SuperWASP",1
"Kepler-51 b","Kepler-51","TIC 27846348",45.15400000000,,,6018.00,4.510000,0.940000,1.040000,"Transit","Kepler",1
"Kepler-51 d","Kepler-51","TIC 27846348",130.19400000000,,,6018.00,4.510000,0.940000,1.040000,"Transit","Kepler",1
"Kepler-51 c","Kepler-51","TIC 27846348",85.31200000000,,,6018.00,4.510000,0.940000,1.040000,"Transit","Kepler",1
"WASP-96 b","WASP-96","TIC 160148385",3.42526020000,1.38000000,2.4264000,5540.00,4.420000,1.050000,1.060000,"Transit","SuperWASP",1
"HAT-P-12 b","HAT-P-12","TIC 198108326",3.21305980000,1.97700000,2.3376000,4650.00,4.610000,0.701000,0.733000,"Transit","HATNet",1
"HAT-P-13 b","HAT-P-13","TIC 20096620",2.91625000000,,,,,,,"Transit","HATNet",1
"HAT-P-13 c","HAT-P-13","TIC 20096620",446.27000000000,,,,,,,"Radial Velocity","W. M. Keck Observatory",1
"HAT-P-1 b","HAT-P-1","TIC 346338552",4.46529976000,,2.8500000,5980.00,4.359000,1.174000,1.151000,"Transit","HATNet",1
"KELT-4 A b","KELT-4 A","TIC 165297570",2.98959320000,1.18700000,3.4627200,6206.00,4.108000,1.603000,1.201000,"Transit","KELT",1
"WASP-94 B b","WASP-94 B","TIC 92352621",2.00839000000,,,6040.00,4.260000,1.350000,1.240000,"Radial Velocity","SuperWASP",1
"GJ 436 b","GJ 436","TIC 138819293",2.64388312000,,,,4.792000,0.455000,0.470000,"Radial Velocity","W. M. Keck Observatory",1
"WASP-80 b","WASP-80","TIC 243921117",3.06785234000,2.93700000,2.1310000,4143.00,4.663000,0.586000,0.577000,"Transit","SuperWASP",1
"HATS-6 b","HATS-6","TIC 33521996",3.32527250000,3.23000000,2.0409600,3724.00,4.683000,0.570000,0.574000,"Transit","HATSouth",1
"TOI-431 d","TOI-431","TIC 31374837",12.46103000000,,,4850.00,4.600000,0.731000,0.780000,"Transit","Transiting Exoplanet Survey Satellite (TESS)",1
"TRAPPIST-1 b","TRAPPIST-1","TIC 278892590",1.51082600000,0.73780000,0.6010000,2566.00,5.239600,0.119200,0.089800,"Transit","La Silla Observatory",1
"TRAPPIST-1 c","TRAPPIST-1","TIC 278892590",2.42193700000,0.71230000,0.7005000,2566.00,5.239600,0.119200,0.089800,"Transit","La Silla Observatory",1
"TRAPPIST-1 d","TRAPPIST-1","TIC 278892590",4.04921900000,0.36760000,0.8145000,2566.00,5.239600,0.119200,0.089800,"Transit","La Silla Observatory",1
"TRAPPIST-1 e","TRAPPIST-1","TIC 278892590",6.10101300000,0.50120000,0.9293000,2566.00,5.239600,0.119200,0.089800,"Transit","Multiple Observatories",1
"TRAPPIST-1 f","TRAPPIST-1","TIC 278892590",9.20754000000,0.64650000,1.0480000,2566.00,5.239600,0.119200,0.089800,"Transit","Multiple Observatories",1
"TRAPPIST-1 g","TRAPPIST-1","TIC 278892590",12.35244600000,0.75550000,1.1370000,2566.00,5.239600,0.119200,0.089800,"Transit","Multiple Observatories",1
"TRAPPIST-1 h","TRAPPIST-1","TIC 278892590",18.77286600000,0.33750000,1.2690000,2566.00,5.239600,0.119200,0.089800,"Transit","Multiple Observatories",1
"K2-34 b","K2-34","TIC 178217113",2.99563480000,,,6168.00,4.200000,1.420000,1.160000,"Transit","K2",1
"TOI-1442 b","TOI-1442","TIC 235683377",0.40906770000,,,3330.00,4.920000,0.310000,0.290000,"Transit","Transiting Exoplanet Survey Satellite (TESS)",1
"TOI-2260 b","TOI-2260","TIC 232568235",0.35247280000,,,5534.00,4.620000,0.940000,0.990000,"Transit","Transiting Exoplanet Survey Satellite (TESS)",1
"TOI-2445 b","TOI-2445","TIC 439867639",0.37112810000,,,3333.00,4.970000,0.270000,0.250000,"Transit","Transiting Exoplanet Survey Satellite (TESS)",1
"TOI-2109 b","TOI-2109","TIC 392476080",0.67247414000,0.66510000,,6540.00,4.139000,1.698000,1.453000,"Transit","Transiting Exoplanet Survey Satellite (TESS)",1
"HATS-75 b","HATS-75","TIC 44737596",2.78865560000,,1.9125600,3790.40,4.683100,0.584800,0.601700,"Transit","HATSouth",1
"LTT 1445 A c","LTT 1445 A","TIC 98796344",3.12390350000,0.15700000,0.4820000,3340.00,,0.265000,0.257000,"Transit","Transiting Exoplanet Survey Satellite (TESS)",1
"WASP-18 b","WASP-18","TIC 100100827",0.94145223000,1.04100000,2.2100000,6432.00,4.310000,1.319000,1.294000,"Transit","SuperWASP",1
"WASP-19 b","WASP-19","TIC 35516889",0.78883852000,2.07700000,1.6070000,5616.00,4.417000,1.006000,0.965000,"Transit","SuperWASP",1
"WASP-189 b","WASP-189","TIC 157910432",2.72403300000,,4.3336000,8000.00,3.900000,2.360000,2.030000,"Transit","CHaracterising ExOPlanets Satellite (CHEOPS)",1
"TOI-1670 b","TOI-1670","TIC 441739020",10.98462000000,,2.8000000,6170.00,4.290000,1.316000,1.210000,"Transit","Transiting Exoplanet Survey Satellite (TESS)",1
"TOI-1670 c","TOI-1670","TIC 441739020",40.74976000000,,5.4000000,6170.00,4.290000,1.316000,1.210000,"Transit","Transiting Exoplanet Survey Satellite (TESS)",1
"K2-22 b","K2-22","TIC 363445338",0.38107300000,,,3879.00,4.700000,0.580000,,"Transit","K2",1
"TOI-500 b","TOI-500","TIC 134200185",0.54817700000,0.02487000,0.9980000,4440.00,4.618000,0.678000,0.740000,"Transit","Transiting Exoplanet Survey Satellite (TESS)",1
"TOI-500 c","TOI-500","TIC 134200185",6.63560000000,,,4440.00,4.618000,0.678000,0.740000,"Radial Velocity","La Silla Observatory",1
"TOI-500 d","TOI-500","TIC 134200185",26.23300000000,,,4440.00,4.618000,0.678000,0.740000,"Radial Velocity","La Silla Observatory",1
"TOI-500 e","TOI-500","TIC 134200185",61.30000000000,,,4440.00,4.618000,0.678000,0.740000,"Radial Velocity","La Silla Observatory",1
"GJ 3929 b","GJ 3929","TIC 188589164",2.61623500000,,1.1900000,3384.00,4.890000,0.320000,0.313000,"Transit","Transiting Exoplanet Survey Satellite (TESS)",1
"GJ 3929 c","GJ 3929","TIC 188589164",15.04000000000,,,3384.00,4.890000,0.320000,0.313000,"Radial Velocity","Multiple Observatories",1
"HD 260655 b","HD 260655","TIC 307809773",2.76953000000,,1.1500000,3803.00,5.200000,0.439000,0.439000,"Transit","Transiting Exoplanet Survey Satellite (TESS)",1
"HD 260655 c","HD 260655","TIC 307809773",5.70588000000,,0.9800000,3803.00,5.200000,0.439000,0.439000,"Transit","Transiting Exoplanet Survey Satellite (TESS)",1
"TOI-3714 b","TOI-3714","TIC 155867025",2.15484900000,,1.6600000,3660.00,4.750000,0.510000,0.530000,"Transit","Transiting Exoplanet Survey Satellite (TESS)",1
"Kepler-167 b","Kepler-167","TIC 137686948",4.39315390000,0.04407000,,4884.00,4.579000,0.749000,0.777000,"Transit","Kepler",1
"Kepler-167 c","Kepler-167","TIC 137686948",7.40610600000,0.04187000,,4884.00,4.579000,0.749000,0.777000,"Transit","Kepler",1
"Kepler-167 d","Kepler-167","TIC 137686948",21.80379000000,0.02290000,,4884.00,4.579000,0.749000,0.777000,"Transit","Kepler",1
"Kepler-167 e","Kepler-167","TIC 137686948",1071.23205000000,1.54000000,,4884.00,4.579000,0.749000,0.777000,"Transit","Kepler",1
"TOI-3757 b","TOI-3757","TIC 445751830",3.43875300000,,1.9200000,3913.00,4.680000,0.620000,0.640000,"Transit","Transiting Exoplanet Survey Satellite (TESS)",1
"WASP-7 b","WASP-7","TIC 389352124",4.95464160000,,,6400.00,4.232000,1.432000,1.276000,"Transit","SuperWASP",1
"K2-33 b","K2-33","TIC 49040478",5.42486500000,,4.0800000,3540.00,,1.050000,0.560000,"Transit","K2",1
"KELT-20 b","KELT-20","TIC 69679391",3.47410850000,1.30900000,3.5755200,8720.00,4.290000,1.565000,1.760000,"Transit","KELT-North",1
"K2-18 c","K2-18","TIC 388804061",8.96200000000,,,3457.00,,0.411000,0.359000,"Radial Velocity","La Silla Observatory",1
"GJ 3470 b","GJ 3470","TIC 19028197",3.33664960000,,,3600.00,4.695000,0.547000,0.539000,"Radial Velocity","La Silla Observatory",1
"K2-232 b","K2-232","TIC 68577662",11.16845400000,,,6154.00,4.379000,1.161000,1.188000,"Transit","K2",1
"HAT-P-30 b","HAT-P-30","TIC 455135327",2.81060000000,1.30000000,,6304.00,4.360000,1.310000,1.550000,"Transit","HATNet",1
"HAT-P-14 b","HAT-P-14","TIC 101721385",4.62767000000,0.65000000,,6600.00,4.250000,1.820000,2.650000,"Transit","HATNet",1
"HAT-P-17 b","HAT-P-17","TIC 266593143",10.33852000000,1.50000000,,5246.00,4.530000,0.870000,0.990000,"Transit","HATNet",1
"HAT-P-26 b","HAT-P-26","TIC 420779000",4.23452000000,0.54000000,,5079.00,4.560000,0.870000,1.120000,"Transit","HATNet",1
"TrES-4 b","TrES-4","TIC 159742538",3.55395000000,0.98000000,,6200.00,4.060000,1.660000,1.080000,"Transit","TrES",1
"HD 149026 b","HD 149026","TIC 255930614",2.87589000000,0.29000000,,6179.00,4.370000,1.410000,1.420000,"Radial Velocity","Subaru Telescope",1
"HD 189733 b","HD 189733","TIC 256364928",2.21857567000,2.40000000,,5052.00,4.490000,0.750000,0.790000,"Radial Velocity","Haute-Provence Observatory",1
"HD 209458 b","HD 209458","TIC 420814525",3.52474859000,1.50000000,,6091.00,4.450000,1.190000,1.230000,"Radial Velocity","W. M. Keck Observatory",1
"WASP-15 b","WASP-15","TIC 111991770",3.75210000000,0.97000000,,6300.00,4.350000,1.480000,1.180000,"Transit","SuperWASP",1
"WASP-17 b","WASP-17","TIC 66818296",3.73543000000,1.70000000,,6550.00,4.200000,1.490000,2.280000,"Transit","SuperWASP",1
"WASP-94 A b","WASP-94 A","TIC 92352620",3.95019000000,1.20000000,,6170.00,4.270000,1.480000,1.670000,"Transit","SuperWASP",1
"WASP-63 b","WASP-63","TIC 393414358",4.37808000000,0.61000000,,5550.00,4.010000,1.860000,1.280000,"Transit","SuperWASP",1
"KELT-7 b","KELT-7","TIC 367366318",2.73477000000,0.83000000,,6768.00,4.500000,1.810000,1.760000,"Transit","KELT",1
"KELT-8 b","KELT-8","TIC 358516596",3.24406000000,1.30000000,,5754.00,4.080000,1.460000,0.810000,"Transit","KELT",1
"NGTS-2 b","NGTS-2","TIC 125739286",4.51116400000,,4.6510000,6478.00,4.197000,1.702000,1.640000,"Transit","Next-Generation Transit Survey (NGTS)",1
"WASP-164 b","WASP-164","TIC 237320326",1.77712550000,1.54200000,1.6036800,5806.00,,0.932000,0.946000,"Transit","SuperWASP-South",1
"K2-18 b","K2-18","TIC 388804061",32.93962300000,,,3457.00,,0.411000,0.359000,"Transit","K2",1
"TOI-1075 b","TOI-1075","TIC 351601843",0.60473280000,,,3875.00,,0.581000,0.604000,"Transit","Transiting Exoplanet Survey Satellite (TESS)",1
"WASP-148 b","WASP-148","TIC 115524421",8.80380900000,,,5555.00,4.496000,0.912000,0.954000,"Transit","SuperWASP-North",1
"WASP-148 c","WASP-148","TIC 115524421",34.52400000000,,,5555.00,4.496000,0.912000,0.954000,"Radial Velocity","Haute-Provence Observatory",1
"LP 890-9 b","LP 890-9","TIC 44898913",2.72990250000,0.62380000,0.8457000,2850.00,5.126000,0.155600,0.118000,"Transit","Transiting Exoplanet Survey Satellite (TESS)",1
"LP 890-9 c","LP 890-9","TIC 44898913",8.45746300000,0.66590000,0.9593000,2850.00,5.126000,0.155600,0.118000,"Transit","SPECULOOS Southern Observatory",1
"HD 20329 b","HD 20329","TIC 333657795",0.92611800000,,1.2600000,5596.00,4.400000,1.130000,0.900000,"Transit","Transiting Exoplanet Survey Satellite (TESS)",1
"TOI-700 b","TOI-700","TIC 150428135",9.97721900000,,2.1700000,3459.00,4.809000,0.421000,0.415000,"Transit","Transiting Exoplanet Survey Satellite (TESS)",1
"TOI-700 c","TOI-700","TIC 150428135",16.05113700000,,1.4200000,3459.00,4.809000,0.421000,0.415000,"Transit","Transiting Exoplanet Survey Satellite (TESS)",1
"TOI-700 d","TOI-700","TIC 150428135",37.42396000000,,3.3140000,3459.00,4.809000,0.421000,0.415000,"Transit","Transiting Exoplanet Survey Satellite (TESS)",1
"TOI-700 e","TOI-700","TIC 150428135",27.80978000000,,2.7770000,3459.00,4.809000,0.421000,0.415000,"Transit","Transiting Exoplanet Survey Satellite (TESS)",1
"TOI-3235 b","TOI-3235","TIC 243641947",2.59261842000,,1.4800000,3388.80,4.897600,0.369700,0.393900,"Transit","Transiting Exoplanet Survey Satellite (TESS)",1
"TOI-836 b","TOI-836","TIC 440887364",3.81673000000,,1.8050000,4552.00,4.743000,0.665000,0.678000,"Transit","Transiting Exoplanet Survey Satellite (TESS)",1
"TOI-836.01","TOI-836","TIC 440887364",8.59545000000,,2.4860000,4552.00,4.743000,0.665000,0.678000,"Transit","Transiting Exoplanet Survey Satellite (TESS)",1
"TOI-181 b","TOI-181","TIC 76923707",4.53200000000,0.73000000,1.9900000,4994.00,4.608000,0.745000,0.822000,"Transit","Transiting Exoplanet Survey Satellite (TESS)",1
"TOI-5205 b","TOI-5205","TIC 419411415",1.63075700000,,1.4000000,3430.00,4.840000,0.394000,0.392000,"Transit","Transiting Exoplanet Survey Satellite (TESS)",1
"K2-141 b","K2-141","TIC 301235044",0.28032440000,,,4570.00,,0.681000,0.708000,"Transit","K2",1
"K2-141 c","K2-141","TIC 301235044",7.74850000000,,,4570.00,,0.681000,0.708000,"Transit","K2",1
"LP 791-18 b","LP 791-18","TIC 181804752",0.94799810000,,0.6195000,2960.00,5.115000,0.182000,0.139000,"Transit","Transiting Exoplanet Survey Satellite (TESS)",1
"HD 207496 b","HD 207496","TIC 290348383",6.44100800000,,1.7620000,4819.00,4.507000,0.769000,0.800000,"Transit","Transiting Exoplanet Survey Satellite (TESS)",1
"TOI-1416 b","TOI-1416","TIC 158025009",1.06975680000,0.04550000,1.5000000,4884.00,4.520000,0.793000,0.798000,"Transit","Transiting Exoplanet Survey Satellite (TESS)",1
"TOI-4010 b","TOI-4010","TIC 352682207",1.34833500000,,1.7700000,4960.00,4.540000,0.830000,0.880000,"Transit","Transiting Exoplanet Survey Satellite (TESS)",1
"TOI-4010 c","TOI-4010","TIC 352682207",5.41465400000,,2.7700000,4960.00,4.540000,0.830000,0.880000,"Transit","Transiting Exoplanet Survey Satellite (TESS)",1
"TOI-4010 d","TOI-4010","TIC 352682207",14.70886000000,,3.6000000,4960.00,4.540000,0.830000,0.880000,"Transit","Transiting Exoplanet Survey Satellite (TESS)",1
"TOI-4010 e","TOI-4010","TIC 352682207",762.00000000000,,,4960.00,4.540000,0.830000,0.880000,"Radial Velocity","Roque de los Muchachos Observatory",1
"WASP-84 b","WASP-84","TIC 350293646",8.52349648000,1.72300000,2.7600000,,,0.768000,0.853000,"Transit","SuperWASP",1
"WASP-84 c","WASP-84","TIC 350293646",1.44688490000,0.05320000,1.1110000,,,0.768000,0.853000,"Transit","Transiting Exoplanet Survey Satellite (TESS)",1
"TOI-3984 A b","TOI-3984 A","TIC 20182780",4.35332600000,,2.0100000,3476.00,4.810000,0.470000,0.490000,"Transit","Transiting Exoplanet Survey Satellite (TESS)",1
"TOI-5293 A b","TOI-5293 A","TIC 250111245",2.93028900000,,1.9400000,3586.00,4.770000,0.520000,0.540000,"Transit","Transiting Exoplanet Survey Satellite (TESS)",1
"GJ 367 c","GJ 367","TIC 34068865",11.53010000000,,,3522.00,4.776000,0.458000,0.455000,"Radial Velocity","La Silla Observatory",1
"GJ 367 d","GJ 367","TIC 34068865",34.36900000000,,,3522.00,4.776000,0.458000,0.455000,"Radial Velocity","La Silla Observatory",1
"GJ 357 b","GJ 357","TIC 413248763",3.93060000000,0.09550000,1.2910000,3505.00,4.940000,0.337000,0.342000,"Transit","Transiting Exoplanet Survey Satellite (TESS)",1
"TOI-199 b","TOI-199","TIC 309792357",104.85400000000,,,5255.00,4.582000,0.820000,0.936000,"Transit","Transiting Exoplanet Survey Satellite (TESS)",1
"TOI-199 c","TOI-199","TIC 309792357",273.69000000000,,,5255.00,4.582000,0.820000,0.936000,"Transit Timing Variations","Multiple Observatories",1
"LHS 475 b","LHS 475","TIC 369327947",2.02908800000,0.11010000,0.7250000,3300.00,5.000000,0.278900,0.262000,"Transit","Transiting Exoplanet Survey Satellite (TESS)",1
"TOI-1801 b","TOI-1801","TIC 119584412",10.64387000000,,,3863.00,4.780000,0.547000,0.556000,"Transit","Transiting Exoplanet Survey Satellite (TESS)",1
"TOI-1420 b","TOI-1420","TIC 321857016",6.95610630000,1.39600000,3.3720000,5510.00,4.502000,0.923000,0.987000,"Transit","Transiting Exoplanet Survey Satellite (TESS)",1
"HD 110067 b","HD 110067","TIC 347332255",9.11367800000,,3.0948000,5266.00,4.540000,0.788000,0.798000,"Transit","Multiple Observatories",1
"HD 110067 c","HD 110067","TIC 347332255",13.67369400000,,3.7044000,5266.00,4.540000,0.788000,0.798000,"Transit","Multiple Observatories",1
"HD 110067 d","HD 110067","TIC 347332255",20.51961700000,,3.8177000,5266.00,4.540000,0.788000,0.798000,"Transit","Multiple Observatories",1
"HD 110067 e","HD 110067","TIC 347332255",30.79309100000,,4.8636000,5266.00,4.540000,0.788000,0.798000,"Transit","Multiple Observatories",1
"HD 110067 f","HD 110067","TIC 347332255",41.05854000000,,5.1650000,5266.00,4.540000,0.788000,0.798000,"Transit","Multiple Observatories",1
"HD 110067 g","HD 110067","TIC 347332255",54.76992000000,,5.6660000,5266.00,4.540000,0.788000,0.798000,"Transit","Multiple Observatories",1
"AU Mic d","AU Mic","TIC 441420236",12.73596000000,,,3678.00,4.404000,0.744000,0.510000,"Transit Timing Variations","Multiple Observatories",1
"GJ 806 b","GJ 806","TIC 239332587",0.92632370000,,0.9300000,3600.00,4.980000,0.414400,0.413000,"Transit","Transiting Exoplanet Survey Satellite (TESS)",1
"GJ 806 c","GJ 806","TIC 239332587",6.64064000000,,,3600.00,4.980000,0.414400,0.413000,"Radial Velocity","Multiple Observatories",1
"HAT-P-65 b","HAT-P-65","TIC 283419843",2.60544751000,,,5872.00,4.107900,1.666000,1.297000,"Transit","HATNet",1
"Kepler-620 b","Kepler-620","TIC 350737935",12.91375431000,,6.0420000,6155.00,4.330000,1.220000,1.150000,"Transit","Kepler",1
"DS Tuc A b","DS Tuc A","TIC 410214986",8.13826800000,0.29360000,3.1764000,5428.00,,0.964000,1.010000,"Transit","Transiting Exoplanet Survey Satellite (TESS)",1
"TOI-6158 b","TOI-6158","TIC 404456775",3.04468990000,,1.3224000,3467.00,4.810000,0.476000,0.503000,"Transit","Transiting Exoplanet Survey Satellite (TESS)",1
"KMT-2024-BLG-0349L b","KMT-2024-BLG-0349L",,,,,,,,0.680000,"Microlensing","KMTNet",1
"TOI-2048 b","TOI-2048","TIC 159873822",13.79019000000,,,5185.00,,0.790000,0.830000,"Transit","Transiting Exoplanet Survey Satellite (TESS)",1
"Kepler-18 b","Kepler-18","TIC 273690178",3.50472500000,0.02540000,2.0760000,5345.00,4.310000,1.108000,0.972000,"Transit","Kepler",1
"Kepler-234 b","Kepler-234","TIC 137318075",2.71150600000,,3.1750000,6224.00,4.421000,1.113000,,"Transit","Kepler",1
"Kepler-1373 b","Kepler-1373","TIC 120627712",1.29123275000,,1.8760000,6299.00,4.270000,1.330000,1.220000,"Transit","Kepler",1
"K2-113 b","K2-113","TIC 376939759",5.81768500000,,,5660.00,4.270000,1.240000,1.040000,"Transit","K2",1
"TOI-2000 b","TOI-2000","TIC 371188886",3.09833000000,,1.9590000,5611.00,4.363000,1.134000,1.082000,"Transit","Transiting Exoplanet Survey Satellite (TESS)",1
"Kepler-770 d","Kepler-770","TIC 120891972",4.15244722000,,2.5916000,5598.00,4.490000,0.920000,0.940000,"Transit","Kepler",1
"HAT-P-32 b","HAT-P-32","TIC 292152376",2.15000820000,2.21600000,3.1204800,6001.00,4.220000,1.367000,1.132000,"Transit","HATNet",1
"WASP-166 b","WASP-166","TIC 408310006",5.44354000000,0.28100000,3.6000000,6050.00,4.340000,1.220000,1.190000,"Transit","WASP-South",1
"HD 106315 b","HD 106315","TIC 56815340",9.55237000000,,3.7750000,6327.00,4.252000,1.296000,1.091000,"Transit","K2",1
"HD 106315 c","HD 106315","TIC 56815340",21.05704000000,,4.6380000,6327.00,4.252000,1.296000,1.091000,"Transit","K2",1
"GJ 357 c","GJ 357","TIC 413248763",9.12470000000,,,3505.00,4.940000,0.337000,0.342000,"Radial Velocity","Multiple Observatories",1
"GJ 357 d","GJ 357","TIC 413248763",55.66100000000,,,3505.00,4.940000,0.337000,0.342000,"Radial Velocity","Multiple Observatories",1
"WASP-178 b","WASP-178","TIC 160708862",3.34482850000,1.24300000,3.4704000,9360.00,4.310000,1.670000,2.070000,"Transit","WASP-South",1
"WASP-39 b","WASP-39","TIC 181949561",4.05529410000,,,5485.00,4.453000,0.939000,0.913000,"Transit","SuperWASP",1
"GJ 9827 b","GJ 9827","TIC 301289516",1.20897400000,,,4236.00,4.719000,0.580000,0.620000,"Transit","K2",1
"GJ 9827 c","GJ 9827","TIC 301289516",3.64810300000,,,4236.00,4.719000,0.580000,0.620000,"Transit","K2",1
"LTT 3780 b","LTT 3780","TIC 36724087",0.76837931000,0.10320000,0.7883000,3358.00,4.850000,0.380000,0.381000,"Transit","Transiting Exoplanet Survey Satellite (TESS)",1
"LTT 3780 c","LTT 3780","TIC 36724087",12.25228400000,0.33550000,1.5400000,3358.00,4.850000,0.380000,0.381000,"Transit","Transiting Exoplanet Survey Satellite (TESS)",1
"LHS 1140 b","LHS 1140","TIC 92226327",24.73723000000,0.53800000,2.1500000,3096.00,5.041000,0.215900,0.184400,"Transit","MEarth Project",1
"LHS 1140 c","LHS 1140","TIC 92226327",3.77794000000,0.29000000,1.1300000,3096.00,5.041000,0.215900,0.184400,"Transit","Multiple Observatories",1
"GJ 1214 b","GJ 1214","TIC 467929202",1.58040453100,1.34300000,0.8696600,3101.00,5.028600,0.216200,0.182000,"Transit","MEarth Project",1
"TOI-1136 b","TOI-1136","TIC 142276270",4.17270000000,,,5770.00,4.470000,0.968000,1.022000,"Transit","Transiting Exoplanet Survey Satellite (TESS)",1
"TOI-1136 c","TOI-1136","TIC 142276270",6.25740000000,,,5770.00,4.470000,0.968000,1.022000,"Transit","Transiting Exoplanet Survey Satellite (TESS)",1
"TOI-1136 d","TOI-1136","TIC 142276270",12.51990000000,,,5770.00,4.470000,0.968000,1.022000,"Transit","Transiting Exoplanet Survey Satellite (TESS)",1
"TOI-1136 e","TOI-1136","TIC 142276270",18.80100000000,,,5770.00,4.470000,0.968000,1.022000,"Transit","Transiting Exoplanet Survey Satellite (TESS)",1
"TOI-1136 f","TOI-1136","TIC 142276270",26.32100000000,,,5770.00,4.470000,0.968000,1.022000,"Transit","Transiting Exoplanet Survey Satellite (TESS)",1
"TOI-1136 g","TOI-1136","TIC 142276270",39.54500000000,,,5770.00,4.470000,0.968000,1.022000,"Transit","Transiting Exoplanet Survey Satellite (TESS)",1
"TOI-1899 b","TOI-1899","TIC 172370679",29.09031200000,,4.7000000,3926.00,4.672000,0.607000,0.632000,"Transit","Transiting Exoplanet Survey Satellite (TESS)",1
"PH2 b","PH2","TIC 416279912",282.52542000000,0.81540000,10.8100000,5734.00,4.470000,0.949000,0.966000,"Transit","Kepler",1
"WASP-47 b","WASP-47","TIC 102264230",4.15915100000,,,,,1.156000,1.058000,"Transit","SuperWASP",1
"WASP-47 c","WASP-47","TIC 102264230",589.57000000000,,,,,1.156000,1.058000,"Radial Velocity","La Silla Observatory",1
"WASP-47 d","WASP-47","TIC 102264230",9.03050100000,,,,,1.156000,1.058000,"Transit","K2",1
"WASP-47 e","WASP-47","TIC 102264230",0.78961000000,,,,,1.156000,1.058000,"Transit","K2",1
"TOI-776 b","TOI-776","TIC 306996324",8.24662000000,0.09090000,2.3820000,3725.00,4.800000,0.547000,0.542000,"Transit","Transiting Exoplanet Survey Satellite (TESS)",1
"TOI-776 c","TOI-776","TIC 306996324",15.66532300000,0.11770000,2.9320000,3725.00,4.800000,0.547000,0.542000,"Transit","Transiting Exoplanet Survey Satellite (TESS)",1
"WASP-76 b","WASP-76","TIC 293435336",1.80988198000,1.17800000,3.8000000,6329.00,4.196000,1.756000,1.458000,"Transit","SuperWASP",1
"HIP 9618 b","HIP 9618","TIC 306263608",20.77285800000,,4.9427299,5649.00,4.445000,0.959300,0.942000,"Transit","Transiting Exoplanet Survey Satellite (TESS)",1
"HIP 9618 c","HIP 9618","TIC 306263608",52.56363000000,,6.5715569,5649.00,4.445000,0.959300,0.942000,"Transit","Transiting Exoplanet Survey Satellite (TESS)",1
"TOI-1823 b","TOI-1823","TIC 142381532",38.80000000000,,5.9233770,4927.00,4.548000,0.804900,0.841400,"Transit","Transiting Exoplanet Survey Satellite (TESS)",1
"TOI-849 b","TOI-849","TIC 33595516",0.76554800000,,,5257.00,,0.970000,0.970000,"Transit","Transiting Exoplanet Survey Satellite (TESS)",1
"HD 63935 b","HD 63935","TIC 453211454",9.05880700000,,3.7026559,5513.00,4.445000,0.959800,0.940600,"Transit","Transiting Exoplanet Survey Satellite (TESS)",1
"HD 63935 c","HD 63935","TIC 453211454",21.40270000000,,5.4205342,5513.00,4.445000,0.959800,0.940600,"Radial Velocity","Multiple Observatories",1
"TOI-1807 b","TOI-1807","TIC 180695581",0.54937097000,,0.9772115,4914.00,4.598000,0.746000,0.804800,"Transit","Transiting Exoplanet Survey Satellite (TESS)",1
"LTT 1445 A b","LTT 1445 A","TIC 98796344",5.35876350000,0.23000000,1.3660000,,,0.271000,0.257000,"Transit","Transiting Exoplanet Survey Satellite (TESS)",1
"TOI-6255 b","TOI-6255","TIC 261135533",0.23818244000,,,3421.00,4.850000,0.370000,0.353000,"Transit","Transiting Exoplanet Survey Satellite (TESS)",1
"TOI-421 b","TOI-421","TIC 94986319",5.19757600000,,1.0900000,5291.00,4.480000,0.866000,0.833000,"Transit","Transiting Exoplanet Survey Satellite (TESS)",1
"TOI-421 c","TOI-421","TIC 94986319",16.06754100000,,2.7550000,5291.00,4.480000,0.866000,0.833000,"Transit","Transiting Exoplanet Survey Satellite (TESS)",1
"TOI-1338 b","TOI-1338 A","TIC 260128333",95.40010000000,,,,,1.313000,1.093600,"Transit","Transiting Exoplanet Survey Satellite (TESS)",1
"TOI-1338 c","TOI-1338 A","TIC 260128333",215.79000000000,,,,,1.313000,1.093600,"Radial Velocity","Multiple Observatories",1
"TOI-3884 b","TOI-3884","TIC 86263325",4.54458280000,,1.6000000,3180.00,4.970000,0.302000,0.298000,"Transit","Transiting Exoplanet Survey Satellite (TESS)",1
"GJ 1132 b","GJ 1132","TIC 101955023",1.62892911000,0.24430000,0.7664600,3229.00,5.037000,0.221100,0.194500,"Transit","Cerro Tololo Inter-American Observatory",1
"HIP 67522 b","HIP 67522","TIC 166527623",6.95947310000,,4.8500000,5675.00,,1.380000,1.220000,"Transit","Transiting Exoplanet Survey Satellite (TESS)",1
"HIP 67522 c","HIP 67522","TIC 166527623",14.33489200000,,5.6600000,5675.00,,1.380000,1.220000,"Transit","Transiting Exoplanet Survey Satellite (TESS)",1
"GJ 9827 d","GJ 9827","TIC 301289516",6.20183000000,,,4236.00,4.700000,0.580000,0.620000,"Transit","K2",1
"GJ 486 b","GJ 486","TIC 390651552",1.46712127000,0.13871000,1.0158000,3317.00,4.911100,0.324300,0.312000,"Radial Velocity","Calar Alto Observatory",1
"L 168-9 b","L 168-9","TIC 234994474",1.40152604000,,1.0200000,3842.00,4.840000,0.604000,0.614000,"Transit","Transiting Exoplanet Survey Satellite (TESS)",1
"TOI-1130 b","TOI-1130","TIC 254113311",4.07455400000,,,4360.00,4.550000,0.697000,0.745000,"Transit","Transiting Exoplanet Survey Satellite (TESS)",1
"TOI-1130 c","TOI-1130","TIC 254113311",8.35018980000,,,4360.00,4.550000,0.697000,0.745000,"Transit","Transiting Exoplanet Survey Satellite (TESS)",1
"Kepler-51 e","Kepler-51","TIC 27846348",264.28400000000,,,5674.00,,0.870000,0.960000,"Transit Timing Variations","Multiple Observatories",1
"IRAS 04125+2902 b","IRAS 04125+2902","TIC 56658270",8.83497800000,,5.9950000,4080.00,,1.450000,0.700000,"Transit","Transiting Exoplanet Survey Satellite (TESS)",1
"WASP-12 b","WASP-12","TIC 86396382",1.09141890100,,3.0010000,6265.00,4.110000,1.690000,1.325000,"Transit","SuperWASP",1
"HD 15337 b","HD 15337","TIC 120896927",4.75598040000,,,5131.00,4.480000,0.855000,0.829000,"Transit","Transiting Exoplanet Survey Satellite (TESS)",1
"HD 15337 c","HD 15337","TIC 120896927",17.18054600000,,,5131.00,4.480000,0.855000,0.829000,"Transit","Transiting Exoplanet Survey Satellite (TESS)",1
"GJ 341 b","GJ 341","TIC 359271092",7.57686000000,,2.2300000,3770.00,4.720000,0.506600,0.480000,"Transit","Transiting Exoplanet Survey Satellite (TESS)",1
"TOI-561 b","TOI-561","TIC 377064495",0.44656970000,,1.3080000,,,0.843000,0.806000,"Transit","Transiting Exoplanet Survey Satellite (TESS)",1
"TOI-561 c","TOI-561","TIC 377064495",10.77883800000,,3.7390000,,,0.843000,0.806000,"Transit","Transiting Exoplanet Survey Satellite (TESS)",1
"TOI-561 d","TOI-561","TIC 377064495",25.71268000000,,4.7300000,,,0.843000,0.806000,"Transit","Transiting Exoplanet Survey Satellite (TESS)",1
"TOI-561 e","TOI-561","TIC 377064495",77.14400000000,,7.1380000,,,0.843000,0.806000,"Transit","Transiting Exoplanet Survey Satellite (TESS)",1
"HAT-P-11 b","HAT-P-11","TIC 28230919",4.88800000000,,,,,,0.811000,"Transit","HATNet",1
"HAT-P-11 c","HAT-P-11","TIC 28230919",3361.00000000000,,,,,,0.811000,"Radial Velocity","W. M. Keck Observatory",1
"TOI-677 b","TOI-677","TIC 280206394",11.23659850000,,2.5350000,6295.00,4.291000,1.280000,1.181000,"Transit","Transiting Exoplanet Survey Satellite (TESS)",1
"BD+05 4868 A b","BD+05 4868 A","TIC 466376085",1.27186900000,1.40000000,,4596.00,4.600000,0.690000,0.700000,"Transit","Transiting Exoplanet Survey Satellite (TESS)",1
"WASP-131 b","WASP-131","TIC 271168962",5.32201250000,0.65170000,3.8450000,5990.00,4.075000,1.561000,1.060000,"Transit","SuperWASP-South",1
"TOI-6324 b","TOI-6324","TIC 372207328",0.27922100000,,,3247.00,4.930000,0.293000,0.269000,"Transit","Transiting Exoplanet Survey Satellite (TESS)",1
"TOI-771 b","TOI-771","TIC 277634430",2.32601550000,,0.9600000,3370.00,4.800000,0.232000,0.220000,"Transit","Transiting Exoplanet Survey Satellite (TESS)",1
"TOI-771 c","TOI-771","TIC 277634430",7.61000000000,,,3370.00,4.800000,0.232000,0.220000,"Radial Velocity","Paranal Observatory",1
"WASP-77 A b","WASP-77 A","TIC 1129033",1.36002939500,,,5617.00,4.476000,0.910000,0.903000,"Transit","SuperWASP",1
"TOI-6894 b","TOI-6894","TIC 67512645",3.37077196000,,1.4220000,3007.00,5.039000,0.227600,0.207000,"Transit","Transiting Exoplanet Survey Satellite (TESS)",1
"KELT-11 b","KELT-11","TIC 55092869",4.73620865000,,7.1000000,5375.00,3.700000,2.690000,1.440000,"Transit","KELT-South",1
"TOI-1468 b","TOI-1468","TIC 243185500",1.88052010000,0.11980000,1.0900000,3376.00,4.846000,0.371400,0.352700,"Transit","Transiting Exoplanet Survey Satellite (TESS)",1
"TOI-1468 c","TOI-1468","TIC 243185500",15.53247700000,0.27600000,1.8600000,3376.00,4.846000,0.371400,0.352700,"Transit","Transiting Exoplanet Survey Satellite (TESS)",1
"TOI-2031 A b","TOI-2031 A","TIC 470127886",5.71548654000,1.10100000,4.0270000,6490.00,4.320000,1.241000,1.174000,"Transit","Transiting Exoplanet Survey Satellite (TESS)",1
"L 98-59 b","L 98-59","TIC 307210830",2.25311400000,0.05890000,1.0100000,3415.00,4.910000,0.315500,0.292300,"Transit","Transiting Exoplanet Survey Satellite (TESS)",1
"L 98-59 c","L 98-59","TIC 307210830",3.69067640000,0.14860000,1.2800000,3415.00,4.910000,0.315500,0.292300,"Transit","Transiting Exoplanet Survey Satellite (TESS)",1
"L 98-59 d","L 98-59","TIC 307210830",7.45072900000,0.14450000,0.8400000,3415.00,4.910000,0.315500,0.292300,"Transit","Transiting Exoplanet Survey Satellite (TESS)",1
"L 98-59 e","L 98-59","TIC 307210830",12.82780000000,,,3415.00,4.910000,0.315500,0.292300,"Radial Velocity","Multiple Observatories",1
"L 98-59 f","L 98-59","TIC 307210830",23.06400000000,,,3415.00,4.910000,0.315500,0.292300,"Radial Velocity","Multiple Facilities",1
"WASP-69 b","WASP-69","TIC 248853232",3.86813881000,,2.1869000,4792.00,4.570000,0.801000,0.830000,"Transit","SuperWASP",1
"TOI-125 b","TOI-125","TIC 52368076",4.65382000000,0.08700000,2.9616000,5320.00,4.516000,0.848000,0.859000,"Transit","Transiting Exoplanet Survey Satellite (TESS)",1
"TOI-125 c","TOI-125","TIC 52368076",9.15059000000,0.08910000,2.9544000,5320.00,4.516000,0.848000,0.859000,"Transit","Transiting Exoplanet Survey Satellite (TESS)",1
"TOI-125 d","TOI-125","TIC 52368076",19.98000000000,0.10000000,3.1128000,5320.00,4.516000,0.848000,0.859000,"Transit","Transiting Exoplanet Survey Satellite (TESS)",1
"HATS-48 A b","HATS-48 A","TIC 201642601",3.13166660000,,2.3457600,4546.00,4.590900,0.715200,0.727900,"Transit","HATSouth",1
"HATS-72 b","HATS-72","TIC 188570092",7.32794740000,,3.0847200,4656.10,4.585300,0.721400,0.731100,"Transit","HATSouth",1
"NGTS-11 b","NGTS-11","TIC 54002556",35.45533000000,,3.5900000,5050.00,4.500000,0.832000,0.862000,"Transit","Transiting Exoplanet Survey Satellite (TESS)",1
"HD 86226 b","HD 86226","TIC 22221375",1628.00000000000,,,5863.00,4.400000,1.053000,1.019000,"Radial Velocity","Las Campanas Observatory",1
"WD 1856+534 b","WD 1856+534","TIC 267574918",1.40794050000,56.65000000,0.1333000,4710.00,7.915000,0.013100,0.518000,"Transit","Transiting Exoplanet Survey Satellite (TESS)",1
"LTT 9779 b","LTT 9779","TIC 183985250",0.79205200000,,,5443.00,4.350000,0.949000,1.020000,"Transit","Transiting Exoplanet Survey Satellite (TESS)",1
"TOI-824 b","TOI-824","TIC 193641523",1.39297800000,0.14900000,1.1534400,4600.00,4.605000,0.695000,0.710000,"Transit","Transiting Exoplanet Survey Satellite (TESS)",1
"GJ 3473 c","GJ 3473","TIC 452866790",15.50900000000,,,3347.00,4.810000,0.364000,0.360000,"Radial Velocity","Multiple Observatories",1
"WASP-127 b","WASP-127","TIC 169226822",4.17806203000,1.02100000,4.3528800,,,1.333000,0.950000,"Transit","SuperWASP",1
"55 Cnc e","55 Cnc","TIC 332064670",0.73654740000,,,5172.00,4.430000,0.943000,0.905000,"Radial Velocity","McDonald Observatory",1
"WASP-139 b","WASP-139","TIC 159951311",5.92426200000,1.07000000,2.8320000,5310.00,4.590000,0.800000,0.920000,"Transit","SuperWASP-South",1
"K2-287 b","K2-287","TIC 73848324",14.89329100000,,,5695.00,4.398000,1.070000,1.056000,"Transit","K2",1
"GJ 3473 b","GJ 3473","TIC 452866790",1.19800350000,,0.9500000,3347.00,4.810000,0.364000,0.360000,"Transit","Transiting Exoplanet Survey Satellite (TESS)",1
"Kepler-12 b","Kepler-12","TIC 405717754",4.43796290000,,,5947.00,4.175000,1.483000,1.166000,"Transit","Kepler",1
"HD 86226 c","HD 86226","TIC 22221375",3.98442000000,,3.1200000,5863.00,4.400000,1.053000,1.019000,"Transit","Transiting Exoplanet Survey Satellite (TESS)",1
"TOI-1231 b","TOI-1231","TIC 447061717",24.24558600000,0.49200000,3.2400000,3553.00,4.767000,0.476000,0.485000,"Transit","Transiting Exoplanet Survey Satellite (TESS)",1
"LHS 1478 b","LHS 1478","TIC 396562848",1.94953780000,,0.7050000,3381.00,4.870000,0.246000,0.236000,"Transit","Transiting Exoplanet Survey Satellite (TESS)",1
"TOI-674 b","TOI-674","TIC 158588995",1.97714300000,,,3514.00,4.810000,0.420000,0.420000,"Transit","Transiting Exoplanet Survey Satellite (TESS)",1
"TOI-431 b","TOI-431","TIC 31374837",0.49004700000,,,4850.00,4.600000,0.731000,0.780000,"Transit","Transiting Exoplanet Survey Satellite (TESS)",1
"TOI-431 c","TOI-431","TIC 31374837",4.84940000000,,,4850.00,4.600000,0.731000,0.780000,"Radial Velocity","La Silla Observatory",1
"TOI-178 b","TOI-178","TIC 251848941",1.91456010000,0.02766000,,4316.00,4.450000,0.662000,0.647000,"Transit","Transiting Exoplanet Survey Satellite (TESS)",1
"TOI-178 c","TOI-178","TIC 251848941",3.23848600000,0.05908000,,4316.00,4.450000,0.662000,0.647000,"Transit","Transiting Exoplanet Survey Satellite (TESS)",1
"TOI-178 d","TOI-178","TIC 251848941",6.55756900000,0.13964000,,4316.00,4.450000,0.662000,0.647000,"Transit","Transiting Exoplanet Survey Satellite (TESS)",1
"TOI-178 e","TOI-178","TIC 251848941",9.96318000000,0.10181000,,4316.00,4.450000,0.662000,0.647000,"Transit","Transiting Exoplanet Survey Satellite (TESS)",1
"TOI-178 f","TOI-178","TIC 251848941",15.23335000000,0.11231000,,4316.00,4.450000,0.662000,0.647000,"Transit","Multiple Observatories",1
"TOI-178 g","TOI-178","TIC 251848941",20.71663000000,0.16605000,,4316.00,4.450000,0.662000,0.647000,"Transit","Transiting Exoplanet Survey Satellite (TESS)",1
"HD 80606 b","HD 80606","TIC 457134360",111.43676500000,1.01900000,11.9800000,5565.00,,1.050000,1.050000,"Radial Velocity","Multiple Observatories",1
"AU Mic e","AU Mic","TIC 441420236",33.11000000000,,,3665.00,4.520000,0.820000,0.600000,"Radial Velocity","Mauna Kea Observatory",1
"TOI-270 b","TOI-270","TIC 259377017",3.35992000000,,1.2940000,3506.00,4.872000,0.380000,0.386000,"Transit","Transiting Exoplanet Survey Satellite (TESS)",1
"TOI-270 c","TOI-270","TIC 259377017",5.66051000000,,1.6820000,3506.00,4.872000,0.380000,0.386000,"Transit","Transiting Exoplanet Survey Satellite (TESS)",1
"TOI-270 d","TOI-270","TIC 259377017",11.38194000000,,2.1170000,3506.00,4.872000,0.380000,0.386000,"Transit","Transiting Exoplanet Survey Satellite (TESS)",1
"TOI-6109 b","TOI-6109","TIC 384984325",5.69047600000,,,5660.00,4.450000,1.021000,1.030000,"Transit","Transiting Exoplanet Survey Satellite (TESS)",1
"TOI-6109 c","TOI-6109","TIC 384984325",8.53887800000,,,5660.00,4.450000,1.021000,1.030000,"Transit","Transiting Exoplanet Survey Satellite (TESS)",1
"WASP-6 b","WASP-6","TIC 204376737",3.36100260000,,,5438.00,4.565000,0.790000,0.854000,"Transit","SuperWASP",1
"WASP-25 b","WASP-25","TIC 229047362",3.76483370000,,,5697.00,4.529000,0.884000,0.962000,"Transit","SuperWASP",1
"55 Cnc B b","55 Cnc B","TIC 332064684",6.79940000000,,,3286.00,4.860000,0.274000,0.260000,"Radial Velocity","Mauna Kea Observatory",1
"55 Cnc B c","55 Cnc B","TIC 332064684",33.74700000000,,,3286.00,4.860000,0.274000,0.260000,"Radial Velocity","Mauna Kea Observatory",1
"55 Cnc b","55 Cnc","TIC 332064670",14.65155200000,,,5198.00,4.300000,0.980000,1.015000,"Radial Velocity","Lick Observatory",1
"55 Cnc c","55 Cnc","TIC 332064670",44.39360000000,,,5198.00,4.300000,0.980000,1.015000,"Radial Velocity","McDonald Observatory",1
"55 Cnc d","55 Cnc","TIC 332064670",4799.00000000000,,,5198.00,4.300000,0.980000,1.015000,"Radial Velocity","Lick Observatory",1
"55 Cnc f","55 Cnc","TIC 332064670",260.58000000000,,,5198.00,4.300000,0.980000,1.015000,"Radial Velocity","Multiple Observatories",1
"TOI-1685 b","TOI-1685","TIC 28900646",0.66913923000,,0.9040000,3470.00,4.680000,0.462000,0.466000,"Transit","Transiting Exoplanet Survey Satellite (TESS)",1
"WASP-193 b","WASP-193","TIC 49043968",6.24634750000,1.24800000,4.2559000,6080.00,4.280000,1.213000,1.018000,"Transit","WASP-South",1
"WASP-121 b","WASP-121","TIC 22529346",1.27492504000,1.50180000,,6628.00,4.251000,1.461000,1.330000,"Transit","SuperWASP",1
"WASP-20 b","WASP-20","TIC 211438925",,,,,,1.242000,,"Transit","SuperWASP",1
"GJ 3090 b","GJ 3090","TIC 262530407",2.85310198000,,,3707.00,,0.516000,0.519000,"Transit","Transiting Exoplanet Survey Satellite (TESS)",1
"GJ 3090 c","GJ 3090","TIC 262530407",15.94070000000,,,3707.00,,0.516000,0.519000,"Radial Velocity","Multiple Facilities",1
"V1298 Tau b","V1298 Tau","TIC 15756231",24.14000600000,,6.4500000,4970.00,,1.320000,1.100000,"Transit","K2",1
"V1298 Tau c","V1298 Tau","TIC 15756231",8.24916400000,,4.8900000,4970.00,,1.320000,1.100000,"Transit","K2",1
"V1298 Tau d","V1298 Tau","TIC 15756231",12.40139400000,,5.5700000,4970.00,,1.320000,1.100000,"Transit","K2",1
"V1298 Tau e","V1298 Tau","TIC 15756231",48.67771400000,,7.5600000,4970.00,,1.320000,1.100000,"Transit","K2",1
"LP 791-18 c","LP 791-18","TIC 181804752",4.98991000000,,,2960.00,5.115000,0.182000,0.139000,"Transit","Transiting Exoplanet Survey Satellite (TESS)",1
"LP 791-18 d","LP 791-18","TIC 181804752",2.75485000000,,,2960.00,5.115000,0.182000,0.139000,"Transit","Spitzer Space Telescope",1
"AU Mic b","AU Mic","TIC 441420236",8.46344600000,0.24900000,3.2400000,3540.00,4.370000,0.862000,0.635000,"Transit","Transiting Exoplanet Survey Satellite (TESS)",1
"AU Mic c","AU Mic","TIC 441420236",18.85902300000,0.08500000,4.2900000,3540.00,4.370000,0.862000,0.635000,"Transit","Transiting Exoplanet Survey Satellite (TESS)",1
"TOI-4336 A b","TOI-4336 A","TIC 166184428",16.33635100000,,2.0800000,3307.00,4.897000,0.326000,0.306000,"Transit","Transiting Exoplanet Survey Satellite (TESS)",1
"TOI-4336 A c","TOI-4336 A","TIC 166184428",7.58726600000,,1.7400000,3307.00,4.897000,0.326000,0.306000,"Transit","Multiple Observatories",1
"TOI-451 b","TOI-451","TIC 257605131",1.85870330000,,2.0590000,5490.00,4.530000,0.850000,0.930000,"Transit","Transiting Exoplanet Survey Satellite (TESS)",1
"TOI-451 c","TOI-451","TIC 257605131",9.19246300000,,3.4610000,5490.00,4.530000,0.850000,0.930000,"Transit","Transiting Exoplanet Survey Satellite (TESS)",1
"TOI-451 d","TOI-451","TIC 257605131",16.36496200000,,4.0940000,5490.00,4.530000,0.850000,0.930000,"Transit","Transiting Exoplanet Survey Satellite (TESS)",1
"TOI-2431 b","TOI-2431","TIC 258804746",0.22419578000,,,4109.00,4.680000,0.651000,0.661000,"Transit","Transiting Exoplanet Survey Satellite (TESS)",1
"TOI-2076 b","TOI-2076","TIC 27491137",10.35504000000,,,,,0.758000,0.849000,"Transit","Transiting Exoplanet Survey Satellite (TESS)",1
"TOI-2076 c","TOI-2076","TIC 27491137",21.01447000000,,,,,0.758000,0.849000,"Transit","Transiting Exoplanet Survey Satellite (TESS)",1
"TOI-2076 d","TOI-2076","TIC 27491137",35.12803000000,,,,,0.758000,0.849000,"Transit","Transiting Exoplanet Survey Satellite (TESS)",1
"TOI-2076 e","TOI-2076","TIC 27491137",3.02237530000,,,,,0.758000,0.849000,"Transit","Transiting Exoplanet Survey Satellite (TESS)",1
"LHS 3844 b","LHS 3844","TIC 410153553",0.46292970900,,0.5242000,3080.00,5.070000,0.189000,0.151000,"Transit","Transiting Exoplanet Survey Satellite (TESS)",1
"TOI-2374 b","TOI-2374","TIC 439366538",4.31361930000,0.93300000,1.8920000,5002.00,4.638000,0.711000,0.802000,"Transit","Transiting Exoplanet Survey Satellite (TESS)",1
"GJ 1132 c","GJ 1132","TIC 101955023",8.92900000000,,,,5.020000,0.226000,0.198000,"Radial Velocity","La Silla Observatory",1
"GJ 367 b","GJ 367","TIC 34068865",0.32192260000,,,3535.00,,0.457000,0.451000,"Transit","Transiting Exoplanet Survey Satellite (TESS)",1
"HIP 41378 b","HIP 41378","TIC 366443426",15.57209000000,,5.2600000,6290.00,4.298000,1.300000,1.220000,"Transit","K2",1
"HIP 41378 c","HIP 41378","TIC 366443426",31.70591000000,,3.2200000,6290.00,4.298000,1.300000,1.220000,"Transit","K2",1
"HIP 41378 g","HIP 41378","TIC 366443426",63.19000000000,,,6290.00,4.298000,1.300000,1.220000,"Radial Velocity","W. M. Keck Observatory",1
"HIP 41378 d","HIP 41378","TIC 366443426",278.36180000000,,12.7100000,6290.00,4.298000,1.300000,1.220000,"Transit","K2",1
"HIP 41378 e","HIP 41378","TIC 366443426",393.00000000000,,13.2000000,6290.00,4.298000,1.300000,1.220000,"Transit","K2",1
"HIP 41378 f","HIP 41378","TIC 366443426",542.07970000000,,18.9000000,6290.00,4.298000,1.300000,1.220000,"Transit","K2",1
"TOI-260 b","TOI-260","TIC 37749396",13.47585300000,,2.3700000,4026.00,4.450000,0.607000,0.616000,"Transit","Transiting Exoplanet Survey Satellite (TESS)",1
"KELT-9 b","KELT-9","TIC 16740101",1.48112350000,,,9270.00,4.037000,2.418000,2.320000,"Transit","KELT-North",1
"TOI-2134 b","TOI-2134","TIC 75878355",9.22919800000,,,4580.00,4.800000,0.709000,0.744000,"Transit","Transiting Exoplanet Survey Satellite (TESS)",1
"TOI-2134 c","TOI-2134","TIC 75878355",95.85284000000,,,4580.00,4.800000,0.709000,0.744000,"Transit","Transiting Exoplanet Survey Satellite (TESS)",1
"HD 3167 b","HD 3167","TIC 318707987",0.95965451000,0.02884000,1.6360000,5338.00,4.504000,0.871000,0.864000,"Transit","K2",1
"HD 3167 c","HD 3167","TIC 318707987",29.84651100000,0.10000000,4.8780000,5338.00,4.504000,0.871000,0.864000,"Transit","K2",1
"HD 3167 d","HD 3167","TIC 318707987",8.39670000000,,,5338.00,4.504000,0.871000,0.864000,"Radial Velocity","Multiple Observatories",1
"HD 3167 e","HD 3167","TIC 318707987",91.90000000000,,,5338.00,4.504000,0.871000,0.864000,"Radial Velocity","CHaracterising ExOPlanets Satellite (CHEOPS)",1
"NGTS-10 b","NGTS-10","TIC 37348844",0.76689440000,3.31000000,,4567.00,,0.700000,,"Transit","Next-Generation Transit Survey (NGTS)",1
"TOI-1173 b","TOI-1173","TIC 232967440",7.06439710000,,,,,,,"Transit","Transiting Exoplanet Survey Satellite (TESS)",1
"WASP-107 b","WASP-107","TIC 429302040",5.72148750000,,,,,,,"Transit","SuperWASP-South",1
"WASP-107 c","WASP-107","TIC 429302040",1091.00000000000,,,,,,,"Radial Velocity","Multiple Observatories",1
"HAT-P-18 b","HAT-P-18","TIC 21744120",5.50802910000,,,,,,,"Transit","HATNet",1
"HD 278555 b","HD 278555","TIC 137966491",28.84243800000,0.43930000,,6047.00,4.132000,1.624000,1.255000,"Transit","Transiting Exoplanet Survey Satellite (TESS)",1
"KMT-2021-BLG-2010L b","KMT-2021-BLG-2010L",,,,,,,,0.370000,"Microlensing","KMTNet",1
"KMT-2019-BLG-1715L b","KMT-2019-BLG-1715L",,,,,,,,0.610000,"Microlensing","KMTNet",1
"TIC 270471727 b","TIC 270471727","TIC 270471727",10.45623256647,,3.5164960,5271.39,4.460000,0.997091,,"Transit","Transiting Exoplanet Survey Satellite (TESS)",1
"TOI-1749 d","TOI-1749","TIC 233602827",9.04970000000,,,3985.00,4.700000,0.550000,0.580000,"Transit","Transiting Exoplanet Survey Satellite (TESS)",1
"Kepler-354 b","Kepler-354","TIC 120578185",5.47666000000,,2.5030000,4648.00,4.627000,0.674000,,"Transit","Kepler",1
"HD 50499 b","HD 50499","TIC 53175558",2447.10000000000,,,6102.00,4.247000,1.351000,1.253000,"Radial Velocity","W. M. Keck Observatory",1
"Kepler-1999 b","Kepler-1999","TIC 48131702",8.73967580000,0.14310000,3.8660000,4406.00,4.643000,0.628000,0.632000,"Transit","Kepler",1
"Kepler-1716 b","Kepler-1716","TIC 273035189",35.58100128000,,,4894.00,4.637000,0.684000,0.753000,"Transit","Kepler",1
"TOI-1601 b","TOI-1601","TIC 139375960",5.33175000000,,6.4852265,5982.00,3.928000,2.195000,1.505500,"Transit","Transiting Exoplanet Survey Satellite (TESS)",1
"K2-241 b","K2-241","TIC 152805642",26.81990000000,0.09000000,4.1000000,5262.00,4.540000,0.750000,0.710000,"Transit","K2",1
"Kepler-1804 b","Kepler-1804","TIC 185185751",12.28849983000,,,5109.00,3.960000,1.671000,0.929000,"Transit","Kepler",1
"Kepler-1065 b","Kepler-1065","TIC 378012771",3.60930890700,,1.7448000,5635.00,4.490000,0.930000,0.940000,"Transit","Kepler",1
"HD 152843 b","HD 152843","TIC 349488688",11.62071000000,,5.5900000,6310.00,4.190000,1.430000,1.150000,"Transit","Transiting Exoplanet Survey Satellite (TESS)",1
"Kepler-58 c","Kepler-58","TIC 184471242",15.57415680000,,5.1013000,5843.00,4.390000,1.030000,0.950000,"Transit","Kepler",1
"Kepler-348 b","Kepler-348","TIC 169180792",7.05677000000,,1.9090000,6177.00,4.244000,1.359000,,"Transit","Kepler",1
"Kepler-225 c","Kepler-225","TIC 63203294",18.79423400000,,3.2790000,3682.00,4.783000,0.480000,,"Transit","Kepler",1
"Kepler-1868 b","Kepler-1868","TIC 275571117",211.03399660000,,,4658.00,4.632000,0.686000,0.743000,"Transit","Kepler",1
"Kepler-381 d","Kepler-381","TIC 164884235",8.25629997300,,,6197.00,3.837000,2.188000,1.198000,"Transit","Kepler",1
"HIP 81208 C b","HIP 81208 C",,104100.00000000000,,,,,,0.135000,"Imaging","Paranal Observatory",1
"TOI-1439 b","TOI-1439","TIC 232982558",27.64400000000,,5.6278203,5841.00,4.106000,1.618400,1.231300,"Transit","Transiting Exoplanet Survey Satellite (TESS)",1
"HD 28471 d","HD 28471","TIC 38698692",11.68100000000,,,5766.00,4.380000,1.080000,0.980000,"Radial Velocity","La Silla Observatory",1
"Kepler-1539 b","Kepler-1539","TIC 164671591",133.30367410000,,7.4160000,5176.00,4.570000,0.800000,0.840000,"Transit","Kepler",1
"Kepler-657 b","Kepler-657","TIC 159643991",24.54350418000,,7.3096000,5808.00,4.440000,1.010000,1.010000,"Transit","Kepler",1
"Kepler-222 d","Kepler-222","TIC 158625100",28.08191200000,,4.5410000,5433.00,4.551000,0.869000,,"Transit","Kepler",1
"TOI-1630.01","TOI-1630","TIC 317597583",12.05573473300,,2.0871000,5504.00,,0.830000,0.950000,"Transit","Transiting Exoplanet Survey Satellite (TESS)",1
"Kepler-1616 b","Kepler-1616","TIC 158274583",6.76284377000,,5.8720000,6266.00,4.260000,1.340000,1.210000,"Transit","Kepler",1
"Kepler-794 b","Kepler-794","TIC 121467823",11.13125132000,,4.1751000,5839.00,4.230000,1.380000,1.190000,"Transit","Kepler",1
"NGTS-21 b","NGTS-21","TIC 441422655",1.54338970000,,1.9500000,4660.00,4.630000,0.860000,0.720000,"Transit","Next-Generation Transit Survey (NGTS)",1
"K2-264 b","K2-264","TIC 184914317",5.84000200000,,1.8840000,3660.00,4.783000,0.473000,0.496000,"Transit","K2",1
"ups And d","ups And","TIC 189576919",1276.46000000000,,,,,1.560000,1.300000,"Radial Velocity","Multiple Observatories",1
"TOI-1181 b","TOI-1181","TIC 229510866",2.10318900000,,,6054.00,4.020000,1.961000,1.467000,"Transit","Transiting Exoplanet Survey Satellite (TESS)",1
"Kepler-1759 b","Kepler-1759","TIC 267989857",3.72023010300,,,5017.00,4.516000,0.797000,0.760000,"Transit","Kepler",1
"TIC 52059926 b","TIC 52059926","TIC 52059926",175.53200000000,2.29400000,4.8700000,4505.00,4.620000,0.720000,0.730000,"Transit","Transiting Exoplanet Survey Satellite (TESS)",1
"HD 167677 b","HD 167677","TIC 13894108",1820.00000000000,,,5474.00,4.430000,,0.960000,"Radial Velocity","Multiple Facilities",1
"HIP 63242 b","HIP 63242","TIC 437310271",124.60000000000,,,4830.00,2.530000,,1.540000,"Radial Velocity","Multiple Observatories",1
"Kepler-83 b","Kepler-83","TIC 123416515",9.77000000000,,,,4.690000,0.610000,0.660000,"Transit","Kepler",1
"Kepler-392 c","Kepler-392","TIC 158796434",10.42311800000,,2.2660000,5938.00,4.323000,1.129000,,"Transit","Kepler",1
"WASP-135 b","WASP-135","TIC 308172249",1.40137940000,1.94000000,1.6560000,5675.00,4.470000,0.960000,0.980000,"Transit","SuperWASP",1
"K2-133 e","K2-133","TIC 150096001",26.58410000000,0.09870000,1.4400000,3655.00,,0.455000,0.461000,"Transit","K2",1
"KOI-1831 d","Kepler-324","TIC 243271716",34.16900000000,,,5233.00,,0.835000,0.901000,"Transit","Kepler",1
"OGLE-2018-BLG-1647L b","OGLE-2018-BLG-1647L",,,,,,,,0.092000,"Microlensing","KMTNet",1
"KOI-319 c","KOI-319","TIC 159303995",80.09900000000,,,5880.00,3.927000,2.064000,1.325000,"Transit Timing Variations","Kepler",1
"KOI-319 b","KOI-319","TIC 159303995",46.14827000000,,,5880.00,3.927000,2.064000,1.325000,"Transit","Kepler",1
"Kepler-349 b","Kepler-349","TIC 270615037",5.92977800000,,2.3640000,5956.00,4.518000,0.927000,,"Transit","Kepler",1
"TOI-1777.01","TOI-1777","TIC 29191624",14.65011197400,,2.6433000,5859.00,,0.980000,1.060000,"Transit","Transiting Exoplanet Survey Satellite (TESS)",1
"Kepler-1718 b","Kepler-1718","TIC 63212231",135.18800350000,,,5731.00,4.451000,0.906000,0.846000,"Transit","Kepler",1
"TOI-7394 B b","TOI-7394 B","TIC 161687211",1.25299500000,,1.2590000,3717.00,4.660000,0.609000,0.624000,"Transit","Transiting Exoplanet Survey Satellite (TESS)",1
"TOI-5811 B b","TOI-5811 B","TIC 331484427",6.25663000000,,4.8500000,4840.00,3.330000,3.730000,1.080000,"Transit","Multiple Observatories",1
"BD+20 2457 c","BD+20 2457","TIC 95359428",621.99000000000,,,4137.00,1.510000,49.000000,2.800000,"Radial Velocity","McDonald Observatory",1
"K2-395 c","K2-395","TIC 245946724",8.49128200000,,,5007.00,4.628000,0.783000,0.952000,"Transit","K2",1
"HR 810 b","HR 810","TIC 166853853",302.79999000000,,,6167.00,4.460000,1.130000,1.340000,"Radial Velocity","La Silla Observatory",1
"K2-280 b","K2-280","TIC 119605900",19.89526000000,,8.2670000,5500.00,4.210000,1.280000,1.030000,"Transit","K2",1
"K2-152 b","K2-152","TIC 56754291",32.64790000000,0.15900000,4.0000000,4044.00,4.670000,0.610000,0.630000,"Transit","K2",1
"HD 66141 b","HD 66141","TIC 452867458",480.50000000000,,,4323.00,1.780000,21.400000,1.100000,"Radial Velocity","Bohyunsan Optical Astronomical Observatory",1
"K2-348 c","K2-348","TIC 117275513",12.55017100000,,3.6800000,5077.00,4.500000,0.850000,0.830000,"Transit","K2",1
"Kepler-341 b","Kepler-341","TIC 159179987",5.19552800000,,3.8160000,6012.00,4.437000,1.024000,,"Transit","Kepler",1
"Kepler-68 c","Kepler-68","TIC 417676622",9.60502700000,,,5847.00,,1.256400,1.057000,"Transit","Kepler",1
"K2-332 b","K2-332","TIC 330621494",17.70632000000,,2.0300000,3315.00,4.970000,0.280000,0.270000,"Transit","K2",1
"Kepler-984 b","Kepler-984","TIC 272837755",43.03422720000,,6.0726000,5610.00,4.490000,0.930000,0.960000,"Transit","Kepler",1
"Kepler-1126 c","Kepler-1126","TIC 352013661",199.66876000000,0.02519000,8.9960000,5678.00,4.409000,0.921000,0.794000,"Transit","Kepler",1
"Kepler-572 b","Kepler-572","TIC 350738817",17.20523483000,,3.6211000,5212.00,4.570000,0.790000,0.830000,"Transit","Kepler",1
"Kepler-871 b","Kepler-871","TIC 271158815",22.04590180000,,5.0600000,5993.00,4.370000,1.140000,1.110000,"Transit","Kepler",1
"TOI-4511 b","TOI-4511","TIC 333674399",10.98090968596,,2.9196155,5418.77,4.394500,1.001450,,"Transit","Transiting Exoplanet Survey Satellite (TESS)",1
"Kepler-579 b","Kepler-579","TIC 138959504",9.66857723000,,2.3709000,5636.00,4.470000,0.960000,0.990000,"Transit","Kepler",1
"Kepler-1666 b","Kepler-1666","TIC 273685548",25.84760000000,,,6293.00,4.409710,1.145860,1.230000,"Transit","Kepler",1
"CoRoT-17 b","CoRoT-17","TIC 218299312",3.76810000000,0.44000000,4.7200100,5740.00,4.400000,1.590000,1.040000,"Transit","CoRoT",1
"K2-396 c","K2-396","TIC 59088823",25.76051000000,,,5236.00,4.488000,0.920000,0.954000,"Transit","K2",1
"WISPIT 1 c","WISPIT 1","TIC 268764100",,,,4670.00,,,,"Imaging","Paranal Observatory",1
"Kepler-564 b","Kepler-564","TIC 272838324",3.75083228500,,1.9591300,5626.00,4.490000,0.920000,0.950000,"Transit","Kepler",1
"OGLE-2005-BLG-390L b","OGLE-2005-BLG-390L",,3285.00000000000,,,,,,0.220000,"Microlensing","OGLE",1
"K2-323 b","K2-323","TIC 392852196",24.93000000000,0.26300000,,3710.00,4.630000,0.549000,0.478000,"Transit","K2",1
"WASP-105 b","WASP-105","TIC 158623531",7.87288000000,1.20000000,3.7200000,5070.00,4.200000,0.900000,0.890000,"Transit","SuperWASP-South",1
"Kepler-1940 b","Kepler-1940","TIC 159647359",4.95061016100,,,5431.00,4.623000,0.717000,0.802000,"Transit","Kepler",1
"Kepler-366 b","Kepler-366","TIC 27914560",3.28195900000,,2.8510000,6209.00,4.452000,1.048000,,"Transit","Kepler",1
"CoRoT-24 b","CoRoT-24","TIC 36105482",5.11340000000,,2.8500000,4950.00,4.550000,0.860000,0.910000,"Transit","CoRoT",1
"Kepler-150 f","Kepler-150","TIC 121598758",637.20930000000,,13.4100000,5528.00,4.511220,0.905339,0.970000,"Transit","Kepler",1
"Kepler-1164 b","Kepler-1164","TIC 121275496",3.97599768000,,2.1411000,5183.00,4.570000,0.790000,0.850000,"Transit","Kepler",1
"Qatar-8 b","Qatar-8","TIC 103751498",3.71495000000,,4.0272000,5738.00,4.214000,1.315000,1.029000,"Transit","Qatar",1
"70 Vir b","70 Vir","TIC 95473936",116.68800000000,,,5495.00,3.950000,1.890000,1.090000,"Radial Velocity","Lick Observatory",1
"Kepler-760 b","Kepler-760","TIC 158494681",8.70419416000,,2.9741000,5322.00,4.540000,0.850000,0.890000,"Transit","Kepler",1
"TOI-4600 b","TOI-4600","TIC 232608943",82.68690000000,,7.5400000,5170.00,4.570000,0.810000,0.890000,"Transit","Transiting Exoplanet Survey Satellite (TESS)",1
"WASP-87 b","WASP-87","TIC 15445551",1.68279500000,0.76500000,,6450.00,,1.627000,1.204000,"Transit","Anglo-Australian Telescope",1
"Kepler-127 c","Kepler-127","TIC 164881786",29.39319500000,,7.1040000,6106.00,4.265000,1.359000,,"Transit","Kepler",1
"Kepler-117 c","Kepler-117","TIC 299032847",50.79039100000,,10.8830000,6150.00,4.102000,1.606000,1.129000,"Transit","Kepler",1
"Kepler-231 c","Kepler-231","TIC 27006192",19.27156600000,,3.2090000,3767.00,4.779000,0.490000,,"Transit","Kepler",1
"Kepler-914 b","Kepler-914","TIC 159386728",4.40966548000,,2.1066000,5877.00,4.360000,1.150000,1.100000,"Transit","Kepler",1
"Kepler-1480 b","Kepler-1480","TIC 26541144",22.12679948000,,3.6860000,5156.00,4.560000,0.810000,0.850000,"Transit","Kepler",1
"TOI-672 b","TOI-672","TIC 151825527",3.63358100000,,1.8000000,3810.00,4.700000,0.540000,0.540000,"Transit","Transiting Exoplanet Survey Satellite (TESS)",1
"Kepler-1769 b","Kepler-1769","TIC 271261159",89.19349670000,,,6071.00,4.239000,1.295000,1.061000,"Transit","Kepler",1
"Kepler-1551 b","Kepler-1551","TIC 184164411",24.49736980000,,5.0810000,6136.00,4.320000,1.220000,1.140000,"Transit","Kepler",1
"HD 118203 c","HD 118203","TIC 286923464",5103.00000000000,,,5742.00,3.920000,2.040000,1.270000,"Radial Velocity","Multiple Observatories",1
"Kepler-20 g","Kepler-20","TIC 158554588",34.94000000000,,,5495.00,4.446000,0.963900,0.948000,"Radial Velocity","Multiple Observatories",1
"Kepler-771 b","Kepler-771","TIC 121276933",8.73485836000,,4.4440000,5906.00,4.420000,1.050000,1.030000,"Transit","Kepler",1
"Kepler-164 c","Kepler-164","TIC 158561894",10.94572300000,,3.0040000,5888.00,4.331000,1.148000,,"Transit","Kepler",1
"KELT-10 b","KELT-10","TIC 269217040",4.16627390000,1.41600000,3.7440000,5948.00,4.319000,1.209000,1.112000,"Transit","KELT-South",1
"75 Cet b","75 Cet","TIC 251095345",696.62000000000,,,4809.00,2.690000,10.380000,1.920000,"Radial Velocity","Okayama Astrophysical Observatory",1
"K2-227 b","K2-227","TIC 156599123",13.62183200000,,,5673.00,4.580000,0.890666,0.950811,"Transit","K2",1
"GJ 4276 b","GJ 4276","TIC 428238233",13.35200000000,,,3387.00,4.970000,0.407000,0.406000,"Radial Velocity","Calar Alto Observatory",1
"Kepler-148 b","Kepler-148","TIC 159171904",1.72936600000,,1.7570000,5272.00,4.546000,0.851000,,"Transit","Kepler",1
"Kepler-925 b","Kepler-925","TIC 122294985",33.86785310000,,3.6820000,4673.00,4.620000,0.720000,0.770000,"Transit","Kepler",1
"HD 216435 b","HD 216435","TIC 161314759",1311.00000000000,,,5999.00,4.154000,,1.300000,"Radial Velocity","Anglo-Australian Telescope",1
"HD 101581 c","HIP 56998","TIC 397362481",6.20401000000,,1.7600000,4675.00,4.654000,0.630000,0.653000,"Transit","Transiting Exoplanet Survey Satellite (TESS)",1
"HIP 113103 c","HIP 113103","TIC 121490076",14.24564800000,0.10510000,4.2336000,4930.00,4.600000,0.742000,0.761000,"Transit","Transiting Exoplanet Survey Satellite (TESS)",1
"Kepler-136 c","Kepler-136","TIC 272375343",16.39923500000,,3.5020000,6165.00,4.244000,1.355000,,"Transit","Kepler",1
"HD 1461 b","HD 1461","TIC 37748347",5.77152000000,,,5765.00,4.380000,,1.020000,"Radial Velocity","W. M. Keck Observatory",1
"Kepler-1896 b","Kepler-1896","TIC 394175334",44.87020111000,,,6122.00,4.471000,0.996000,1.070000,"Transit","Kepler",1
"HD 174205 b","HD 174205","TIC 229752137",582.00000000000,,,4308.00,1.800000,26.600000,1.800000,"Radial Velocity","Bohyunsan Optical Astronomical Observatory",1
"GJ 86 b","GJ 86","TIC 220017951",15.76491000000,,,5182.00,4.630000,0.770000,0.930000,"Radial Velocity","La Silla Observatory",1
"HN Peg b","HN Peg","TIC 301880196",,,,,,,,"Imaging","Spitzer Space Telescope",1
"Kepler-102 f","Kepler-102","TIC 123357864",27.45359200000,,,4909.00,,0.724000,0.803000,"Transit","Kepler",1
"TOI-3688 A b","TOI-3688 A","TIC 245509452",3.24607500000,0.85000000,3.4820000,5950.00,4.288000,1.302000,1.199000,"Transit","Transiting Exoplanet Survey Satellite (TESS)",1
"Kepler-1029 b","Kepler-1029","TIC 137409907",4.41769647900,,1.9161000,5030.00,4.580000,0.770000,0.820000,"Transit","Kepler",1
"TOI-261.02","TOI-261","TIC 63898957",13.03935862135,0.06255996,4.9218325,5890.30,3.920000,1.313830,,"Transit","Transiting Exoplanet Survey Satellite (TESS)",1
"TOI-2977 b","TOI-2977","TIC 361343239",2.35056140000,1.26500000,2.9340000,5691.00,4.350000,1.073000,0.936000,"Transit","Transiting Exoplanet Survey Satellite (TESS)",1
"TOI-2040 b","TOI-2040","TIC 427730490",3.86085760000,1.15690000,2.6570000,5132.00,4.515000,0.870000,0.920000,"Transit","Transiting Exoplanet Survey Satellite (TESS)",1
"TOI-262 b","TOI-262","TIC 70513361",11.14529000000,0.04840000,1.5010000,5310.00,4.540000,0.853000,0.913000,"Transit","Transiting Exoplanet Survey Satellite (TESS)",1
"TOI-128.01","TOI-128","TIC 391949880",4.94046810000,,1.9660000,6086.00,4.262690,1.130000,0.851969,"Transit","Transiting Exoplanet Survey Satellite (TESS)",1
"TOI-261.01","TOI-261","TIC 63898957",3.36392540000,,3.3430495,5890.30,3.920000,1.280180,0.496728,"Transit","Transiting Exoplanet Survey Satellite (TESS)",1
"TOI-209 b","TOI-209","TIC 52204645",4.37943587445,,1.6504345,4806.66,4.542200,0.742779,,"Transit","Transiting Exoplanet Survey Satellite (TESS)",1
"TOI-2227 b","TOI-2227","TIC 405425498",4.22175815648,,2.7429639,5889.54,4.342600,1.208470,,"Transit","Transiting Exoplanet Survey Satellite (TESS)",1
"TOI-3278 b","TOI-3278","TIC 304130406",3.24645600000,,,5720.00,4.260000,1.390000,1.040000,"Transit","Transiting Exoplanet Survey Satellite (TESS)",1
"Kepler-1386 b","Kepler-1386","TIC 123201193",6.73972381000,,4.1060000,5733.00,4.410000,1.030000,1.020000,"Transit","Kepler",1
"TOI-1232 c","TOI-1232","TIC 364395234",30.35600000000,,,5823.00,4.403000,1.072000,1.058000,"Transit Timing Variations","Transiting Exoplanet Survey Satellite (TESS)",1
"KMT-2021-BLG-1303L b","KMT-2021-BLG-1303L",,,,,,,,0.570000,"Microlensing","KMTNet",1
"GJ 3222 b","GJ 3222","TIC 160004049",10.66669000000,,,,,,0.890000,"Radial Velocity","Multiple Observatories",1
"K2-169 b","K2-169","TIC 12770870",6.38080300000,,,5548.00,4.560000,0.919053,0.986144,"Transit","K2",1
"WASP-108 b","WASP-108","TIC 404340025",,,,,,,,"Transit","Transiting Exoplanet Survey Satellite (TESS)",1
"Kepler-878 b","Kepler-878","TIC 164892142",25.94220330000,,4.0442000,5044.00,4.580000,0.770000,0.810000,"Transit","Kepler",1
"HD 148156 b","HD 148156","TIC 225317852",1027.00000000000,,,6308.00,4.560000,1.210000,1.220000,"Radial Velocity","La Silla Observatory",1
"HATS-23 b","HATS-23","TIC 7088246",2.16051560000,,1.8048000,5780.00,4.328000,1.199000,1.121000,"Transit","HATSouth",1
"Kepler-213 b","Kepler-213","TIC 159521326",2.46236000000,,1.7680000,5696.00,4.310000,1.195000,,"Transit","Kepler",1
"TOI-1180 b","TOI-1180","TIC 158002130",9.68676037800,,2.7490000,4738.00,,0.730000,0.750000,"Transit","Transiting Exoplanet Survey Satellite (TESS)",1
"Kepler-790 b","Kepler-790","TIC 121020728",13.73469807000,,2.3574000,5208.00,4.560000,0.800000,0.840000,"Transit","Kepler",1
"Kepler-369 c","Kepler-369","TIC 26961231",14.87157200000,,2.4270000,3591.00,4.785000,0.471000,,"Transit","Kepler",1
"TOI-3362 b","TOI-3362","TIC 464300749",18.09547000000,0.41000000,,6532.00,4.072000,1.830000,1.445000,"Transit","Transiting Exoplanet Survey Satellite (TESS)",1
"Kepler-1911 b","Kepler-1911","TIC 171971636",5.99079990400,,,5721.00,4.442000,0.972000,0.954000,"Transit","Kepler",1
"Kepler-1328 b","Kepler-1328","TIC 164778883",4.52158888000,,3.4897000,5780.00,4.440000,0.990000,1.000000,"Transit","Kepler",1
"HATS-36 b","HATS-36","TIC 119262291",4.17518600000,,,5950.00,4.400000,1.100000,1.100000,"Transit","HATSouth",1
"Kepler-1345 b","Kepler-1345","TIC 63288941",44.61695570000,,7.6320000,6449.00,4.180000,1.550000,1.320000,"Transit","Kepler",1
"K2-384 b","K2-384","TIC 399702475",2.23152700000,,,3623.00,4.874000,0.348000,0.330000,"Transit","K2",1
"TOI-1064 c","TOI-1064","TIC 79748331",12.22657400000,,2.3700000,4734.00,4.600000,0.726000,0.748000,"Transit","Transiting Exoplanet Survey Satellite (TESS)",1
"HAT-P-53 b","HAT-P-53","TIC 189380158",1.96162410000,,2.7936000,5956.00,4.310000,1.209000,1.093000,"Transit","HATNet",1
"HD 94771 b","HD 94771","TIC 48974071",2164.00000000000,,,5631.00,3.940000,1.903000,1.200000,"Radial Velocity","La Silla Observatory",1
"Kepler-1314 b","Kepler-1314","TIC 270955259",5.42474928100,,1.1431000,4188.00,4.680000,0.590000,0.600000,"Transit","Kepler",1
"HAT-P-57 b","HAT-P-57","TIC 317520667",2.46530000000,0.94000000,,6330.00,4.250000,1.850000,2.770000,"Transit","HATNet",1
"Kepler-275 c","Kepler-275","TIC 137634395",16.08813400000,,5.8880000,6165.00,4.229000,1.383000,,"Transit","Kepler",1
"WASP-78 b","WASP-78","TIC 139528693",2.17518000000,0.65000000,,6100.00,4.100000,2.460000,1.870000,"Transit","SuperWASP",1
"OGLE-2019-BLG-1492L b","OGLE-2019-BLG-1492L",,,,,,,,0.680000,"Microlensing","OGLE",1
"HD 164922 e","HD 164922","TIC 159019691",41.76300000000,,,5393.43,4.398073,1.001813,0.921146,"Radial Velocity","Multiple Observatories",1
"Kepler-195 c","Kepler-195","TIC 298837729",34.09686300000,,3.9040000,5329.00,4.603000,0.775000,,"Transit","Kepler",1
"Kepler-1488 c","Kepler-1488","TIC 399825584",6.15826988200,,,5710.00,4.073000,1.524000,1.003000,"Transit","Kepler",1
"Kepler-1705 b","Kepler-1705","TIC 185335907",9.03502000000,,,6312.00,4.298000,1.259000,1.139000,"Transit","Kepler",1
"WASP-48 b","WASP-48","TIC 284475976",2.14363000000,0.96000000,,5920.00,4.030000,1.580000,0.880000,"Transit","SuperWASP",1
"Kepler-217 b","Kepler-217","TIC 240178935",5.37494300000,,4.0110000,6171.00,4.030000,1.799000,,"Transit","Kepler",1
"WASP-88 b","WASP-88","TIC 100566492",4.95400000000,0.70000000,,6430.00,3.960000,1.800000,0.940000,"Transit","SuperWASP",1
"Kepler-237 c","Kepler-237","TIC 258348597",8.10363600000,,3.1500000,4861.00,4.583000,0.725000,,"Transit","Kepler",1
"Kepler-106 e","Kepler-106","TIC 184997417",43.84450000000,,,5858.00,4.407000,1.040000,1.000000,"Transit","Kepler",1
"G 196-3 b","G 196-3","TIC 88723334",,,,,,,,"Imaging","European Space Agency (ESA) Gaia Satellite",1
"Kepler-431 c","Kepler-431","TIC 123231081",8.70300000000,,,6004.00,4.400000,1.092000,1.071000,"Transit","Kepler",1
"Kepler-1542 d","Kepler-1542","TIC 279915941",5.99273738000,,2.5486000,5564.00,4.410000,0.990000,0.940000,"Transit","Kepler",1
"Kepler-1909 b","Kepler-1909","TIC 159573063",2.39160990700,,,4935.00,4.589000,0.685000,0.663000,"Transit","Kepler",1
"Kepler-1477 b","Kepler-1477","TIC 123314844",11.55530021000,,2.7990000,5100.00,4.580000,0.780000,0.810000,"Transit","Kepler",1
"Ross 128 b","Ross 128","TIC 325275315",9.86580000000,,,3192.00,,0.196700,0.168000,"Radial Velocity","La Silla Observatory",1
"HATS-10 b","HATS-10","TIC 126325985",3.31284600000,,3.0072000,5880.00,4.392000,1.105000,1.101000,"Transit","HATSouth",1
"TOI-132 b","TOI-132","TIC 89020549",2.10970190000,,,5397.00,4.480000,0.900000,0.970000,"Transit","Transiting Exoplanet Survey Satellite (TESS)",1
"TOI-697 b","TOI-697","TIC 77253676",8.60788713593,,3.3441790,5681.95,4.498900,0.968149,,"Transit","Transiting Exoplanet Survey Satellite (TESS)",1
"HD 28185 b","HD 28185","TIC 37947783",385.92000000000,,,5602.00,4.386000,1.048000,0.974000,"Radial Velocity","La Silla Observatory",1
"Kepler-123 c","Kepler-123","TIC 272944990",26.69507400000,,4.5290000,6089.00,4.277000,1.264000,,"Transit","Kepler",1
"TOI-2768 b","TOI-2768","TIC 443556801",1.50801000000,,,4008.00,4.500000,0.657000,0.630000,"Transit","Transiting Exoplanet Survey Satellite (TESS)",1
"HIP 97166 b","HIP 97166","TIC 237222864",10.28891400000,,1.5329366,5216.00,4.557000,0.841800,0.934200,"Transit","Transiting Exoplanet Survey Satellite (TESS)",1
"WASP-171 b","WASP-171","TIC 162922904",3.81862440000,0.38200000,4.5792000,5965.00,4.080000,1.637000,1.171000,"Transit","WASP-South",1
"Kepler-1254 b","Kepler-1254","TIC 48506710",9.99113313000,,2.6450000,4985.00,4.590000,0.750000,0.780000,"Transit","Kepler",1
"HD 211403 b","HD 211403","TIC 330485001",223.80000000000,,,6273.00,4.300000,1.206000,1.200000,"Radial Velocity","Haute-Provence Observatory",1
"K2-39 b","K2-39","TIC 250977648",4.60543000000,0.03700000,,4881.00,3.440000,2.970000,0.660000,"Transit","K2",1
"HD 156668 c","HD 156668","TIC 257715493",811.30000000000,,,4903.69,4.551151,0.774528,0.785167,"Radial Velocity","Multiple Observatories",1
"Kepler-396 c","Kepler-396","TIC 27769688",88.50500000000,,,,4.320000,1.060000,0.850000,"Transit","Kepler",1
"Kepler-483 b","Kepler-483","TIC 137342400",30.22910400000,,6.4658000,6346.00,4.210000,1.470000,1.280000,"Transit","Kepler",1
"OGLE-2018-BLG-1011L b","OGLE-2018-BLG-1011L",,,,,,,,0.180000,"Microlensing","OGLE",1
"Kepler-1459 b","Kepler-1459","TIC 123448077",62.86916110000,,5.7780000,4828.00,4.610000,0.740000,0.780000,"Transit","Kepler",1
"TOI-6420 b","TOI-6420","TIC 143526233",6.96150800000,0.64900000,2.7504000,6020.00,4.268000,1.312000,1.165000,"Transit","Transiting Exoplanet Survey Satellite (TESS)",1
"Kepler-1067 b","Kepler-1067","TIC 351910733",0.76212926100,,1.0760000,5592.00,4.490000,0.930000,0.950000,"Transit","Kepler",1
"SR 12 AB c","SR 12 AB","TIC 175629526",,,,,,,,"Imaging","Infrared Survey Facility",1
"NGTS-16 b","NGTS-16","TIC 166806344",4.84532000000,,3.0610000,5550.00,4.350000,1.213000,1.002000,"Transit","Next-Generation Transit Survey (NGTS)",1
"WASP-32 b","WASP-32","TIC 427332229",2.71866000000,1.10000000,,6140.00,4.400000,0.950000,0.720000,"Transit","SuperWASP",1
"WASP-110 b","WASP-110","TIC 425817867",3.77840220000,,,5392.00,4.487000,0.853000,0.814000,"Transit","Paranal Observatory",1
"Kepler-346 c","Kepler-346","TIC 158660363",23.85154900000,,2.3850000,6033.00,4.464000,1.021000,,"Transit","Kepler",1
"K2-324 b","K2-324","TIC 392817207",3.26200000000,0.19900000,,3752.00,4.743000,0.505000,0.517000,"Transit","K2",1
"Kepler-1431 b","Kepler-1431","TIC 26657021",5.86601526000,,3.9780000,5806.00,4.420000,1.030000,1.030000,"Transit","Kepler",1
"TOI-4145 A b","TOI-4145 A","TIC 279947414",4.06644280000,2.01500000,2.1060000,5281.00,4.526000,0.859000,0.905000,"Transit","Transiting Exoplanet Survey Satellite (TESS)",1
"TOI-2719 b","TOI-2719","TIC 176314383",3.37594000000,,,5762.00,4.220000,1.690000,1.020000,"Transit","Transiting Exoplanet Survey Satellite (TESS)",1
"HD 202696 c","HD 202696","TIC 25346878",946.60000000000,,,5040.00,3.110000,6.430000,1.910000,"Radial Velocity","W. M. Keck Observatory",1
"KMT-2016-BLG-1397L b","KMT-2016-BLG-1397L",,,,,,,,0.450000,"Microlensing","KMTNet",1
"HD 10180 c","HD 10180","TIC 231836962",5.75969000000,,,5911.00,4.390000,1.109000,1.060000,"Radial Velocity","La Silla Observatory",1
"HD 1397 b","HD 1397","TIC 394137592",11.53533000000,0.20370000,8.6016000,5521.00,3.823000,2.336000,1.324000,"Transit","Transiting Exoplanet Survey Satellite (TESS)",1
"K2-64 b","K2-64","TIC 38129680",6.53044000000,,3.0600000,5312.00,4.576000,0.726000,0.741000,"Transit","K2",1
"Kepler-541 b","Kepler-541","TIC 138569175",5.08005848000,,5.2587000,6166.00,3.960000,2.060000,1.410000,"Transit","Kepler",1
"HD 50499 c","HD 50499","TIC 53175558",8619.90000000000,,,6099.00,4.420000,1.420000,1.310000,"Radial Velocity","La Silla Observatory",1
"SWEEPS-4 b","SWEEPS-4",,4.20000000000,0.50000000,,,,1.180000,1.240000,"Transit","Hubble Space Telescope",1
"TOI-1680 b","TOI-1680","TIC 259168516",4.80263450000,0.40700000,1.1860000,3225.00,5.046000,0.210600,0.179800,"Transit","Transiting Exoplanet Survey Satellite (TESS)",1
"K2-165 b","K2-165","TIC 149969625",2.35499200000,,,5185.00,4.460000,0.803827,0.834847,"Transit","K2",1
"Kepler-340 b","Kepler-340","TIC 184247532",14.84438700000,,5.6260000,6620.00,4.063000,1.850000,,"Transit","Kepler",1
"K2-219 b","K2-219","TIC 266014079",3.90128700000,,,5753.00,4.230000,1.189232,1.021545,"Transit","K2",1
"HD 208527 b","HD 208527","TIC 283621278",875.50000000000,,,4035.00,1.400000,51.100000,1.600000,"Radial Velocity","Bohyunsan Optical Astronomical Observatory",1
"Kepler-1274 b","Kepler-1274","TIC 164781116",6.98152703000,,5.8960000,6179.00,3.930000,2.170000,1.450000,"Transit","Kepler",1
"Kepler-1828 b","Kepler-1828","TIC 137638020",10.27379990000,,,5806.00,4.528000,0.899000,0.996000,"Transit","Kepler",1
"11 UMi b","11 UMi","TIC 230061010",516.21997000000,,,4213.00,1.930000,29.790000,2.780000,"Radial Velocity","Thueringer Landessternwarte Tautenburg",1
"TOI-6695 b","TOI-6695","TIC 118339710",80.38900000000,,,6400.00,4.202000,1.517000,1.338000,"Transit","Transiting Exoplanet Survey Satellite (TESS)",1
"Kepler-1261 b","Kepler-1261","TIC 48506742",48.43089910000,,3.7550000,5006.00,4.580000,0.770000,0.820000,"Transit","Kepler",1
"HD 106906 b","HD 106906","TIC 390472975",,,,6516.00,,,1.500000,"Imaging","Las Campanas Observatory",1
"TOI-904 b","TOI-904","TIC 261257684",10.87720000000,,3.6500000,3770.20,,0.527000,0.557000,"Transit","Transiting Exoplanet Survey Satellite (TESS)",1
"Kepler-1069 b","Kepler-1069","TIC 417659970",23.89902960000,,15.7220000,5722.00,4.460000,0.980000,0.990000,"Transit","Kepler",1
"Kepler-315 b","Kepler-315","TIC 273694712",96.10114100000,,8.3600000,5796.00,4.377000,1.037000,,"Transit","Kepler",1
"HD 108202 b","HD 108202","TIC 94924490",2990.00000000000,,,,,,0.740000,"Radial Velocity","La Silla Observatory",1
"Kepler-197 b","Kepler-197","TIC 27397848",5.59930800000,,3.6810000,6004.00,4.304000,1.120000,,"Transit","Kepler",1
"TIC 290487717 b","TIC 290487717","TIC 290487717",3.40081822900,,3.0772025,5328.97,4.462200,0.943767,,"Transit","Transiting Exoplanet Survey Satellite (TESS)",1
"BD-08 2823 b","BD-08 2823","TIC 33355302",5.60000000000,,,4816.00,4.430000,0.710000,0.500000,"Radial Velocity","La Silla Observatory",1
"GJ 3293 e","GJ 3293","TIC 178872239",13.25430000000,,,3466.00,,0.404000,0.420000,"Radial Velocity","La Silla Observatory",1
"GJ 411 b","GJ 411","TIC 166646191",12.93940000000,,,3719.00,4.895000,0.368500,0.389900,"Radial Velocity","Haute-Provence Observatory",1
"NGTS-20 b","NGTS-20","TIC 257527578",54.18915000000,,4.5500000,5980.00,3.800000,1.780000,1.470000,"Transit","Transiting Exoplanet Survey Satellite (TESS)",1
"RR Cae b","RR Cae","TIC 219244444",4343.50000000000,,,,,,0.440000,"Eclipse Timing Variations","Leoncito Astronomical Complex",1
"Kepler-111 b","Kepler-111","TIC 63001143",3.34181500000,,2.7690000,5952.00,4.377000,1.157000,,"Transit","Kepler",1
"HD 231701 b","HD 231701","TIC 92300251",141.63000000000,,,6101.00,,1.530000,1.210000,"Radial Velocity","W. M. Keck Observatory",1
"WASP-57 b","WASP-57","TIC 175772482",2.83891856000,,,5600.00,4.452000,0.927000,0.886000,"Transit","SuperWASP",1
"TOI-1260 c","TOI-1260","TIC 355867695",7.49313400000,0.14210000,1.9700000,4227.00,4.570000,0.672000,0.679000,"Transit","Transiting Exoplanet Survey Satellite (TESS)",1
"CoRoT-3 b","CoRoT-3","TIC 392353449",4.25680000000,,,6740.00,4.220000,1.560000,1.370000,"Transit","CoRoT",1
"Kepler-1355 b","Kepler-1355","TIC 48354835",1.28958811200,,1.4219000,5352.00,4.550000,0.830000,0.880000,"Transit","Kepler",1
"Kepler-256 d","Kepler-256","TIC 63362772",5.83917200000,,3.1340000,5551.00,4.223000,1.301000,,"Transit","Kepler",1
"Kepler-304 e","Kepler-304","TIC 377909730",1.49914695300,,1.4421000,4817.00,4.610000,0.730000,0.800000,"Transit","Kepler",1
"8 UMi b","8 UMi","TIC 257005016",93.31000000000,,,4847.00,,10.730000,1.510000,"Radial Velocity","Bohyunsan Optical Astronomical Observatory",1
"HD 93385 d","HD 93385","TIC 106900981",45.85000000000,,,5977.00,4.420000,,1.040000,"Radial Velocity","La Silla Observatory",1
"MOA-2020-BLG-135L b","MOA-2020-BLG-135L",,,,,,,,0.230000,"Microlensing","MOA",1
"Kepler-994 b","Kepler-994","TIC 158983792",1.15116650600,,1.1881000,3934.00,4.720000,0.540000,0.560000,"Transit","Kepler",1
"Kepler-1925 b","Kepler-1925","TIC 159177232",46.71640015000,,,5856.00,4.386000,1.092000,1.057000,"Transit","Kepler",1
"Kepler-508 b","Kepler-508","TIC 271671025",25.30889748000,,5.6829000,6025.00,4.300000,1.250000,1.160000,"Transit","Kepler",1
"Kepler-331 d","Kepler-331","TIC 351063265",32.13432800000,,2.8150000,4347.00,4.768000,0.492000,,"Transit","Kepler",1
"Kepler-301 d","Kepler-301","TIC 48419097",13.75124300000,,3.9580000,5815.00,4.525000,0.900000,,"Transit","Kepler",1
"HD 89307 b","HD 89307","TIC 61125572",2166.00000000000,,,5955.00,4.460000,1.100000,1.270000,"Radial Velocity","Lick Observatory",1
"HD 38529 b","HD 38529","TIC 200093173",14.30990000000,,,,,,0.980000,"Radial Velocity","Multiple Observatories",1
"Gl 410 b","Gl 410","TIC 97488127",6.02000000000,,,3842.00,4.870000,0.543000,0.550000,"Radial Velocity","Mauna Kea Observatory",1
"Kepler-1782 b","Kepler-1782","TIC 123202646",5.75622987700,,,4931.00,4.605000,0.734000,0.794000,"Transit","Kepler",1
"Kepler-1280 b","Kepler-1280","TIC 270616541",66.55790570000,,10.3990000,6227.00,4.280000,1.320000,1.200000,"Transit","Kepler",1
"HD 215152 d","HD 215152","TIC 251042502",10.86499000000,,,4935.00,4.400000,0.730000,0.770000,"Radial Velocity","La Silla Observatory",1
"TOI-2364 b","TOI-2364","TIC 39414571",4.01975170000,0.79400000,2.7751000,5306.00,4.524000,0.886000,0.954000,"Transit","Transiting Exoplanet Survey Satellite (TESS)",1
"Kepler-336 c","Kepler-336","TIC 122298677",9.60000100000,,4.2430000,5867.00,4.264000,1.304000,,"Transit","Kepler",1
"Kepler-1493 b","Kepler-1493","TIC 121656582",15.02179830000,,4.5570000,5863.00,4.240000,1.290000,1.060000,"Transit","Kepler",1
"Kepler-1185 b","Kepler-1185","TIC 121121775",104.35189760000,,3.5860000,5622.00,4.540000,0.870000,0.960000,"Transit","Kepler",1
"MOA-2022-BLG-033L b","MOA-2022-BLG-033L",,,,,,,,0.510000,"Microlensing","MOA",1
"HAT-P-23 b","HAT-P-23","TIC 305243225",1.21288400000,1.05360000,2.1792000,5905.00,4.330000,1.203000,1.130000,"Transit","HATNet",1
"TOI-1232 b","TOI-1232","TIC 364395234",14.25600000000,,,5823.00,4.403000,1.072000,1.058000,"Transit","Transiting Exoplanet Survey Satellite (TESS)",1
"TOI-1693 b","TOI-1693","TIC 353475866",1.76669570000,,,3499.00,4.800000,0.460000,0.490000,"Transit","Transiting Exoplanet Survey Satellite (TESS)",1
"TOI-1716.01","TOI-1716","TIC 14336130",8.08237655400,,3.5635000,5879.00,,1.240000,1.070000,"Transit","Transiting Exoplanet Survey Satellite (TESS)",1
"Kepler-356 c","Kepler-356","TIC 137636895",13.12163200000,,3.6260000,6133.00,4.256000,1.335000,,"Transit","Kepler",1
"HD 23472 c","HD 23472","TIC 425997655",29.79749000000,,2.9400000,4684.00,4.530000,0.710000,0.670000,"Transit","Transiting Exoplanet Survey Satellite (TESS)",1
"TOI-1246 c","TOI-1246","TIC 230127302",5.90413700000,,2.8928243,5213.00,4.510000,0.864900,0.888900,"Transit","Transiting Exoplanet Survey Satellite (TESS)",1
"TOI-2497 b","TOI-2497","TIC 97568467",10.65566900000,0.18770000,7.8380000,7360.00,3.962000,2.360000,1.859000,"Transit","Transiting Exoplanet Survey Satellite (TESS)",1
"Kepler-173 b","Kepler-173","TIC 378160351",4.26374200000,,2.2610000,6031.00,4.404000,0.949000,,"Transit","Kepler",1
"K2-177 b","K2-177","TIC 114031109",14.15518500000,,,6063.00,4.380000,1.213565,1.210525,"Transit","K2",1
"Kepler-593 b","Kepler-593","TIC 27391836",21.21708973000,,5.3643000,5967.00,4.390000,1.100000,1.080000,"Transit","Kepler",1
"Kepler-1418 b","Kepler-1418","TIC 258202336",22.47644250000,,3.5600000,4770.00,4.610000,0.720000,0.770000,"Transit","Kepler",1
"Kepler-592 b","Kepler-592","TIC 377782184",2.82019240800,,2.5077000,5913.00,4.420000,1.040000,1.040000,"Transit","Kepler",1
"KMT-2021-BLG-2478L b","KMT-2021-BLG-2478L",,,,,,,,0.200000,"Microlensing","KMTNet",1
"Kepler-261 b","Kepler-261","TIC 137148674",10.38122700000,,2.7590000,5098.00,4.561000,0.794000,,"Transit","Kepler",1
"Kepler-534 c","Kepler-534","TIC 27847148",7.37868976600,,,5936.00,4.501000,0.965000,1.075000,"Transit","Kepler",1
"TOI-2337 b","TOI-2337","TIC 230001847",2.99432000000,,,4780.00,3.500000,3.220000,1.325000,"Transit","Transiting Exoplanet Survey Satellite (TESS)",1
"HD 109271 c","HD 109271","TIC 429301734",30.93000000000,,,5783.00,4.280000,,1.047000,"Radial Velocity","La Silla Observatory",1
"TOI-1333 b","TOI-1333","TIC 395171208",4.72021900000,0.55500000,4.6416000,6274.00,4.034000,1.925000,1.464000,"Transit","Transiting Exoplanet Survey Satellite (TESS)",1
"TOI-1438 c","TOI-1438","TIC 229650439",9.42808900000,,1.6700000,5230.00,4.500000,0.820000,0.876000,"Transit","Transiting Exoplanet Survey Satellite (TESS)",1
"CoRoT-20 b","CoRoT-20","TIC 234825296",9.24285000000,,,,,,1.140000,"Transit","CoRoT",1
"Kepler-1834 c","Kepler-1834","TIC 378087161",0.76669151700,0.02440000,1.2638000,4821.00,4.529000,0.788000,0.765000,"Transit","Kepler",1
"TrES-1 b","TrES-1","TIC 120757718",3.03007000000,1.80000000,,5230.00,4.570000,0.850000,1.040000,"Transit","TrES",1
"GJ 3293 c","GJ 3293","TIC 178872239",122.61960000000,,,3466.00,,0.404000,0.420000,"Radial Velocity","La Silla Observatory",1
"HD 47186 b","HD 47186","TIC 101145648",4.08450000000,,,5657.00,4.360000,1.080000,0.960000,"Radial Velocity","La Silla Observatory",1
"Kepler-1800 b","Kepler-1800","TIC 169814632",4.56202983900,,,5343.00,3.764000,2.506000,1.330000,"Transit","Kepler",1
"HD 4732 b","HD 4732","TIC 63905972",371.74000000000,,,4898.00,3.170000,5.030000,1.390000,"Radial Velocity","Multiple Observatories",1
"Kepler-215 b","Kepler-215","TIC 271352188",9.36067200000,,3.0350000,5739.00,4.364000,1.027000,,"Transit","Kepler",1
"TOI-4342 b","TOI-4342","TIC 354944123",5.53825920000,,2.1820000,3866.00,4.652000,0.598000,0.587000,"Transit","Transiting Exoplanet Survey Satellite (TESS)",1
"Kepler-193 c","Kepler-193","TIC 272496083",50.69749400000,,6.1150000,6335.00,4.403000,1.147000,,"Transit","Kepler",1
"XO-4 b","XO-4","TIC 51234631",4.12508000000,0.78000000,,6397.00,4.180000,1.450000,1.100000,"Transit","Lowell Observatory",1
"Kepler-184 d","Kepler-184","TIC 63119782",29.02235800000,,3.9610000,5788.00,4.510000,0.873000,,"Transit","Kepler",1
"TOI-559 b","TOI-559","TIC 209459275",6.98390950000,0.82760000,5.1502000,5925.00,4.268000,1.233000,1.026000,"Transit","Transiting Exoplanet Survey Satellite (TESS)",1
"Kepler-130 d","Kepler-130","TIC 121603794",87.51790500000,,1.8240000,5884.00,4.304000,1.127000,,"Transit","Kepler",1
"Kepler-39 b","Kepler-39","TIC 272836943",21.08721000000,,5.9600000,6350.00,4.400000,1.400000,1.290000,"Transit","Kepler",1
"Kepler-119 c","Kepler-119","TIC 271964647",4.12510300000,,2.8400000,5595.00,4.567000,0.839000,,"Transit","Kepler",1
"Wolf 503 b","Wolf 503","TIC 187278212",6.00127000000,,1.3300000,4716.00,4.620000,0.689000,0.688000,"Transit","K2",1
"HAT-P-61 b","HAT-P-61","TIC 259506033",1.90231289000,,1.6580000,5587.00,4.496000,0.938000,1.004000,"Transit","HATNet",1
"K2-225 b","K2-225","TIC 98677125",15.87230000000,0.03770000,6.1920000,5520.00,4.148000,1.700000,1.482000,"Transit","K2",1
"HD 222237 b","HD 222237","TIC 277913391",14892.00000000000,,,4751.00,4.610000,0.710000,0.760000,"Radial Velocity","Multiple Observatories",1
"Kepler-1238 b","Kepler-1238","TIC 169931288",4.14787559000,,3.6740000,6386.00,4.210000,1.480000,1.300000,"Transit","Kepler",1
"Kepler-648 b","Kepler-648","TIC 164560223",17.42117490000,,5.0323000,5741.00,4.480000,0.980000,1.050000,"Transit","Kepler",1
"Kepler-91 b","Kepler-91","TIC 352011875",6.24658000000,,,4550.00,2.953000,6.300000,1.310000,"Transit","Kepler",1
"Kepler-1376 b","Kepler-1376","TIC 158386680",5.30880656000,,3.0180000,5659.00,4.460000,0.970000,0.980000,"Transit","Kepler",1
"Kepler-1877 b","Kepler-1877","TIC 271355270",2.37756991400,,,5615.00,4.505000,0.936000,1.022000,"Transit","Kepler",1
"Kepler-259 c","Kepler-259","TIC 158664318",36.92493100000,,4.7230000,5938.00,4.532000,0.898000,,"Transit","Kepler",1
"51 Peg b","51 Peg","TIC 139298196",4.23079660000,,,5761.00,,1.190000,1.070000,"Radial Velocity","Haute-Provence Observatory",1
"HD 16905 b","HD 16905","TIC 358070171",10256.00000000000,,,,,,0.850000,"Radial Velocity","Multiple Observatories",1
"TOI-2427 b","TOI-2427","TIC 142937186",1.30600110000,,,4072.00,4.620000,0.650000,0.640000,"Transit","Transiting Exoplanet Survey Satellite (TESS)",1
"Kepler-1181 b","Kepler-1181","TIC 394176812",4.89337519000,,3.3160000,6176.00,4.270000,1.300000,1.170000,"Transit","Kepler",1
"Kepler-1617 b","Kepler-1617","TIC 158625761",27.47855720000,,8.3050000,6167.00,4.320000,1.220000,1.150000,"Transit","Kepler",1
"Kepler-893 b","Kepler-893","TIC 164830125",6.33855761000,,3.2833000,5820.00,4.450000,0.990000,1.000000,"Transit","Kepler",1
"TOI-1431 b","TOI-1431","TIC 375506058",2.65023700000,0.57970000,2.4890000,7690.00,4.150000,1.920000,1.900000,"Transit","Transiting Exoplanet Survey Satellite (TESS)",1
"Kepler-142 d","Kepler-142","TIC 27394293",41.80911800000,,8.6870000,5790.00,4.262000,1.269000,,"Transit","Kepler",1
"Kepler-462 b","Kepler-462","TIC 269263577",84.68660000000,,,7500.00,4.220000,1.570000,1.590000,"Transit","Kepler",1
"OGLE-2018-BLG-1011L c","OGLE-2018-BLG-1011L",,,,,,,,0.180000,"Microlensing","OGLE",1
"WASP-169 b","WASP-169","TIC 386259537",5.61141180000,0.44600000,6.0528000,6110.00,3.958000,2.011000,1.337000,"Transit","WASP-South",1
"Kepler-1788 b","Kepler-1788","TIC 159646433",2.80012011500,,,4786.00,4.579000,0.704000,0.686000,"Transit","Kepler",1
"WD 0806-661 b","WD 0806-661","TIC 306826966",,,,10393.00,,,0.605000,"Imaging","Spitzer Space Telescope",1
"HD 121504 b","HD 121504","TIC 208844024",63.33000000000,,,6027.00,4.590000,1.070000,1.620000,"Radial Velocity","La Silla Observatory",1
"gam Lib c","gam Lib","TIC 386935627",966.49000000000,,,4879.00,2.500000,12.380000,1.780000,"Radial Velocity","Okayama Astrophysical Observatory",1
"Kepler-307 b","Kepler-307","TIC 169930145",10.42080000000,,,5367.00,,0.814000,0.907000,"Transit","Kepler",1
"Kepler-84 d","Kepler-84","TIC 170646917",4.22453700000,,3.1720000,6031.00,4.323000,1.169000,,"Transit","Kepler",1
"TOI-5261 b","TOI-5261","TIC 402828941",4.15097680000,1.15300000,2.3592000,5790.00,4.436000,1.021000,1.037000,"Transit","Transiting Exoplanet Survey Satellite (TESS)",1
"Kepler-327 b","Kepler-327","TIC 63366281",2.54957500000,,1.6670000,3799.00,4.758000,0.492000,,"Transit","Kepler",1
"Kepler-1806 b","Kepler-1806","TIC 399954605",9.03332042700,,,5311.00,4.588000,0.788000,0.884000,"Transit","Kepler",1
"Kepler-80 c","Kepler-80","TIC 184296619",9.52355000000,,,4540.00,4.639000,0.678000,0.730000,"Transit","Kepler",1
"WASP-50 b","WASP-50","TIC 382391899",1.95510000000,,1.8336000,5400.00,,0.843000,0.892000,"Transit","SuperWASP",1
"HD 215497 c","HD 215497","TIC 469943599",566.00000000000,,,,,,0.920000,"Radial Velocity","La Silla Observatory",1
"Kepler-1167 b","Kepler-1167","TIC 273875149",1.00393373900,,1.4562000,4971.00,4.600000,0.750000,0.790000,"Transit","Kepler",1
"TOI-3896 b","TOI-3896","TIC 445837596",4.37730369667,,2.3689451,5110.91,4.567100,0.747752,,"Transit","Transiting Exoplanet Survey Satellite (TESS)",1
"Kepler-48 e","Kepler-48","TIC 171882123",982.00000000000,,,5194.00,4.487000,0.890000,0.880000,"Radial Velocity","W. M. Keck Observatory",1
"HATS-32 b","HATS-32","TIC 204317710",2.81265480000,,2.8536000,5700.00,4.396000,1.097000,1.099000,"Transit","HATSouth",1
"Kepler-276 d","Kepler-276","TIC 138213510",48.64800000000,,,,4.460000,1.030000,1.100000,"Transit","Kepler",1
"Kepler-245 b","Kepler-245","TIC 63004906",7.49019000000,,2.8040000,5100.00,4.560000,0.795000,,"Transit","Kepler",1
"CD-35 2722 B b","CD-35 2722 B",,171.11000000000,,,,,,0.035000,"Radial Velocity","Paranal Observatory",1
"KIC 5437945 b","KIC 5437945","TIC 121603086",440.78130000000,0.22090000,,6340.00,4.160000,1.240000,1.070000,"Transit","Kepler",1
"Kepler-1870 b","Kepler-1870","TIC 138433618",3.60694003100,,,5508.00,4.569000,0.840000,0.955000,"Transit","Kepler",1
"Kepler-312 b","Kepler-312","TIC 274030824",1.77241900000,,2.4530000,6115.00,4.191000,1.467000,,"Transit","Kepler",1
"TOI-2194 b","TOI-2194","TIC 271478281",15.33759700000,,,4756.00,4.698000,0.690900,0.740000,"Transit","Transiting Exoplanet Survey Satellite (TESS)",1
"Kepler-60 b","Kepler-60","TIC 158923465",7.13340000000,,,5905.00,,1.257000,1.041000,"Transit","Kepler",1
"Kepler-856 b","Kepler-856","TIC 159054620",8.02768059500,,3.1401000,5535.00,4.490000,0.930000,0.960000,"Transit","Kepler",1
"Kepler-1202 b","Kepler-1202","TIC 63209010",28.68513240000,,5.4670000,5834.00,4.420000,1.040000,1.030000,"Transit","Kepler",1
"CoRoT-14 b","CoRoT-14","TIC 282706928",1.51214000000,,1.6620000,6035.00,4.350000,1.210000,1.130000,"Transit","CoRoT",1
"TYC 1422-614-1 b","TYC 1422-614-1","TIC 95361265",198.40000000000,,,4806.00,2.850000,6.850000,1.150000,"Radial Velocity","Multiple Observatories",1
"Kepler-1519 b","Kepler-1519","TIC 351191596",240.79893970000,,16.4420000,5644.00,4.500000,0.910000,0.940000,"Transit","Kepler",1
"TOI-2169 A b","TOI-2169 A","TIC 8516795",8.21482820000,0.39700000,4.3370000,6270.00,4.069000,1.820000,1.420000,"Transit","Transiting Exoplanet Survey Satellite (TESS)",1
"Kepler-1154 b","Kepler-1154","TIC 169561256",5.18561420000,,4.0760000,6327.00,4.230000,1.430000,1.260000,"Transit","Kepler",1
"HD 233832 b","HD 233832","TIC 445811628",2058.00000000000,,,4981.00,4.490000,0.680000,0.710000,"Radial Velocity","Roque de los Muchachos Observatory",1
"OGLE-2018-BLG-1367L b","OGLE-2018-BLG-1367L",,,,,,,,0.280000,"Microlensing","KMTNet",1
"HR 8799 c","HR 8799","TIC 245368902",69000.00000000000,,,,,,1.500000,"Imaging","Gemini Observatory",1
"K2-3 d","K2-3","TIC 173103335",44.55603000000,,,3844.00,4.704000,0.546000,0.549000,"Transit","K2",1
"Kepler-1997 b","Kepler-1997","TIC 273372570",26.75758660000,0.04553000,5.8580000,6215.00,4.440000,1.052000,1.111000,"Transit","Kepler",1
"Kepler-1903 b","Kepler-1903","TIC 417655814",17.06789970000,,,6347.00,4.464000,0.996000,1.053000,"Transit","Kepler",1
"Kepler-205 c","Kepler-205","TIC 399822422",20.30654600000,,2.8730000,4321.00,4.735000,0.546000,,"Transit","Kepler",1
"Kepler-1969 b","Kepler-1969","TIC 27240575",6.64752006500,,,6046.00,4.478000,1.007000,1.111000,"Transit","Kepler",1
"K2-217 b","K2-217","TIC 405333767",14.07452400000,,,5967.00,4.170000,1.333718,1.102661,"Transit","K2",1
"HD 108863 b","HD 108863","TIC 371621400",437.70000000000,,,4878.00,3.070000,5.740000,1.590000,"Radial Velocity","W. M. Keck Observatory",1
"HD 185269 b","HD 185269","TIC 213721036",6.83776000000,,,5923.00,3.920000,2.000000,1.300000,"Radial Velocity","Lick Observatory",1
"Kepler-365 c","Kepler-365","TIC 27530849",17.78412900000,,3.8620000,6012.00,4.434000,1.048000,,"Transit","Kepler",1
"HD 222582 b","HD 222582","TIC 9005067",572.38000000000,,,5790.00,4.380000,1.130000,1.120000,"Radial Velocity","W. M. Keck Observatory",1
"HD 56957 b","HD 56957","TIC 22972926",5859.08992000000,,,,,,1.030000,"Radial Velocity","Multiple Observatories",1
"Kepler-1745 b","Kepler-1745","TIC 270525576",3.01619005200,,,5611.00,4.144000,1.400000,0.995000,"Transit","Kepler",1
"K2-25 b","K2-25","TIC 434226736",3.48456408000,1.15500000,0.7637000,3207.00,4.944000,0.293200,0.263400,"Transit","K2",1
"K2-188 c","K2-188","TIC 175236511",7.81025300000,,,5977.00,4.310000,1.190000,1.060000,"Transit","K2",1
"Kepler-889 b","Kepler-889","TIC 26474039",3.74443900000,,2.9492000,5961.00,4.300000,1.250000,1.140000,"Transit","Kepler",1
"K2-383 b","K2-383","TIC 31244979",1.86596200000,,,5129.00,4.655000,0.804000,1.061000,"Transit","K2",1
"TOI-406 c","TOI-406","TIC 153065527",3.30744100000,,1.0500000,3392.00,4.690000,0.410000,0.408000,"Transit","Transiting Exoplanet Survey Satellite (TESS)",1
"Kepler-1713 b","Kepler-1713","TIC 158432813",18.01160049000,,,6477.00,4.224000,1.459000,1.300000,"Transit","Kepler",1
"Kepler-524 b","Kepler-524","TIC 27914389",7.97419807000,,5.3605000,6014.00,4.390000,1.100000,1.090000,"Transit","Kepler",1
"Kepler-1321 c","Kepler-1321","TIC 271165895",2.22649108600,,1.7225000,4094.00,4.730000,0.530000,0.540000,"Transit","Kepler",1
"TOI-6692 b","TOI-6692","TIC 324609409",131.12500000000,,11.0600000,5890.00,4.176000,1.385000,1.047000,"Transit","Transiting Exoplanet Survey Satellite (TESS)",1
"Kepler-1203 b","Kepler-1203","TIC 63449012",0.58800076500,,1.1627000,4105.00,4.670000,0.610000,0.640000,"Transit","Kepler",1
"OGLE-2018-BLG-0298L b","OGLE-2018-BLG-0298L",,,,,,,,0.690000,"Microlensing","OGLE",1
"HATS-35 b","HATS-35","TIC 339522221",1.82099930000,,3.1176000,6300.00,4.244000,1.433000,1.317000,"Transit","HATSouth",1
"HD 19615 b","HD 19615","TIC 289383510",402.00000000000,,,4263.00,1.400000,32.300000,1.100000,"Radial Velocity","Bohyunsan Optical Astronomical Observatory",1
"Kepler-318 b","Kepler-318","TIC 274198407",4.66271500000,,2.7460000,5746.00,4.325000,1.189000,,"Transit","Kepler",1
"K2-308 b","K2-308","TIC 411697517",3.38628000000,,3.0900000,6100.00,3.940000,1.240000,1.090000,"Transit","K2",1
"Kepler-145 c","Kepler-145","TIC 159721091",42.88200000000,,,,4.020000,1.850000,1.320000,"Transit","Kepler",1
"K2-189 c","K2-189","TIC 422349881",6.67932000000,,,5442.00,4.510000,0.879000,0.850000,"Transit","K2",1
"HD 169142 b","HD 169142","TIC 51077087",,,,,,,1.850000,"Imaging","Paranal Observatory",1
"MOA-2007-BLG-400L b","MOA-2007-BLG-400L",,,,,,,,0.690000,"Microlensing","MOA",1
"Kepler-326 b","Kepler-326","TIC 270956861",2.24832900000,,2.0710000,5105.00,4.556000,0.801000,,"Transit","Kepler",1
"Kepler-932 b","Kepler-932","TIC 272715773",1.92143739600,,1.7519000,5331.00,4.540000,0.840000,0.870000,"Transit","Kepler",1
"b Cen AB b","b Cen A","TIC 159589603",1790000.00000000000,,,,,,5.500000,"Imaging","Paranal Observatory",1
"GJ 3138 d","GJ 3138","TIC 632528291",257.80000000000,,,3717.00,,0.500000,0.681000,"Radial Velocity","La Silla Observatory",1
"HD 145934 b","HD 145934","TIC 119974993",2751.53433000000,,,,,,2.058000,"Radial Velocity","W. M. Keck Observatory",1
"Kepler-917 b","Kepler-917","TIC 268383727",2.97041437500,,2.2161000,5418.00,4.580000,0.760000,0.800000,"Transit","Kepler",1
"TOI-1347 c","TOI-1347","TIC 229747848",4.84196200000,,,5464.00,4.640000,0.830000,0.913000,"Transit","Transiting Exoplanet Survey Satellite (TESS)",1
"K2-329 b","K2-329","TIC 301258470",12.45512250000,,3.6210000,5282.00,4.566000,0.822000,0.901000,"Transit","K2",1
"Kepler-311 d","Kepler-311","TIC 351898154",232.04032600000,0.02908000,12.2350000,5903.00,4.300000,1.156000,0.974000,"Transit","Kepler",1
"TIC 65612701 b","TIC 65612701","TIC 65612701",10.22467974953,,6.3976853,5692.29,4.082800,1.737090,,"Transit","Transiting Exoplanet Survey Satellite (TESS)",1
"HD 125612 b","HD 125612","TIC 347909637",557.69994000000,,,,,,1.050000,"Radial Velocity","W. M. Keck Observatory",1
"Kepler-436 b","Kepler-436","TIC 185408817",64.00205000000,,4.6700000,4651.00,4.619000,0.697000,0.729000,"Transit","Kepler",1
"GJ 414 A c","GJ 414 A","TIC 9001920",749.83000000000,,,4120.00,4.650000,0.680000,0.650000,"Radial Velocity","W. M. Keck Observatory",1
"OGLE-2018-BLG-0932L b","OGLE-2018-BLG-0932L",,,,,,,,0.720000,"Microlensing","KMTNet",1
"ZTF J1828+2308 b","ZTF J1828+2308","TIC 1685332572",0.11200670000,,,15900.00,8.050000,0.013100,0.610000,"Transit","Zwicky Transient Facility",1
"Kepler-1052 c","Kepler-1052","TIC 271661839",180.92172900000,0.07424000,8.9900000,5818.00,4.554000,0.848000,0.937000,"Transit","Kepler",1
"HD 105779 b","HD 105779","TIC 347713631",2412.00000000000,,,5792.00,4.360000,0.940000,0.890000,"Radial Velocity","La Silla Observatory",1
"Kepler-1143 c","Kepler-1143","TIC 121215172",210.63059100000,,8.6750000,5053.00,4.580000,0.770000,0.810000,"Transit","Kepler",1
"Kepler-1567 b","Kepler-1567","TIC 121013472",153.97957800000,,8.9940000,5655.00,4.490000,0.930000,0.950000,"Transit","Kepler",1
"Kepler-399 c","Kepler-399","TIC 172373693",26.67569000000,,2.7580000,5502.00,4.620000,0.680000,,"Transit","Kepler",1
"K2-168 b","K2-168","TIC 437695245",15.85230000000,,,5502.70,,0.830000,0.877000,"Transit","K2",1
"Kepler-95 b","Kepler-95","TIC 164726946",11.52310000000,,,5699.00,4.171000,1.410000,1.080000,"Transit","Kepler",1
"Kepler-453 b","Kepler-453","TIC 164457525",240.50300000000,,,5527.00,4.571000,0.833000,0.944000,"Transit","Kepler",1
"HD 20003 c","HD 20003","TIC 370137704",33.92390000000,,,5494.00,4.410000,,0.875000,"Radial Velocity","La Silla Observatory",1
"HD 122562 c","HD 122562","TIC 233435627",84.96276000000,,,,,,1.241000,"Radial Velocity","Multiple Observatories",1
"Kepler-513 b","Kepler-513","TIC 48503953",28.86235584000,,5.2042000,5849.00,4.390000,1.060000,1.020000,"Transit","Kepler",1
"K2-259 b","K2-259","TIC 377259959",15.48043000000,0.03700000,4.2000000,6059.00,4.390000,1.130000,1.140000,"Transit","K2",1
"HD 6860 b","HD 6860","TIC 174500619",663.87000000000,,,3802.00,0.541000,86.400000,2.490000,"Radial Velocity","Bohyunsan Optical Astronomical Observatory",1
"Kepler-874 b","Kepler-874","TIC 271347296",40.06867270000,,6.0815000,6020.00,4.370000,1.130000,1.090000,"Transit","Kepler",1
"Kepler-864 c","Kepler-864","TIC 164836049",2.42150341000,0.01715000,2.9650000,6213.00,4.387000,1.195000,1.270000,"Transit","Kepler",1
"TIC 147027702 b","TIC 147027702","TIC 147027702",44.40523000000,0.22000000,15.9000000,6410.00,3.926000,2.136000,1.406000,"Transit","Transiting Exoplanet Survey Satellite (TESS)",1
"HD 191939 g","HD 191939","TIC 269701147",284.00000000000,,,5348.00,4.300000,0.940000,0.810000,"Radial Velocity","Multiple Observatories",1
"GJ 15 A b","GJ 15 A","TIC 440109725",11.44070000000,,,3607.00,4.870000,0.380000,0.380000,"Radial Velocity","W. M. Keck Observatory",1
"K2-58 b","K2-58","TIC 437703489",7.05254000000,,1.8990000,5413.00,4.522000,0.860000,0.890000,"Transit","K2",1
"OGLE-2015-BLG-1670L b","OGLE-2015-BLG-1670L",,,,,,,,0.550000,"Microlensing","OGLE",1
"TOI-4994 b","TOI-4994","TIC 277128619",21.49198400000,0.55100000,4.4520000,5640.00,4.393000,1.055000,1.005000,"Transit","Transiting Exoplanet Survey Satellite (TESS)",1
"Kepler-552 b","Kepler-552","TIC 417659456",5.26341576500,,2.1778000,5863.00,4.420000,1.040000,1.030000,"Transit","Kepler",1
"HD 87816 b","HD 87816","TIC 138998040",484.17000000000,,,4989.00,2.860000,9.000000,2.410000,"Radial Velocity","La Silla Observatory",1
"KMT-2017-BLG-2197L b","KMT-2017-BLG-2197L",,,,,,,,0.360000,"Microlensing","KMTNet",1
"Wolf 1061 b","Wolf 1061","TIC 413948621",4.88690000000,,,3342.00,,0.307000,0.294000,"Radial Velocity","La Silla Observatory",1
"TOI-3877 b","TOI-3877","TIC 144310492",4.12359600000,0.55000000,2.7840000,5731.00,4.181000,1.445000,1.160000,"Transit","Transiting Exoplanet Survey Satellite (TESS)",1
"HATS-38 b","HATS-38","TIC 168281028",4.37502100000,,3.2160000,5732.00,4.301000,1.105000,0.890000,"Transit","HATSouth",1
"Kepler-1670 b","Kepler-1670","TIC 159375845",20.49980000000,,,5838.00,4.096200,1.518890,1.050000,"Transit","Kepler",1
"K2-37 c","K2-37","TIC 68504570",6.42966000000,,,5352.00,4.530000,0.809000,0.840000,"Transit","K2",1
"Kepler-1529 b","Kepler-1529","TIC 122137575",5.33905686000,,1.6507000,5048.00,4.580000,0.770000,0.810000,"Transit","Kepler",1
"Kepler-87 c","Kepler-87","TIC 273592336",191.23180000000,,,5600.00,3.960000,1.820000,1.100000,"Transit","Kepler",1
"HD 147873 b","HD 147873","TIC 211080657",116.59600000000,,,5972.00,3.860000,2.290000,1.380000,"Radial Velocity","Multiple Observatories",1
"PSR J2322-2650 b","PSR J2322-2650",,0.32296399700,,,,,,1.400000,"Pulsar Timing","Parkes Observatory",1
"24 Boo b","24 Boo","TIC 441712711",30.33000000000,,,4816.00,2.280000,12.190000,1.050000,"Radial Velocity","Okayama Astrophysical Observatory",1
"K2-208 b","K2-208","TIC 399722652",4.19097000000,0.03090000,1.9440000,5500.00,4.503000,0.872000,0.881000,"Transit","K2",1
"K2-352 c","K2-352","TIC 86130229",8.23488500000,,3.5900000,5791.00,4.470000,0.950000,0.980000,"Transit","K2",1
"K2-396 b","K2-396","TIC 59088823",0.67386200000,,,5236.00,4.488000,0.920000,0.954000,"Transit","K2",1
"Kepler-1150 b","Kepler-1150","TIC 27913639",2.78786838600,,2.0252000,4754.00,4.610000,0.720000,0.760000,"Transit","Kepler",1
"Kepler-239 c","Kepler-239","TIC 138641300",56.22809800000,,3.7000000,4914.00,4.583000,0.763000,,"Transit","Kepler",1
"Kepler-287 c","Kepler-287","TIC 417660580",44.85189600000,,3.5840000,5806.00,4.402000,1.032000,,"Transit","Kepler",1
"HD 73344 d","HD 73344","TIC 175193677",5823.00000000000,,,6148.00,4.360000,1.220000,1.190000,"Radial Velocity","Multiple Observatories",1
"TOI-1298 b","TOI-1298","TIC 237104103",4.53714300000,,4.0292720,5752.00,4.194000,1.453600,1.218700,"Transit","Transiting Exoplanet Survey Satellite (TESS)",1
"Kepler-988 b","Kepler-988","TIC 159446957",17.76080053000,,1.6860000,4005.00,4.730000,0.530000,0.550000,"Transit","Kepler",1
"K2-401 b","K2-401","TIC 345063080",6.29309900000,,,4213.00,4.719000,0.675000,0.870000,"Transit","K2",1
"Kepler-266 c","Kepler-266","TIC 271046092",107.72360100000,,8.0800000,5885.00,4.453000,1.028000,,"Transit","Kepler",1
"HD 158259 e","HD 158259","TIC 188768068",7.95100000000,,,,,1.210000,1.080000,"Radial Velocity","Haute-Provence Observatory",1
"Kepler-1028 b","Kepler-1028","TIC 416265126",2.51462432000,,1.6093000,5522.00,4.520000,0.870000,0.900000,"Transit","Kepler",1
"GJ 676 A c","GJ 676 A","TIC 369021303",13921.42302000000,,,,,,0.626000,"Radial Velocity","Paranal Observatory",1
"Kepler-1391 b","Kepler-1391","TIC 271253957",54.40923330000,,9.5110000,5840.00,4.360000,1.100000,1.030000,"Transit","Kepler",1
"Kepler-1546 b","Kepler-1546","TIC 169466684",19.59749710000,,4.0690000,5623.00,4.480000,0.930000,0.950000,"Transit","Kepler",1
"Kepler-209 b","Kepler-209","TIC 159652365",16.08784500000,,2.8780000,5513.00,4.472000,0.935000,,"Transit","Kepler",1
"HD 224018 d","HD 224018","TIC 248608315",138.07310000000,,,5784.00,4.320000,1.147000,1.013000,"Transit","K2",1
"Kepler-169 d","Kepler-169","TIC 120689253",8.34812500000,,2.7900000,4997.00,4.582000,0.763000,,"Transit","Kepler",1
"HD 148427 b","HD 148427","TIC 413853880",331.90000000000,,,5025.00,,3.860000,1.640000,"Radial Velocity","Lick Observatory",1
"HD 155918 c","HD 155918","TIC 311649327",17202.19446000000,,,,,,1.030000,"Radial Velocity","Multiple Observatories",1
"Kepler-1066 b","Kepler-1066","TIC 268379849",1.93155983900,,1.6283000,5762.00,4.450000,0.980000,0.980000,"Transit","Kepler",1
"Kepler-1757 b","Kepler-1757","TIC 273378480",19.65640068000,,,5288.00,4.613000,0.740000,0.828000,"Transit","Kepler",1
"Kepler-737 b","Kepler-737","TIC 63068329",28.59915399000,,3.6632000,3813.00,4.770000,0.480000,0.510000,"Transit","Kepler",1
"K2-347 b","K2-347","TIC 14603874",7.18725700000,,2.5700000,4599.00,4.650000,0.630000,0.660000,"Transit","K2",1
"K2-408 b","K2-408","TIC 432247186",20.97895900000,,,5335.00,4.559000,0.784000,0.813000,"Transit","K2",1
"Kepler-172 b","Kepler-172","TIC 237157751",2.94030900000,,2.5950000,5526.00,4.375000,1.085000,,"Transit","Kepler",1
"Kepler-235 b","Kepler-235","TIC 120765183",3.34022200000,,1.9250000,4255.00,4.730000,0.554000,,"Transit","Kepler",1
"Kepler-995 b","Kepler-995","TIC 120315006",28.26731672000,,4.5693000,5206.00,4.570000,0.800000,0.830000,"Transit","Kepler",1
"Kepler-142 b","Kepler-142","TIC 27394293",2.02415200000,,2.4890000,5790.00,4.262000,1.269000,,"Transit","Kepler",1
"Kepler-54 c","Kepler-54","TIC 271262203",12.07172490000,,4.9738000,3705.00,4.750000,0.500000,0.510000,"Transit","Kepler",1
"Kepler-389 b","Kepler-389","TIC 63074796",3.24410700000,,2.0940000,5376.00,4.570000,0.792000,,"Transit","Kepler",1
"Kepler-1557 b","Kepler-1557","TIC 270790313",3.74032496000,,2.4390000,6099.00,4.340000,1.170000,1.110000,"Transit","Kepler",1
"TIC 38825265 b","TIC 38825265","TIC 38825265",3.31336980985,,1.8494548,4375.52,4.657300,0.664503,,"Transit","Transiting Exoplanet Survey Satellite (TESS)",1
"KMT-2023-BLG-0548L b","KMT-2023-BLG-0548L",,,,,,,,0.720000,"Microlensing","KMTNet",1
"MOA-2010-BLG-328L b","MOA-2010-BLG-328L",,,,,,,,0.110000,"Microlensing","MOA",1
"Kepler-1686 b","Kepler-1686","TIC 63005636",9.30987000000,,,5714.96,4.288660,1.199510,1.020000,"Transit","Kepler",1
"K2-226 b","K2-226","TIC 176938958",3.27109000000,0.02520000,2.3232000,5288.00,4.473000,0.889000,0.856000,"Transit","K2",1
"KMT-2021-BLG-1253L b","KMT-2021-BLG-1253L",,,,,,,,0.240000,"Microlensing","KMTNet",1
"Kepler-1614 b","Kepler-1614","TIC 48451562",3.94661410000,,2.8360000,5121.00,4.580000,0.760000,0.790000,"Transit","Kepler",1
"Kepler-306 e","Kepler-306","TIC 121660143",44.84097500000,,5.4840000,4954.00,4.611000,0.719000,,"Transit","Kepler",1
"HD 217786 c","HD 217786","TIC 248048656",2.52221000000,,,,,,1.140000,"Radial Velocity","Multiple Observatories",1
"TOI-3819 b","TOI-3819","TIC 95660472",3.24431410000,0.61300000,2.7790000,5859.00,4.156000,1.538000,1.242000,"Transit","Transiting Exoplanet Survey Satellite (TESS)",1
"Kepler-364 b","Kepler-364","TIC 123358019",25.74571800000,,6.9830000,6108.00,4.273000,1.284000,,"Transit","Kepler",1
"Kepler-265 e","Kepler-265","TIC 122445076",67.83102400000,,7.0660000,5835.00,4.326000,1.103000,,"Transit","Kepler",1
"Kepler-645 b","Kepler-645","TIC 159381747",3.27582262100,,2.9721000,6170.00,4.330000,1.210000,1.130000,"Transit","Kepler",1
"Kepler-69 b","Kepler-69","TIC 275573429",13.72234100000,0.05970000,,5638.00,4.400000,0.930000,0.810000,"Transit","Kepler",1
"HD 167768 b","HD 167768","TIC 2382387",20.65320000000,,,4851.00,2.500000,9.700000,1.080000,"Radial Velocity","Okayama Astrophysical Observatory",1
"YZ Cet b","YZ Cet","TIC 439403362",2.02087000000,,,3151.00,5.170000,0.157000,0.142000,"Radial Velocity","La Silla Observatory",1
"Kepler-280 b","Kepler-280","TIC 159716174",2.13954200000,,2.0200000,5744.00,4.537000,0.886000,,"Transit","Kepler",1
"KOI-351 g","KOI-351","TIC 267667295",210.73514000000,0.38000000,12.3200000,,,,1.242000,"Transit","Kepler",1
"Kepler-1577 b","Kepler-1577","TIC 240177285",6.30560247000,,2.4680000,4862.00,4.600000,0.740000,0.780000,"Transit","Kepler",1
"Kepler-20 f","Kepler-20","TIC 158554588",19.57832800000,,,5495.00,,0.916400,0.929000,"Transit","Kepler",1
"HAT-P-27 b","HAT-P-27","TIC 461239485",3.03957700000,1.43000000,1.6800000,5316.00,4.526260,0.864673,0.916000,"Transit","HATNet",1
"HD 156668 b","HD 156668","TIC 257715493",4.64550000000,,,4850.00,4.598000,0.720000,0.772000,"Radial Velocity","W. M. Keck Observatory",1
"K2-19 b","K2-19","TIC 281885301",7.91930000000,,,5322.00,4.510000,0.820000,0.880000,"Transit","K2",1
"Kepler-764 b","Kepler-764","TIC 273129679",7.33683936000,,3.5120000,5557.00,4.510000,0.890000,0.920000,"Transit","Kepler",1
"HD 10180 e","HD 10180","TIC 231836962",49.74800000000,,,5911.00,4.390000,1.109000,1.060000,"Radial Velocity","La Silla Observatory",1
"Kepler-1785 b","Kepler-1785","TIC 271877992",19.58550072000,,,5618.00,4.401000,0.996000,0.911000,"Transit","Kepler",1
"Kepler-1405 b","Kepler-1405","TIC 184166357",28.22741840000,,5.6480000,5925.00,4.400000,1.070000,1.050000,"Transit","Kepler",1
"Kepler-255 d","Kepler-255","TIC 272083669",1.04562265800,,1.8269000,5431.00,4.530000,0.860000,0.900000,"Transit","Kepler",1
"USco CTIO 108 b","USco CTIO 108","TIC 48666170",,,,2700.00,,,0.060000,"Imaging","Teide Observatory",1
"Kepler-1445 b","Kepler-1445","TIC 351766604",10.60052251000,,4.4840000,6150.00,4.280000,1.260000,1.130000,"Transit","Kepler",1
"TOI-6478 b","TOI-6478","TIC 332657786",34.00501900000,,2.9000000,3230.00,5.016000,0.234000,0.230000,"Transit","Transiting Exoplanet Survey Satellite (TESS)",1
"WASP-163 b","WASP-163","TIC 145368316",1.60968840000,1.41700000,2.2320000,5500.00,4.411000,1.015000,0.970000,"Transit","SuperWASP-South",1
"TOI-2158 b","TOI-2158","TIC 342642208",8.60077000000,,3.7700000,5673.00,4.190000,1.410000,1.120000,"Transit","Transiting Exoplanet Survey Satellite (TESS)",1
"TOI-5153 b","TOI-5153","TIC 124029677",20.33003000000,,4.8700000,6300.00,4.300000,1.400000,1.240000,"Transit","Transiting Exoplanet Survey Satellite (TESS)",1
"HATS-41 b","HATS-41","TIC 53750200",4.19364900000,,2.1960000,6424.00,4.140000,1.710000,1.496000,"Transit","HATSouth",1
"WASP-176 b","WASP-176","TIC 375942197",3.89905200000,0.64000000,5.1528000,5941.00,3.995000,1.925000,1.345000,"Transit","SuperWASP-North",1
"HAT-P-25 b","HAT-P-25","TIC 35022727",3.65281514000,0.01610000,2.8130400,5519.00,4.516000,0.919000,1.012000,"Transit","HATNet",1
"TOI-4443.01","TOI-4443","TIC 158241252",1.84985670000,,2.5182760,5834.00,4.444330,1.017330,1.049133,"Transit","Transiting Exoplanet Survey Satellite (TESS)",1
"TOI-1836 c","TOI-1836","TIC 207468071",1.77274710000,,1.7866633,6237.00,4.098000,1.645400,1.251800,"Transit","Transiting Exoplanet Survey Satellite (TESS)",1
"Kepler-1281 b","Kepler-1281","TIC 27458799",3.11602791000,,1.9090000,5353.00,4.550000,0.830000,0.870000,"Transit","Kepler",1
"GJ 328 c","GJ 328","TIC 265373654",241.80000000000,,,3897.00,4.640000,0.630000,0.650000,"Radial Velocity","Roque de los Muchachos Observatory",1
"Kepler-170 b","Kepler-170","TIC 120253745",7.93059200000,,3.6800000,5679.00,4.445000,1.035000,,"Transit","Kepler",1
"Kepler-902 b","Kepler-902","TIC 159172027",40.10995470000,,5.1836000,5647.00,4.490000,0.930000,0.950000,"Transit","Kepler",1
"K2-181 b","K2-181","TIC 366528389",6.89410000000,,,5528.00,4.350000,1.060000,0.960000,"Transit","K2",1
"Kepler-162 c","Kepler-162","TIC 273036401",19.44635500000,,3.5270000,5816.00,4.436000,0.958000,,"Transit","Kepler",1
"Kepler-1194 b","Kepler-1194","TIC 137317096",16.22371307000,,2.5020000,5590.00,4.490000,0.920000,0.940000,"Transit","Kepler",1
"Kepler-57 c","Kepler-57","TIC 270615136",11.60000000000,,,5187.90,,0.826000,0.859000,"Transit","Kepler",1
"Kepler-1887 b","Kepler-1887","TIC 158844032",19.94750023000,,,5749.00,4.547000,0.864000,0.961000,"Transit","Kepler",1
"TOI-6041 b","TOI-6041","TIC 192415680",26.04945000000,0.22590000,3.6620000,5445.00,4.498000,0.879000,0.885000,"Transit","Transiting Exoplanet Survey Satellite (TESS)",1
"K2-129 b","K2-129","TIC 2468648",8.23949300000,,,3459.09,,0.360010,0.360031,"Transit","K2",1
"Kepler-903 c","Kepler-903","TIC 121732589",62.92285570000,,11.2980000,5682.00,4.460000,0.970000,0.980000,"Transit","Kepler",1
"HD 103891 b","HD 103891","TIC 183648073",1919.00000000000,,,6072.00,3.790000,2.220000,1.280000,"Radial Velocity","La Silla Observatory",1
"HD 216520 c","HD 216520","TIC 264899051",154.43000000000,,,5103.00,4.540000,0.760000,0.820000,"Radial Velocity","Multiple Observatories",1
"HD 34445 g","HD 34445","TIC 284907742",5700.00000000000,,,5836.00,4.210000,1.380000,1.070000,"Radial Velocity","Multiple Observatories",1
"Kepler-1237 b","Kepler-1237","TIC 271770315",84.57332260000,,5.7150000,5472.00,4.500000,0.900000,0.940000,"Transit","Kepler",1
"WTS-1 b","WTS-1","TIC 138488806",3.35205700000,1.76360000,,6250.00,4.400000,1.150000,1.200000,"Transit","United Kingdom Infrared Telescope",1
"gam1 Leo b","gam1 Leo","TIC 95431294",428.50000000000,,,4330.00,1.590000,31.880000,1.230000,"Radial Velocity","Bohyunsan Optical Astronomical Observatory",1
"TIC 88785435 b","TIC 88785435","TIC 88785435",10.50884300000,,4.1000000,3998.00,4.190000,0.911000,0.724000,"Transit","Transiting Exoplanet Survey Satellite (TESS)",1
"HIP 8152 c","HIP 8152","TIC 164767175",19.60562000000,,4.3834080,5618.00,4.443000,0.960300,0.937300,"Transit","Transiting Exoplanet Survey Satellite (TESS)",1
"Kepler-406 c","Kepler-406","TIC 63066101",4.62332000000,,,5538.00,4.409000,1.070000,1.070000,"Transit","Kepler",1
"HD 109271 b","HD 109271","TIC 429301734",7.85430000000,,,5783.00,4.280000,,1.047000,"Radial Velocity","La Silla Observatory",1
"Kepler-1434 b","Kepler-1434","TIC 27534458",8.05333618000,,5.2770000,6291.00,3.980000,2.040000,1.470000,"Transit","Kepler",1
"Kepler-80 d","Kepler-80","TIC 184296619",3.07222000000,,,4540.00,4.639000,0.678000,0.730000,"Transit","Kepler",1
"Kepler-1199 b","Kepler-1199","TIC 270696519",15.04471980000,,5.8190000,5889.00,4.270000,1.170000,0.940000,"Transit","Kepler",1
"Kepler-625 c","Kepler-625","TIC 137414304",4.16536510000,,3.2895000,5789.00,4.490000,0.960000,1.040000,"Transit","Kepler",1
"TOI-2373 b","TOI-2373","TIC 332558858",13.33668000000,,,5651.00,4.371000,1.102000,1.041000,"Transit","Transiting Exoplanet Survey Satellite (TESS)",1
"GJ 1061 c","GJ 1061","TIC 79611981",6.68210000000,,,2953.00,,0.156000,0.120000,"Radial Velocity","La Silla Observatory",1
"Kepler-448 c","KOI-12","TIC 169461816",2500.00000000000,,,,,1.400000,1.500000,"Transit Timing Variations","Kepler",1
"Kepler-968 b","Kepler-968","TIC 350814607",3.69298372800,,1.7291000,4598.00,4.630000,0.700000,0.760000,"Transit","Kepler",1
"TOI-4311 c","TOI-4311","TIC 122617317",15.07042500000,,,5063.00,4.442000,0.844100,0.816000,"Transit","Transiting Exoplanet Survey Satellite (TESS)",1
"Kepler-610 c","Kepler-610","TIC 275491028",151.86392000000,,8.6220000,5943.00,4.370000,1.130000,1.100000,"Transit","Kepler",1
"HD 47186 c","HD 47186","TIC 101145648",1353.60000000000,,,,,,,"Radial Velocity","La Silla Observatory",1
"HD 144899 b","HD 144899","TIC 215687919",40.43914000000,,,,,,1.160000,"Radial Velocity","Multiple Observatories",1
"WASP-42 b","WASP-42","TIC 248075138",4.98168190000,,,5315.00,4.515000,0.892000,0.951000,"Transit","SuperWASP",1
"Kepler-1383 b","Kepler-1383","TIC 273507060",13.90935830000,,6.6320000,6370.00,4.230000,1.440000,1.260000,"Transit","Kepler",1
"Kepler-1449 b","Kepler-1449","TIC 298962633",13.22745280000,,6.1040000,5979.00,4.390000,1.100000,1.080000,"Transit","Kepler",1
"Kepler-1698 b","Kepler-1698","TIC 138105005",1.21070000000,,,4975.03,4.612490,0.741698,0.822000,"Transit","Kepler",1
"Kepler-49 b","Kepler-49","TIC 137555411",7.20000000000,,,4095.60,,0.618000,0.607000,"Transit","Kepler",1
"TOI-2803 A b","TOI-2803 A","TIC 124379043",1.96229325000,1.78100000,3.0910000,6280.00,4.298000,1.245000,1.118000,"Transit","Transiting Exoplanet Survey Satellite (TESS)",1
"TOI-1288 b","TOI-1288","TIC 365733349",2.69982790000,,2.3792512,5388.00,4.453000,0.958300,0.955200,"Transit","Transiting Exoplanet Survey Satellite (TESS)",1
"K2-247 b","K2-247","TIC 110999033",2.25021000000,0.10000000,1.2000000,4667.00,4.630000,0.690000,0.740000,"Transit","K2",1
"HD 107148 c","HD 107148","TIC 66666079",18.32670000000,,,5752.92,4.345025,1.169193,1.105215,"Radial Velocity","Multiple Observatories",1
"Kepler-791 b","Kepler-791","TIC 138303317",14.55397590000,,6.2540000,6383.00,4.210000,1.470000,1.300000,"Transit","Kepler",1
"Kepler-150 b","Kepler-150","TIC 121598758",3.42805400000,,2.3090000,5560.00,4.466000,0.939000,,"Transit","Kepler",1
"HD 48948 c","HD 48948","TIC 88228576",38.06000000000,,,4593.00,4.610000,0.679000,0.686000,"Radial Velocity","Roque de los Muchachos Observatory",1
"Kepler-180 c","Kepler-180","TIC 27532033",41.88577500000,,6.2410000,5731.00,4.343000,1.063000,,"Transit","Kepler",1
"Kepler-754 b","Kepler-754","TIC 138036531",14.55962370000,,5.7600000,5935.00,4.390000,1.080000,1.060000,"Transit","Kepler",1
"HAT-P-62 b","HAT-P-62","TIC 453064665",2.64532350000,,3.1030000,5629.00,4.312000,1.170000,1.023000,"Transit","HATNet",1
"NGTS-5 b","NGTS-5","TIC 368739874",3.35698660000,,2.2100000,4987.00,4.520000,0.739000,0.661000,"Transit","Next-Generation Transit Survey (NGTS)",1
"Kepler-62 e","Kepler-62","TIC 164458488",122.38740000000,0.07000000,6.9200000,4925.00,4.680000,0.640000,0.690000,"Transit","Kepler",1
"K2-117 b","K2-117","TIC 458686847",1.29160000000,,,3778.00,4.750000,0.510000,0.540000,"Transit","K2",1
"WASP-190 b","WASP-190","TIC 116156517",5.36775300000,0.62000000,4.4640000,6400.00,4.170000,1.600000,1.350000,"Transit","WASP-South",1
"WASP-92 b","WASP-92","TIC 162689341",2.17467420000,1.25400000,2.7672000,6280.00,4.259000,1.341000,1.190000,"Transit","SuperWASP",1
"TOI-5532 b","TOI-5532","TIC 318836983",5.65396594310,,2.8984183,4208.45,4.596500,0.662052,,"Transit","Transiting Exoplanet Survey Satellite (TESS)",1
"HD 86081 b","HD 86081","TIC 62760824",2.13784310000,,,5939.00,,1.460000,1.210000,"Radial Velocity","W. M. Keck Observatory",1
"KMT-2023-BLG-0416L b","KMT-2023-BLG-0416L",,,,,,,,0.630000,"Microlensing","KMTNet",1
"OGLE-2017-BLG-0173L b","OGLE-2017-BLG-0173L",,,,,,,,0.396000,"Microlensing","OGLE",1
"Kepler-940 b","Kepler-940","TIC 270959279",59.62252570000,,6.4250000,5769.00,4.470000,0.960000,0.970000,"Transit","Kepler",1
"Kepler-10 b","Kepler-10","TIC 377780790",0.83749070000,,,5708.00,4.344000,1.065000,0.910000,"Transit","Kepler",1
"Kepler-922 b","Kepler-922","TIC 48448415",0.93846683200,,1.2710000,5671.00,4.480000,0.930000,0.950000,"Transit","Kepler",1
"HD 19994 b","HD 19994","TIC 49845357",466.20000000000,,,6188.00,,,1.365000,"Radial Velocity","La Silla Observatory",1
"TOI-2570 b","TOI-2570","TIC 239816546",2.98876150000,1.30400000,3.0064800,5771.00,4.385000,1.095000,1.063000,"Transit","Transiting Exoplanet Survey Satellite (TESS)",1
"Kepler-232 b","Kepler-232","TIC 27686898",4.43122200000,,3.1720000,5847.00,4.495000,0.968000,,"Transit","Kepler",1
"Kepler-238 d","Kepler-238","TIC 121460918",13.23354900000,,6.6420000,5751.00,4.194000,1.430000,,"Transit","Kepler",1
"Kepler-1491 c","Kepler-1491","TIC 270617233",61.56976500000,0.02983000,9.7500000,5626.00,4.149000,1.389000,0.991000,"Transit","Kepler",1
"TOI-763 c","TOI-763","TIC 178819686",12.27370000000,,,5450.00,4.450000,0.897000,0.917000,"Transit","Transiting Exoplanet Survey Satellite (TESS)",1
"Kepler-863 b","Kepler-863","TIC 273500946",15.59461874000,,5.0872000,5678.00,4.460000,0.950000,0.960000,"Transit","Kepler",1
"Kepler-1219 b","Kepler-1219","TIC 273046164",16.10467749000,,5.6070000,5944.00,3.970000,1.940000,1.250000,"Transit","Kepler",1
"WASP-130 b","WASP-130","TIC 243200602",11.55098000000,0.91600000,3.7200000,5625.00,4.490000,0.960000,1.040000,"Transit","SuperWASP-South",1
"KMT-2019-BLG-1552L b","KMT-2019-BLG-1552L",,,,,,,,0.790000,"Microlensing","KMTNet",1
"Kepler-1053 b","Kepler-1053","TIC 137152419",2.41435165400,,1.2248000,4529.00,4.630000,0.690000,0.740000,"Transit","Kepler",1
"K2-292 b","K2-292","TIC 743941",16.98410000000,,3.6600000,5725.00,4.330000,1.090000,1.000000,"Transit","K2",1
"K2-116 b","K2-116","TIC 39936432",4.65541100000,,,4348.35,,0.669400,0.694512,"Transit","K2",1
"WASP-161 b","WASP-161","TIC 50712784",5.40604250000,0.45092000,5.1288000,6400.00,4.111000,1.712000,1.390000,"Transit","SuperWASP-South",1
"Kepler-197 c","Kepler-197","TIC 27397848",10.34969500000,,4.2510000,6004.00,4.304000,1.120000,,"Transit","Kepler",1
"Kepler-518 b","Kepler-518","TIC 121112251",8.51203587700,,2.1916000,5842.00,4.530000,0.880000,0.960000,"Transit","Kepler",1
"Kepler-544 b","Kepler-544","TIC 138571095",21.41616926000,,7.0890000,6206.00,4.330000,1.220000,1.160000,"Transit","Kepler",1
"K2-387 b","K2-387","TIC 376938120",28.73532700000,,,3572.00,4.660000,0.585000,0.570000,"Transit","K2",1
"Kepler-608 b","Kepler-608","TIC 270786157",6.41251503700,,5.3087000,5820.00,4.430000,1.010000,1.000000,"Transit","Kepler",1
"K2-370 b","K2-370","TIC 456945304",2.14080930000,,1.6800000,5662.00,4.480000,0.945000,0.962000,"Transit","K2",1
"TOI-3980 b","TOI-3980","TIC 312548829",3.60892540000,0.67000000,2.3590000,5840.00,4.106000,1.626000,1.240000,"Transit","Transiting Exoplanet Survey Satellite (TESS)",1
"Kepler-24 e","Kepler-24","TIC 122376177",18.99835500000,,2.9630000,5897.00,4.200000,1.289000,,"Transit","Kepler",1
"Kepler-47 b","Kepler-47","TIC 271548206",49.46430000000,,,,,0.936000,0.957000,"Transit","Kepler",1
"Kepler-1985 b","Kepler-1985","TIC 270609465",3.42064689000,0.03568000,1.7670000,5370.00,4.411000,0.966000,0.877000,"Transit","Kepler",1
"Kepler-125 b","Kepler-125","TIC 273873718",4.16438900000,,1.7980000,3810.00,4.744000,0.512000,,"Transit","Kepler",1
"OGLE-2012-BLG-0563L b","OGLE-2012-BLG-0563L",,,,,,,,0.340000,"Microlensing","OGLE",1
"Kepler-1809 b","Kepler-1809","TIC 122300177",3.75729990000,,,4901.00,4.618000,0.716000,0.807000,"Transit","Kepler",1
"Kepler-953 c","Kepler-953","TIC 158933249",9.10967112000,,5.3021000,5416.00,4.420000,0.990000,0.950000,"Transit","Kepler",1
"Kepler-199 b","Kepler-199","TIC 184090767",23.63760400000,,4.9540000,5644.00,4.438000,0.967000,,"Transit","Kepler",1
"GJ 849 c","GJ 849","TIC 248027247",5990.00000000000,,,3467.00,4.800000,0.450000,0.450000,"Radial Velocity","W. M. Keck Observatory",1
"KMT-2022-BLG-0440L b","KMT-2022-BLG-0440L",,,,,,,,0.530000,"Microlensing","KMTNet",1
"Kepler-152 c","Kepler-152","TIC 158387462",88.25505500000,,4.0360000,5088.00,4.605000,0.724000,,"Transit","Kepler",1
"TIC 393818343 b","TIC 393818343","TIC 393818343",16.24921000000,1.06000000,4.1506000,5756.00,4.402000,1.086000,1.082000,"Transit","Transiting Exoplanet Survey Satellite (TESS)",1
"Kepler-1514 c","Kepler-1514","TIC 137685450",10.51418100000,0.00699000,3.7608000,6145.00,4.295000,1.289000,1.196000,"Transit","Kepler",1
"TOI-4214 b","TOI-4214","TIC 409594381",3.49138850000,0.46630000,3.2540000,6370.00,4.266000,1.434000,1.382000,"Transit","Transiting Exoplanet Survey Satellite (TESS)",1
"Kepler-616 d","Kepler-616","TIC 271355361",51.06740189000,,,6004.00,4.484000,0.977000,1.061000,"Transit","Kepler",1
"Kepler-1962 b","Kepler-1962","TIC 122070274",7.99145984600,,,5700.00,4.434000,1.006000,1.003000,"Transit","Kepler",1
"WASP-106 b","WASP-106","TIC 53189332",9.28969000000,0.62040000,5.3340000,6002.00,4.490000,1.470000,1.175000,"Transit","SuperWASP",1
"OGLE-2019-BLG-0249L b","OGLE-2019-BLG-0249L",,,,,,,,0.910000,"Microlensing","OGLE",1
"Kepler-1893 b","Kepler-1893","TIC 274022334",4.17936992600,,,5633.00,4.296000,1.162000,0.973000,"Transit","Kepler",1
"Kepler-1491 b","Kepler-1491","TIC 270617233",16.58617620000,,6.8990000,5728.00,4.450000,0.990000,1.000000,"Transit","Kepler",1
"OGLE-2017-BLG-1237L b","OGLE-2017-BLG-1237L",,,,,,,,0.460000,"Microlensing","OGLE",1
"Kepler-1883 b","Kepler-1883","TIC 63121790",103.42700200000,,,6208.00,4.454000,1.024000,1.086000,"Transit","Kepler",1
"TOI-1739 b","TOI-1739","TIC 159418353",8.30334140600,,1.8708000,4814.00,,0.781000,0.780000,"Transit","Transiting Exoplanet Survey Satellite (TESS)",1
"Kepler-527 b","Kepler-527","TIC 159642269",13.28535633000,,6.1801000,6388.00,4.220000,1.450000,1.280000,"Transit","Kepler",1
"TOI-628 b","TOI-628","TIC 281408474",3.40956750000,0.65700000,3.7824000,6250.00,4.300000,1.345000,1.311000,"Transit","Transiting Exoplanet Survey Satellite (TESS)",1
"Kepler-1791 b","Kepler-1791","TIC 164728985",7.72086000400,,,5887.00,4.290000,1.177000,0.985000,"Transit","Kepler",1
"Kepler-1399 b","Kepler-1399","TIC 275575346",1.63865305800,,1.9480000,5735.00,4.470000,0.960000,0.970000,"Transit","Kepler",1
"HD 20794 b","HD 20794","TIC 301051051",18.31400000000,,,5368.00,4.390000,0.930000,0.790000,"Radial Velocity","La Silla Observatory",1
"KOI-3503 b","KOI-3503","TIC 138097784",21.18500000000,,,6001.00,,1.255000,0.858000,"Transit","Kepler",1
"GJ 667 C c","GJ 667 C","TIC 154385809",28.14000000000,,,3350.00,4.690000,,0.330000,"Radial Velocity","La Silla Observatory",1
"HD 28254 b","HD 28254","TIC 219256496",1333.00000000000,,,,,,1.100000,"Radial Velocity","La Silla Observatory",1
"TOI-257 b","TOI-257","TIC 200723869",18.38818000000,0.12400000,6.4850000,6095.00,4.044000,1.867000,1.407000,"Transit","Transiting Exoplanet Survey Satellite (TESS)",1
"HD 34445 d","HD 34445","TIC 284907742",117.87000000000,,,5836.00,4.210000,1.380000,1.070000,"Radial Velocity","Multiple Observatories",1
"KMT-2021-BLG-1077L c","KMT-2021-BLG-1077L",,,,,,,,0.140000,"Microlensing","KMTNet",1
"GJ 251 b","GJ 251","TIC 68581262",14.23700000000,,,3342.00,4.870000,0.360000,0.350000,"Radial Velocity","W. M. Keck Observatory",1
"HAT-P-31 b","HAT-P-31","TIC 320798691",5.00542000000,0.65000000,,6065.00,4.260000,1.390000,1.310000,"Transit","HATNet",1
"Kepler-217 d","Kepler-217","TIC 240178935",3.88689525000,,3.6580000,6341.00,4.080000,1.760000,1.370000,"Transit","Kepler",1
"DMPP-1 d","DMPP-1","TIC 66560666",3.14170000000,,,,,,1.210000,"Radial Velocity","La Silla Observatory",1
"Kepler-811 b","Kepler-811","TIC 351908051",23.58447697000,,5.4640000,5747.00,4.250000,1.240000,1.010000,"Transit","Kepler",1
"OGLE2-TR-L9 b","OGLE2-TR-L9","TIC 466840711",2.48553350000,1.17700000,,6933.00,4.250000,1.530000,1.520000,"Transit","OGLE",1
"Kepler-1954 b","Kepler-1954","TIC 273694735",5.88343000400,,,5840.00,4.553000,0.849000,0.942000,"Transit","Kepler",1
"TOI-4600 c","TOI-4600","TIC 232608943",482.81910000000,,11.1400000,5170.00,4.570000,0.810000,0.890000,"Transit","Transiting Exoplanet Survey Satellite (TESS)",1
"TOI-2524 b","TOI-2524","TIC 169249234",7.18585000000,,,5831.00,4.344000,1.119000,1.007000,"Transit","Transiting Exoplanet Survey Satellite (TESS)",1
"HD 96167 b","HD 96167","TIC 286277386",498.04000000000,,,5733.00,3.990000,1.940000,1.270000,"Radial Velocity","W. M. Keck Observatory",1
"OGLE-2017-BLG-0604L b","OGLE-2017-BLG-0604L",,,,,,,,0.700000,"Microlensing","OGLE",1
"Kepler-359 c","Kepler-359","TIC 275568400",57.68802000000,,4.1610000,6248.00,4.429000,1.086000,,"Transit","Kepler",1
"TOI-1260 d","TOI-1260","TIC 355867695",16.60816400000,0.18080000,3.1900000,4227.00,4.570000,0.672000,0.679000,"Transit","Transiting Exoplanet Survey Satellite (TESS)",1
"Kepler-444 c","Kepler-444","TIC 394172596",4.54588410000,,,5046.00,4.562500,0.752000,0.758000,"Transit","Kepler",1
"TOI-1749 c","TOI-1749","TIC 233602827",4.49290000000,,,3985.00,4.700000,0.550000,0.580000,"Transit","Transiting Exoplanet Survey Satellite (TESS)",1
"Kepler-616 b","Kepler-616","TIC 271355361",9.99761851000,,3.2429000,5753.00,4.460000,0.970000,0.980000,"Transit","Kepler",1
"TOI-237 b","TOI-237","TIC 305048087",5.43609800000,0.38000000,,3212.00,5.040000,0.211000,0.179000,"Transit","Transiting Exoplanet Survey Satellite (TESS)",1
"HATS-1 b","HATS-1","TIC 219698950",3.44645900000,,2.4168000,5870.00,4.400000,1.038000,0.986000,"Transit","HATSouth",1
"nu Oph c","nu Oph","TIC 9815387",3180.60000000000,,,4887.00,2.640000,12.240000,2.610000,"Radial Velocity","Okayama Astrophysical Observatory",1
"Kepler-977 b","Kepler-977","TIC 159768168",26.85328322000,,4.5063000,5315.00,4.550000,0.830000,0.870000,"Transit","Kepler",1
"GJ 3138 b","GJ 3138","TIC 632528291",1.22003000000,,,3717.00,,0.500000,0.681000,"Radial Velocity","La Silla Observatory",1
"HD 130322 b","HD 130322","TIC 189694184",10.70871000000,,,5387.00,4.520000,0.850000,0.920000,"Radial Velocity","La Silla Observatory",1
"TOI-6448 b","TOI-6448","TIC 320411045",14.84426100000,,3.5280000,5910.00,,0.897000,1.030000,"Transit","Transiting Exoplanet Survey Satellite (TESS)",1
"Kepler-1363 b","Kepler-1363","TIC 27990682",2.94194094000,,2.0333000,4839.00,4.610000,0.720000,0.760000,"Transit","Kepler",1
"Kepler-880 b","Kepler-880","TIC 351803495",7.71468975000,,4.2955000,6761.00,4.120000,1.740000,1.460000,"Transit","Kepler",1
"Kepler-849 b","Kepler-849","TIC 417659078",394.62508000000,0.16510000,24.0100000,5950.00,4.016000,1.822000,1.259000,"Transit","Kepler",1
"NGTS-23 b","NGTS-23","TIC 77287067",4.07643260000,,3.9190000,6057.00,4.040000,1.240000,1.010000,"Transit","Next-Generation Transit Survey (NGTS)",1
"Kepler-299 b","Kepler-299","TIC 48304460",2.92712800000,,2.5460000,5617.00,4.394000,1.032000,,"Transit","Kepler",1
"HD 40307 b","HD 40307","TIC 374859347",4.31230000000,,,4956.00,4.470000,,0.770000,"Radial Velocity","La Silla Observatory",1
"HAT-P-21 b","HAT-P-21","TIC 17993892",4.12448000000,0.90000000,,5588.00,4.330000,1.210000,1.240000,"Transit","HATNet",1
"Kepler-478 b","Kepler-478","TIC 63289259",13.22175760000,,2.9069000,5210.00,4.560000,0.800000,0.850000,"Transit","Kepler",1
"NGTS-18 b","NGTS-18","TIC 142211778",3.05125000000,,3.6010000,5610.00,4.160000,1.392000,1.003000,"Transit","Next-Generation Transit Survey (NGTS)",1
"M62H b","M62H",,0.13293502800,,,,,,1.400000,"Pulsar Timing","South African Radio Astronomy Observatory (SARAO)",1
"K2-346 b","K2-346","TIC 14570099",26.20144600000,,3.3300000,4801.00,4.600000,0.700000,0.710000,"Transit","K2",1
"KIC 5479689 b","KIC 5479689","TIC 171975725",1.70153100000,,,5459.10,4.520000,0.894000,0.966000,"Orbital Brightness Modulation","Kepler",1
"Kepler-392 b","Kepler-392","TIC 158796434",5.34185300000,,3.0430000,5938.00,4.323000,1.129000,,"Transit","Kepler",1
"Kepler-363 c","Kepler-363","TIC 258349590",7.54242700000,,4.9000000,5593.00,4.152000,1.485000,,"Transit","Kepler",1
"Kepler-1464 c","Kepler-1464","TIC 121123737",5.32786292000,,4.6780000,5828.00,4.440000,1.010000,1.020000,"Transit","Kepler",1
"Kepler-223 b","Kepler-223","TIC 273876171",7.38449000000,,,,,1.720000,1.125000,"Transit","Kepler",1
"Kepler-1374 b","Kepler-1374","TIC 159722311",10.65276707000,,2.7110000,5323.00,4.560000,0.810000,0.850000,"Transit","Kepler",1
"Kepler-1370 b","Kepler-1370","TIC 120253552",20.26416840000,,4.2850000,6202.00,4.290000,1.290000,1.190000,"Transit","Kepler",1
"WASP-41 b","WASP-41","TIC 398943781",3.05240000000,1.90000000,,5545.00,4.530000,0.830000,0.810000,"Transit","SuperWASP",1
"KMT-2019-BLG-1953L b","KMT-2019-BLG-1953L",,,,,,,,0.310000,"Microlensing","KMTNet",1
"HIP 97233 b","HIP 97233","TIC 251662732",1062.26506000000,,,,,,1.810000,"Radial Velocity","Multiple Observatories",1
"TOI-1794 b","TOI-1794","TIC 286916251",8.76552800000,,3.9154065,5631.00,4.184000,1.316200,0.969800,"Transit","Transiting Exoplanet Survey Satellite (TESS)",1
"EPIC 201427007 b","EPIC 201427007","TIC 66664249",0.72091000000,,,5633.00,4.400000,0.940000,,"Transit","K2",1
"TOI-6019 b","TOI-6019","TIC 125520907",14.54795200000,,5.5000000,5561.00,4.000000,2.020000,1.130000,"Transit","Transiting Exoplanet Survey Satellite (TESS)",1
"TOI-2876 b","TOI-2876","TIC 10827386",6.29964310000,1.02500000,2.2490000,5271.00,4.529000,0.873000,0.939000,"Transit","Transiting Exoplanet Survey Satellite (TESS)",1
"Gaia-4 b","Gaia-4","TIC 166669918",571.30000000000,,,4034.00,4.680000,0.624000,0.644000,"Astrometry","European Space Agency (ESA) Gaia Satellite",1
"HD 102195 b","HD 102195","TIC 397024052",4.11377000000,,,5301.00,4.490000,0.820000,0.760000,"Radial Velocity","Kitt Peak National Observatory",1
"Kepler-650 b","Kepler-650","TIC 158934047",3.03214558800,,3.6764000,5849.00,4.210000,1.350000,1.080000,"Transit","Kepler",1
"OGLE-2019-BLG-0960L b","OGLE-2019-BLG-0960L",,,,,,,,0.500000,"Microlensing","OGLE",1
"TOI-4127 b","TOI-4127","TIC 141488193",56.39870000000,,3.8200000,6096.00,4.260000,1.293000,1.230000,"Transit","Transiting Exoplanet Survey Satellite (TESS)",1
"Kepler-892 b","Kepler-892","TIC 164459949",13.75210720000,,2.7024000,4747.00,4.610000,0.720000,0.750000,"Transit","Kepler",1
"TOI-5126 b","TOI-5126","TIC 27064468",5.45883850000,,3.7260000,6150.00,4.224000,1.241000,1.240000,"Transit","Transiting Exoplanet Survey Satellite (TESS)",1
"Kepler-305 e","Kepler-305","TIC 171879024",3.20538000000,,,4974.00,4.516580,0.827279,0.820000,"Transit","Kepler",1
"Kepler-228 b","Kepler-228","TIC 27772524",2.56654600000,,2.3270000,6043.00,4.467000,1.014000,,"Transit","Kepler",1
"Kepler-864 b","Kepler-864","TIC 164836049",5.83376092000,,3.8589000,5754.00,4.440000,1.000000,1.000000,"Transit","Kepler",1
"TOI-5489 b","TOI-5489","TIC 468983280",3.15222000000,,,3547.00,,0.420000,0.410000,"Transit","Transiting Exoplanet Survey Satellite (TESS)",1
"TOI-1062 b","TOI-1062","TIC 299799658",4.11296000000,,,5328.00,4.550000,0.840000,0.940000,"Transit","Transiting Exoplanet Survey Satellite (TESS)",1
"GJ 96 b","GJ 96","TIC 409527090",73.94000000000,,,3785.00,,,0.600000,"Radial Velocity","Haute-Provence Observatory",1
"Kepler-1858 b","Kepler-1858","TIC 63205796",88.07160187000,,,4939.00,4.506000,0.819000,0.785000,"Transit","Kepler",1
"Kepler-1743 b","Kepler-1743","TIC 290035649",7.64971017800,,,5855.00,4.125000,1.613000,1.266000,"Transit","Kepler",1
"HD 181433 b","HD 181433","TIC 410399074",9.37450000000,,,,,,0.860000,"Radial Velocity","La Silla Observatory",1
"HD 147018 c","HD 147018","TIC 350083732",1008.00000000000,,,5441.00,4.420000,,0.927000,"Radial Velocity","La Silla Observatory",1
"K2-349 b","K2-349","TIC 347812320",9.03217800000,,3.2500000,4385.00,4.780000,0.490000,0.540000,"Transit","K2",1
"Kepler-25 d","Kepler-25","TIC 120960812",122.40000000000,,,,,1.316000,1.165000,"Radial Velocity","W. M. Keck Observatory",1
"Kepler-589 c","Kepler-589","TIC 123129910",3.52466011000,,,5372.00,4.434000,0.916000,0.832000,"Transit","Kepler",1
"Kepler-332 c","Kepler-332","TIC 158272257",15.99562200000,,3.3790000,4955.00,4.611000,0.720000,,"Transit","Kepler",1
"HD 222076 b","HD 222076","TIC 325178933",871.00000000000,,,4806.00,3.310000,4.100000,1.070000,"Radial Velocity","Multiple Observatories",1
"Kepler-882 b","Kepler-882","TIC 271158747",3.98953966600,,1.5403000,5476.00,4.520000,0.870000,0.900000,"Transit","Kepler",1
"HAT-P-67 b","HAT-P-67","TIC 198588220",4.81010690000,,,6640.00,3.840000,2.620000,1.730000,"Transit","HATNet",1
"Kepler-304 b","Kepler-304","TIC 377909730",3.29570900000,,1.7970000,4731.00,4.635000,0.687000,,"Transit","Kepler",1
"HD 27894 b","HD 27894","TIC 396697266",18.01939000000,,,,,,0.810000,"Radial Velocity","La Silla Observatory",1
"HD 141399 b","HD 141399","TIC 156067565",94.44000000000,,,5600.00,4.280000,,1.070000,"Radial Velocity","Multiple Observatories",1
"Kepler-1080 b","Kepler-1080","TIC 27847814",77.25483960000,,10.2940000,5956.00,4.350000,1.160000,1.100000,"Transit","Kepler",1
"Kepler-355 b","Kepler-355","TIC 279915745",11.03189000000,,4.9350000,6184.00,4.441000,1.066000,,"Transit","Kepler",1
"K2-213 b","K2-213","TIC 257435562",8.13087000000,,,5794.00,4.250000,1.204240,1.069596,"Transit","K2",1
"HIP 18606 b","HIP 18606","TIC 49952922",674.94000000000,,,4860.00,3.100000,4.830000,1.210000,"Radial Velocity","Multiple Observatories",1
"OGLE-2017-BLG-0406L b","OGLE-2017-BLG-0406L",,,,,,,,0.560000,"Microlensing","OGLE",1
"Kepler-224 d","Kepler-224","TIC 159642189",11.34939300000,,3.1140000,5018.00,4.639000,0.676000,,"Transit","Kepler",1
"TOI-2578 b","TOI-2578","TIC 104986789",3.45796670000,1.15116467,2.6230000,6333.00,4.473000,1.640000,1.270000,"Transit","Transiting Exoplanet Survey Satellite (TESS)",1
"KOI-4978 b","KOI-4978","TIC 120962288",0.94196700000,,2.2000000,5050.28,,0.966000,0.859000,"Transit","Kepler",1
"K2-102 b","K2-102","TIC 175262071",9.91561500000,,2.6600000,4695.00,,0.710000,0.770000,"Transit","K2",1
"Kepler-757 b","Kepler-757","TIC 360022783",1.02267882100,,1.3395000,6014.00,4.370000,1.130000,1.080000,"Transit","Kepler",1
"Kepler-164 b","Kepler-164","TIC 158561894",5.03503000000,,1.6490000,5888.00,4.331000,1.148000,,"Transit","Kepler",1
"Kepler-1196 b","Kepler-1196","TIC 63210324",66.18490310000,,4.7880000,5756.00,4.460000,0.970000,0.980000,"Transit","Kepler",1
"K2-356 b","K2-356","TIC 20536788",21.02673660000,,,5568.00,4.520000,0.860000,0.900000,"Transit","K2",1
"HAT-P-44 c","HAT-P-44","TIC 168699373",872.20000000000,,12.0720000,5295.00,4.460000,0.949000,0.942000,"Radial Velocity","W. M. Keck Observatory",1
"K2-75 c","K2-75","TIC 250996363",18.31100000000,,6.4200000,5995.00,4.118000,1.560000,1.160000,"Transit","K2",1
"GJ 433 d","GJ 433","TIC 57654763",36.05900000000,,,,,,0.480000,"Radial Velocity","Multiple Facilities",1
"Kepler-308 c","Kepler-308","TIC 184162776",15.38231000000,,3.9510000,5895.00,4.508000,0.941000,,"Transit","Kepler",1
"HAT-P-64 b","HAT-P-64","TIC 455036659",4.00723200000,,4.9250000,6457.00,4.072000,1.735000,1.298000,"Transit","HATNet",1
"WASP-194 b","WASP-194","TIC 400432230",3.18338700000,1.01430000,,6405.00,4.270000,1.409000,1.290000,"Transit","SuperWASP",1
"HD 73526 b","HD 73526","TIC 180661948",188.30000000000,,,5601.00,4.120000,1.530000,1.140000,"Radial Velocity","Anglo-Australian Telescope",1
"HD 142 c","HD 142","TIC 389757979",10159.64279000000,,,,,,1.210000,"Radial Velocity","Anglo-Australian Telescope",1
"Kepler-1597 b","Kepler-1597","TIC 158722002",2.94654179000,,3.2800000,6377.00,4.240000,1.390000,1.250000,"Transit","Kepler",1
"G 264-012 b","G 264-012","TIC 322391844",2.30538000000,,,3326.00,4.850000,0.305000,0.297000,"Radial Velocity","Calar Alto Observatory",1
"Kepler-256 e","Kepler-256","TIC 63362772",10.68157200000,,3.5420000,5551.00,4.223000,1.301000,,"Transit","Kepler",1
"WASP-64 b","WASP-64","TIC 52640302",1.57329180000,1.52200000,2.3997600,5400.00,4.392000,1.058000,1.004000,"Transit","SuperWASP",1
"TOI-2145 b","TOI-2145","TIC 88992642",10.26112800000,,,6206.00,3.790000,2.750000,1.710000,"Transit","Transiting Exoplanet Survey Satellite (TESS)",1
"K2-187 d","K2-187","TIC 332024125",7.14958400000,,,5438.00,4.600000,0.830000,,"Transit","K2",1
"Kepler-247 b","Kepler-247","TIC 158792051",3.33616000000,,2.0770000,5100.00,4.608000,0.768000,,"Transit","Kepler",1
"BD+15 2375 b","BD+15 2375","TIC 82604982",153.22000000000,,,4649.00,2.610000,8.950000,1.080000,"Radial Velocity","Roque de los Muchachos Observatory",1
"TOI-1751 b","TOI-1751","TIC 287080092",37.46852000000,,7.6512325,5970.00,4.171000,1.313700,0.938200,"Transit","Transiting Exoplanet Survey Satellite (TESS)",1
"GJ 3341 b","GJ 3341","TIC 77897915",14.20700000000,,,3526.00,,0.439000,0.470000,"Radial Velocity","La Silla Observatory",1
"K2-157 d","K2-157","TIC 349445372",66.50000000000,,,5334.00,4.450000,0.860000,0.890000,"Radial Velocity","Paranal Observatory",1
"Kepler-1217 b","Kepler-1217","TIC 299160628",2.03232507200,,1.7180000,5905.00,4.400000,1.080000,1.060000,"Transit","Kepler",1
"GJ 536 c","GJ 536","TIC 119147875",32.76100000000,,,3641.00,4.713000,0.529000,0.528000,"Radial Velocity","Multiple Facilities",1
"TIC 245076932 b","TIC 245076932","TIC 245076932",21.61389000000,0.59900000,9.2000000,6130.00,4.267000,1.288000,1.117000,"Transit","Transiting Exoplanet Survey Satellite (TESS)",1
"HD 31527 d","HD 31527","TIC 146322354",271.67370000000,,,5898.00,4.450000,,0.960000,"Radial Velocity","La Silla Observatory",1
"K2-381 d","K2-381","TIC 10195089",26.80302300000,,,4473.00,4.653000,0.675000,0.754000,"Transit","K2",1
"K2-27 b","K2-27","TIC 363548415",6.77134700000,,,5246.00,4.480000,0.876000,0.880000,"Transit","K2",1
"Kepler-172 c","Kepler-172","TIC 237157751",6.38899600000,,3.3890000,5526.00,4.375000,1.085000,,"Transit","Kepler",1
"TOI-2986 b","TOI-2986","TIC 148497855",3.27836620000,0.34150000,3.9580000,5906.00,4.165000,1.458000,1.122000,"Transit","Transiting Exoplanet Survey Satellite (TESS)",1
"TOI-756 b","TOI-756","TIC 73649615",1.23924950000,,1.1000000,3657.00,4.735000,0.505000,0.505000,"Transit","Transiting Exoplanet Survey Satellite (TESS)",1
"HD 28192 b","HD 28192","TIC 248644661",14.23283000000,,,,,,1.080000,"Radial Velocity","Multiple Observatories",1
"AB Pic b","AB Pic","TIC 260351540",,,,,,,,"Imaging","Paranal Observatory",1
"Kepler-782 b","Kepler-782","TIC 158839841",158.68533080000,,11.6770000,5867.00,4.420000,1.010000,0.980000,"Transit","Kepler",1
"Kepler-679 b","Kepler-679","TIC 27766596",12.39358604000,,3.7222000,5403.00,4.540000,0.840000,0.870000,"Transit","Kepler",1
"Kepler-1829 b","Kepler-1829","TIC 299028577",5.18671989400,,,5230.00,4.594000,0.777000,0.873000,"Transit","Kepler",1
"EPIC 212737443 b","EPIC 212737443","TIC 670036",13.60300000000,0.11000000,2.9760000,4684.00,4.622000,0.673000,0.690000,"Transit","K2",1
"HD 4208 b","HD 4208","TIC 43400838",832.97000000000,,,5717.00,4.501000,0.846000,0.883000,"Radial Velocity","W. M. Keck Observatory",1
"Kepler-307 c","Kepler-307","TIC 169930145",13.07290000000,,,5367.00,,0.814000,0.907000,"Transit","Kepler",1
"Kepler-265 c","Kepler-265","TIC 122445076",17.02893700000,,4.7320000,5835.00,4.326000,1.103000,,"Transit","Kepler",1
"KOI-1599.02","KOI-1599","TIC 170647523",13.60880000000,,,,,0.972000,1.020000,"Transit","Kepler",1
"TOI-1203 b","TOI-1203","TIC 23434737",4.15728880000,,1.9110000,5737.00,4.340000,1.179000,0.886000,"Radial Velocity","La Silla Observatory",1
"Kepler-1006 b","Kepler-1006","TIC 271960115",19.76172042000,,3.5906000,5328.00,4.590000,0.740000,0.780000,"Transit","Kepler",1
"OGLE-2003-BLG-235L b","OGLE-2003-BLG-235L",,,,,,,,0.630000,"Microlensing","OGLE",1
"OGLE-2017-BLG-0482L b","OGLE-2017-BLG-0482L",,,,,,,,0.200000,"Microlensing","OGLE",1
"K2-132 b","K2-132","TIC 152852327",9.17510000000,,,4840.00,3.297000,3.850000,1.080000,"Transit","K2",1
"Kepler-685 b","Kepler-685","TIC 138364831",1.62552220000,,2.3878500,5963.00,4.360000,1.160000,1.110000,"Transit","Kepler",1
"Kepler-192 c","Kepler-192","TIC 158626833",21.22340000000,,4.9400000,5479.00,4.428000,1.007000,,"Transit","Kepler",1
"Wolf 1069 b","Wolf 1069","TIC 352617553",15.56400000000,,,3158.00,4.930000,0.181300,0.167000,"Radial Velocity","Calar Alto Observatory",1
"Kepler-32 e","Kepler-32","TIC 273590427",2.89600000000,0.06710000,1.2720000,3900.00,4.640000,0.530000,0.580000,"Transit","Kepler",1
"K2-266 e","K2-266","TIC 374180079",19.48200000000,0.12700000,3.6648000,4285.00,4.581000,0.703000,0.686000,"Transit","K2",1
"Kepler-1691 b","Kepler-1691","TIC 120819731",3.84820000000,,,6000.00,4.376070,1.131520,1.110000,"Transit","Kepler",1
"Kepler-1995 b","Kepler-1995","TIC 164721823",73.75788750000,0.18369000,2.6900000,5029.00,4.429000,0.930000,0.847000,"Transit","Kepler",1
"WASP-192 b","WASP-192","TIC 160578764",2.87867650000,0.92600000,2.3136000,5910.00,4.236000,1.320000,1.090000,"Transit","WASP-South",1
"OGLE-2016-BLG-1067L b","OGLE-2016-BLG-1067L",,,,,,,,0.300000,"Microlensing","OGLE",1
"HD 147379 b","HD 147379","TIC 230073581",86.58000000000,,,4090.00,4.609000,,0.580000,"Radial Velocity","Calar Alto Observatory",1
"OGLE-2008-BLG-355L b","OGLE-2008-BLG-355L",,,,,,,,0.370000,"Microlensing","OGLE",1
"Kepler-411 b","Kepler-411","TIC 399954349",3.00515600000,,,,,0.820000,0.870000,"Transit","Kepler",1
"Kepler-1603 b","Kepler-1603","TIC 271537714",2.27163926000,,4.0430000,6241.00,4.280000,1.310000,1.210000,"Transit","Kepler",1
"Kepler-1867 b","Kepler-1867","TIC 271348323",9.88735961900,,,5693.00,4.570000,0.816000,0.911000,"Transit","Kepler",1
"Kepler-450 b","Kepler-450","TIC 27534138",28.45485100000,,,6197.21,4.083070,1.641620,1.190000,"Transit","Kepler",1
"OGLE-2013-BLG-0911L b","OGLE-2013-BLG-0911L",,,,,,,,0.290000,"Microlensing","OGLE",1
"Kepler-1025 b","Kepler-1025","TIC 164727439",37.32294930000,,7.0207000,6089.00,4.370000,1.130000,1.090000,"Transit","Kepler",1
"TOI-7041 b","TOI-7041","TIC 201175570",9.69100000000,,,4700.00,3.244000,4.100000,1.070000,"Transit","Transiting Exoplanet Survey Satellite (TESS)",1
"HD 111232 b","HD 111232","TIC 329649885",1169.13202000000,,,,,,0.960000,"Radial Velocity","La Silla Observatory",1
"Kepler-1198 b","Kepler-1198","TIC 158843826",7.68477160000,,2.5990000,5517.00,4.500000,0.900000,0.930000,"Transit","Kepler",1
"Kepler-338 c","Kepler-338","TIC 258203303",24.31085600000,,8.8200000,5923.00,4.017000,1.735000,,"Transit","Kepler",1
"Kepler-187 c","Kepler-187","TIC 269264648",10.64026300000,,5.2840000,6105.00,4.274000,1.287000,,"Transit","Kepler",1
"Kepler-122 d","Kepler-122","TIC 122714267",21.58747500000,,4.6830000,6050.00,4.299000,1.216000,,"Transit","Kepler",1
"TOI-1347 b","TOI-1347","TIC 229747848",0.84742346000,,,5464.00,4.640000,0.830000,0.913000,"Transit","Transiting Exoplanet Survey Satellite (TESS)",1
"HD 94890 b","HD 94890","TIC 158543228",824.61000000000,,,4867.00,2.600000,10.710000,1.740000,"Radial Velocity","La Silla Observatory",1
"Kepler-76 b","Kepler-76","TIC 138644215",1.54492980000,,,6409.00,4.200000,1.320000,1.200000,"Orbital Brightness Modulation","Kepler",1
"TOI-5502 b","TOI-5502","TIC 126322519",11.62592988285,,3.5190646,6088.71,4.185400,1.323750,,"Transit","Transiting Exoplanet Survey Satellite (TESS)",1
"TOI-329 b","TOI-329","TIC 169765334",5.70439000000,,4.2082686,5614.00,4.092000,1.532600,1.067800,"Transit","Transiting Exoplanet Survey Satellite (TESS)",1
"Kepler-1772 b","Kepler-1772","TIC 122062591",3.21509003600,,,5541.00,4.472000,0.934000,0.942000,"Transit","Kepler",1
"GJ 393 b","GJ 393","TIC 277888583",7.02679000000,,,3579.00,4.880000,0.426000,0.426000,"Radial Velocity","Multiple Observatories",1
"HIP 65407 c","HIP 65407","TIC 165454978",67.30000000000,,,5460.00,4.470000,,0.930000,"Radial Velocity","Haute-Provence Observatory",1
"Kepler-197 d","Kepler-197","TIC 27397848",15.67756300000,,5.3260000,6004.00,4.304000,1.120000,,"Transit","Kepler",1
"HIP 79098 AB b","HIP 79098 AB","TIC 48908494",,,,,,,3.750000,"Imaging","Paranal Observatory",1
"Kepler-356 b","Kepler-356","TIC 137636895",4.61269600000,,2.9720000,6133.00,4.256000,1.335000,,"Transit","Kepler",1
"HD 11506 d","HD 11506","TIC 266680498",26500.00000000000,,,6123.00,4.390000,,1.220000,"Radial Velocity","Multiple Observatories",1
"OGLE-2006-BLG-109L c","OGLE-2006-BLG-109L",,4927.50000000000,,,,,,0.510000,"Microlensing","OGLE",1
"Kepler-1514 b","Kepler-1514","TIC 137685450",217.83184000000,0.78050000,21.3268800,6145.00,4.295000,1.289000,1.196000,"Transit","Kepler",1
"Kepler-274 b","Kepler-274","TIC 137892978",11.63478800000,,5.5410000,6023.00,4.440000,1.007000,,"Transit","Kepler",1
"K2-321 b","K2-321","TIC 277833995",2.29797490000,0.09920000,1.1472000,3750.00,4.650000,0.595000,0.578000,"Transit","K2",1
"Kepler-1242 b","Kepler-1242","TIC 120317833",13.62798432000,,3.0471000,4895.00,4.600000,0.740000,0.770000,"Transit","Kepler",1
"Kepler-1249 b","Kepler-1249","TIC 272719153",24.33471270000,,6.6300000,6202.00,4.290000,1.280000,1.190000,"Transit","Kepler",1
"Kepler-82 b","Kepler-82","TIC 63372898",26.44000000000,,,,,0.898000,0.910000,"Transit","Kepler",1
"Kepler-75 b","Kepler-75","TIC 122785299",8.88491160000,,2.0778000,5200.00,4.500000,0.890000,0.910000,"Transit","Kepler",1
"TOI-2025 b","TOI-2025","TIC 394050135",8.87209820000,0.55780000,3.6010000,5977.00,4.187000,1.459000,1.199000,"Transit","Transiting Exoplanet Survey Satellite (TESS)",1
"TOI-4311 b","TOI-4311","TIC 122617317",0.99027380000,,,5063.00,4.442000,0.844100,0.816000,"Transit","Transiting Exoplanet Survey Satellite (TESS)",1
"WASP-177 b","WASP-177","TIC 439842788",3.07172200000,1.85000000,1.6128000,5017.00,4.486000,0.885000,0.876000,"Transit","SuperWASP",1
"TOI-5380 b","TOI-5380","TIC 441587756",3.77229247873,,3.1015343,6400.78,4.162000,1.562100,,"Transit","Transiting Exoplanet Survey Satellite (TESS)",1
"Kepler-345 b","Kepler-345","TIC 271546191",7.41556300000,,1.9710000,4504.00,4.683000,0.623000,,"Transit","Kepler",1
"Kepler-1389 b","Kepler-1389","TIC 279913347",99.25309510000,,6.0060000,5078.00,4.610000,0.740000,0.810000,"Transit","Kepler",1
"Kepler-574 b","Kepler-574","TIC 406952542",7.65880414000,,3.0576000,5612.00,4.500000,0.910000,0.950000,"Transit","Kepler",1
"Kepler-1580 b","Kepler-1580","TIC 120688631",56.64492790000,,15.0790000,6228.00,3.940000,2.150000,1.470000,"Transit","Kepler",1
"nu Oph b","nu Oph","TIC 9815387",529.93000000000,,,4887.00,2.640000,12.240000,2.610000,"Radial Velocity","Okayama Astrophysical Observatory",1
"Kepler-1773 b","Kepler-1773","TIC 120763491",40.80970001000,,,6183.00,4.301000,1.300000,1.241000,"Transit","Kepler",1
"K2-187 c","K2-187","TIC 332024125",2.87151200000,,,5438.00,4.600000,0.830000,,"Transit","K2",1
"Kepler-161 c","Kepler-161","TIC 159444082",7.06424000000,,1.3510000,5078.00,4.553000,0.806000,,"Transit","Kepler",1
"BD-06 1339 c","BD-06 1339","TIC 66914642",125.94000000000,,,4324.00,4.740000,,0.700000,"Radial Velocity","La Silla Observatory",1
"Kepler-1499 b","Kepler-1499","TIC 120105569",44.20080000000,,4.6780000,5097.00,4.580000,0.780000,0.820000,"Transit","Kepler",1
"Kepler-1930 b","Kepler-1930","TIC 169560572",13.02680016000,,,5083.00,4.512000,0.844000,0.844000,"Transit","Kepler",1
"TOI-1266 c","TOI-1266","TIC 467179528",18.80270000000,,,3563.00,4.826000,0.423200,0.437000,"Transit","Transiting Exoplanet Survey Satellite (TESS)",1
"HD 43197 c","HD 43197","TIC 37660988",9295.97350000000,,,,,,0.960000,"Radial Velocity","Multiple Observatories",1
"Kepler-1960 b","Kepler-1960","TIC 271253848",2.29794001600,,,6371.00,4.426000,1.072000,1.117000,"Transit","Kepler",1
"CHXR 73 b","CHXR 73","TIC 454291479",,,,,,,0.350000,"Imaging","Hubble Space Telescope",1
"K2-128 b","K2-128","TIC 677945",5.67581900000,,,4469.51,,0.777569,0.711248,"Transit","K2",1
"BD+60 1417 b","BD+60 1417","TIC 159527171",,,,4993.00,4.553900,0.797000,1.000000,"Imaging","Wide-field Infrared Survey Explorer (WISE) Satellite Mission",1
"TOI-712 c","TOI-712","TIC 150151262",51.69906000000,0.13460000,4.8430000,4622.00,4.645000,0.674000,0.732000,"Transit","Transiting Exoplanet Survey Satellite (TESS)",1
"Kepler-501 b","Kepler-501","TIC 169176340",5.64067757200,,2.9016000,5904.00,4.420000,1.040000,1.030000,"Transit","Kepler",1
"TOI-5736 b","TOI-5736","TIC 310380289",0.64899000000,,,3949.00,,0.580000,0.570000,"Transit","Transiting Exoplanet Survey Satellite (TESS)",1
"K2-343 c","K2-343","TIC 197246627",7.67697200000,,2.2000000,3804.00,4.800000,0.460000,0.490000,"Transit","K2",1
"Kepler-387 c","Kepler-387","TIC 158559417",11.83754900000,,3.2560000,5774.00,4.353000,1.046000,,"Transit","Kepler",1
"TOI-4507 b","TOI-4507","TIC 179582003",104.61611000000,,,6260.00,4.450000,1.040000,1.110000,"Transit","Transiting Exoplanet Survey Satellite (TESS)",1
"TOI-5181 A b","TOI-5181 A","TIC 346667887",3.89222950000,0.64000000,2.9450000,6060.00,4.163000,1.530000,1.250000,"Transit","Transiting Exoplanet Survey Satellite (TESS)",1
"Kepler-348 c","Kepler-348","TIC 169180792",17.26542700000,,5.1870000,6177.00,4.244000,1.359000,,"Transit","Kepler",1
"Kepler-844 b","Kepler-844","TIC 298836607",2.61302085600,,1.9300000,4128.00,4.700000,0.570000,0.590000,"Transit","Kepler",1
"KMT-2019-BLG-0953L b","KMT-2019-BLG-0953L",,,,,,,,0.280000,"Microlensing","KMTNet",1
"MOA-2016-BLG-319L b","MOA-2016-BLG-319L",,,,,,,,0.150000,"Microlensing","MOA",1
"LP 261-75 b","LP 261-75 A","TIC 67646988",,,,,,,0.220000,"Imaging","Apache Point Observatory",1
"Kepler-1285 b","Kepler-1285","TIC 123410927",14.79674580000,,5.6380000,6170.00,4.300000,1.280000,1.200000,"Transit","Kepler",1
"HD 49674 b","HD 49674","TIC 21267079",4.94737000000,,,5602.00,4.440000,1.020000,1.030000,"Radial Velocity","W. M. Keck Observatory",1
"LHS 1678 b","LHS 1678","TIC 77156829",0.86023250000,,0.8010000,3490.00,,0.329000,0.345000,"Transit","Transiting Exoplanet Survey Satellite (TESS)",1
"Kepler-1583 b","Kepler-1583","TIC 158270841",9.32807355000,,3.9360000,5645.00,4.490000,0.910000,0.940000,"Transit","Kepler",1
"Kepler-674 b","Kepler-674","TIC 48528770",2.24338184700,,1.0205000,4192.00,4.690000,0.570000,0.600000,"Transit","Kepler",1
"NN Ser d","NN Ser","TIC 172608008",2880.00000000000,,,,,,0.535000,"Eclipse Timing Variations","Multiple Observatories",1
"HD 220773 b","HD 220773","TIC 354326161",3724.70000000000,,,5940.00,4.240000,,1.160000,"Radial Velocity","McDonald Observatory",1
"HD 8673 b","HD 8673","TIC 80535228",1644.69097000000,,,,,,1.280000,"Radial Velocity","Thueringer Landessternwarte Tautenburg",1
"Kepler-62 c","Kepler-62","TIC 164458488",12.44170000000,0.00700000,3.0200000,4925.00,4.680000,0.640000,0.690000,"Transit","Kepler",1
"Kepler-700 b","Kepler-700","TIC 121114997",80.87206390000,,11.1140000,5692.00,4.470000,0.960000,0.980000,"Transit","Kepler",1
"HD 6061 b","HD 6061","TIC 352413427",5.25490000000,,3.2395980,5934.00,4.441000,1.007200,1.026900,"Transit","Transiting Exoplanet Survey Satellite (TESS)",1
"TOI-3321 b","TOI-3321","TIC 306648160",3.65251450000,0.96600000,4.3100000,5850.00,4.076000,1.549000,1.041000,"Transit","Transiting Exoplanet Survey Satellite (TESS)",1
"Kepler-209 c","Kepler-209","TIC 159652365",41.74988200000,,5.6300000,5513.00,4.472000,0.935000,,"Transit","Kepler",1
"ups Leo b","ups Leo","TIC 49430557",385.20000000000,,,4836.00,2.460000,11.220000,1.480000,"Radial Velocity","Okayama Astrophysical Observatory",1
"TOI-406.01","TOI-406","TIC 153065527",13.17568200000,,2.1700000,3392.00,4.690000,0.410000,0.408000,"Transit","Transiting Exoplanet Survey Satellite (TESS)",1
"Kepler-20 d","Kepler-20","TIC 158554588",77.61145500000,,,5495.00,,0.916400,0.929000,"Transit","Kepler",1
"NGTS-8 b","NGTS-8","TIC 102068384",2.49970000000,,2.6100000,5241.00,4.410000,0.980000,0.890000,"Transit","Next-Generation Transit Survey (NGTS)",1
"OGLE-2016-BLG-1195L b","OGLE-2016-BLG-1195L",,,,,,,,0.078000,"Microlensing","OGLE",1
"Kepler-1070 b","Kepler-1070","TIC 26814296",6.22161470000,,3.2606000,6261.00,4.270000,1.320000,1.210000,"Transit","Kepler",1
"mu2 Sco b","mu2 Sco","TIC 338105219",,,,21700.00,3.800000,5.600000,9.100000,"Imaging","Paranal Observatory",1
"TIC 161045582 b","TIC 161045582","TIC 161045582",8.85577189959,,4.1992390,5683.87,4.375500,1.079760,,"Transit","Transiting Exoplanet Survey Satellite (TESS)",1
"Kepler-53 d","Kepler-53","TIC 122446315",9.75196200000,,4.1900000,6085.00,4.498000,0.958000,,"Transit","Kepler",1
"KMT-2016-BLG-1105L b","KMT-2016-BLG-1105L",,,,,,,,0.410000,"Microlensing","KMTNet",1
"Kepler-382 b","Kepler-382","TIC 268612521",5.26215500000,,3.2290000,5600.00,4.401000,0.945000,,"Transit","Kepler",1
"HD 190360 c","HD 190360","TIC 105999792",17.11625000000,,,5560.00,4.100000,,0.996000,"Radial Velocity","W. M. Keck Observatory",1
"Kepler-1309 b","Kepler-1309","TIC 171098231",28.84326470000,,3.1000000,5235.00,4.560000,0.800000,0.850000,"Transit","Kepler",1
"Kepler-603 c","Kepler-603","TIC 270948636",127.90757740000,,13.4980000,5808.00,4.430000,1.010000,1.010000,"Transit","Kepler",1
"Kepler-946 b","Kepler-946","TIC 185057567",11.79162572000,,3.0070000,5665.00,4.470000,0.930000,0.940000,"Transit","Kepler",1
"TOI-5678 b","TOI-5678","TIC 209464063",47.73022000000,,6.9600000,5485.00,4.340000,0.938000,0.905000,"Transit","Transiting Exoplanet Survey Satellite (TESS)",1
"Kepler-77 b","Kepler-77","TIC 159098316",3.57878087000,0.98490000,2.9337600,5520.00,4.420000,0.990000,0.950000,"Transit","Kepler",1
"BD-06 1339 b","BD-06 1339","TIC 66914642",3.87280000000,,,4324.00,4.740000,,0.700000,"Radial Velocity","La Silla Observatory",1
"Kepler-385 c","Kepler-385","TIC 27082352",15.16316100000,,6.8040000,6326.00,4.412000,1.126000,,"Transit","Kepler",1
"Kepler-272 d","Kepler-272","TIC 268704766",10.93730400000,,3.0840000,5297.00,4.426000,0.929000,,"Transit","Kepler",1
"Kepler-1564 b","Kepler-1564","TIC 159395366",18.05403810000,,4.4090000,5528.00,4.500000,0.900000,0.930000,"Transit","Kepler",1
"CT Cha b","CT Cha","TIC 454259409",,,,,,,,"Imaging","Paranal Observatory",1
"WASP-13 b","WASP-13","TIC 8767448",4.35301000000,0.84000000,,5950.00,4.060000,1.370000,0.720000,"Transit","SuperWASP",1
"Kepler-659 b","Kepler-659","TIC 158489787",17.67179600000,,3.2554000,4870.00,4.600000,0.740000,0.790000,"Transit","Kepler",1
"Kepler-117 b","Kepler-117","TIC 299032847",18.79592280000,,7.2580000,6150.00,4.102000,1.606000,1.129000,"Transit","Kepler",1
"HD 47366 b","HD 47366","TIC 443578538",360.08000000000,,,4866.00,2.970000,7.300000,1.810000,"Radial Velocity","Okayama Astrophysical Observatory",1
"Kepler-134 b","Kepler-134","TIC 48448369",5.31742900000,,2.9010000,5983.00,4.310000,1.176000,,"Transit","Kepler",1
"14 And b","14 And","TIC 333225860",186.76000000000,,,4888.00,2.550000,11.550000,1.780000,"Radial Velocity","Okayama Astrophysical Observatory",1
"Kepler-1744 b","Kepler-1744","TIC 159575346",37.10110092000,,,5986.00,4.527000,0.850000,0.886000,"Transit","Kepler",1
"TOI-1811 b","TOI-1811","TIC 376524552",3.71307650000,1.76100000,1.9510000,4766.00,4.579000,0.769000,0.817000,"Transit","Transiting Exoplanet Survey Satellite (TESS)",1
"Kepler-1182 b","Kepler-1182","TIC 272270522",11.17394617000,,3.4210000,5924.00,4.410000,1.050000,1.040000,"Transit","Kepler",1
"TOI-5734 b","TOI-5734","TIC 9989136",6.18418760000,,2.3900000,4750.00,4.660000,0.639000,0.724000,"Transit","Transiting Exoplanet Survey Satellite (TESS)",1
"Kepler-384 b","Kepler-384","TIC 158114249",22.59705300000,,6.0310000,5577.00,4.475000,0.882000,,"Transit","Kepler",1
"Kepler-1317 b","Kepler-1317","TIC 63005467",0.56887442700,,1.2152000,5144.00,4.570000,0.790000,0.830000,"Transit","Kepler",1
"HD 224018 c","HD 224018","TIC 248608315",36.57669000000,,,5784.00,4.320000,1.147000,1.013000,"Transit","K2",1
"Kepler-157 b","Kepler-157","TIC 122716806",1.73234200000,,2.1860000,5774.00,4.389000,1.044000,,"Transit","Kepler",1
"WASP-62 b","WASP-62","TIC 149603524",4.41195000000,1.20000000,,6230.00,4.450000,1.230000,1.110000,"Transit","SuperWASP",1
"TOI-1855 b","TOI-1855","TIC 81247740",1.36414864000,0.70700000,1.1940000,5359.00,4.397000,1.041000,0.987000,"Transit","Transiting Exoplanet Survey Satellite (TESS)",1
"K2-172 c","K2-172","TIC 188507501",29.62682000000,,,5569.00,4.610000,0.868889,0.934356,"Transit","K2",1
"WASP-102 b","WASP-102","TIC 51637609",2.70981300000,0.99490000,,5990.00,4.200000,1.375000,1.080000,"Transit","SuperWASP",1
"EPIC 212499991 b","EPIC 212499991","TIC 297146957",34.88500000000,,,,,,0.912000,"Transit","K2",1
"Kepler-736 b","Kepler-736","TIC 351909600",3.60147201000,,2.5220000,5217.00,4.560000,0.810000,0.860000,"Transit","Kepler",1
"K2-253 b","K2-253","TIC 98669309",4.00167000000,1.25900000,2.1000000,6027.00,4.390000,1.100000,1.080000,"Transit","K2",1
"Kepler-1472 b","Kepler-1472","TIC 27239856",38.13128310000,,6.3450000,6159.00,4.310000,1.250000,1.160000,"Transit","Kepler",1
"K2-264 c","K2-264","TIC 184914317",19.66030200000,,2.6180000,3660.00,4.783000,0.473000,0.496000,"Transit","K2",1
"TOI-4588 b","TOI-4588","TIC 48031665",13.11881173651,,4.4753758,7746.12,4.100600,1.574580,,"Transit","Kepler",1
"WASP-70 A b","WASP-70 A","TIC 442530946",3.71302030000,0.97000000,3.3336000,5763.00,4.314000,1.215000,1.106000,"Transit","SuperWASP",1
"Kepler-783 b","Kepler-783","TIC 159642390",4.29264638000,,2.6220000,5521.00,4.510000,0.890000,0.930000,"Transit","Kepler",1
"Kepler-351 b","Kepler-351","TIC 158218178",37.05491900000,,5.1220000,5643.00,4.556000,0.854000,,"Transit","Kepler",1
"Kepler-1640 b","Kepler-1640","TIC 377915723",7.58441260000,,3.8100000,6324.00,4.230000,1.430000,1.270000,"Transit","Kepler",1
"OGLE-2006-BLG-284L A b","OGLE-2006-BLG-284L A",,,,,,,,0.350000,"Microlensing","OGLE",1
"Kepler-1611 b","Kepler-1611","TIC 27846759",5.17624290000,,5.1500000,5605.00,4.490000,0.930000,0.940000,"Transit","Kepler",1
"KMT-2022-BLG-1790L b","KMT-2022-BLG-1790L",,,,,,,,0.580000,"Microlensing","KMTNet",1
"TOI-512 b","TOI-512","TIC 119292328",7.18886000000,0.02460000,3.3100000,5277.00,4.350000,0.890000,0.740000,"Transit","Transiting Exoplanet Survey Satellite (TESS)",1
"Kepler-1530 c","Kepler-1530","TIC 298892283",5.32274060000,,2.5710000,5477.00,4.520000,0.880000,0.920000,"Transit","Kepler",1
"Kepler-1387 b","Kepler-1387","TIC 63284044",2.27952665600,,1.5920000,5046.00,4.580000,0.770000,0.820000,"Transit","Kepler",1
"Kepler-968 c","Kepler-968","TIC 350814607",5.70940491800,,1.5769000,4598.00,4.630000,0.700000,0.760000,"Transit","Kepler",1
"Kepler-342 d","Kepler-342","TIC 63293562",39.45935700000,,8.1640000,6175.00,4.187000,1.472000,,"Transit","Kepler",1
"Kepler-416 d","Kepler-416","TIC 137217372",3.07644709000,0.02167000,2.6326000,5670.00,4.397000,1.022000,0.949000,"Transit","Kepler",1
"alf Ari b","alf Ari","TIC 306349516",380.80000000000,,,4553.00,2.330000,13.900000,1.500000,"Radial Velocity","Bohyunsan Optical Astronomical Observatory",1
"GJ 876 d","GJ 876","TIC 188580272",1.93778000000,,,,,0.300000,0.320000,"Radial Velocity","W. M. Keck Observatory",1
"GJ 3779 b","GJ 3779","TIC 459826435",3.02320000000,,,3324.00,5.050000,0.281000,0.270000,"Radial Velocity","Calar Alto Observatory",1
"TOI-6699 b","TOI-6699","TIC 341405597",5.32005926761,,2.5453885,4705.10,4.566100,0.753090,,"Transit","Transiting Exoplanet Survey Satellite (TESS)",1
"KELT-16 b","KELT-16","TIC 236445129",0.96899510000,1.14600000,2.4888000,6236.00,4.253000,1.360000,1.211000,"Transit","KELT",1
"K2-384 c","K2-384","TIC 399702475",4.19476600000,,,3623.00,4.874000,0.348000,0.330000,"Transit","K2",1
"Kepler-1229 b","Kepler-1229","TIC 273373582",86.82898900000,,6.0010000,3784.00,4.750000,0.510000,0.540000,"Transit","Kepler",1
"Kepler-722 c","Kepler-722","TIC 159304532",105.14474900000,,7.2390000,5863.00,4.410000,1.050000,1.030000,"Transit","Kepler",1
"TOI-1444 b","TOI-1444","TIC 258514800",0.47027430000,,1.2828040,5460.00,4.496000,0.910500,0.951300,"Transit","Transiting Exoplanet Survey Satellite (TESS)",1
"TOI-908 b","TOI-908","TIC 350153977",3.18379200000,,2.4570000,5626.00,4.450000,1.028000,0.950000,"Transit","Transiting Exoplanet Survey Satellite (TESS)",1
"K2-80 c","K2-80","TIC 242961495",5.60500000000,,2.6800000,5441.00,4.519000,0.870000,0.900000,"Transit","K2",1
"Kepler-220 e","Kepler-220","TIC 159759306",45.90273300000,,5.0880000,4632.00,4.652000,0.666000,,"Transit","Kepler",1
"Kepler-1106 b","Kepler-1106","TIC 159649503",1.25275217400,,2.0755000,6104.00,4.350000,1.170000,1.110000,"Transit","Kepler",1
"HD 114082 b","HD 114082","TIC 441546821",225.55040000000,0.56900000,14.6900000,6610.00,4.200000,1.482000,1.280000,"Transit","Transiting Exoplanet Survey Satellite (TESS)",1
"KOI-134 b","KOI-134","TIC 271772050",67.12770000000,,11.3000000,6160.00,4.110000,1.667000,1.407000,"Transit","Kepler",1
"Kepler-46 d","Kepler-46","TIC 158992508",6.76658900000,,2.5980000,5309.00,4.583000,0.790000,,"Transit","Kepler",1
"TOI-4379 b","TOI-4379","TIC 97766057",3.25352000000,,,6020.00,3.929000,1.976000,1.372000,"Transit","Transiting Exoplanet Survey Satellite (TESS)",1
"Kepler-162 b","Kepler-162","TIC 273036401",6.91979800000,,3.3390000,5816.00,4.436000,0.958000,,"Transit","Kepler",1
"K2-191 b","K2-191","TIC 335102224",2.85864600000,,,5176.00,4.570000,0.839696,0.900994,"Transit","K2",1
"Kepler-1826 b","Kepler-1826","TIC 26749051",1.61536002200,,,3821.00,4.755000,0.486000,0.490000,"Transit","Kepler",1
"HD 153950 b","HD 153950","TIC 124165580",499.39999000000,,,6124.00,4.320000,1.280000,1.250000,"Radial Velocity","La Silla Observatory",1
"Kepler-1161 b","Kepler-1161","TIC 268390796",10.71252541000,,2.7219000,4253.00,4.700000,0.570000,0.590000,"Transit","Kepler",1
"Kepler-294 b","Kepler-294","TIC 158487005",3.70121200000,,2.4760000,5913.00,4.491000,0.976000,,"Transit","Kepler",1
"K2-133 c","K2-133","TIC 150096001",4.86784000000,,,3655.00,,0.455000,0.461000,"Transit","K2",1
"TOI-2147 b","TOI-2147","TIC 341630071",26.20518000000,,5.8500000,5983.00,4.200000,1.390000,0.990000,"Transit","Transiting Exoplanet Survey Satellite (TESS)",1
"WASP-35 b","WASP-35","TIC 43647325",3.16158000000,1.50000000,,5990.00,4.400000,1.080000,1.050000,"Transit","SuperWASP",1
"FU Tau b","FU Tau","TIC 58544613",,,,2838.00,,,0.050000,"Imaging","Spitzer Space Telescope",1
"WASP-132 d","WASP-132","TIC 127530399",1816.60000000000,,,4686.00,4.560000,0.758000,0.789000,"Radial Velocity","Multiple Observatories",1
"HD 74156 b","HD 74156","TIC 379949822",51.63564000000,,,,,,1.100000,"Radial Velocity","Haute-Provence Observatory",1
"Kepler-1607 b","Kepler-1607","TIC 272179260",13.64736760000,,7.7690000,6116.00,4.330000,1.210000,1.140000,"Transit","Kepler",1
"HD 22781 b","HD 22781","TIC 101166776",528.07000000000,,,5027.00,4.600000,,0.750000,"Radial Velocity","Haute-Provence Observatory",1
"HD 65216 c","HD 65216","TIC 382625142",5370.00000000000,,,5612.00,4.440000,,0.874000,"Radial Velocity","La Silla Observatory",1
"EPIC 220674823 b","EPIC 220674823","TIC 266015990",0.57130782000,,1.5990000,5578.00,4.408000,0.990000,0.913000,"Transit","K2",1
"TOI-1846 b","TOI-1846","TIC 198385543",3.93067370000,0.17120000,1.4190000,3568.00,4.862000,0.397000,0.418000,"Transit","Transiting Exoplanet Survey Satellite (TESS)",1
"TOI-2141 c","TOI-2141","TIC 287256467",5.46240000000,,,5635.00,4.400000,0.950000,0.896000,"Radial Velocity","Roque de los Muchachos Observatory",1
"K2-138 c","K2-138","TIC 4610830",3.56004000000,,2.3800000,5356.30,4.540000,0.863000,0.935000,"Transit","K2",1
"Kepler-1737 b","Kepler-1737","TIC 272842268",64.61750031000,,,5043.00,4.470000,0.881000,0.834000,"Transit","Kepler",1
"HATS-39 b","HATS-39","TIC 112604564",4.57763480000,,3.7320000,6572.00,4.158000,1.621000,1.379000,"Transit","HATSouth",1
"Kepler-320 c","Kepler-320","TIC 275575525",17.93493700000,,5.2600000,6435.00,4.419000,1.108000,,"Transit","Kepler",1
"NGTS-39 b","NGTS-39","TIC 453147896",58.20472000000,,4.6390000,6053.00,4.419000,1.160000,1.160000,"Transit","Transiting Exoplanet Survey Satellite (TESS)",1
"HD 79498 b","HD 79498","TIC 85998162",1807.00000000000,,,5748.00,,1.050000,1.080000,"Radial Velocity","McDonald Observatory",1
"Kepler-1574 b","Kepler-1574","TIC 26583108",6.94243340000,,3.3900000,5892.00,4.400000,1.080000,1.060000,"Transit","Kepler",1
"K2-285 b","K2-285","TIC 262715204",3.47174500000,0.09700000,2.1800000,4975.00,4.400000,0.787000,0.830000,"Transit","K2",1
"HD 216770 b","HD 216770","TIC 47526465",118.45000000000,,,5399.00,4.370000,0.930000,0.740000,"Radial Velocity","La Silla Observatory",1
"Kepler-693 b","Kepler-693","TIC 237159318",15.37563332000,,3.2673000,4881.00,4.610000,0.720000,0.760000,"Transit","Kepler",1
"Kepler-84 e","Kepler-84","TIC 170646917",27.43438900000,,5.1210000,6031.00,4.323000,1.169000,,"Transit","Kepler",1
"Kepler-1206 b","Kepler-1206","TIC 27649203",1.21699766300,,1.3101000,4877.00,4.600000,0.750000,0.800000,"Transit","Kepler",1
"TOI-1466 b","TOI-1466","TIC 237086564",1.87190602231,,1.6130211,4435.39,4.601400,0.749646,,"Transit","Transiting Exoplanet Survey Satellite (TESS)",1
"Kepler-1901 b","Kepler-1901","TIC 159647219",3.48412990600,,,5696.00,4.519000,0.921000,1.022000,"Transit","Kepler",1
"Kepler-891 b","Kepler-891","TIC 122713286",53.44945593000,,5.3228000,5887.00,4.410000,1.070000,1.060000,"Transit","Kepler",1
"TOI-4405 b","TOI-4405","TIC 177254988",5.92143995316,,2.1223358,4467.38,4.638600,0.687025,,"Transit","Transiting Exoplanet Survey Satellite (TESS)",1
"KMT-2024-BLG-2242L b","KMT-2024-BLG-2242L",,,,,,,,0.069000,"Microlensing","KMTNet",1
"Kepler-1675 b","Kepler-1675","TIC 350987771",63.03820000000,,,5853.19,4.358260,1.128650,1.060000,"Transit","Kepler",1
"Kepler-319 b","Kepler-319","TIC 121786630",4.36270500000,,2.1940000,5526.00,4.487000,0.903000,,"Transit","Kepler",1
"HD 219077 b","HD 219077","TIC 394125166",5478.68861000000,,,,,,0.920000,"Radial Velocity","La Silla Observatory",1
"Kepler-256 b","Kepler-256","TIC 63362772",1.62049300000,,2.2410000,5551.00,4.223000,1.301000,,"Transit","Kepler",1
"HD 204941 b","HD 204941","TIC 99837626",1733.00000000000,,,5026.00,4.420000,0.780000,0.580000,"Radial Velocity","La Silla Observatory",1
"Kepler-1627 b","Kepler-1627","TIC 120105470",7.20283653000,,2.8860000,5445.00,4.540000,0.840000,0.870000,"Transit","Kepler",1
"Kepler-482 b","Kepler-482","TIC 27987264",56.35418576000,,3.2900000,4871.00,4.600000,0.720000,0.750000,"Transit","Kepler",1
"Kepler-709 b","Kepler-709","TIC 63122858",16.08524954000,,3.5655000,5071.00,4.580000,0.770000,0.800000,"Transit","Kepler",1
"HD 38529 c","HD 38529","TIC 200093173",2127.60566000000,,,,,,0.980000,"Radial Velocity","Multiple Observatories",1
"DMPP-4 b","DMPP-4","TIC 26884478",3.49820000000,,,6400.00,4.240000,1.380000,1.250000,"Radial Velocity","Multiple Observatories",1
"Kepler-299 c","Kepler-299","TIC 48304460",6.88587500000,,4.0090000,5617.00,4.394000,1.032000,,"Transit","Kepler",1
"Kepler-234 c","Kepler-234","TIC 137318075",7.21205000000,,4.0390000,6224.00,4.421000,1.113000,,"Transit","Kepler",1
"TIC 320419023 b","TIC 320419023","TIC 320419023",5.26375651589,,2.9457110,5703.36,4.376500,0.952319,,"Transit","Transiting Exoplanet Survey Satellite (TESS)",1
"HD 45184 c","HD 45184","TIC 49831913",13.13540000000,,,5869.00,4.470000,,1.030000,"Radial Velocity","La Silla Observatory",1
"Kepler-79 e","Kepler-79","TIC 239306681",81.06650000000,,,6389.00,,1.316000,1.244000,"Transit","Kepler",1
"Kepler-11 d","Kepler-11","TIC 169175503",22.68450000000,0.08850000,5.5860000,5663.00,4.366000,1.065000,0.961000,"Transit","Kepler",1
"Kepler-884 b","Kepler-884","TIC 26657091",5.69919514000,,2.3878000,5715.00,4.490000,0.940000,1.000000,"Transit","Kepler",1
"TOI-1839 c","TOI-1839","TIC 381714186",4.02393854207,,2.3034727,5315.91,4.512600,0.848099,,"Transit","Transiting Exoplanet Survey Satellite (TESS)",1
"K2-187 b","K2-187","TIC 332024125",0.77401000000,,,5438.00,4.600000,0.830000,,"Transit","K2",1
"K2-8 c","K2-8","TIC 38114658",5.06416000000,,2.0800000,4870.00,4.520000,0.740000,0.780000,"Transit","K2",1
"Kepler-747 b","Kepler-747","TIC 121602473",35.61760587000,,8.4208000,5096.00,4.580000,0.780000,0.820000,"Transit","Kepler",1
"HIP 109600 b","HIP 109600","TIC 27864699",232.08000000000,,,5530.00,4.450000,,0.870000,"Radial Velocity","Haute-Provence Observatory",1
"GJ 9404 b","GJ 9404","TIC 328860504",13.45860000000,,,,,,0.620000,"Radial Velocity","Roque de los Muchachos Observatory",1
"Kepler-23 b","Kepler-23","TIC 27083727",7.10000000000,,,5828.00,,1.548000,1.078000,"Transit","Kepler",1
"WASP-159 b","WASP-159","TIC 77156657",3.84040100000,0.45300000,5.5872000,6120.00,3.940000,2.110000,1.410000,"Transit","SuperWASP-South",1
"TOI-2886 b","TOI-2886","TIC 318796593",1.60200105000,1.89700000,2.7840000,6240.00,4.340000,1.241000,1.229000,"Transit","Transiting Exoplanet Survey Satellite (TESS)",1
"GJ 9773 b","GJ 9773","TIC 468309671",2965.00000000000,,,3528.00,,0.362000,0.358000,"Radial Velocity","Calar Alto Observatory",1
"HD 73526 c","HD 73526","TIC 180661948",379.10000000000,,,,,,1.014000,"Radial Velocity","Anglo-Australian Telescope",1
"OGLE-TR-182 b","OGLE-TR-182","TIC 466884459",3.97910000000,1.04000000,,5924.00,4.470000,1.140000,1.140000,"Transit","OGLE",1
"Kepler-832 b","Kepler-832","TIC 272073383",7.13969410000,,3.9290000,5596.00,4.500000,0.900000,0.920000,"Transit","Kepler",1
"K2-245 b","K2-245","TIC 147677253",11.89307000000,0.10700000,4.2000000,5793.00,4.160000,1.250000,0.830000,"Transit","K2",1
"Kepler-859 b","Kepler-859","TIC 158317824",20.38177573000,,3.7429000,5020.00,4.590000,0.770000,0.810000,"Transit","Kepler",1
"KELT-14 b","KELT-14","TIC 134537478",1.71005660000,1.38600000,2.1880800,5720.00,4.166000,1.520000,1.239000,"Transit","KELT-South",1
"Kepler-1160 b","Kepler-1160","TIC 158630233",7.97034958000,,2.7665000,5519.00,4.510000,0.890000,0.920000,"Transit","Kepler",1
"TOI-1238 c","TOI-1238","TIC 153951307",3.29473600000,0.11134200,1.7500000,4089.00,4.630000,0.580000,0.590000,"Transit","Transiting Exoplanet Survey Satellite (TESS)",1
"Kepler-599 b","Kepler-599","TIC 120686620",15.65562652000,,4.1075000,5127.00,4.570000,0.790000,0.830000,"Transit","Kepler",1
"Kepler-218 c","Kepler-218","TIC 271662623",44.69957600000,,6.2710000,5502.00,4.391000,1.063000,,"Transit","Kepler",1
"KMT-2021-BLG-1547L b","KMT-2021-BLG-1547L",,,,,,,,0.720000,"Microlensing","KMTNet",1
"Kepler-381 b","Kepler-381","TIC 164884235",5.62902100000,,3.9130000,6152.00,4.120000,1.568000,,"Transit","Kepler",1
"HD 23127 b","HD 23127","TIC 311924816",1211.17000000000,,,5843.00,4.146000,1.490000,1.208000,"Radial Velocity","Anglo-Australian Telescope",1
"Kepler-712 c","Kepler-712","TIC 271347119",226.89047000000,,7.5250000,5148.00,4.580000,0.780000,0.840000,"Transit","Kepler",1
"Kepler-128 c","Kepler-128","TIC 123490545",22.80000000000,,,6072.00,,1.659000,1.184000,"Transit","Kepler",1
"TOI-1080 b","TOI-1080","TIC 161032923",3.96524820000,,1.0200000,3065.00,5.049000,0.201900,0.166700,"Transit","Transiting Exoplanet Survey Satellite (TESS)",1
"TOI-2379 b","TOI-2379","TIC 201177276",5.46938270000,,1.8670000,3707.00,4.653000,0.622000,0.645000,"Transit","Transiting Exoplanet Survey Satellite (TESS)",1
"HD 178911 B b","HD 178911 B","TIC 42812945",71.48400000000,,,5588.00,4.460000,1.080000,1.240000,"Radial Velocity","W. M. Keck Observatory",1
"K2-200 b","K2-200","TIC 115072772",2.84988300000,,,5233.00,4.710000,0.791736,0.860208,"Transit","K2",1
"Kepler-1188 b","Kepler-1188","TIC 164460740",17.13695430000,,6.3660000,5913.00,4.400000,1.060000,1.040000,"Transit","Kepler",1
"HD 155358 c","HD 155358","TIC 21897561",391.90000000000,,,5900.00,4.160000,,0.920000,"Radial Velocity","McDonald Observatory",1
"K2-21 b","K2-21","TIC 240766850",9.32503800000,,,4222.06,,0.646783,0.676023,"Transit","K2",1
"CI Tau c","CI Tau","TIC 61230756",25.20000000000,,,,,,,"Radial Velocity","Multiple Observatories",1
"KOI-55 b","KOI-55","TIC 184427882",0.24010400000,,,27730.00,5.520000,0.203000,0.496000,"Orbital Brightness Modulation","Kepler",1
"K2-376 b","K2-376","TIC 117414377",5.77647500000,,,5937.00,4.275000,1.149000,0.908000,"Transit","K2",1
"HD 63433 d","HD 63433","TIC 130181866",4.20907500000,,2.5850000,5688.00,4.520000,0.912000,0.990000,"Transit","Transiting Exoplanet Survey Satellite (TESS)",1
"Kepler-515 b","Kepler-515","TIC 406997913",19.96371318000,,2.4825000,5293.00,4.550000,0.830000,0.900000,"Transit","Kepler",1
"Kepler-639 b","Kepler-639","TIC 137409501",10.21420496000,,5.8558000,5896.00,4.270000,1.290000,1.140000,"Transit","Kepler",1
"WASP-141 b","WASP-141","TIC 117979897",3.31065100000,0.83000000,3.6000000,5900.00,4.260000,1.370000,1.250000,"Transit","SuperWASP-South",1
"Kepler-203 c","Kepler-203","TIC 169084431",5.37064700000,,2.0140000,5821.00,4.358000,1.114000,,"Transit","Kepler",1
"TOI-1052 c","TOI-1052","TIC 317060587",35.80600000000,,,6146.00,4.300000,1.264000,1.204000,"Radial Velocity","Multiple Observatories",1
"K2-5 c","K2-5","TIC 38064757",10.93241000000,,3.4980000,3930.00,4.710000,0.570000,0.610000,"Transit","K2",1
"KOI-13 b","KOI-13","TIC 158324245",1.76358800000,,,7650.00,4.200000,1.740000,1.720000,"Transit","Kepler",1
"HATS-62 b","HATS-62","TIC 336732544",3.27688370000,,2.7652800,5416.00,4.451000,0.933000,0.896000,"Transit","HATSouth",1
"Kepler-393 c","Kepler-393","TIC 159580535",14.61361200000,,5.4010000,6189.00,4.233000,1.382000,,"Transit","Kepler",1
"IC 4651 9122 b","IC 4651 9122","TIC 214416505",734.00000000000,,,,2.520000,,2.100000,"Radial Velocity","La Silla Observatory",1
"K2-239 b","K2-239","TIC 374339566",5.24000000000,0.06700000,1.4664000,3420.00,4.900000,0.360000,0.400000,"Transit","K2",1
"TOI-1408 b","TOI-1408","TIC 364186197",4.42587000000,,1.6500000,6117.00,4.100000,1.530000,1.312000,"Transit","Transiting Exoplanet Survey Satellite (TESS)",1
"TOI-286 c","TOI-286","TIC 150030205",39.36182600000,,4.9700000,5152.00,4.590000,0.780000,0.832000,"Transit","Transiting Exoplanet Survey Satellite (TESS)",1
"TOI-5595 b","TOI-5595","TIC 302908969",5.99002553853,,2.2315303,4417.30,4.632600,0.743344,,"Transit","Transiting Exoplanet Survey Satellite (TESS)",1
"Kepler-33 d","Kepler-33","TIC 158935283",21.77596000000,0.08314000,8.0110000,5904.00,4.027000,1.820000,1.291000,"Transit","Kepler",1
"Kepler-556 b","Kepler-556","TIC 122449752",11.72292176000,,4.1750000,5740.00,4.460000,0.980000,1.000000,"Transit","Kepler",1
"Kepler-1798 b","Kepler-1798","TIC 137315414",16.85589981000,,,3967.00,4.674000,0.587000,0.593000,"Transit","Kepler",1
"KMT-2018-BLG-1743L b","KMT-2018-BLG-1743L",,,,,,,,0.193000,"Microlensing","KMTNet",1
"VHS J125601.92-125723.9 b","VHS J125601.92-125723.9","TIC 2470992",5800000.00000000000,,,,,,,"Imaging","Paranal Observatory",1
"TOI-2071 b","TOI-2071","TIC 198360694",5.67395386982,,2.8641894,5755.41,4.373100,1.002860,,"Transit","Transiting Exoplanet Survey Satellite (TESS)",1
"HD 145457 b","HD 145457","TIC 236339228",176.13000000000,,,4757.00,2.770000,9.900000,1.900000,"Radial Velocity","Subaru Telescope",1
"Kepler-166 c","Kepler-166","TIC 26814955",34.26028100000,,4.8400000,5413.00,4.619000,0.742000,,"Transit","Kepler",1
"HAT-P-33 b","HAT-P-33","TIC 239154970",3.47447000000,1.10000000,,6446.00,4.150000,1.790000,1.820000,"Transit","HATNet",1
"K2-154 c","K2-154","TIC 175371068",7.95486000000,0.11000000,2.1000000,4097.00,4.650000,0.630000,0.650000,"Transit","K2",1
"Kepler-770 b","Kepler-770","TIC 120891972",18.92540274000,,3.7409000,5598.00,4.490000,0.920000,0.940000,"Transit","Kepler",1
"WASP-54 b","WASP-54","TIC 61098812",3.69364000000,0.86000000,,6100.00,4.000000,1.760000,1.080000,"Transit","SuperWASP",1
"HAT-P-5 b","HAT-P-5","TIC 76419763",2.78849000000,1.20000000,,5960.00,4.370000,1.120000,1.040000,"Transit","HATNet",1
"TIC 77319217 b","TIC 77319217","TIC 77319217",7.54830765124,,4.2233890,5961.52,4.276500,1.184390,,"Transit","Transiting Exoplanet Survey Satellite (TESS)",1
"Kepler-1980 b","Kepler-1980","TIC 139036617",33.02571790000,0.05071000,6.0320000,5819.00,4.468000,0.990000,1.049000,"Transit","Kepler",1
"TOI-1736 b","TOI-1736","TIC 408618999",7.07307600000,,3.9825962,5636.00,4.142000,1.428600,1.037300,"Transit","Transiting Exoplanet Survey Satellite (TESS)",1
"Kepler-1254 d","Kepler-1254","TIC 48506710",5.72717226000,,2.1770000,4985.00,4.590000,0.750000,0.780000,"Transit","Kepler",1
"Kepler-1255 b","Kepler-1255","TIC 271538318",36.29193360000,,8.1810000,6018.00,4.370000,1.120000,1.080000,"Transit","Kepler",1
"K2-158 c","K2-158","TIC 35021200",5.90279000000,0.01500000,5.0000000,5503.00,4.450000,0.950000,0.920000,"Transit","K2",1
"Kepler-869 b","Kepler-869","TIC 299218299",40.42877550000,,7.5530000,5664.00,4.470000,0.950000,0.970000,"Transit","Kepler",1
"GJ 3512 b","GJ 3512","TIC 445064836",203.10900000000,,,3141.00,,0.139000,0.123000,"Radial Velocity","Calar Alto Observatory",1
"Kepler-563 b","Kepler-563","TIC 63289401",22.18432708000,,3.0563000,5066.00,4.580000,0.770000,0.800000,"Transit","Kepler",1
"Kepler-150 c","Kepler-150","TIC 121598758",7.38199800000,,3.1240000,5560.00,4.466000,0.939000,,"Transit","Kepler",1
"Kepler-586 b","Kepler-586","TIC 275490218",2.10472218400,,1.7575000,5575.00,4.500000,0.920000,0.940000,"Transit","Kepler",1
"Kepler-698 b","Kepler-698","TIC 121729607",16.32976218000,,6.3730000,5612.00,4.500000,0.910000,0.940000,"Transit","Kepler",1
"K2-29 b","K2-29","TIC 56399553",3.25883210000,,2.2200000,5358.00,4.540000,0.860000,0.940000,"Transit","K2",1
"MOA-bin-29 b","MOA-bin-29",,,,,,,,0.030000,"Microlensing","MOA",1
"Kepler-206 c","Kepler-206","TIC 137342279",13.13747100000,,4.7680000,5764.00,4.311000,1.185000,,"Transit","Kepler",1
"HD 31527 b","HD 31527","TIC 146322354",16.55350000000,,,5898.00,4.450000,,0.960000,"Radial Velocity","La Silla Observatory",1
"Kepler-450 c","Kepler-450","TIC 27534138",15.41313500000,,,6197.21,4.083070,1.641620,1.190000,"Transit","Kepler",1
"TOI-2015 b","TOI-2015","TIC 368287008",3.34823700000,,0.9876000,3297.00,5.040000,0.327300,0.304100,"Transit","Transiting Exoplanet Survey Satellite (TESS)",1
"Kepler-913 c","Kepler-913","TIC 169465273",5.93911981600,,,6068.00,4.040000,1.797000,1.294000,"Transit","Kepler",1
"K2-52 b","K2-52","TIC 399155300",3.53505500000,,5.3280000,7147.00,3.979000,2.192000,1.691000,"Transit","K2",1
"HD 38283 b","HD 38283","TIC 141411201",363.20001000000,,,5981.00,4.230000,1.490000,1.370000,"Radial Velocity","Anglo-Australian Telescope",1
"TOI-5624 b","TOI-5624","TIC 53498154",3.39034730000,0.06670000,2.3920000,5327.00,4.490000,0.820000,0.858000,"Transit","Transiting Exoplanet Survey Satellite (TESS)",1
"KMT-2019-BLG-1042L b","KMT-2019-BLG-1042L",,,,,,,,0.300000,"Microlensing","KMTNet",1
"TOI-6054.01","TOI-6054","TIC 392681545",7.50142800000,0.02130000,5.6500000,6047.00,4.100000,1.662000,1.107000,"Transit","Transiting Exoplanet Survey Satellite (TESS)",1
"XO-1 b","XO-1","TIC 236312126",3.94153000000,1.80000000,,5750.00,4.510000,0.880000,0.880000,"Transit","XO",1
"4 UMa b","4 UMa","TIC 356478817",270.27000000000,,,4415.00,1.800000,18.110000,1.234000,"Radial Velocity","Thueringer Landessternwarte Tautenburg",1
"Kepler-1932 b","Kepler-1932","TIC 120496423",0.52417701500,,,5278.00,4.576000,0.815000,0.911000,"Transit","Kepler",1
"HD 208487 b","HD 208487","TIC 197686484",129.36000000000,,,6134.00,4.340000,1.160000,1.150000,"Radial Velocity","Anglo-Australian Telescope",1
"Kepler-202 c","Kepler-202","TIC 258202719",16.28249300000,,2.8530000,4668.00,4.650000,0.667000,,"Transit","Kepler",1
"Kepler-341 d","Kepler-341","TIC 159179987",27.66631300000,,6.0480000,6012.00,4.437000,1.024000,,"Transit","Kepler",1
"Kepler-48 f","Kepler-48","TIC 171882123",5219.68185400000,,,,,,0.916000,"Radial Velocity","W. M. Keck Observatory",1
"K2-274 b","K2-274","TIC 195193560",14.13303140000,,,5044.00,4.640000,0.700000,0.790000,"Transit","K2",1
"Kepler-1340 b","Kepler-1340","TIC 272183546",0.66502691600,,1.7384000,6331.00,4.240000,1.420000,1.270000,"Transit","Kepler",1
"GJ 1061 b","GJ 1061","TIC 79611981",3.20730000000,,,2953.00,,0.156000,0.120000,"Radial Velocity","La Silla Observatory",1
"GU Psc b","GU Psc","TIC 408263079",,,,,,,0.325000,"Imaging","Gemini Observatory",1
"TOI-2796 b","TOI-2796","TIC 220076110",4.80849830000,2.24000000,1.9600000,5764.00,4.400000,1.069000,1.063000,"Transit","Transiting Exoplanet Survey Satellite (TESS)",1
"KMT-2016-BLG-2364L b","KMT-2016-BLG-2364L",,,,,,,,0.500000,"Microlensing","KMTNet",1
"AF Lep b","AF Lep","TIC 94945758",8905.00000000000,,,,,,1.218000,"Imaging","Paranal Observatory",1
"Kepler-159 b","Kepler-159","TIC 169082553",10.13962300000,,2.6920000,4625.00,4.653000,0.663000,,"Transit","Kepler",1
"HIP 54597 b","HIP 54597","TIC 20375215",3274.00000000000,,,,,,0.800000,"Radial Velocity","La Silla Observatory",1
"HD 149806 b","HD 149806","TIC 281738302",16521.52778000000,,,,,,0.930000,"Radial Velocity","Multiple Observatories",1
"Kepler-901 b","Kepler-901","TIC 122712179",3.51749439400,,1.4847000,4184.00,4.700000,0.570000,0.590000,"Transit","Kepler",1
"Kepler-1712 b","Kepler-1712","TIC 48503881",13.81499958000,,,3732.00,4.736000,0.509000,0.515000,"Transit","Kepler",1
"OGLE-2017-BLG-0364L b","OGLE-2017-BLG-0364L",,,,,,,,0.490000,"Microlensing","OGLE",1
"TIC 139270665 c","TIC 139270665","TIC 139270665",1010.00000000000,,,5844.00,4.439000,1.016000,1.035000,"Radial Velocity","Lick Observatory",1
"TOI-712 b","TOI-712","TIC 150151262",9.53136100000,0.07680000,1.7350000,4622.00,4.645000,0.674000,0.732000,"Transit","Transiting Exoplanet Survey Satellite (TESS)",1
"Kepler-568 b","Kepler-568","TIC 28361088",11.02347475000,,1.4210000,3768.00,4.730000,0.530000,0.550000,"Transit","Kepler",1
"Kepler-1147 b","Kepler-1147","TIC 137757057",10.62784997000,,5.0130000,5941.00,4.360000,1.140000,1.090000,"Transit","Kepler",1
"Kepler-1572 b","Kepler-1572","TIC 123413463",5.49548621000,,2.5110000,5618.00,4.470000,0.950000,0.970000,"Transit","Kepler",1
"HAT-P-3 b","HAT-P-3","TIC 311035838",2.89970000000,1.20000000,,5185.00,4.560000,0.870000,1.060000,"Transit","HATNet",1
"Kepler-383 c","Kepler-383","TIC 137150599",31.20075100000,,3.7180000,4710.00,4.624000,0.672000,,"Transit","Kepler",1
"Kepler-1700 b","Kepler-1700","TIC 158325998",234.23900000000,,,6031.00,4.409490,1.093700,1.120000,"Transit","Kepler",1
"Kepler-1322 b","Kepler-1322","TIC 275490412",0.96286738200,,1.6247000,5488.00,4.520000,0.870000,0.900000,"Transit","Kepler",1
"TOI-2133 b","TOI-2133","TIC 39200363",3.82664720000,,2.1130000,4250.00,4.600000,0.620000,0.644000,"Transit","Transiting Exoplanet Survey Satellite (TESS)",1
"KOI-351 c","KOI-351","TIC 267667295",8.71937500000,,4.4100000,6080.00,4.400000,1.200000,1.200000,"Transit","Kepler",1
"Kepler-614 b","Kepler-614","TIC 274017990",14.03491514000,,3.5795000,5268.00,4.550000,0.810000,0.850000,"Transit","Kepler",1
"Kepler-281 c","Kepler-281","TIC 270858032",36.33737300000,,6.8090000,5723.00,4.531000,0.899000,,"Transit","Kepler",1
"OGLE-2005-BLG-071L b","OGLE-2005-BLG-071L",,,,,,,,0.460000,"Microlensing","OGLE",1
"Kepler-221 c","Kepler-221","TIC 272601375",5.69058600000,,2.5220000,5243.00,4.543000,0.821000,,"Transit","Kepler",1
"Kepler-627 b","Kepler-627","TIC 137413972",40.69944430000,,7.2080000,6424.00,4.210000,1.490000,1.300000,"Transit","Kepler",1
"Kepler-1140 b","Kepler-1140","TIC 123359347",24.08627070000,,2.2287000,4850.00,4.610000,0.730000,0.760000,"Transit","Kepler",1
"Kepler-1884 b","Kepler-1884","TIC 272707494",8.98832035100,,,5984.00,4.521000,0.906000,0.993000,"Transit","Kepler",1
"Kepler-1653 b","Kepler-1653","TIC 184561612",140.25240000000,0.06650000,6.6000000,4807.00,4.618000,0.693000,0.719000,"Transit","Kepler",1
"Gl 378 b","Gl 378","TIC 252470070",3.82200000000,,,3879.00,,0.560000,0.560000,"Radial Velocity","Haute-Provence Observatory",1
"HIP 57274 c","HIP 57274","TIC 5078530",32.03000000000,,5.8800000,4640.00,4.710000,0.680000,0.730000,"Radial Velocity","W. M. Keck Observatory",1
"ups And c","ups And","TIC 189576919",241.25800000000,,,,,1.560000,1.300000,"Radial Velocity","Multiple Observatories",1
"Kepler-244 c","Kepler-244","TIC 158426969",9.76729200000,,1.3730000,5554.00,4.585000,0.803000,,"Transit","Kepler",1
"Kepler-1631 b","Kepler-1631","TIC 271159855",4.09513932000,,1.9290000,5679.00,4.470000,0.950000,0.970000,"Transit","Kepler",1
"Kepler-1034 b","Kepler-1034","TIC 120762990",12.12400943000,,3.3136000,5198.00,4.570000,0.800000,0.830000,"Transit","Kepler",1
"Kepler-143 b","Kepler-143","TIC 28364164",16.00758300000,,1.1330000,5848.00,4.202000,1.359000,,"Transit","Kepler",1
"HD 142415 b","HD 142415","TIC 342041655",386.29999000000,,,5940.00,4.440000,1.040000,1.070000,"Radial Velocity","La Silla Observatory",1
"HD 169830 b","HD 169830","TIC 53134037",225.67372000000,,,,,,1.170000,"Radial Velocity","La Silla Observatory",1
"Kepler-921 b","Kepler-921","TIC 48448706",51.30063400000,,6.9870000,5663.00,4.500000,0.910000,0.930000,"Transit","Kepler",1
"Kepler-333 c","Kepler-333","TIC 137556197",24.08821000000,,3.9900000,4259.00,4.732000,0.534000,,"Transit","Kepler",1
"Kepler-402 b","Kepler-402","TIC 158725491",4.02875100000,,2.9850000,6090.00,4.278000,1.264000,,"Transit","Kepler",1
"Kepler-670 b","Kepler-670","TIC 27990610",2.81650485200,,2.5052200,5709.00,4.440000,0.990000,0.990000,"Transit","Kepler",1
"Kepler-758 e","Kepler-758","TIC 137968594",8.19347190000,,5.0470000,6228.00,4.190000,1.420000,1.160000,"Transit","Kepler",1
"K2-412 b","K2-412","TIC 69274518",5.93820000000,,,5590.00,4.412000,0.977000,0.893000,"Transit","K2",1
"Kepler-311 b","Kepler-311","TIC 351898154",9.17609200000,,4.3420000,5905.00,4.308000,1.188000,,"Transit","Kepler",1
"Kepler-1297 b","Kepler-1297","TIC 159225841",1.68189002000,,3.0000000,5818.00,4.450000,0.990000,0.990000,"Transit","Kepler",1
"HD 145675 c","14 Her","TIC 219483057",,,,,,,0.970000,"Radial Velocity","Multiple Observatories",1
"TOI-2093 c","TOI-2093","TIC 402898317",53.81149000000,0.08410000,4.6800000,4426.00,4.870000,0.729000,0.745000,"Transit","Transiting Exoplanet Survey Satellite (TESS)",1
"K2-334 b","K2-334","TIC 330687113",5.11398100000,,2.4600000,6502.00,4.220000,1.490000,1.360000,"Transit","K2",1
"HD 4313 b","HD 4313","TIC 405228516",356.21000000000,,,4943.00,3.240000,5.140000,1.630000,"Radial Velocity","W. M. Keck Observatory",1
"Kepler-424 c","Kepler-424","TIC 264508014",223.30000000000,,,5460.00,4.500000,0.940000,1.010000,"Radial Velocity","McDonald Observatory",1
"Kepler-1628 b","Kepler-1628","TIC 123362984",76.37803300000,,4.9520000,3724.00,4.740000,0.520000,0.550000,"Transit","Kepler",1
"Kepler-230 b","Kepler-230","TIC 377782363",32.62555500000,,5.7830000,5588.00,4.551000,0.817000,,"Transit","Kepler",1
"GJ 3942 b","GJ 3942","TIC 162494287",6.90500000000,,,3867.00,4.650000,0.610000,0.630000,"Radial Velocity","Roque de los Muchachos Observatory",1
"Kepler-1660 AB b","Kepler-1660 A","TIC 122446960",239.50440000000,,,,,1.491000,1.136600,"Eclipse Timing Variations","Kepler",1
"Kepler-382 c","Kepler-382","TIC 268612521",12.16270100000,,1.9580000,5600.00,4.401000,0.945000,,"Transit","Kepler",1
"HD 5388 b","HD 5388","TIC 101936170",772.50000000000,,,6297.00,,1.910000,1.210000,"Radial Velocity","La Silla Observatory",1
"mu Leo b","mu Leo","TIC 82204610",357.80000000000,,,4538.20,2.400000,11.400000,1.500000,"Radial Velocity","Bohyunsan Optical Astronomical Observatory",1
"Kepler-607 b","Kepler-607","TIC 159579593",0.63816320400,,1.1839000,5196.00,4.560000,0.800000,0.840000,"Transit","Kepler",1
"Kepler-1839 b","Kepler-1839","TIC 27082730",5.05675983400,,,5926.00,4.506000,0.939000,1.030000,"Transit","Kepler",1
"HD 12661 c","HD 12661","TIC 118268680",1708.00000000000,,,5748.00,,1.110000,1.020000,"Radial Velocity","Multiple Observatories",1
"HD 45652 b","HD 45652","TIC 206948365",44.07300000000,,,5294.00,,0.940000,0.920000,"Radial Velocity","Haute-Provence Observatory",1
"TOI-2567 b","TOI-2567","TIC 258920431",5.98394400000,0.35370000,5.4576000,5611.00,4.044000,1.686000,1.130000,"Transit","Transiting Exoplanet Survey Satellite (TESS)",1
"HD 211970 b","HD 211970","TIC 231704229",25.20100000000,,,4127.00,,,0.610000,"Radial Velocity","Las Campanas Observatory",1
"HD 48265 b","HD 48265","TIC 255781806",778.51000000000,,,5733.00,3.970000,1.901000,1.312000,"Radial Velocity","Las Campanas Observatory",1
"TOI-5232 b","TOI-5232","TIC 69356857",4.09666920000,0.48000000,4.7830000,6500.00,4.077000,1.785000,1.389000,"Transit","Transiting Exoplanet Survey Satellite (TESS)",1
"Kepler-1959 b","Kepler-1959","TIC 272173269",6.38669014000,,,5071.00,4.505000,0.811000,0.768000,"Transit","Kepler",1
"Kepler-949 c","Kepler-949","TIC 268060310",20.99757968000,0.11318000,2.4540000,5211.00,4.447000,0.895000,0.817000,"Transit","Kepler",1
"Kepler-367 c","Kepler-367","TIC 28159518",53.57863700000,,5.2360000,4710.00,4.631000,0.695000,,"Transit","Kepler",1
"K2-315 b","K2-315","TIC 70298662",3.14431890000,,0.8210000,3300.00,5.094000,0.196000,0.174000,"Transit","K2",1
"Kepler-1549 b","Kepler-1549","TIC 120692095",214.88654500000,,10.1100000,5324.00,4.540000,0.840000,0.880000,"Transit","Kepler",1
"HD 86264 b","HD 86264","TIC 348964243",1488.79123000000,,,,,,1.260000,"Radial Velocity","Lick Observatory",1
"WASP-104 b","WASP-104","TIC 393495970",1.75541370000,1.47400000,1.7620800,5475.00,4.503000,0.963000,1.076000,"Transit","SuperWASP",1
"KIC 10001893 c","KIC 10001893","TIC 158488181",0.32528000000,,,27500.00,5.350000,,,"Orbital Brightness Modulation","Kepler",1
"KOI-142 c","KOI-142","TIC 122712595",22.26492000000,,,5466.00,,0.897000,0.990000,"Transit Timing Variations","Kepler",1
"TOI-833 b","TOI-833","TIC 362249359",1.04187770000,,,3920.00,4.670000,0.600000,0.610000,"Transit","Transiting Exoplanet Survey Satellite (TESS)",1
"KMT-2017-BLG-0165L b","KMT-2017-BLG-0165L",,,,,,,,0.760000,"Microlensing","KMTNet",1
"TOI-5728 b","TOI-5728","TIC 219875976",11.49761000000,,,3419.00,,0.370000,0.360000,"Transit","Transiting Exoplanet Survey Satellite (TESS)",1
"Kepler-814 b","Kepler-814","TIC 48450382",6.14698510000,,3.3920000,6162.00,4.330000,1.220000,1.150000,"Transit","Kepler",1
"Kepler-1894 c","Kepler-1894","TIC 27531854",5.05368985000,0.01715000,2.5140000,5772.00,4.528000,0.901000,0.999000,"Transit","Kepler",1
"HD 211810 b","HD 211810","TIC 336634601",1558.00000000000,,,5652.00,,1.130000,1.030000,"Radial Velocity","W. M. Keck Observatory",1
"KMT-2024-BLG-2087L b","KMT-2024-BLG-2087L",,,,,,,,0.480000,"Microlensing","KMTNet",1
"Kepler-102 c","Kepler-102","TIC 123357864",7.07139200000,,,4909.00,,0.724000,0.803000,"Transit","Kepler",1
"K2-37 d","K2-37","TIC 68504570",14.09229000000,,,5352.00,4.530000,0.809000,0.840000,"Transit","K2",1
"Kepler-252 b","Kepler-252","TIC 271769940",6.66839100000,,1.9780000,4208.00,4.721000,0.549000,,"Transit","Kepler",1
"Kepler-17 b","Kepler-17","TIC 273874849",1.48571080000,,2.2764000,5781.00,4.446160,1.010340,1.040000,"Transit","Kepler",1
"Kepler-163 b","Kepler-163","TIC 271355638",7.81093700000,,3.3590000,5776.00,4.524000,0.917000,,"Transit","Kepler",1
"Kepler-1162 c","Kepler-1162","TIC 164522726",59.28406400000,0.04244000,5.4200000,5225.00,4.505000,0.859000,0.861000,"Transit","Kepler",1
"HR 8799 e","HR 8799","TIC 245368902",,,,7400.00,4.000000,,,"Imaging","W. M. Keck Observatory",1
"DMPP-2 b","DMPP-2","TIC 32432767",5.20300000000,,,,,,1.410000,"Radial Velocity","Multiple Facilities",1
"HD 136925 b","HD 136925","TIC 400015692",4540.00000000000,,,5773.19,4.226014,1.193078,0.875104,"Radial Velocity","Multiple Observatories",1
"K2-61 b","K2-61","TIC 402314147",2.57336000000,,,5748.00,4.380000,0.995000,0.970000,"Transit","K2",1
"Kepler-411 e","Kepler-411","TIC 399954349",31.50972800000,,,,,0.820000,0.870000,"Transit Timing Variations","Kepler",1
"KOINTREAU-3 b","ISO-Oph 96","TIC 175629533",,,,3920.00,4.400000,,,"Imaging","W. M. Keck Observatory",1
"TOI-1453 b","TOI-1453","TIC 198390247",4.31352250000,,1.9980000,4975.00,4.576000,0.720000,0.715000,"Transit","Transiting Exoplanet Survey Satellite (TESS)",1
"Kepler-1841 b","Kepler-1841","TIC 121329580",25.88599968000,,,5190.00,4.446000,0.899000,0.823000,"Transit","Kepler",1
"Kepler-1972 c","Kepler-1972","TIC 121604440",11.32950000000,,,5818.00,4.200000,1.384000,1.120000,"Transit","Kepler",1
"K2-10 b","K2-10","TIC 363573185",19.30553000000,,,5533.00,4.470000,0.956000,0.880000,"Transit","K2",1
"Kepler-1789 b","Kepler-1789","TIC 377730967",80.23190308000,,,5436.00,4.505000,0.888000,0.920000,"Transit","Kepler",1
"Kepler-308 b","Kepler-308","TIC 184162776",9.69492800000,,2.6090000,5895.00,4.508000,0.941000,,"Transit","Kepler",1
"Kepler-636 b","Kepler-636","TIC 138297607",16.08066114700,,2.8707000,5203.00,4.560000,0.800000,0.850000,"Transit","Kepler",1
"GJ 4274 c","GJ 4274","TIC 12652442",69.57000000000,,,3228.00,5.260000,0.190000,0.180000,"Radial Velocity","Mauna Kea Observatory",1
"TOI-3082 b","TOI-3082","TIC 428699140",1.92690700000,,,4263.00,4.625000,0.684700,0.664000,"Transit","Transiting Exoplanet Survey Satellite (TESS)",1
"Barnard b","Barnard's star","TIC 325554331",3.15420000000,,,3195.00,4.900000,0.185000,0.162000,"Radial Velocity","Paranal Observatory",1
"MOA-bin-1L b","MOA-bin-1L",,,,,,,,0.750000,"Microlensing","MOA",1
"HD 155358 b","HD 155358","TIC 21897561",194.30000000000,,,5905.00,4.220000,1.380000,1.150000,"Radial Velocity","McDonald Observatory",1
"Kepler-1928 b","Kepler-1928","TIC 122450696",19.57783000000,,2.3000000,5720.00,,0.920000,1.010000,"Transit","Kepler",1
"HR 8799 b","HR 8799","TIC 245368902",170000.00000000000,,,,,,1.500000,"Imaging","Gemini Observatory",1
"Kepler-141 b","Kepler-141","TIC 273681580",3.10767500000,,2.2180000,4910.00,4.566000,0.787000,,"Transit","Kepler",1
"Kepler-1927 b","Kepler-1927","TIC 184427149",73.75039673000,,,6056.00,3.797000,2.481000,1.408000,"Transit","Kepler",1
"Kepler-265 d","Kepler-265","TIC 122445076",43.13061700000,,3.0660000,5835.00,4.326000,1.103000,,"Transit","Kepler",1
"Kepler-619 b","Kepler-619","TIC 417659212",5.40427219700,,2.4748000,5980.00,4.380000,1.110000,1.090000,"Transit","Kepler",1
"WASP-36 b","WASP-36","TIC 13349647",1.53736596000,,,5959.00,4.486000,0.985000,1.081000,"Transit","SuperWASP",1
"HD 126105 b","HD 126105","TIC 422566985",524.00000000000,,,4875.00,3.180000,4.210000,1.200000,"Radial Velocity","Multiple Facilities",1
"K2-281 b","K2-281","TIC 380884458",8.68772100000,,,4812.00,4.590000,0.760000,0.820000,"Transit","K2",1
"Kepler-983 b","Kepler-983","TIC 164882868",60.08550820000,,6.9290000,6052.00,4.420000,1.080000,1.130000,"Transit","Kepler",1
"Kepler-1790 b","Kepler-1790","TIC 271164778",31.58889961000,,,5866.00,4.175000,1.367000,1.020000,"Transit","Kepler",1
"Kepler-230 c","Kepler-230","TIC 377782363",91.77324200000,,6.0340000,5588.00,4.551000,0.817000,,"Transit","Kepler",1
"Kepler-164 e","Kepler-164","TIC 158561894",94.88690200000,0.06417000,6.9230000,5888.00,4.342000,1.097000,0.966000,"Transit","Kepler",1
"Kepler-138 e","Kepler-138","TIC 159376971",38.23000000000,,,3841.00,4.710000,0.535000,0.535000,"Transit Timing Variations","Multiple Observatories",1
"Kepler-461 b","Kepler-461","TIC 63206513",8.31378305900,,2.9927000,5634.00,4.510000,0.910000,0.980000,"Transit","Kepler",1
"TOI-4794 b","TOI-4794","TIC 95589845",3.56581160000,0.82300000,4.0150000,6390.00,4.215000,1.451000,1.250000,"Transit","Transiting Exoplanet Survey Satellite (TESS)",1
"WASP-167 b","WASP-167","TIC 104024556",2.02195960000,0.82000000,2.7240000,7000.00,4.130000,1.790000,1.590000,"Transit","Multiple Observatories",1
"TOI-157 b","TOI-157","TIC 140691463",2.08454350000,1.28300000,2.1458400,5404.00,4.281000,1.167000,0.948000,"Transit","Transiting Exoplanet Survey Satellite (TESS)",1
"K2-115 b","K2-115","TIC 7020254",20.27299140000,1.60300000,3.8736000,5870.00,4.538000,0.855000,0.918000,"Transit","K2",1
"Kepler-223 e","Kepler-223","TIC 273876171",19.72567000000,,,,,1.720000,1.125000,"Transit","Kepler",1
"HD 73344 b","HD 73344","TIC 175193677",15.61100000000,,3.3040000,6252.60,4.372000,1.220000,1.200000,"Transit","K2",1
"61 Vir d","61 Vir","TIC 422478973",123.01000000000,,,5577.00,4.340000,0.963000,0.942000,"Radial Velocity","Multiple Observatories",1
"HD 164922 d","HD 164922","TIC 159019691",12.45800000000,,,5390.00,4.460000,0.946000,0.926000,"Radial Velocity","Roque de los Muchachos Observatory",1
"Kepler-416 c","Kepler-416","TIC 137217372",12.20900000000,,,,,1.075000,1.000000,"Transit","Kepler",1
"HD 99109 b","HD 99109","TIC 38158652",439.29999000000,,,5282.00,4.340000,0.980000,0.760000,"Radial Velocity","W. M. Keck Observatory",1
"Kepler-118 b","Kepler-118","TIC 171884427",7.51849600000,,2.8570000,5274.00,4.321000,1.094000,,"Transit","Kepler",1
"Kepler-50 c","Kepler-50","TIC 298896336",9.37647000000,0.01590000,2.0600000,6225.00,4.132000,1.580000,1.240000,"Transit","Kepler",1
"TOI-4156 c","TOI-4156","TIC 462553953",12.82282706375,,3.2904383,5971.64,4.427600,1.039630,,"Transit","Transiting Exoplanet Survey Satellite (TESS)",1
"Kepler-1993 b","Kepler-1993","TIC 270700335",26.65657370000,0.01634000,4.9540000,5159.00,3.604000,3.062000,1.373000,"Transit","Kepler",1
"K2-390 b","K2-390","TIC 9030119",3.31279200000,,,5558.00,4.368000,0.966000,0.789000,"Transit","K2",1
"Kepler-741 b","Kepler-741","TIC 159050690",7.03902374000,,3.8898000,6129.00,4.310000,1.240000,1.160000,"Transit","Kepler",1
"HD 133131 A b","HD 133131 A","TIC 440955228",649.00000000000,,,5799.00,4.390000,,0.950000,"Radial Velocity","Las Campanas Observatory",1
"G 9-40 b","G 9-40","TIC 203214081",5.74599820000,,1.6930000,3395.00,4.840000,0.302600,0.295200,"Transit","K2",1
"Kepler-160 c","Kepler-160","TIC 158555483",13.69942900000,,,5471.00,,1.118000,,"Transit","Kepler",1
"K2-31 b","K2-31","TIC 50171060",1.25785000000,,0.9816000,5280.00,4.600000,0.780000,0.910000,"Transit","K2",1
"Kepler-114 b","Kepler-114","TIC 27011135",5.18854900000,,2.4350000,4605.00,4.650000,0.667000,,"Transit","Kepler",1
"Kepler-1143 b","Kepler-1143","TIC 121215172",2.88890484900,,1.5538000,5053.00,4.580000,0.770000,0.810000,"Transit","Kepler",1
"Kepler-1129 c","Kepler-1129","TIC 137212833",76.53695860000,,5.6930000,5831.00,4.440000,1.000000,1.000000,"Transit","Kepler",1
"HR 8799 d","HR 8799","TIC 245368902",37000.00000000000,,,,,,1.500000,"Imaging","W. M. Keck Observatory",1
"Kepler-1073 b","Kepler-1073","TIC 138568416",8.67888593000,,3.4818000,5792.00,4.440000,1.000000,1.000000,"Transit","Kepler",1
"Kepler-1966 b","Kepler-1966","TIC 137627194",8.61742973300,,,5009.00,4.491000,0.840000,0.797000,"Transit","Kepler",1
"Kepler-58 d","Kepler-58","TIC 184471242",40.10137100000,,5.4430000,6099.00,4.372000,1.127000,,"Transit","Kepler",1
"Kepler-62 d","Kepler-62","TIC 164458488",18.16406000000,0.09200000,2.9700000,4925.00,4.680000,0.640000,0.690000,"Transit","Kepler",1
"Kepler-1866 b","Kepler-1866","TIC 158213683",11.66009998000,,,5791.00,4.381000,1.083000,1.030000,"Transit","Kepler",1
"BD+20 2457 b","BD+20 2457","TIC 95359428",379.63000000000,,,4137.00,1.510000,49.000000,2.800000,"Radial Velocity","McDonald Observatory",1
"Kepler-353 b","Kepler-353","TIC 239229234",5.79527800000,,2.1840000,3903.00,4.751000,0.504000,,"Transit","Kepler",1
"Kepler-1506 b","Kepler-1506","TIC 122298422",14.03291540000,,6.8440000,5676.00,4.490000,0.930000,0.950000,"Transit","Kepler",1
"K2-340 b","K2-340","TIC 178246831",29.74045100000,,5.2900000,5532.00,4.300000,1.130000,0.930000,"Transit","K2",1
"KIC 3558849 b","KIC 3558849","TIC 138888805",1322.30000000000,0.39690000,,6175.00,4.440000,1.010000,0.980000,"Transit","Kepler",1
"TOI-2211.01","TOI-2211","TIC 212253390",3.09268675700,,2.0586000,5253.00,,0.834000,0.900000,"Transit","Transiting Exoplanet Survey Satellite (TESS)",1
"Kepler-1786 b","Kepler-1786","TIC 137687477",78.54609680000,,,5808.00,4.172000,1.397000,1.058000,"Transit","Kepler",1
"Kepler-973 b","Kepler-973","TIC 267747398",49.60773310000,,2.8424000,5213.00,4.580000,0.780000,0.860000,"Transit","Kepler",1
"MOA-2019-BLG-008L b","MOA-2019-BLG-008L",,,,,,,,0.900000,"Microlensing","MOA",1
"Kepler-333 b","Kepler-333","TIC 137556197",12.55115800000,,3.2160000,4259.00,4.732000,0.534000,,"Transit","Kepler",1
"HD 2952 b","HD 2952","TIC 452910671",312.08000000000,,,4853.00,2.650000,10.900000,1.910000,"Radial Velocity","Okayama Astrophysical Observatory",1
"Kepler-35 b","Kepler-35","TIC 271040768",131.45800000000,,,5606.00,4.362300,1.028400,0.887700,"Transit","Kepler",1
"TOI-5573 b","TOI-5573","TIC 459762279",8.79758977000,,2.7600000,3790.00,4.680000,0.594000,0.619000,"Transit","Transiting Exoplanet Survey Satellite (TESS)",1
"2MASS J22362452+4751425 b","2MASS J22362452+4751425","TIC 200532605",,,,4045.00,,,0.600000,"Imaging","W. M. Keck Observatory",1
"GJ 1002 c","GJ 1002","TIC 176287658",21.20200000000,,,3024.00,5.100000,0.137000,0.120000,"Radial Velocity","Multiple Observatories",1
"Kepler-1668 b","Kepler-1668","TIC 273132513",15.43400000000,,,5542.00,4.414330,1.017380,0.980000,"Transit","Kepler",1
"Kepler-1795 b","Kepler-1795","TIC 120893436",13.36019993000,,,4500.00,4.638000,0.688000,0.768000,"Transit","Kepler",1
"TOI-1836 b","TOI-1836","TIC 207468071",20.38079900000,0.21640000,6.6530000,6380.00,4.159000,1.577000,1.307000,"Transit","Transiting Exoplanet Survey Satellite (TESS)",1
"Kepler-1720 b","Kepler-1720","TIC 272839596",12.70639992000,,,5573.00,4.562000,0.839000,0.939000,"Transit","Kepler",1
"HD 33844 b","HD 33844","TIC 169534187",551.40002000000,,,4861.00,3.240000,5.390000,1.840000,"Radial Velocity","Anglo-Australian Telescope",1
"KMT-2025-BLG-1616L b","KMT-2025-BLG-1616L",,,,,,,,0.260000,"Microlensing","KMTNet",1
"HD 32518 b","HD 32518","TIC 310836777",157.35000000000,,,4580.00,2.100000,10.220000,1.130000,"Radial Velocity","Thueringer Landessternwarte Tautenburg",1
"Kepler-1830 b","Kepler-1830","TIC 138968107",56.49330139000,,,6160.00,3.976000,2.046000,1.443000,"Transit","Kepler",1
"HD 65216 b","HD 65216","TIC 382625142",577.60000000000,,,5612.00,4.440000,,0.874000,"Radial Velocity","La Silla Observatory",1
"HAT-P-28 b","HAT-P-28","TIC 53728859",3.25721500000,1.47190000,3.2184000,5680.00,4.360000,1.103000,1.025000,"Transit","HATNet",1
"K2-160 b","K2-160","TIC 349456525",3.70587100000,,,5649.00,4.610000,0.913754,0.982829,"Transit","K2",1
"Kepler-296 d","Kepler-296","TIC 243271945",19.85029100000,,,3740.00,4.774000,0.480000,0.498000,"Transit","Kepler",1
"Kepler-501 c","Kepler-501","TIC 169176340",3.62276005700,,,5794.00,4.282000,1.216000,1.032000,"Transit","Kepler",1
"HAT-P-66 b","HAT-P-66","TIC 137881699",2.97208600000,,4.6992000,6002.00,3.993000,1.881000,1.255000,"Transit","HATNet",1
"Kepler-1708 b","Kepler-1708","TIC 272716898",737.11310000000,,,6157.00,4.370000,1.117000,1.088000,"Transit","Kepler",1
"GJ 480 b","GJ 480","TIC 399119319",9.55360000000,,,3509.00,4.880000,0.449000,0.450000,"Radial Velocity","Multiple Observatories",1
"HD 102956 b","HD 102956","TIC 137810576",6.49470000000,,,4985.00,3.380000,4.550000,1.660000,"Radial Velocity","W. M. Keck Observatory",1
"Kepler-1394 b","Kepler-1394","TIC 164527695",3.93766373000,,4.9160000,6481.00,3.840000,2.550000,1.640000,"Transit","Kepler",1
"Kepler-1220 b","Kepler-1220","TIC 272944301",7.42693741000,,2.8480000,5842.00,4.450000,0.990000,1.000000,"Transit","Kepler",1
"HATS-49 b","HATS-49","TIC 281541545",4.14804670000,,2.3460000,4405.00,4.603600,0.697700,0.713300,"Transit","HATSouth",1
"Kepler-7 b","Kepler-7","TIC 121660904",4.88548920000,,,5933.00,3.980000,1.966000,1.359000,"Transit","Kepler",1
"HD 135872 b","HD 135872","TIC 38948719",2422.32597000000,,,,,,1.646000,"Radial Velocity","Multiple Observatories",1
"Kepler-658 b","Kepler-658","TIC 164456041",1.28707676200,,1.5086000,4103.00,4.680000,0.600000,0.630000,"Transit","Kepler",1
"GJ 667 C e","GJ 667 C","TIC 154385809",62.24000000000,,,3350.00,4.690000,,0.330000,"Radial Velocity","La Silla Observatory",1
"Kepler-56 c","Kepler-56","TIC 138430034",21.40239000000,,,4840.00,3.310000,4.230000,1.320000,"Transit","Kepler",1
"Kepler-637 b","Kepler-637","TIC 137626872",23.20584623000,,4.2998000,6096.00,3.840000,2.560000,1.640000,"Transit","Kepler",1
"Kepler-1440 b","Kepler-1440","TIC 279917282",39.85948400000,,8.0600000,5698.00,4.460000,0.960000,0.980000,"Transit","Kepler",1
"Kepler-1649 b","Kepler-1649","TIC 137558813",8.68909900000,,1.1840000,3240.00,5.004000,0.231700,0.197700,"Transit","Kepler",1
"Kepler-481 b","Kepler-481","TIC 26541093",10.06082567000,,4.5782000,5802.00,4.360000,1.090000,1.010000,"Transit","Kepler",1
"Kepler-1257 b","Kepler-1257","TIC 272084528",2.66831376200,,2.3659000,5502.00,4.520000,0.870000,0.900000,"Transit","Kepler",1
"Kepler-1796 b","Kepler-1796","TIC 185336831",29.45579910000,,,6036.00,4.491000,0.949000,1.018000,"Transit","Kepler",1
"Kepler-1831 b","Kepler-1831","TIC 27456723",5.78387022000,,,6063.00,4.476000,1.012000,1.117000,"Transit","Kepler",1
"GJ 422 b","GJ 422","TIC 450545735",20.12900000000,,,,,,0.350000,"Radial Velocity","Multiple Observatories",1
"K2-148 b","K2-148","TIC 423358488",4.38395000000,,,4079.00,4.653000,0.632000,0.650000,"Transit","K2",1
"Kepler-416 b","Kepler-416","TIC 137217372",6.31900000000,,,,,1.075000,1.000000,"Transit","Kepler",1
"Kepler-122 e","Kepler-122","TIC 122714267",37.99327300000,,7.1550000,6050.00,4.299000,1.216000,,"Transit","Kepler",1
"Kepler-417 b","Kepler-417","TIC 270705374",12.33100000000,,,,,0.806000,0.900000,"Transit","Kepler",1
"Kepler-37 e","Kepler-37","TIC 164652245",51.19600000000,,,,,0.772000,0.800000,"Transit","Kepler",1
"K2-316 c","K2-316","TIC 73943566",5.26000000000,0.24800000,,3436.00,4.891000,0.379000,0.408000,"Transit","K2",1
"KMT-2019-BLG-0414L b","KMT-2019-BLG-0414L",,,,,,,,0.740000,"Microlensing","KMTNet",1
"TOI-2094 b","TOI-2094","TIC 356016119",18.79319300000,0.20730000,1.2210000,3435.00,4.890000,0.384000,0.425000,"Transit","Transiting Exoplanet Survey Satellite (TESS)",1
"2MASS J19383260+4603591 b","2MASS J19383260+4603591","TIC 271164763",406.00000000000,,,29564.00,5.508000,0.203000,0.480000,"Eclipse Timing Variations","Kepler",1
"Kepler-799 c","Kepler-799","TIC 158419284",15.19419956000,,,5588.00,4.047000,1.593000,1.031000,"Transit","Kepler",1
"Kepler-110 c","Kepler-110","TIC 26751563",31.71977500000,,4.8230000,5960.00,4.327000,1.149000,,"Transit","Kepler",1
"GJ 849 b","GJ 849","TIC 248027247",1925.31000000000,,,3467.00,4.800000,0.450000,0.450000,"Radial Velocity","W. M. Keck Observatory",1
"Kepler-92 d","Kepler-92","TIC 121943724",49.35680000000,,,5904.34,3.948650,1.817190,1.070000,"Transit","Kepler",1
"K2-247 c","K2-247","TIC 110999033",6.49424000000,0.11000000,1.7000000,4667.00,4.630000,0.690000,0.740000,"Transit","K2",1
"KELT-3 b","KELT-3","TIC 67666096",2.70339000000,0.89000000,,6304.00,4.200000,1.700000,1.960000,"Transit","KELT",1
"HATS-16 b","HATS-16","TIC 77044471",2.68650200000,,2.6208000,5738.00,4.239000,1.238000,0.970000,"Transit","HATSouth",1
"HD 137496 b","HD 137496","TIC 346250894",1.62116000000,0.00575000,3.2800000,5799.00,4.050000,1.590000,1.040000,"Transit","K2",1
"Kepler-224 b","Kepler-224","TIC 159642189",3.13292400000,,2.0340000,5018.00,4.639000,0.676000,,"Transit","Kepler",1
"Kepler-526 b","Kepler-526","TIC 273377282",5.45849831600,,4.0346000,5894.00,4.380000,1.140000,1.150000,"Transit","Kepler",1
"Kepler-331 c","Kepler-331","TIC 351063265",17.28111000000,,2.7720000,4347.00,4.768000,0.492000,,"Transit","Kepler",1
"CFHTWIR-Oph 98 b","CFHTWIR-Oph 98 A","TIC 175744063",8040000.00000000000,,,2320.00,3.845000,0.245000,0.014700,"Imaging","Hubble Space Telescope",1
"Kepler-1989 b","Kepler-1989","TIC 159450616",10.16102352800,0.16539000,3.1627000,6032.00,4.387000,1.060000,0.999000,"Transit","Kepler",1
"Kepler-1741 b","Kepler-1741","TIC 137689252",2.75759005500,,,3683.00,4.840000,0.424000,0.454000,"Transit","Kepler",1
"Kepler-50 b","Kepler-50","TIC 298896336",7.81254000000,0.00990000,3.8000000,6225.00,4.132000,1.580000,1.240000,"Transit","Kepler",1
"WISEP J121756.91+162640.2 A b","WISEP J121756.91+162640.2 A",,,,,575.00,5.000000,0.091000,0.029000,"Imaging","W. M. Keck Observatory",1
"TOI-1269 b","TOI-1269","TIC 198241702",4.25299130000,,2.6216334,5499.00,4.531000,0.852100,0.902700,"Transit","Transiting Exoplanet Survey Satellite (TESS)",1
"Kepler-1089 b","Kepler-1089","TIC 350810654",5.13248561800,,1.6310000,3753.00,4.760000,0.490000,0.520000,"Transit","Kepler",1
"K2-285 e","K2-285","TIC 262715204",14.76289000000,0.06800000,2.3000000,4975.00,4.400000,0.787000,0.830000,"Transit","K2",1
"TOI-4562 c","TOI-4562","TIC 349576261",3990.00000000000,,,6096.00,4.390000,1.152000,1.192000,"Transit Timing Variations","Multiple Observatories",1
"Kepler-725 c","Kepler-725","TIC 164652841",207.54100000000,,,5395.00,,0.880000,0.950000,"Transit Timing Variations","Kepler",1
"eps Ind A b","eps Ind A","TIC 231698181",25450.00000000000,,,4700.00,,0.713000,0.800000,"Radial Velocity","La Silla Observatory",1
"Kepler-247 d","Kepler-247","TIC 158792051",20.47370000000,,,5094.00,4.589000,0.791000,0.884000,"Transit","Kepler",1
"TOI-4409 b","TOI-4409","TIC 382200986",92.49178900000,1.07760000,6.9150000,4928.00,4.611000,0.720000,0.763000,"Transit","Transiting Exoplanet Survey Satellite (TESS)",1
"Kepler-122 f","Kepler-122","TIC 122714267",56.26800000000,,,,,0.949000,1.030000,"Transit","Kepler",1
"TOI-2095 b","TOI-2095","TIC 235678745",17.66484000000,,,3759.00,5.110000,0.440000,0.440000,"Transit","Transiting Exoplanet Survey Satellite (TESS)",1
"TOI-2154 b","TOI-2154","TIC 428787891",3.82408010000,1.14300000,2.4650000,6280.00,4.239000,1.396000,1.233000,"Transit","Transiting Exoplanet Survey Satellite (TESS)",1
"Kepler-1588 b","Kepler-1588","TIC 298965827",7.84931739000,,3.7360000,5817.00,4.430000,0.990000,0.960000,"Transit","Kepler",1
"Kepler-945 b","Kepler-945","TIC 159715997",31.00338140000,,5.2040000,5718.00,4.460000,0.970000,0.970000,"Transit","Kepler",1
"Kepler-1103 b","Kepler-1103","TIC 399951202",19.79191978000,,3.1720000,6092.00,4.360000,1.150000,1.110000,"Transit","Kepler",1
"Kepler-339 d","Kepler-339","TIC 26817284",10.55834500000,,3.4100000,5631.00,4.586000,0.802000,,"Transit","Kepler",1
"KMT-2022-BLG-1818L b","KMT-2022-BLG-1818L",,,,,,,,0.790000,"Microlensing","KMTNet",1
"Kepler-1848 b","Kepler-1848","TIC 268712158",5.60402011900,,,4847.00,4.581000,0.737000,0.756000,"Transit","Kepler",1
"Qatar-10 b","Qatar-10","TIC 229791084",1.64532100000,,2.7720000,6124.00,4.303000,1.254000,1.156000,"Transit","Qatar",1
"Kepler-1805 b","Kepler-1805","TIC 120422519",8.84794044500,,,3867.00,4.718000,0.552000,0.581000,"Transit","Kepler",1
"HD 60292 b","HD 60292","TIC 71296216",495.40000000000,,,4348.00,1.900000,27.000000,1.700000,"Radial Velocity","Bohyunsan Optical Astronomical Observatory",1
"K2-182 b","K2-182","TIC 366631954",4.73696960000,0.09880000,2.5663200,5128.00,4.560000,0.789000,0.823000,"Transit","K2",1
"Kepler-140 c","Kepler-140","TIC 158487888",91.35328200000,,7.9190000,6077.00,4.272000,1.288000,,"Transit","Kepler",1
"61 Vir b","61 Vir","TIC 422478973",4.21500000000,,,5577.00,4.340000,0.963000,0.942000,"Radial Velocity","Multiple Observatories",1
"Kepler-338 e","Kepler-338","TIC 258203303",9.34100000000,,,,,1.735000,1.140000,"Transit","Kepler",1
"Kepler-415 b","Kepler-415","TIC 138365520",4.17600000000,,,,,0.643000,0.670000,"Transit","Kepler",1
"Kepler-37 c","Kepler-37","TIC 164652245",21.30184800000,,,5357.00,,0.789000,0.790000,"Transit","Kepler",1
"Kepler-1109 b","Kepler-1109","TIC 137336979",37.64673840000,,6.1170000,5893.00,4.410000,1.060000,1.050000,"Transit","Kepler",1
"OGLE-2013-BLG-0341L B b","OGLE-2013-BLG-0341L B",,,,,,,,0.112700,"Microlensing","OGLE",1
"K2-285 d","K2-285","TIC 262715204",10.45582000000,0.10000000,2.5040000,4975.00,4.400000,0.787000,0.830000,"Transit","K2",1
"Kepler-818 b","Kepler-818","TIC 184417625",10.03538581400,,3.4185000,5638.00,4.490000,0.920000,0.940000,"Transit","Kepler",1
"HD 213885 b","HD 213885","TIC 403224672",1.00803500000,0.02000000,,5978.00,4.382700,1.101100,1.068000,"Transit","Transiting Exoplanet Survey Satellite (TESS)",1
"Pr0201 b","Pr0201","TIC 175290574",4.42640000000,,,6174.00,4.410000,1.150000,1.240000,"Radial Velocity","Fred Lawrence Whipple Observatory",1
"Kepler-665 b","Kepler-665","TIC 27988995",16.01310205000,,3.0654000,4913.00,4.600000,0.740000,0.790000,"Transit","Kepler",1
"K2-238 b","K2-238","TIC 404243877",3.20466000000,,,5630.00,4.110000,1.590000,1.190000,"Transit","K2",1
"GJ 3323 b","GJ 3323","TIC 43605290",5.36360000000,,,3159.00,,0.119000,0.164000,"Radial Velocity","La Silla Observatory",1
"WASP-81 b","WASP-81","TIC 399402994",2.71647620000,,,5870.00,4.258000,1.283000,1.080000,"Transit","Multiple Facilities",1
"K2-138 e","K2-138","TIC 4610830",8.26146000000,,2.9700000,5356.30,4.540000,0.863000,0.935000,"Transit","K2",1
"TIC 188624430 b","TIC 188624430","TIC 188624430",6.21860433132,,2.2121116,5369.46,4.559000,0.786574,,"Transit","Transiting Exoplanet Survey Satellite (TESS)",1
"HAT-P-50 b","HAT-P-50","TIC 17746821",3.12201090000,,3.6744000,6280.00,4.072000,1.698000,1.273000,"Transit","HATNet",1
"HD 92788 c","HD 92788","TIC 169248301",11611.29750000000,,,5744.00,4.390000,1.140000,1.150000,"Radial Velocity","La Silla Observatory",1
"Kepler-1423 b","Kepler-1423","TIC 121599740",23.95537800000,,3.1850000,4939.00,4.590000,0.750000,0.790000,"Transit","Kepler",1
"HD 37124 b","HD 37124","TIC 19631691",154.37800000000,,,,,,0.850000,"Radial Velocity","W. M. Keck Observatory",1
"WASP-162 b","WASP-162","TIC 308098254",9.62468000000,0.87000000,4.2576000,5300.00,4.330000,1.110000,0.950000,"Transit","SuperWASP-South",1
"Kepler-949 b","Kepler-949","TIC 268060310",8.68930729600,,2.5913000,5403.00,4.530000,0.860000,0.890000,"Transit","Kepler",1
"Kepler-293 b","Kepler-293","TIC 158216544",19.25419600000,,4.5330000,5804.00,4.504000,0.957000,,"Transit","Kepler",1
"TOI-778 b","TOI-778","TIC 335630746",4.63361100000,,3.7600000,6643.00,4.050000,1.710000,1.400000,"Transit","Transiting Exoplanet Survey Satellite (TESS)",1
"Kepler-1525 b","Kepler-1525","TIC 290033595",2.41660118300,,1.9656000,5748.00,4.440000,1.040000,1.070000,"Transit","Kepler",1
"HAT-P-49 b","HAT-P-49","TIC 99224131",2.69155000000,0.63000000,,6820.00,4.100000,2.060000,2.220000,"Transit","HATNet",1
"Kepler-1753 b","Kepler-1753","TIC 158664331",16.00460052000,,,5180.00,4.597000,0.769000,0.860000,"Transit","Kepler",1
"TOI-756 c","TOI-756","TIC 73649615",149.40000000000,,,3657.00,4.735000,0.505000,0.505000,"Radial Velocity","La Silla Observatory",1
"Kepler-954 b","Kepler-954","TIC 27645404",16.78176602000,,3.7533000,4990.00,4.590000,0.760000,0.820000,"Transit","Kepler",1
"Wolf 1061 d","Wolf 1061","TIC 413948621",217.21000000000,,,3342.00,,0.307000,0.294000,"Radial Velocity","La Silla Observatory",1
"WASP-14 b","WASP-14","TIC 347430350",2.24375000000,1.00000000,,6475.00,4.070000,1.400000,1.620000,"Transit","SuperWASP",1
"WASP-100 b","WASP-100","TIC 38846515",2.84938000000,0.76000000,,6900.00,4.350000,1.570000,0.770000,"Transit","SuperWASP",1
"TOI-1448 b","TOI-1448","TIC 343628284",8.11224500000,,,3412.00,4.849000,0.380000,0.372000,"Transit","Transiting Exoplanet Survey Satellite (TESS)",1
"Lupus-TR-3 b","Lupus-TR-3","TIC 153091721",3.91405000000,,,5000.00,4.500000,0.820000,0.870000,"Transit","Multiple Observatories",1
"MOA-2011-BLG-262L b","MOA-2011-BLG-262L",,,,,,,,0.110000,"Microlensing","MOA",1
"K2-353 b","K2-353","TIC 115010361",15.46680500000,,3.3900000,5698.00,4.380000,0.990000,0.870000,"Transit","K2",1
"TOI-2068 b","TOI-2068","TIC 417931300",7.76891500000,0.09700000,2.0600000,3710.00,4.729000,0.535000,0.559000,"Transit","Transiting Exoplanet Survey Satellite (TESS)",1
"Kepler-88 d","KOI-142","TIC 122712595",1403.00000000000,,,5466.00,,0.897000,0.990000,"Radial Velocity","W. M. Keck Observatory",1
"KMT-2025-BLG-0975L b","KMT-2025-BLG-0975L",,,,,,,,0.100000,"Microlensing","KMTNet",1
"Kepler-414 b","Kepler-414","TIC 28357724",4.70000000000,,,,,0.946000,0.890000,"Transit","Kepler",1
"HD 12648 b","HD 12648","TIC 397288169",133.60001000000,,,4835.00,2.180000,11.020000,0.670000,"Radial Velocity","Bohyunsan Optical Astronomical Observatory",1
"HD 102888 b","HD 102888","TIC 397394991",252.06000000000,,,4990.00,2.870000,8.600000,2.420000,"Radial Velocity","La Silla Observatory",1
"KOI-1783.02","KOI-1783","TIC 159051209",284.21500000000,,,5922.00,4.300000,1.143000,1.076000,"Transit","Kepler",1
"HD 73583 c","HD 73583","TIC 101011575",18.87974000000,,3.6700000,4511.00,4.620000,0.650000,0.730000,"Transit","Transiting Exoplanet Survey Satellite (TESS)",1
"TOI-1696 b","TOI-1696","TIC 470381900",2.50031100000,,1.0000000,3185.00,4.959000,0.277500,0.255000,"Transit","Transiting Exoplanet Survey Satellite (TESS)",1
"Kepler-396 b","Kepler-396","TIC 27769688",42.99400000000,,,,4.320000,1.060000,0.850000,"Transit","Kepler",1
"Kepler-602 b","Kepler-602","TIC 272180918",15.28469497000,,5.9010000,6062.00,4.370000,1.130000,1.080000,"Transit","Kepler",1
"GJ 180 c","GJ 180","TIC 246902275",24.32900000000,,,3371.00,,,0.430000,"Radial Velocity","Multiple Observatories",1
"Kepler-113 c","Kepler-113","TIC 298834019",8.92507000000,,,4725.00,4.636000,0.690000,0.750000,"Transit","Kepler",1
"Kepler-147 c","Kepler-147","TIC 121458206",33.41642300000,,7.2930000,6012.00,4.182000,1.468000,,"Transit","Kepler",1
"HD 12235 b","HD 12235","TIC 422679659",4.36305000000,,,,,,1.100000,"Radial Velocity","Multiple Observatories",1
"HD 25912 b","HD 25912","TIC 237356930",41.83156000000,,,,,,1.080000,"Radial Velocity","Multiple Observatories",1
"KMT-2021-BLG-1105L b","KMT-2021-BLG-1105L",,,,,,,,0.630000,"Microlensing","KMTNet",1
"Kepler-867 b","Kepler-867","TIC 399915645",150.24212700000,,10.9790000,5541.00,4.490000,0.910000,0.920000,"Transit","Kepler",1
"L 363-38 b","L 363-38","TIC 118585685",8.78100000000,,,3129.00,4.970000,0.274000,0.210000,"Radial Velocity","Paranal Observatory",1
"Kepler-139 f","Kepler-139","TIC 123450224",355.00000000000,,,5630.00,,1.045000,1.078000,"Transit Timing Variations","Multiple Observatories",1
"EPIC 206024342 b","EPIC 206024342","TIC 75266189",4.50756000000,,,,,,0.928000,"Transit","K2",1
"TOI-1224 b","TOI-1224","TIC 299798795",4.17827450000,0.22800000,,3326.00,,0.404000,0.400000,"Transit","Transiting Exoplanet Survey Satellite (TESS)",1
"Kepler-1044 b","Kepler-1044","TIC 275488493",6.77408868000,,2.6196000,5985.00,4.380000,1.110000,1.080000,"Transit","Kepler",1
"TYC 3667-1280-1 b","TYC 3667-1280-1","TIC 312545949",26.46800000000,,,5130.00,3.110000,6.260000,1.870000,"Radial Velocity","McDonald Observatory",1
"Kepler-850 b","Kepler-850","TIC 26751527",7.19303878000,,3.4350000,5932.00,4.390000,1.090000,1.060000,"Transit","Kepler",1
"HD 99706 b","HD 99706","TIC 148680230",841.00000000000,,,4862.00,3.090000,5.520000,1.460000,"Radial Velocity","W. M. Keck Observatory",1
"TOI-2267 d","TOI-2267 B",,2.03446710000,,,,,0.130000,,"Transit","Transiting Exoplanet Survey Satellite (TESS)",1
"TOI-1775 b","TOI-1775","TIC 9348006",10.24055490000,,3.6638722,5284.00,4.565000,0.828800,0.921800,"Transit","Transiting Exoplanet Survey Satellite (TESS)",1
"Kepler-298 d","Kepler-298","TIC 48217868",77.47363300000,,4.4330000,4465.00,4.709000,0.582000,,"Transit","Kepler",1
"K2-233 b","K2-233","TIC 428820090",2.46758300000,,1.8820000,4796.00,4.530000,0.710000,0.790000,"Transit","K2",1
"EPIC 220492298 b","EPIC 220492298","TIC 257802602",0.76240600000,,,5620.00,4.500000,0.890000,,"Transit","K2",1
"pi Men d","HD 39091","TIC 261136679",124.64000000000,,,5998.00,,1.190000,1.070000,"Radial Velocity","La Silla Observatory",1
"K2-380 b","K2-380","TIC 90605642",9.40131200000,,,5911.00,4.194000,1.320000,0.993000,"Transit","K2",1
"K2-170 c","K2-170","TIC 188509935",12.40004700000,,,5748.00,4.340000,0.981614,0.963657,"Transit","K2",1
"TOI-1386 c","TOI-1386","TIC 343019899",232.00000000000,,,5735.00,4.431000,1.023500,1.036300,"Radial Velocity","W. M. Keck Observatory",1
"Kepler-1262 b","Kepler-1262","TIC 158794459",8.67900242000,,2.8350000,5771.00,4.450000,0.980000,0.990000,"Transit","Kepler",1
"TOI-4153 b","TOI-4153","TIC 470171739",4.61741410000,0.93230000,4.5122000,6860.00,4.224000,1.605000,1.572000,"Transit","Transiting Exoplanet Survey Satellite (TESS)",1
"MOA-2020-BLG-108L b","MOA-2020-BLG-108L",,,,,,,,0.580000,"Microlensing","MOA",1
"TOI-7189 b","TOI-7189","TIC 18885659",2.89055000000,,2.0330000,3775.00,4.670000,0.591000,0.612000,"Transit","Transiting Exoplanet Survey Satellite (TESS)",1
"Gl 725 A b","Gl 725 A","TIC 359676790",11.22010000000,,,3433.00,4.870000,0.351000,0.330000,"Radial Velocity","Multiple Observatories",1
"HD 202206 b","HD 202206","TIC 24294415",256.26000000000,,,5764.23,4.390000,1.040000,1.060000,"Radial Velocity","La Silla Observatory",1
"HIP 81991 b","HIP 81991","TIC 276855687",5860.00000000000,,,5100.00,,,1.090000,"Radial Velocity","Multiple Facilities",1
"Gl 725 B c","Gl 725 B","TIC 392572237",37.90000000000,,,3379.00,4.820000,0.280000,0.250000,"Radial Velocity","Mauna Kea Observatory",1
"TOI-7265 B b","TOI-7265 B","TIC 275717567",4.17232000000,,2.0670000,3503.00,4.770000,0.497000,0.521000,"Transit","Transiting Exoplanet Survey Satellite (TESS)",1
"TOI-4492 b","TOI-4492","TIC 298297931",4.43318240000,,3.9520000,5711.00,4.363000,1.222000,1.067000,"Transit","Transiting Exoplanet Survey Satellite (TESS)",1
"OGLE-2014-BLG-0676L b","OGLE-2014-BLG-0676L",,,,,,,,0.600000,"Microlensing","OGLE",1
"KOI-134 c","KOI-134","TIC 271772050",33.95000000000,,,6160.00,4.110000,1.667000,1.407000,"Transit Timing Variations","Kepler",1
"Kepler-37 b","Kepler-37","TIC 164652245",13.36702000000,,,5357.00,,0.789000,0.790000,"Transit","Kepler",1
"TOI-1694 b","TOI-1694","TIC 396740648",3.77013890000,,2.1780000,5005.00,4.536000,0.812000,0.828000,"Transit","Transiting Exoplanet Survey Satellite (TESS)",1
"TOI-2384 b","TOI-2384","TIC 382602147",2.13570304000,,1.8910000,3943.00,4.660000,0.611300,0.635000,"Transit","Transiting Exoplanet Survey Satellite (TESS)",1
"TOI-5628 A b","TOI-5628 A","TIC 135100529",4.34166120000,,,3310.00,,0.350000,0.360000,"Transit","Transiting Exoplanet Survey Satellite (TESS)",1
"HD 125136 b","HD 125136","TIC 401505871",849.77000000000,,,4959.00,3.110000,5.390000,1.550000,"Radial Velocity","La Silla Observatory",1
"HD 202206 c","HD 202206","TIC 24294415",1299.22000000000,,,5764.23,4.390000,1.040000,1.060000,"Radial Velocity","La Silla Observatory",1
"TOI-603 b","TOI-603","TIC 262746281",16.17984600000,,6.8340000,6027.00,4.255000,1.477000,1.240000,"Transit","Transiting Exoplanet Survey Satellite (TESS)",1
"TOI-5806 b","TOI-5806","TIC 283621618",3.18563810000,,2.0160000,6730.00,4.256000,1.387000,1.333000,"Transit","Transiting Exoplanet Survey Satellite (TESS)",1
"TOI-5916 b","TOI-5916","TIC 305506996",2.36712341000,,1.7760000,3541.00,4.790000,0.487000,0.518000,"Transit","Transiting Exoplanet Survey Satellite (TESS)",1
"TOI-286 b","TOI-286","TIC 150030205",4.51172440000,,2.0400000,5152.00,4.590000,0.780000,0.832000,"Transit","Transiting Exoplanet Survey Satellite (TESS)",1
"TOI-2406 b","TOI-2406","TIC 212957629",3.07668910000,,,3100.00,5.041000,0.204000,0.166000,"Transit","Transiting Exoplanet Survey Satellite (TESS)",1
"TOI-7393 b","TOI-7393","TIC 165598669",3.33708000000,,1.7390000,3927.00,4.730000,0.582000,0.600000,"Transit","Transiting Exoplanet Survey Satellite (TESS)",1
"TOI-7169 b","TOI-7169","TIC 372048733",3.43731250000,1.02300000,4.0517000,5714.00,3.913000,1.500000,0.885000,"Transit","Transiting Exoplanet Survey Satellite (TESS)",1
"TOI-2114 b","TOI-2114","TIC 9828416",6.20995900000,,4.5150000,6400.00,4.030000,1.970000,1.309000,"Transit","Transiting Exoplanet Survey Satellite (TESS)",1
"TOI-2095 c","TOI-2095","TIC 235678745",28.17232000000,,,3759.00,5.110000,0.440000,0.440000,"Transit","Transiting Exoplanet Survey Satellite (TESS)",1
"HD 80653 b","HD 80653","TIC 55315929",0.71957926000,,1.7250000,5959.00,4.342000,1.199000,1.150000,"Transit","K2",1
"K2-312 c","HD 80653","TIC 55315929",871.32000000000,,,5959.00,4.342000,1.199000,1.150000,"Radial Velocity","Roque de los Muchachos Observatory",1
"TOI-762 A b","TOI-762 A","TIC 178709444",3.47168260000,,1.3890000,3266.00,4.827000,0.425000,0.442000,"Transit","Transiting Exoplanet Survey Satellite (TESS)",1
"Kepler-725 b","Kepler-725","TIC 164652841",39.64372000000,1.26600000,6.5040000,5395.00,,0.880000,0.950000,"Transit","Kepler",1
"HD 60779 b","HD 60779","TIC 65672998",29.98617500000,,2.8220000,6081.00,4.356000,1.129000,1.050000,"Transit","Transiting Exoplanet Survey Satellite (TESS)",1
"HD 60779 c","HD 60779","TIC 65672998",104.79000000000,,,6081.00,4.356000,1.129000,1.050000,"Radial Velocity","Roque de los Muchachos Observatory",1
"K2-24 b","K2-24","TIC 68048686",20.88959610000,,5.3848800,5726.00,4.480000,1.185000,1.091000,"Transit","K2",1
"K2-24 c","K2-24","TIC 68048686",42.34732000000,,6.4968000,5726.00,4.480000,1.185000,1.091000,"Transit","K2",1
"TOI-4438 b","TOI-4438","TIC 22233480",7.44629500000,,1.9200000,3501.00,4.670000,0.365000,0.345000,"Transit","Transiting Exoplanet Survey Satellite (TESS)",1
"LP 714-47 b","LP 714-47","TIC 70899085",4.05203200000,,1.5200000,4123.00,4.600000,0.536000,0.542000,"Transit","Transiting Exoplanet Survey Satellite (TESS)",1
"TOI-4504 b","TOI-4504","TIC 349972412",2.42615160000,,,,4.443000,0.930000,0.875000,"Transit","Transiting Exoplanet Survey Satellite (TESS)",1
"TOI-4504 c","TOI-4504","TIC 349972412",82.81909300000,,,,4.443000,0.930000,0.875000,"Transit","Transiting Exoplanet Survey Satellite (TESS)",1
"TOI-4504 d","TOI-4504","TIC 349972412",41.28719750000,,,,4.443000,0.930000,0.875000,"Transit Timing Variations","Multiple Observatories",1
"TOI-1422 c","TOI-1422","TIC 333473672",34.56330000000,,6.1200000,,,,,"Radial Velocity","Roque de los Muchachos Observatory",1
"TOI-1062 c","TOI-1062","TIC 299799658",7.97200000000,,,5328.00,4.550000,0.840000,0.940000,"Radial Velocity","La Silla Observatory",1
"TOI-1422 b","TOI-1422","TIC 333473672",12.99894000000,,4.4600000,,,,,"Transit","Transiting Exoplanet Survey Satellite (TESS)",1
"MOA-2010-BLG-117L b","MOA-2010-BLG-117L",,,,,,,,0.580000,"Microlensing","MOA",1
"Kepler-1325 b","Kepler-1325","TIC 164828023",33.87868380000,,5.8110000,5550.00,4.500000,0.910000,0.930000,"Transit","Kepler",1
"GJ 514 b","GJ 514","TIC 404519959",140.43000000000,,,3728.00,4.760000,0.500000,0.510000,"Radial Velocity","Multiple Observatories",1
"Kepler-402 e","Kepler-402","TIC 158725491",11.24286100000,,4.1940000,6090.00,4.278000,1.264000,,"Transit","Kepler",1
"TOI-2981 b","TOI-2981","TIC 287145649",3.60150100000,,3.0700000,5940.00,4.280000,1.080000,1.030000,"Transit","Transiting Exoplanet Survey Satellite (TESS)",1
"Kepler-1710 b","Kepler-1710","TIC 137316027",14.91110039000,,,5650.00,4.500000,0.899000,0.932000,"Transit","Kepler",1
"TOI-1259 A b","TOI-1259 A","TIC 288735205",3.47797920000,,,,,0.715000,0.746000,"Transit","Transiting Exoplanet Survey Satellite (TESS)",1
"TOI-1774.01","TOI-1774","TIC 4897275",16.70988000000,,5.4100000,5746.00,4.330000,1.130300,0.991000,"Transit","Transiting Exoplanet Survey Satellite (TESS)",1
"TOI-2285 b","TOI-2285","TIC 329148988",13.63510900000,,,3491.00,,0.464000,0.454000,"Transit","Transiting Exoplanet Survey Satellite (TESS)",1
"K2-249 b","K2-249","TIC 176910179",12.40900000000,0.02400000,5.9000000,6504.00,4.160000,1.570000,1.320000,"Transit","K2",1
"K2-368 b","K2-368","TIC 38136597",5.02559800000,,,4663.00,4.667000,0.663000,0.746000,"Transit","K2",1
"2MASS J03590986+2009361 b","2MASS J03590986+2009361","TIC 14183352",,,,,,,,"Imaging","European Space Agency (ESA) Gaia Satellite",1
"Kepler-1663 b","Kepler-1663","TIC 407001589",17.60460000000,,,3844.00,4.627240,0.628590,0.610816,"Transit","Kepler",1
"K2-219 c","K2-219","TIC 266014079",6.66767000000,,,5753.00,4.230000,1.189232,1.021545,"Transit","K2",1
"Kepler-1169 b","Kepler-1169","TIC 271354748",6.11009134000,,2.4470000,6191.00,4.350000,1.230000,1.240000,"Transit","Kepler",1
"Kepler-1060 b","Kepler-1060","TIC 120691237",46.87793670000,,9.6350000,5797.00,4.440000,0.990000,0.990000,"Transit","Kepler",1
"Kepler-107 c","Kepler-107","TIC 27988327",4.90145200000,,,5854.00,,1.447000,1.238000,"Transit","Kepler",1
"Kepler-99 b","Kepler-99","TIC 169462917",4.60358000000,,,4782.00,4.605000,0.730000,0.790000,"Transit","Kepler",1
"HD 233604 b","HD 233604","TIC 150184553",192.00000000000,,,4791.00,2.550000,10.900000,1.500000,"Radial Velocity","McDonald Observatory",1
"Kepler-368 b","Kepler-368","TIC 63066763",26.84768000000,,10.0850000,5502.00,3.903000,2.019000,,"Transit","Kepler",1
"Kepler-1856 b","Kepler-1856","TIC 27687265",1.30200004600,,,4948.00,4.508000,0.816000,0.782000,"Transit","Kepler",1
"TIC 241249530 b","TIC 241249530","TIC 241249530",165.77190000000,,,6166.00,4.230000,1.397000,1.271000,"Transit","Transiting Exoplanet Survey Satellite (TESS)",1
"WASP-67 b","WASP-67","TIC 68952448",4.61442000000,1.80000000,,5200.00,4.350000,0.880000,0.910000,"Transit","SuperWASP",1
"NGTS-38 b","NGTS-38","TIC 65910228",180.52797000000,,14.8600000,6310.00,4.060000,1.880000,1.460000,"Transit","Transiting Exoplanet Survey Satellite (TESS)",1
"KMT-2023-BLG-0332L b","KMT-2023-BLG-0332L",,,,,,,,0.540000,"Microlensing","KMTNet",1
"TOI-2345 c","TOI-2345","TIC 91555165",21.06430200000,,,4687.00,4.570000,0.729000,0.727000,"Transit","Transiting Exoplanet Survey Satellite (TESS)",1
"TOI-5599 b","TOI-5599","TIC 159160230",5.43691503941,,4.5164437,6137.02,4.051600,1.913340,,"Transit","Transiting Exoplanet Survey Satellite (TESS)",1
"Kepler-562 b","Kepler-562","TIC 159301821",18.00931443600,,4.9713000,5575.00,4.500000,0.900000,0.930000,"Transit","Kepler",1
"EPIC 248847494 b","EPIC 248847494","TIC 392876254",3650.00000000000,0.18000000,53.6000000,4898.00,3.520000,2.700000,0.900000,"Transit","K2",1
"GJ 414 A b","GJ 414 A","TIC 9001920",50.80000000000,,,4120.00,4.650000,0.680000,0.650000,"Radial Velocity","W. M. Keck Observatory",1
"K2-204 b","K2-204","TIC 248351386",7.05590800000,0.05380000,4.5696000,5783.00,4.273000,1.253000,1.076000,"Transit","K2",1
"Kepler-179 c","Kepler-179","TIC 268057162",6.40013000000,,1.8420000,5302.00,4.613000,0.759000,,"Transit","Kepler",1
"HD 221420 b","HD 221420","TIC 277890728",10090.00000000000,,,5847.00,4.030000,1.947000,1.351000,"Radial Velocity","Anglo-Australian Telescope",1
"NSVS 14256825 b","NSVS 14256825","TIC 404635917",3225.00000000000,,,40000.00,,0.188000,0.419000,"Eclipse Timing Variations","Multiple Observatories",1
"TYC 8998-760-1 c","TYC 8998-760-1","TIC 449888653",,,,,,,1.000000,"Imaging","Paranal Observatory",1
"HD 36384 b","HD 36384","TIC 418343111",490.00000000000,,,3940.00,1.100000,38.400000,1.140000,"Radial Velocity","Bohyunsan Optical Astronomical Observatory",1
"TOI-905 b","TOI-905","TIC 261867566",3.73949400000,1.71800000,2.0280000,5570.00,4.498000,0.918000,0.968000,"Transit","Transiting Exoplanet Survey Satellite (TESS)",1
"TOI-1806.01","TOI-1806","TIC 166648874",15.14546930000,,2.5830151,3272.00,4.825210,0.401575,0.392935,"Transit","Transiting Exoplanet Survey Satellite (TESS)",1
"Kepler-60 d","Kepler-60","TIC 158923465",11.89810000000,,,5905.00,,1.257000,1.041000,"Transit","Kepler",1
"Kepler-156 b","Kepler-156","TIC 122374620",4.97345600000,,1.5790000,5094.00,4.552000,0.807000,,"Transit","Kepler",1
"HD 99283 b","HD 99283","TIC 341687229",310.40000000000,,,4886.00,2.570000,11.210000,1.760000,"Radial Velocity","Okayama Astrophysical Observatory",1
"GJ 720 A b","GJ 720 A","TIC 122958010",19.46600000000,,,3837.00,4.710000,0.560000,0.570000,"Radial Velocity","Roque de los Muchachos Observatory",1
"Kepler-1888 b","Kepler-1888","TIC 122066892",11.39169979000,,,5557.00,4.198000,1.249000,0.897000,"Transit","Kepler",1
"Kepler-1001 c","Kepler-1001","TIC 405719252",9.18186000000,,,5376.00,4.561640,0.836475,0.930000,"Transit","Kepler",1
"TOI-3523 A b","TOI-3523 A","TIC 417047499",2.30458952000,1.02200000,3.6500000,6450.00,4.171000,1.448000,1.131000,"Transit","Transiting Exoplanet Survey Satellite (TESS)",1
"Kepler-950 b","Kepler-950","TIC 121461701",98.71804060000,,6.4184000,5857.00,4.440000,1.020000,1.020000,"Transit","Kepler",1
"Kepler-1094 b","Kepler-1094","TIC 137549134",78.10002310000,,8.3220000,6112.00,4.330000,1.210000,1.140000,"Transit","Kepler",1
"HD 126614 b","HD 126614","TIC 287973473",1257.25303000000,,,,,,0.960000,"Radial Velocity","W. M. Keck Observatory",1
"K2-172 b","K2-172","TIC 188507501",14.31694100000,,,5569.00,4.610000,0.868889,0.934356,"Transit","K2",1
"TOI-2416 b","TOI-2416","TIC 237922465",8.27547900000,,,5808.00,4.303000,1.236000,1.118000,"Transit","Transiting Exoplanet Survey Satellite (TESS)",1
"K2-32 b","K2-32","TIC 437444661",8.99200000000,,3.4880000,5271.00,4.490000,0.860000,0.830000,"Transit","K2",1
"K2-149 b","K2-149","TIC 429035886",11.33200000000,,,3745.00,4.707000,0.568000,0.595000,"Transit","K2",1
"TOI-921 b","TOI-921","TIC 278775625",5.12871907628,,2.1590444,6011.66,4.344700,1.141650,,"Transit","Transiting Exoplanet Survey Satellite (TESS)",1
"Kepler-154 d","Kepler-154","TIC 416282268",20.54981883000,,5.4586000,5769.00,4.450000,0.980000,0.980000,"Transit","Kepler",1
"Kepler-1453 b","Kepler-1453","TIC 158175366",47.16116960000,,4.0590000,5665.00,4.480000,0.940000,0.970000,"Transit","Kepler",1
"TOI-791 b","TOI-791","TIC 306472057",139.29931000000,0.54280000,12.3660000,6294.00,3.710000,1.474000,1.280000,"Transit","Transiting Exoplanet Survey Satellite (TESS)",1
"Kepler-243 c","Kepler-243","TIC 164886497",20.02621800000,,1.3190000,5228.00,4.565000,0.842000,,"Transit","Kepler",1
"Kepler-439 b","Kepler-439","TIC 123202589",178.13960000000,,9.5900000,5431.00,4.514000,0.866000,0.884000,"Transit","Kepler",1
"17 Sco b","17 Sco","TIC 135596590",578.38000000000,,,4157.00,1.700000,25.920000,1.220000,"Radial Velocity","Lick Observatory",1
"Kepler-445 d","Kepler-445","TIC 268060194",8.15275000000,,1.3860000,3157.00,,0.210000,0.180000,"Transit","Kepler",1
"Kepler-423 b","Kepler-423","TIC 63452790",2.68432850000,1.58720000,2.7220000,5560.00,4.410000,0.950000,0.850000,"Transit","Kepler",1
"OGLE-2018-BLG-0596L b","OGLE-2018-BLG-0596L",,,,,,,,0.231000,"Microlensing","OGLE",1
"HD 110113 b","HD 110113","TIC 73228647",2.54100000000,,2.3760000,5732.00,4.460000,0.968000,0.997000,"Transit","Transiting Exoplanet Survey Satellite (TESS)",1
"K2-155 c","K2-155","TIC 17307715",13.85000000000,0.10300000,3.5280000,4258.00,4.600000,0.580000,0.650000,"Transit","K2",1
"Kepler-1177 b","Kepler-1177","TIC 399826020",106.24754700000,,13.6680000,5712.00,4.460000,0.970000,0.980000,"Transit","Kepler",1
"Kepler-1032 b","Kepler-1032","TIC 122139228",3.29011795300,,1.5469000,4647.00,4.620000,0.710000,0.770000,"Transit","Kepler",1
"DMPP-8 b","DMPP-8","TIC 318042295",62.91500000000,,,,,1.240000,0.990000,"Radial Velocity","Multiple Observatories",1
"CoRoT-1 b","CoRoT-1","TIC 36352297",1.50895570000,1.92654000,,5950.00,4.250000,1.110000,0.950000,"Transit","CoRoT",1
"HD 5278 c","HD 5278","TIC 263003176",40.87000000000,,,6203.00,4.500000,1.194000,1.126000,"Radial Velocity","Paranal Observatory",1
"Kepler-53 b","Kepler-53","TIC 122446315",18.64895250000,,4.4815000,5858.00,4.530000,0.890000,0.980000,"Transit","Kepler",1
"Qatar-4 b","Qatar-4","TIC 440113053",1.80535640000,1.90200000,2.1384000,5215.00,4.533000,0.849000,0.896000,"Transit","Qatar",1
"TOI-1695 b","TOI-1695","TIC 422756130",3.13427910000,0.12360000,1.3110000,3690.00,4.725000,0.515000,0.513000,"Transit","Transiting Exoplanet Survey Satellite (TESS)",1
"Kepler-688 b","Kepler-688","TIC 378085713",3.89593684400,,2.3389000,5715.00,4.470000,0.960000,0.980000,"Transit","Kepler",1
"HD 217107 c","HD 217107","TIC 38271828",5138.70000000000,,,,,1.224500,1.045000,"Radial Velocity","Lick Observatory",1
"K2-419 A b","K2-419 A","TIC 437054764",20.35847252000,,3.5740000,3711.00,4.740000,0.541000,0.562000,"Transit","K2",1
"Kapteyn c","Kapteyn","TIC 200385493",121.54000000000,,,3550.00,,0.291000,0.281000,"Radial Velocity","Multiple Observatories",1
"HD 92788 b","HD 92788","TIC 169248301",325.80300000000,,,5744.00,4.390000,1.140000,1.150000,"Radial Velocity","Multiple Observatories",1
"Kepler-715 b","Kepler-715","TIC 164552984",10.00652995000,,5.2180000,5871.00,4.420000,1.040000,1.040000,"Transit","Kepler",1
"Kepler-1629 b","Kepler-1629","TIC 351766445",3.87595807000,,2.2260000,5776.00,4.440000,1.010000,1.010000,"Transit","Kepler",1
"Kepler-357 d","Kepler-357","TIC 159649595",49.49987500000,,6.5940000,5036.00,4.503000,0.834000,,"Transit","Kepler",1
"Kepler-510 b","Kepler-510","TIC 121327187",19.55659418000,,8.0855000,5746.00,4.090000,1.410000,0.910000,"Transit","Kepler",1
"Kepler-1919 b","Kepler-1919","TIC 164459883",37.88660049000,,,5513.00,4.551000,0.818000,0.868000,"Transit","Kepler",1
"KMT-2021-BLG-0736L b","KMT-2021-BLG-0736L",,,,,,,,0.600000,"Microlensing","KMTNet",1
"K2-190 c","K2-190","TIC 392469577",21.57402300000,,,5631.00,4.380000,0.912206,0.904597,"Transit","K2",1
"HD 13931 b","HD 13931","TIC 292851928",4218.00000000000,,,5867.00,4.360000,1.250000,1.300000,"Radial Velocity","W. M. Keck Observatory",1
"Kepler-1388 e","Kepler-1388","TIC 164524311",37.63270840000,,4.5470000,4098.00,4.670000,0.610000,0.630000,"Transit","Kepler",1
"K2-43 c","K2-43","TIC 443616612",2.19888400000,,,3840.60,,0.542000,0.571000,"Transit","K2",1
"WASP-23 b","WASP-23","TIC 170102285",2.94442560000,1.69100000,2.3942400,5150.00,4.400000,0.765000,0.780000,"Transit","SuperWASP",1
"Kepler-732 b","Kepler-732","TIC 164555597",9.46781404800,,2.4437000,3631.00,4.790000,0.460000,0.490000,"Transit","Kepler",1
"TOI-7008 b","TOI-7008","TIC 335661164",0.84069041367,,1.6702296,5116.06,4.473100,0.952550,,"Transit","Transiting Exoplanet Survey Satellite (TESS)",1
"Kepler-185 c","Kepler-185","TIC 123490444",20.72904200000,,2.7810000,5208.00,4.545000,0.806000,,"Transit","Kepler",1
"TOI-1227 b","TOI-1227","TIC 360156606",27.36397000000,,4.8310000,3072.00,,0.560000,0.170000,"Transit","Transiting Exoplanet Survey Satellite (TESS)",1
"KMT-2020-BLG-0202L b","KMT-2020-BLG-0202L",,,,,,,,0.810000,"Microlensing","KMTNet",1
"KOI-7368 b","KOI-7368","TIC 27010191",6.84303440000,,2.7900000,5241.00,4.499000,0.874000,0.879000,"Transit","Kepler",1
"Kepler-1225 b","Kepler-1225","TIC 122595850",7.01075434000,,2.1522000,6140.00,4.340000,1.190000,1.130000,"Transit","Kepler",1
"Kepler-1039 b","Kepler-1039","TIC 274020852",0.93488424200,,1.4174000,4870.00,4.600000,0.740000,0.790000,"Transit","Kepler",1
"Kepler-407 c","Kepler-407","TIC 405688133",3000.00000000000,,,5476.00,4.426000,1.010000,1.000000,"Radial Velocity","W. M. Keck Observatory",1
"Kepler-971 b","Kepler-971","TIC 120105003",9.59070716000,,3.4847000,5431.00,4.540000,0.850000,0.880000,"Transit","Kepler",1
"Kepler-1967 b","Kepler-1967","TIC 268604336",7.28169012100,,,4970.00,3.924000,1.806000,0.996000,"Transit","Kepler",1
"Kepler-154 c","Kepler-154","TIC 416282268",62.30327600000,,7.5100000,5690.00,4.415000,1.001000,,"Transit","Kepler",1
"GJ 251 c","GJ 251","TIC 68581262",53.64700000000,,,3342.00,4.870000,0.360000,0.350000,"Radial Velocity","Multiple Observatories",1
"HD 188015 b","HD 188015","TIC 11499710",461.20000000000,,,5746.00,4.445000,,1.090000,"Radial Velocity","W. M. Keck Observatory",1
"Kepler-419 c","Kepler-419","TIC 27454084",675.47000000000,,,6430.00,4.100000,1.740000,1.390000,"Transit Timing Variations","Kepler",1
"TOI-2081 b","TOI-2081","TIC 321669174",10.50534000000,,,3800.00,4.500000,0.534000,0.540000,"Transit","Transiting Exoplanet Survey Satellite (TESS)",1
"Kepler-1133 b","Kepler-1133","TIC 275569784",11.55562343000,,1.6536000,5569.00,4.500000,0.900000,0.930000,"Transit","Kepler",1
"BEBOP-4 AB b","BEBOP-4 A","TIC 356710041",1823.50000000000,,,,,,1.507000,"Radial Velocity","Haute-Provence Observatory",1
"Kepler-1875 b","Kepler-1875","TIC 27912377",34.45859909000,,,6161.00,4.545000,0.862000,0.950000,"Transit","Kepler",1
"BEBOP-3 b","BEBOP-3","TIC 289949453",547.00000000000,,,6033.00,4.203000,1.414000,1.083000,"Radial Velocity","Haute-Provence Observatory",1
"K2-49 b","K2-49","TIC 325335564",2.77065000000,,2.3070000,4175.00,4.810000,0.450000,0.510000,"Transit","K2",1
"TOI-5630 b","TOI-5630","TIC 316416562",3.22118452536,,3.4226387,5385.64,4.437300,0.933361,,"Transit","Transiting Exoplanet Survey Satellite (TESS)",1
"Kepler-171 c","Kepler-171","TIC 239229224",11.46346200000,,2.5660000,5642.00,4.566000,0.839000,,"Transit","Kepler",1
"Kepler-1174 b","Kepler-1174","TIC 123408863",6.89225223000,,2.4556000,5936.00,4.420000,1.040000,1.040000,"Transit","Kepler",1
"Kepler-354 d","Kepler-354","TIC 120578185",24.20984200000,,4.3730000,4648.00,4.627000,0.674000,,"Transit","Kepler",1
"TOI-4734 b","TOI-4734","TIC 97714451",6.23563300000,0.29080000,5.8130000,6070.00,4.046000,1.857000,1.391000,"Transit","Transiting Exoplanet Survey Satellite (TESS)",1
"HD 33283 b","HD 33283","TIC 13147218",18.19910000000,,,5935.00,,1.970000,1.380000,"Radial Velocity","W. M. Keck Observatory",1
"WASP-82 b","WASP-82","TIC 452808876",2.70579000000,0.63000000,,6480.00,3.960000,2.100000,1.480000,"Transit","SuperWASP",1
"WASP-117 b","WASP-117","TIC 166739520",10.02165000000,0.80000000,,6040.00,4.280000,1.220000,1.290000,"Transit","SuperWASP",1
"Kepler-328 b","Kepler-328","TIC 184164097",34.92100000000,,,,4.440000,1.060000,1.150000,"Transit","Kepler",1
"Kepler-652 b","Kepler-652","TIC 158660814",4.18200253100,,2.2165000,5490.00,4.540000,0.880000,0.970000,"Transit","Kepler",1
"HD 213519 b","HD 213519","TIC 200215494",11.12214000000,,,,,,1.050000,"Radial Velocity","Multiple Observatories",1
"Kepler-1302 b","Kepler-1302","TIC 417678115",8.83922659000,,1.8030000,5236.00,4.550000,0.820000,0.860000,"Transit","Kepler",1
"HD 15906 c","HD 15906","TIC 4646810",21.58329800000,0.12430000,2.1900000,4757.00,4.490000,0.762000,0.790000,"Transit","Transiting Exoplanet Survey Satellite (TESS)",1
"HD 125390 b","HD 125390","TIC 27354139",1757.39151000000,,,,,,1.820000,"Radial Velocity","W. M. Keck Observatory",1
"HD 7924 d","HD 7924","TIC 468723402",24.45100000000,,,5075.00,4.590000,0.782100,0.832000,"Radial Velocity","W. M. Keck Observatory",1
"Kepler-352 d","Kepler-352","TIC 269271535",6.88727998700,,,5208.00,4.563000,0.772000,0.796000,"Transit","Kepler",1
"HD 176986 d","HD 176986","TIC 39554091",61.37600000000,,,4931.00,4.440000,0.782000,0.789000,"Radial Velocity","Multiple Observatories",1
"TOI-2019 b","TOI-2019","TIC 159781361",15.34440000000,,7.5729251,5626.00,4.025000,1.745700,1.183200,"Transit","Transiting Exoplanet Survey Satellite (TESS)",1
"K2-411 b","K2-411","TIC 440701570",3.21410000000,,,5711.00,4.169300,1.375000,1.018000,"Transit","K2",1
"HD 94890 c","HD 94890","TIC 158543228",2492.19000000000,,,4867.00,2.600000,10.710000,1.740000,"Radial Velocity","La Silla Observatory",1
"KMT-2021-BLG-1898L b","KMT-2021-BLG-1898L",,,,,,,,0.480000,"Microlensing","KMTNet",1
"Kepler-176 e","Kepler-176","TIC 271159950",51.16579000000,,4.7150000,5295.00,4.550000,0.830000,0.870000,"Transit","Kepler",1
"HD 153557 b","HD 153557","TIC 115582979",7.29903000000,,,,,,0.790000,"Radial Velocity","Multiple Observatories",1
"TIC 77552382 b","TIC 77552382","TIC 77552382",3.51025904942,,2.4109865,4981.07,4.524900,0.886956,,"Transit","Transiting Exoplanet Survey Satellite (TESS)",1
"TOI-1230.01","TOI-1230","TIC 287156968",25.05734661842,0.05674246,6.3733023,5696.00,4.265630,1.152810,,"Transit","Transiting Exoplanet Survey Satellite (TESS)",1
"Pr0211 b","Pr0211","TIC 175291727",2.14610000000,,,5300.00,4.510000,0.827000,0.935000,"Radial Velocity","Fred Lawrence Whipple Observatory",1
"HD 96127 b","HD 96127","TIC 252803484",638.90000000000,,,3943.00,,35.000000,0.910000,"Radial Velocity","McDonald Observatory",1
"Kepler-1111 b","Kepler-1111","TIC 271663670",8.79617863000,,3.3986000,6077.00,4.360000,1.150000,1.100000,"Transit","Kepler",1
"GJ 1148 b","GJ 1148","TIC 115869504",41.38000000000,,,3287.00,4.865660,0.358519,0.344045,"Radial Velocity","W. M. Keck Observatory",1
"HD 22496 b","HD 22496","TIC 200851505",5.09071000000,,,4385.00,4.690000,0.674000,0.684000,"Radial Velocity","Paranal Observatory",1
"Kepler-144 c","Kepler-144","TIC 123409401",10.10466500000,,2.2780000,6075.00,4.289000,1.235000,,"Transit","Kepler",1
"Kepler-1598 b","Kepler-1598","TIC 158730471",4.34195123000,,2.6960000,5940.00,4.390000,1.090000,1.070000,"Transit","Kepler",1
"Kepler-78 b","Kepler-78","TIC 270701667",0.35500745000,,,5058.00,,0.747500,0.779000,"Transit","Kepler",1
"Kepler-1004 b","Kepler-1004","TIC 28159194",5.28789787000,,8.5280000,4972.00,3.430000,3.390000,1.110000,"Transit","Kepler",1
"Kepler-130 b","Kepler-130","TIC 121603794",8.45745800000,,3.2480000,5884.00,4.304000,1.127000,,"Transit","Kepler",1
"Kepler-1126 b","Kepler-1126","TIC 352013661",108.59332900000,,7.9880000,5798.00,4.460000,0.930000,0.920000,"Transit","Kepler",1
"Kepler-26 b","Kepler-26","TIC 164833065",12.28000000000,,,3914.00,,0.512000,0.544000,"Transit","Kepler",1
"Kepler-52 c","Kepler-52","TIC 399825554",16.38500210000,,3.1252000,4075.00,4.740000,0.520000,0.540000,"Transit","Kepler",1
"Kepler-1918 b","Kepler-1918","TIC 63214893",47.05640030000,,,5889.00,4.492000,0.924000,0.967000,"Transit","Kepler",1
"Kepler-1416 b","Kepler-1416","TIC 268160061",1.49514952000,,3.1100000,6019.00,4.350000,1.150000,1.090000,"Transit","Kepler",1
"TOI-1772.01","TOI-1772","TIC 85293053",8.05424687400,,3.4202000,5583.00,,0.995000,0.990000,"Transit","Transiting Exoplanet Survey Satellite (TESS)",1
"HD 30177 b","HD 30177","TIC 220408612",2539.00000000000,,,5680.00,,,0.980000,"Radial Velocity","Anglo-Australian Telescope",1
"Kepler-147 b","Kepler-147","TIC 121458206",12.61058400000,,4.4480000,6012.00,4.182000,1.468000,,"Transit","Kepler",1
"HD 87816 c","HD 87816","TIC 138998040",7596.00000000000,,,4989.00,2.860000,9.000000,2.410000,"Radial Velocity","La Silla Observatory",1
"K2-42 b","K2-42","TIC 82054726",6.68796000000,,3.0400000,4613.00,4.659000,0.643000,0.702000,"Transit","K2",1
"KELT-18 b","KELT-18","TIC 293687315",2.87175180000,0.71600000,4.6440000,6670.00,4.059900,1.908000,1.524000,"Transit","KELT-North",1
"Kepler-1762 b","Kepler-1762","TIC 122447896",29.53910065000,,,6572.00,4.365000,1.238000,1.298000,"Transit","Kepler",1
"Kepler-1988 b","Kepler-1988","TIC 268160366",11.49500229000,0.00514000,7.6020000,6033.00,3.985000,1.788000,1.127000,"Transit","Kepler",1
"HD 125271 b","HD 125271","TIC 421255607",14901.99295000000,,,,,,0.750000,"Radial Velocity","Multiple Observatories",1
"Kepler-444 d","Kepler-444","TIC 394172596",6.18939200000,,,5046.00,4.562500,0.752000,0.758000,"Transit","Kepler",1
"Kepler-451 d","2MASS J19383260+4603591","TIC 271164763",43.00000000000,,,29564.00,5.508000,0.203000,0.480000,"Eclipse Timing Variations","Multiple Observatories",1
"Kepler-1124 b","Kepler-1124","TIC 120963454",2.85234897500,,0.7060000,3658.00,4.930000,0.340000,0.350000,"Transit","Kepler",1
"Kepler-178 d","Kepler-178","TIC 158394235",96.67898800000,,6.2760000,5676.00,4.334000,1.066000,,"Transit","Kepler",1
"K2-32 d","K2-32","TIC 437444661",31.71701000000,,4.8880000,5271.00,4.490000,0.860000,0.830000,"Transit","K2",1
"K2-366 b","K2-366","TIC 49512708",15.93703900000,,,5601.00,4.406000,0.940000,0.825000,"Transit","K2",1
"HD 10442 b","HD 10442","TIC 380908091",1032.30000000000,,,4912.00,3.190000,1.970000,1.010000,"Radial Velocity","W. M. Keck Observatory",1
"HD 14067 b","HD 14067","TIC 246937460",2744.00000000000,,,4815.00,2.610000,12.400000,2.400000,"Radial Velocity","Okayama Astrophysical Observatory",1
"7 CMa c","7 CMa","TIC 48237215",996.00000000000,,,4826.00,3.190000,4.870000,1.340000,"Radial Velocity","Multiple Observatories",1
"kap CrB b","kap CrB","TIC 334753043",1253.68000000000,,,4840.00,3.200000,4.680000,1.330000,"Radial Velocity","Lick Observatory",1
"Kepler-276 c","Kepler-276","TIC 138213510",31.88400000000,,,,4.460000,1.030000,1.100000,"Transit","Kepler",1
"Kepler-487 d","Kepler-487","TIC 139158696",2.41839003600,,,5422.00,4.484000,0.887000,0.874000,"Transit","Kepler",1
"HATS-30 b","HATS-30","TIC 281459670",3.17435160000,,2.7504000,5943.00,4.425000,1.061000,1.093000,"Transit","HATSouth",1
"Kepler-656 c","Kepler-656","TIC 158731243",5.25449393000,0.01690000,3.0780000,5550.00,4.500000,0.954000,1.050000,"Transit","Kepler",1
"Kepler-67 b","Kepler-67","TIC 270855225",15.72590000000,,,5331.00,4.594000,0.778000,0.865000,"Transit","Kepler",1
"Kepler-349 c","Kepler-349","TIC 270615037",12.24762900000,,3.2780000,5956.00,4.518000,0.927000,,"Transit","Kepler",1
"Kepler-1873 b","Kepler-1873","TIC 271164726",0.55884200300,,,5151.00,4.592000,0.792000,0.903000,"Transit","Kepler",1
"Kepler-1165 b","Kepler-1165","TIC 158326744",9.47852200000,,6.2230000,6080.00,4.340000,1.180000,1.130000,"Transit","Kepler",1
"Kepler-1774 b","Kepler-1774","TIC 121660779",59.77080154000,,,6214.00,4.382000,1.122000,1.101000,"Transit","Kepler",1
"HD 202772 A b","HD 202772 A","TIC 290131778",3.30887750000,0.46700000,5.6731000,6442.00,3.930000,2.554000,1.721000,"Transit","Transiting Exoplanet Survey Satellite (TESS)",1
"Kepler-1326 b","Kepler-1326","TIC 184417262",42.35142670000,,7.6356000,6725.00,4.120000,1.740000,1.450000,"Transit","Kepler",1
"Kepler-1051 b","Kepler-1051","TIC 138968338",25.96200249000,,6.2696000,6675.00,4.120000,1.730000,1.430000,"Transit","Kepler",1
"Kepler-788 b","Kepler-788","TIC 122224871",8.39846269000,,6.4880000,6159.00,4.320000,1.230000,1.160000,"Transit","Kepler",1
"HIP 70849 b","HIP 70849","TIC 127382459",3649.00000000000,,,,,,0.650000,"Radial Velocity","La Silla Observatory",1
"HATS-28 b","HATS-28","TIC 6663331",3.18107810000,,2.3544000,5498.00,4.476000,0.922000,0.929000,"Transit","HATSouth",1
"HD 153557 d","HD 153557","TIC 115582979",40654.64809000000,,,,,,0.790000,"Radial Velocity","Multiple Observatories",1
"Kepler-251 d","Kepler-251","TIC 272489533",30.13300100000,,4.9190000,5526.00,4.486000,0.890000,,"Transit","Kepler",1
"Kepler-32 f","Kepler-32","TIC 273590427",0.74296000000,0.02240000,0.9360000,3900.00,4.640000,0.530000,0.580000,"Transit","Kepler",1
"Kepler-1592 b","Kepler-1592","TIC 138364751",3.05710069000,,3.5230000,6213.00,4.290000,1.280000,1.180000,"Transit","Kepler",1
"Kepler-283 c","Kepler-283","TIC 270695184",92.74371100000,,6.2790000,4351.00,4.721000,0.566000,,"Transit","Kepler",1
"Kepler-621 b","Kepler-621","TIC 122706051",2.62811374600,,1.8548000,4521.00,4.630000,0.680000,0.720000,"Transit","Kepler",1
"TOI-2141 d","TOI-2141","TIC 287256467",60.45000000000,,,5635.00,4.400000,0.950000,0.896000,"Radial Velocity","Roque de los Muchachos Observatory",1
"Kepler-436 c","Kepler-436","TIC 185408817",16.79713874000,,3.2380000,4685.00,4.620000,0.710000,0.750000,"Transit","Kepler",1
"Kepler-428 b","Kepler-428","TIC 122596693",3.52563254000,,2.6140000,5150.00,4.571000,0.800000,0.870000,"Transit","Kepler",1
"TOI-6041 c","TOI-6041","TIC 192415680",88.00000000000,,,5445.00,4.498000,0.879000,0.885000,"Radial Velocity","Multiple Observatories",1
"Kepler-1346 b","Kepler-1346","TIC 63066410",3.40165668000,,1.7944000,6133.00,4.330000,1.210000,1.140000,"Transit","Kepler",1
"OGLE-2015-BLG-1649L b","OGLE-2015-BLG-1649L",,,,,,,,0.340000,"Microlensing","OGLE",1
"Kepler-445 b","Kepler-445","TIC 268060194",2.98415100000,,1.0304000,3157.00,,0.210000,0.180000,"Transit","Kepler",1
"Kepler-678 b","Kepler-678","TIC 27533282",7.27503724000,,7.5206000,5520.00,4.500000,0.910000,0.940000,"Transit","Kepler",1
"Kepler-169 c","Kepler-169","TIC 120689253",6.19546900000,,3.0560000,4997.00,4.582000,0.763000,,"Transit","Kepler",1
"K2-407 b","K2-407","TIC 422685031",4.94190700000,,,5563.00,4.450000,0.927000,0.881000,"Transit","K2",1
"HD 30856 b","HD 30856","TIC 612908",847.00000000000,,,4895.00,3.200000,4.400000,1.170000,"Radial Velocity","W. M. Keck Observatory",1
"Kepler-1021 b","Kepler-1021","TIC 271537790",13.47469571000,,2.6174000,5431.00,4.530000,0.860000,0.890000,"Transit","Kepler",1
"Kepler-1649 c","Kepler-1649","TIC 137558813",19.53527000000,,1.0700000,3240.00,5.004000,0.231700,0.197700,"Transit","Kepler",1
"GJ 4274 b","GJ 4274","TIC 12652442",1.63390000000,,,3228.00,5.260000,0.190000,0.180000,"Radial Velocity","Mauna Kea Observatory",1
"Kepler-80 g","Kepler-80","TIC 184296619",14.64558000000,,2.1200000,4540.00,4.639000,0.678000,0.830000,"Transit","Kepler",1
"TOI-6016 b","TOI-6016","TIC 327369524",4.02368700000,,5.7000000,6110.00,4.190000,1.510000,1.310000,"Transit","Transiting Exoplanet Survey Satellite (TESS)",1
"Kepler-296 f","Kepler-296","TIC 243271945",63.33627000000,,,3740.00,4.774000,0.480000,0.498000,"Transit","Kepler",1
"TOI-4406 b","TOI-4406","TIC 206541859",30.08364000000,,,6219.00,4.290000,1.290000,1.190000,"Transit","Transiting Exoplanet Survey Satellite (TESS)",1
"TOI-4155 b","TOI-4155","TIC 467331291",3.32072900000,,,5724.00,4.440000,0.950000,1.160000,"Transit","Transiting Exoplanet Survey Satellite (TESS)",1
"Kepler-185 b","Kepler-185","TIC 123490444",1.63290000000,,1.5590000,5208.00,4.545000,0.806000,,"Transit","Kepler",1
"Kepler-1996 b","Kepler-1996","TIC 164892125",32.37618300000,0.07454000,4.4639000,4580.00,4.641000,0.675000,0.748000,"Transit","Kepler",1
"Kepler-1357 b","Kepler-1357","TIC 26472830",3.00913240000,,2.2690000,5597.00,4.500000,0.900000,0.930000,"Transit","Kepler",1
"LkCa 15 c","LkCa 15","TIC 118681038",,,,4194.00,,1.607110,,"Imaging","Large Binocular Telescope Observatory",1
"Kepler-1353 b","Kepler-1353","TIC 271960006",24.75439660000,,3.5320000,4776.00,4.610000,0.720000,0.760000,"Transit","Kepler",1
"TOI-1238 b","TOI-1238","TIC 153951307",0.76459700000,0.03663400,1.0900000,4089.00,4.630000,0.580000,0.590000,"Transit","Transiting Exoplanet Survey Satellite (TESS)",1
"Kepler-1982 b","Kepler-1982","TIC 121215807",3.82315697000,0.00472000,2.3880000,6202.00,4.422000,1.122000,1.213000,"Transit","Kepler",1
"K2-88 b","K2-88","TIC 113979956",4.61220000000,,1.0390000,3537.00,5.022000,0.256000,0.258000,"Transit","K2",1
"Ross 176 b","Ross 176","TIC 193336820",5.00663380000,,,4041.00,5.070000,0.569000,0.577000,"Transit","Transiting Exoplanet Survey Satellite (TESS)",1
"Kepler-663 b","Kepler-663","TIC 273681023",4.99678284000,,2.0900000,5264.00,4.550000,0.820000,0.860000,"Transit","Kepler",1
"Kepler-258 c","Kepler-258","TIC 270854411",33.65307900000,,4.1260000,4942.00,4.441000,0.915000,,"Transit","Kepler",1
"XO-6 b","XO-6","TIC 138168780",3.76500070000,,2.9000000,6720.00,4.040000,1.930000,1.470000,"Transit","XO",1
"Kepler-1176 b","Kepler-1176","TIC 273582656",24.17385790000,,3.0570000,5844.00,4.420000,1.020000,1.010000,"Transit","Kepler",1
"K2-388 b","K2-388","TIC 49735922",6.33932000000,,,5310.00,4.420000,0.910000,0.930000,"Transit","K2",1
"HD 218566 b","HD 218566","TIC 278952345",225.70000000000,,,4730.00,4.460000,0.850000,0.760000,"Radial Velocity","W. M. Keck Observatory",1
"K2-72 e","K2-72","TIC 38337202",24.15886800000,,,3360.47,,0.330989,0.271365,"Transit","K2",1
"Kepler-1145 b","Kepler-1145","TIC 271539239",3.97076766000,,1.8140000,5064.00,4.590000,0.750000,0.790000,"Transit","Kepler",1
"TOI-1107 b","TOI-1107","TIC 394561119",4.07823870000,,,6311.00,4.050000,1.810000,1.350000,"Transit","Transiting Exoplanet Survey Satellite (TESS)",1
"Kepler-440 b","Kepler-440","TIC 120495880",101.11141000000,,7.9500000,4134.00,4.706000,0.559000,0.575000,"Transit","Kepler",1
"TOI-1411 b","TOI-1411","TIC 116483514",1.45205270000,,1.5088724,4115.00,4.640000,0.614000,0.604500,"Transit","Transiting Exoplanet Survey Satellite (TESS)",1
"HD 158259 f","HD 158259","TIC 188768068",12.02800000000,,,,,1.210000,1.080000,"Radial Velocity","Haute-Provence Observatory",1
"Kepler-785 b","Kepler-785","TIC 137402055",1.97376092600,,1.8291600,4739.00,4.620000,0.710000,0.770000,"Transit","Kepler",1
"TOI-1233.01","HD 108236","TIC 260647166",14.17568500000,0.07050000,3.8500000,5660.00,4.490000,0.877000,0.869000,"Transit","Transiting Exoplanet Survey Satellite (TESS)",1
"TOI-5624 e","TOI-5624","TIC 53498154",21.48993600000,0.13120000,4.1800000,5327.00,4.490000,0.820000,0.858000,"Transit","Transiting Exoplanet Survey Satellite (TESS)",1
"HD 21411 b","HD 21411","TIC 142875660",84.28800000000,,,5605.00,,,0.890000,"Radial Velocity","Las Campanas Observatory",1
"Kepler-1077 b","Kepler-1077","TIC 159574927",34.35118740000,,4.2220000,5816.00,4.430000,1.020000,1.020000,"Transit","Kepler",1
"TOI-2049 b","TOI-2049","TIC 314835525",5.30346800000,0.22750000,4.9150000,6164.00,3.669000,3.200000,1.570000,"Transit","Transiting Exoplanet Survey Satellite (TESS)",1
"KMT-2016-BLG-2397L b","KMT-2016-BLG-2397L",,,,,,,,0.640000,"Microlensing","KMTNet",1
"K2-59 c","K2-59","TIC 188570847",11.29540000000,,1.7500000,5055.00,4.592000,0.731000,0.774000,"Transit","K2",1
"Qatar-9 b","Qatar-9","TIC 149918151",1.54073100000,,1.8672000,4309.00,4.610000,0.696000,0.719000,"Transit","Qatar",1
"TIC 86380416 b","TIC 86380416","TIC 86380416",6.04086434610,,3.1347908,5723.74,4.419700,0.989724,,"Transit","Transiting Exoplanet Survey Satellite (TESS)",1
"K2-263 b","K2-263","TIC 21276520",50.81917200000,,3.7496000,5368.00,4.510000,0.850000,0.880000,"Transit","K2",1
"HD 81688 b","HD 81688","TIC 105438311",183.93000000000,,,4797.00,2.370000,11.130000,1.070000,"Radial Velocity","Okayama Astrophysical Observatory",1
"HIP 14810 b","HIP 14810","TIC 113810736",6.67389200000,,,5544.00,,1.070000,1.010000,"Radial Velocity","W. M. Keck Observatory",1
"Kepler-1081 b","Kepler-1081","TIC 122066167",3.85691854700,,1.9839000,5345.00,4.540000,0.840000,0.880000,"Transit","Kepler",1
"ome Ser b","ome Ser","TIC 272677041",278.59000000000,,,4724.00,2.370000,10.990000,1.010000,"Radial Velocity","Okayama Astrophysical Observatory",1
"Kepler-640 b","Kepler-640","TIC 272180958",22.24813967000,,3.9565000,5653.00,4.500000,0.940000,1.010000,"Transit","Kepler",1
"K2-157 b","K2-157","TIC 349445372",0.36525750000,0.00990000,1.1610000,5334.00,4.450000,0.860000,0.890000,"Transit","K2",1
"Kepler-1129 b","Kepler-1129","TIC 137212833",24.33978040000,,3.2920000,5831.00,4.440000,1.000000,1.000000,"Transit","Kepler",1
"Kepler-212 c","Kepler-212","TIC 158551888",31.80517400000,,8.3160000,5852.00,4.182000,1.455000,,"Transit","Kepler",1
"TOI-3862 b","TOI-3862","TIC 141205978",1.55745774000,,1.4090000,5300.00,4.400000,0.920000,0.900000,"Transit","Transiting Exoplanet Survey Satellite (TESS)",1
"Qatar-1 b","Qatar-1","TIC 236887394",1.42002420000,2.14000000,1.6610400,5013.00,4.552000,0.803000,0.838000,"Transit","Qatar",1
"K2-257 b","K2-257","TIC 130640162",1.60588000000,0.03400000,1.3000000,3725.00,4.760000,0.500000,0.520000,"Transit","K2",1
"HD 5278 b","HD 5278","TIC 263003176",14.33915600000,,4.8000000,6203.00,4.500000,1.194000,1.126000,"Transit","Transiting Exoplanet Survey Satellite (TESS)",1
"TOI-1248 b","TOI-1248","TIC 232612416",4.36015610000,,2.3141338,5205.00,4.515000,0.868600,0.904200,"Transit","Transiting Exoplanet Survey Satellite (TESS)",1
"TOI-4582 b","TOI-4582","TIC 219854519",31.03400000000,,,5190.00,3.770000,2.500000,1.340000,"Transit","Transiting Exoplanet Survey Satellite (TESS)",1
"TOI-4364 b","TOI-4364","TIC 4070275",5.42401900000,0.17800000,1.6000000,3528.00,4.785000,0.468400,0.487000,"Transit","Transiting Exoplanet Survey Satellite (TESS)",1
"Kepler-6 b","Kepler-6","TIC 27916356",3.23469960000,,,5647.00,4.236000,1.391000,1.209000,"Transit","Kepler",1
"EPIC 212297394 b","EPIC 212297394","TIC 287331845",2.28936300000,,1.8800000,5171.00,4.550000,0.800000,0.830000,"Transit","K2",1
"HATS-33 b","HATS-33","TIC 360742636",2.54955510000,,2.6760000,5659.00,4.445000,1.022000,1.062000,"Transit","HATSouth",1
"TOI-5126 c","TOI-5126","TIC 27064468",17.89990000000,,5.3400000,6150.00,4.224000,1.241000,1.240000,"Transit","Transiting Exoplanet Survey Satellite (TESS)",1
"Kepler-334 b","Kepler-334","TIC 158394479",5.47031900000,,3.0410000,5828.00,4.385000,1.068000,,"Transit","Kepler",1
"TOI-6008 b","TOI-6008","TIC 286201103",0.85743470000,0.15170000,0.6500000,3075.00,5.010000,0.242000,0.230000,"Transit","Transiting Exoplanet Survey Satellite (TESS)",1
"HD 181433 c","HD 181433","TIC 410399074",1018.50000000000,,,,,,0.860000,"Radial Velocity","La Silla Observatory",1
"HD 104067 c","HD 104067","TIC 428673146",13.89920000000,,,4952.00,4.560000,0.780000,0.820000,"Radial Velocity","Multiple Observatories",1
"WASP-175 b","WASP-175","TIC 448589187",3.06529070000,1.06400000,2.6760000,6229.00,4.359000,1.204000,1.212000,"Transit","WASP-South",1
"KELT-19 A b","KELT-19 A","TIC 425206121",4.61170930000,1.14800000,4.3944000,7500.00,4.127000,1.830000,1.620000,"Transit","KELT",1
"Kepler-29 c","Kepler-29","TIC 273875635",13.28613000000,,,5378.00,4.600000,0.732000,0.761000,"Transit","Kepler",1
"HIP 5763 b","HIP 5763","TIC 408290683",30.01400000000,,,,,,0.720000,"Radial Velocity","Cerro Tololo Inter-American Observatory",1
"TOI-4363 b","TOI-4363","TIC 325682877",2.11867592279,,1.6776084,4278.45,4.643000,0.691320,,"Transit","Transiting Exoplanet Survey Satellite (TESS)",1
"GJ 15 A c","GJ 15 A","TIC 440109725",7600.00000000000,,,3607.00,4.870000,0.380000,0.380000,"Radial Velocity","Roque de los Muchachos Observatory",1
"Kepler-129 c","Kepler-129","TIC 164999822",82.20000000000,,,5770.00,,1.653000,1.178000,"Transit","Kepler",1
"TOI-6564 b","TOI-6564","TIC 453668803",3.98541300000,,4.5300000,5943.00,4.040000,1.700000,1.180000,"Transit","Transiting Exoplanet Survey Satellite (TESS)",1
"TOI-4747 b","TOI-4747","TIC 235078021",5.21924158592,,2.6763556,5595.08,4.391700,0.988751,,"Transit","Transiting Exoplanet Survey Satellite (TESS)",1
"Kepler-201 b","Kepler-201","TIC 138297190",25.67208300000,,5.6270000,6065.00,4.294000,1.229000,,"Transit","Kepler",1
"TOI-799 b","TOI-799","TIC 255685030",5.54519139676,,2.2742603,5662.81,4.525200,0.915519,,"Transit","Transiting Exoplanet Survey Satellite (TESS)",1
"HIP 65407 b","HIP 65407","TIC 165454978",28.12500000000,,,5460.00,4.470000,,0.930000,"Radial Velocity","Haute-Provence Observatory",1
"Kepler-523 b","Kepler-523","TIC 164654277",5.83598311100,,2.0601000,5515.00,4.540000,0.860000,0.930000,"Transit","Kepler",1
"Kepler-319 c","Kepler-319","TIC 121786630",6.94135700000,,1.7910000,5526.00,4.487000,0.903000,,"Transit","Kepler",1
"HN Lib b","HN Lib","TIC 294401924",36.11600000000,,,3347.00,4.760000,0.299000,0.291000,"Radial Velocity","Calar Alto Observatory",1
"Kepler-119 b","Kepler-119","TIC 271964647",2.42208200000,,2.5740000,5595.00,4.567000,0.839000,,"Transit","Kepler",1
"TOI-411 b","HD 22946","TIC 100990000",4.04029500000,,3.0740000,6169.00,4.470000,1.117000,1.098000,"Transit","Transiting Exoplanet Survey Satellite (TESS)",1
"Kepler-495 b","Kepler-495","TIC 120692092",3.41303622100,,2.6075300,5346.00,4.550000,0.830000,0.860000,"Transit","Kepler",1
"Kepler-1501 b","Kepler-1501","TIC 159216808",14.55645330000,,4.5700000,6229.00,4.280000,1.300000,1.200000,"Transit","Kepler",1
"Kepler-126 d","Kepler-126","TIC 159046962",100.28313400000,,10.8410000,6239.00,4.247000,1.358000,,"Transit","Kepler",1
"HD 41004 A b","HD 41004 A","TIC 219152539",963.00000000000,,,,,,,"Radial Velocity","La Silla Observatory",1
"HD 11964 c","HD 11964","TIC 24978373",37.91000000000,,,5303.00,3.790840,2.009710,0.910000,"Radial Velocity","W. M. Keck Observatory",1
"Kepler-812 b","Kepler-812","TIC 299033074",10.11716531000,,4.9390000,6761.00,4.130000,1.710000,1.450000,"Transit","Kepler",1
"Kepler-1495 b","Kepler-1495","TIC 120764338",85.27325600000,,9.4620000,5831.00,4.420000,1.040000,1.030000,"Transit","Kepler",1
"NGTS-13 b","NGTS-13","TIC 454069765",4.11902700000,0.43000000,5.2224000,5819.00,4.040000,1.788000,1.300000,"Transit","Next-Generation Transit Survey (NGTS)",1
"Kepler-273 b","Kepler-273","TIC 159726559",2.93653200000,,1.7040000,5626.00,4.514000,0.815000,,"Transit","Kepler",1
"HD 162020 b","HD 162020","TIC 367987991",8.42820000000,,,4723.00,4.310000,0.750000,0.420000,"Radial Velocity","La Silla Observatory",1
"HAT-P-37 b","HAT-P-37","TIC 267572272",2.79743600000,1.89900000,2.3304000,5500.00,4.520000,0.877000,0.929000,"Transit","HATNet",1
"PSR J1719-1438 b","PSR J1719-1438",,0.09070629300,,,4500.00,,,1.400000,"Pulsar Timing","Parkes Observatory",1
"Kepler-1827 b","Kepler-1827","TIC 137555923",3.70061993600,,,5423.00,4.105000,1.404000,0.915000,"Transit","Kepler",1
"Kepler-242 b","Kepler-242","TIC 120899945",8.20395000000,,2.7400000,5020.00,4.492000,0.850000,,"Transit","Kepler",1
"Kepler-324 c","Kepler-324","TIC 243271716",51.80561200000,,6.5890000,5194.00,4.530000,0.840000,,"Transit","Kepler",1
"TOI-6330 b","TOI-6330","TIC 308120029",6.85002460000,,2.2300000,3539.00,4.770000,0.490000,0.531000,"Transit","Transiting Exoplanet Survey Satellite (TESS)",1
"LkCa 15 b","LkCa 15","TIC 118681038",,,,4194.00,,1.607110,,"Imaging","Large Binocular Telescope Observatory",1
"Kepler-1178 b","Kepler-1178","TIC 158729099",31.80634000000,,3.7940000,4990.00,4.590000,0.750000,0.800000,"Transit","Kepler",1
"K2-357 b","K2-357","TIC 293459761",16.34886370000,,,5794.00,4.430000,1.000000,0.980000,"Transit","K2",1
"Kepler-120 c","Kepler-120","TIC 121458707",12.79458500000,,3.4500000,4096.00,4.732000,0.534000,,"Transit","Kepler",1
"Kepler-296 e","Kepler-296","TIC 243271945",34.14211000000,,,3740.00,4.774000,0.480000,0.498000,"Transit","Kepler",1
"Kepler-282 e","Kepler-282","TIC 164779321",44.34700000000,,,,4.530000,0.890000,0.970000,"Transit","Kepler",1
"K2-325 b","K2-325","TIC 8918021",6.93000000000,0.67200000,,3287.00,4.840000,0.298000,0.274000,"Transit","K2",1
"HIP 74890 b","HIP 74890","TIC 148153804",822.30000000000,,,4850.00,3.100000,5.770000,1.740000,"Radial Velocity","Multiple Observatories",1
"Gaia-1 b","Gaia-1","TIC 11755687",3.05252400000,,,5470.00,,0.952000,0.949000,"Transit","European Space Agency (ESA) Gaia Satellite",1
"Kepler-360 b","Kepler-360","TIC 158213532",3.28967200000,,2.3120000,6053.00,4.423000,1.058000,,"Transit","Kepler",1
"Kepler-666 b","Kepler-666","TIC 267989336",4.49876092000,,3.8308000,5887.00,4.410000,1.050000,1.030000,"Transit","Kepler",1
"Kepler-153 b","Kepler-153","TIC 48188777",18.87022700000,,3.0750000,5404.00,4.446000,0.892000,,"Transit","Kepler",1
"TIC 434398831 c","TIC 434398831","TIC 434398831",6.21029100000,,3.0400000,5638.00,4.420000,0.909000,0.992000,"Transit","Transiting Exoplanet Survey Satellite (TESS)",1
"EPIC 206032309 b","EPIC 206032309","TIC 145752628",2.87814000000,,,,,,0.221000,"Transit","K2",1
"Kepler-1676 b","Kepler-1676","TIC 158422963",29.92210000000,,,5878.30,,1.060660,,"Transit","Kepler",1
"Kepler-149 d","Kepler-149","TIC 120638033",160.01803200000,,5.1500000,5381.00,4.465000,0.953000,,"Transit","Kepler",1
"EPIC 206215704 b","EPIC 206215704","TIC 38355468",2.25543600000,,,3297.00,4.900000,0.250000,,"Transit","K2",1
"HD 190984 b","HD 190984","TIC 466222634",4885.00000000000,,,5988.00,4.020000,1.530000,0.910000,"Radial Velocity","La Silla Observatory",1
"Kepler-1312 b","Kepler-1312","TIC 137899873",5.44832528600,,2.2251000,5719.00,4.510000,0.920000,0.990000,"Transit","Kepler",1
"Kepler-605 c","Kepler-605","TIC 158423850",2.35895151500,,1.6330000,5462.00,4.520000,0.880000,0.910000,"Transit","Kepler",1
"HD 52265 b","HD 52265","TIC 268565917",119.27000000000,,,6136.00,4.360000,,1.204000,"Radial Velocity","W. M. Keck Observatory",1
"Kepler-296 b","Kepler-296","TIC 243271945",10.86438400000,,,3740.00,4.774000,0.480000,0.498000,"Transit","Kepler",1
"Kepler-1726 b","Kepler-1726","TIC 164721250",18.39629936000,,,5316.00,4.570000,0.804000,0.876000,"Transit","Kepler",1
"HD 168443 b","HD 168443","TIC 16465196",58.11187000000,,,,,,0.980000,"Radial Velocity","W. M. Keck Observatory",1
"Kepler-388 b","Kepler-388","TIC 164786156",3.17331500000,,2.0420000,4498.00,4.690000,0.586000,,"Transit","Kepler",1
"HD 190228 b","HD 190228","TIC 117905020",1143.59858000000,,,,,,1.415000,"Radial Velocity","Multiple Observatories",1
"Kepler-466 b","Kepler-466","TIC 27644083",51.07926307000,,6.3729000,5927.00,4.420000,1.050000,1.040000,"Transit","Kepler",1
"OGLE-2018-BLG-0962L b","OGLE-2018-BLG-0962L",,,,,,,,0.540000,"Microlensing","OGLE",1
"KMT-2023-BLG-2209L b","KMT-2023-BLG-2209L",,,,,,,,0.730000,"Microlensing","KMTNet",1
"K2-382 b","K2-382","TIC 187960878",21.70015600000,,,5452.00,4.585000,0.811000,0.922000,"Transit","K2",1
"Kepler-1024 b","Kepler-1024","TIC 137349536",66.41621330000,,6.9650000,5143.00,4.570000,0.780000,0.810000,"Transit","Kepler",1
"TOI-1634 b","TOI-1634","TIC 201186294",0.98934551000,,0.9747000,3550.00,4.833000,0.450000,0.502000,"Transit","Transiting Exoplanet Survey Satellite (TESS)",1
"Kepler-1112 b","Kepler-1112","TIC 272841734",14.36267939000,,4.6255000,6496.00,4.190000,1.540000,1.340000,"Transit","Kepler",1
"Kepler-1398 c","Kepler-1398","TIC 27239111",4.13827595000,,3.4490000,6126.00,4.340000,1.180000,1.130000,"Transit","Kepler",1
"HAT-P-58 b","HAT-P-58","TIC 9443323",4.01383790000,,4.1500000,6078.00,4.082000,1.530000,1.031000,"Transit","HATNet",1
"Kepler-822 b","Kepler-822","TIC 137552781",3.22296927300,,2.8575000,5928.00,4.400000,1.080000,1.060000,"Transit","Kepler",1
"HD 197037 b","HD 197037","TIC 195382102",1035.70000000000,,,6150.00,4.400000,,1.110000,"Radial Velocity","McDonald Observatory",1
"Kepler-285 b","Kepler-285","TIC 26416742",2.63386700000,,2.0610000,5411.00,4.584000,0.808000,,"Transit","Kepler",1
"EPIC 201595106 b","EPIC 201595106","TIC 397052808",0.87724000000,,,5679.00,4.435000,0.980000,0.958000,"Transit","K2",1
"Kepler-861 b","Kepler-861","TIC 63206411",3.94963137500,,1.5788000,5047.00,4.580000,0.780000,0.820000,"Transit","Kepler",1
"Kepler-1130 c","Kepler-1130","TIC 164882482",3.26663994800,,,5450.00,4.563000,0.842000,0.944000,"Transit","Kepler",1
"MOA-2022-BLG-563L b","MOA-2022-BLG-563L",,,,,,,,0.480000,"Microlensing","MOA",1
"BD+49 828 b","BD+49 828","TIC 116376059",2590.00000000000,,,4943.00,2.850000,7.600000,1.520000,"Radial Velocity","McDonald Observatory",1
"Kepler-18 c","Kepler-18","TIC 273690178",7.64159000000,0.22866000,3.4872000,5345.00,4.310000,1.108000,0.972000,"Transit","Kepler",1
"Kepler-168 b","Kepler-168","TIC 378087276",4.42539100000,,3.5140000,6282.00,4.422000,1.107000,,"Transit","Kepler",1
"HD 28471 b","HD 28471","TIC 38698692",3.16490000000,,,5766.00,4.380000,1.080000,0.980000,"Radial Velocity","La Silla Observatory",1
"GJ 1137 c","HD 93083","TIC 54237857",9.64120000000,,,5033.80,4.230000,0.837000,0.836000,"Radial Velocity","La Silla Observatory",1
"HD 73256 c","HD 73256","TIC 11665403",2690.00000000000,,,,,,1.000000,"Radial Velocity","La Silla Observatory",1
"OGLE-2019-BLG-0468L b","OGLE-2019-BLG-0468L",,,,,,,,0.920000,"Microlensing","OGLE",1
"Kepler-183 b","Kepler-183","TIC 138214374",5.68794500000,,2.2140000,5888.00,4.502000,0.958000,,"Transit","Kepler",1
"KMT-2021-BLG-0322L b","KMT-2021-BLG-0322L",,,,,,,,0.620000,"Microlensing","KMTNet",1
"TOI-519 b","TOI-519","TIC 218795833",1.26523280000,,,3322.00,4.870000,0.350000,0.335000,"Transit","Transiting Exoplanet Survey Satellite (TESS)",1
"Kepler-1316 b","Kepler-1316","TIC 171502232",87.97321360000,,14.6900000,5884.00,4.360000,1.120000,1.040000,"Transit","Kepler",1
"Kepler-1335 b","Kepler-1335","TIC 164827658",6.26406846000,,2.4420000,4903.00,4.600000,0.740000,0.770000,"Transit","Kepler",1
"EPIC 212624936 c","EPIC 212624936","TIC 2764004",11.81143700000,,,5765.00,4.400000,0.930000,,"Transit","K2",1
"Kepler-1565 b","Kepler-1565","TIC 170241112",1.53818843700,,1.7022000,4940.00,4.600000,0.730000,0.760000,"Transit","Kepler",1
"Kepler-1778 b","Kepler-1778","TIC 158433884",10.08740044000,,,6310.00,4.417000,1.095000,1.143000,"Transit","Kepler",1
"K2-384 e","K2-384","TIC 399702475",9.71504300000,,,3623.00,4.874000,0.348000,0.330000,"Transit","K2",1
"Kepler-298 b","Kepler-298","TIC 48217868",10.47546400000,,2.3200000,4465.00,4.709000,0.582000,,"Transit","Kepler",1
"Kepler-740 b","Kepler-740","TIC 158270511",3.58410121600,,2.7445000,5438.00,4.520000,0.870000,0.910000,"Transit","Kepler",1
"Kepler-239 b","Kepler-239","TIC 138641300",11.76305100000,,2.8990000,4914.00,4.583000,0.763000,,"Transit","Kepler",1
"TOI-4495 b","TOI-4495","TIC 120826158",2.56699000000,,,6210.00,4.290000,1.309000,1.247000,"Transit","Transiting Exoplanet Survey Satellite (TESS)",1
"HD 70642 b","HD 70642","TIC 183356952",2124.54000000000,,,5732.00,4.458000,0.984000,1.078000,"Radial Velocity","Anglo-Australian Telescope",1
"Kepler-1542 b","Kepler-1542","TIC 279915941",3.95116882000,,2.5916000,5564.00,4.410000,0.990000,0.940000,"Transit","Kepler",1
"KMT-2021-BLG-1372L b","KMT-2021-BLG-1372L",,,,,,,,0.420000,"Microlensing","KMTNet",1
"Kepler-386 b","Kepler-386","TIC 267669725",12.31043000000,,3.9390000,5178.00,4.558000,0.767000,,"Transit","Kepler",1
"Kepler-471 b","Kepler-471","TIC 268604331",5.01423457500,,4.6115300,6733.00,4.100000,1.800000,1.490000,"Transit","Kepler",1
"KMT-2020-BLG-0414L b","KMT-2020-BLG-0414L",,,,,,,,0.490000,"Microlensing","KMTNet",1
"pi Men c","HD 39091","TIC 261136679",6.26783990000,0.02675900,2.9520240,5998.00,4.430000,1.170000,1.070000,"Transit","Transiting Exoplanet Survey Satellite (TESS)",1
"Kepler-577 b","Kepler-577","TIC 378085037",25.69578251000,,3.9289000,4984.00,4.610000,0.730000,0.780000,"Transit","Kepler",1
"Kepler-433 b","Kepler-433","TIC 169556484",5.33408384000,,6.1780000,6360.00,3.892000,2.260000,1.460000,"Transit","Kepler",1
"LHS 1815 b","LHS 1815","TIC 260004324",3.81433400000,,,3643.00,4.770000,0.501000,0.502000,"Transit","Transiting Exoplanet Survey Satellite (TESS)",1
"TOI-913 b","TOI-913","TIC 407126408",11.09864400000,,,4969.00,4.622000,0.732500,0.820000,"Transit","Transiting Exoplanet Survey Satellite (TESS)",1
"TOI-1105 b","TOI-1105","TIC 274151135",10.86818410933,,2.8568849,4678.46,4.577600,0.755833,,"Transit","Transiting Exoplanet Survey Satellite (TESS)",1
"TOI-3353.01","TOI-3353","TIC 391903064",4.66579650000,,3.0411764,6365.00,4.545160,1.020700,1.332089,"Transit","Transiting Exoplanet Survey Satellite (TESS)",1
"Kepler-262 b","Kepler-262","TIC 122673489",13.06085500000,,3.2780000,5841.00,4.541000,0.881000,,"Transit","Kepler",1
"TYC 2187-512-1 b","TYC 2187-512-1","TIC 283031851",691.90000000000,,,3734.00,4.680000,0.495000,0.498000,"Radial Velocity","Calar Alto Observatory",1
"TOI-942 c","TOI-942","TIC 146520535",10.15627200000,,,,,0.894000,0.822000,"Transit","Transiting Exoplanet Survey Satellite (TESS)",1
"Kepler-1679 b","Kepler-1679","TIC 27006340",9.75376000000,,,5501.00,4.538120,0.873196,0.960000,"Transit","Kepler",1
"Kepler-293 c","Kepler-293","TIC 158216544",54.15574300000,,4.6080000,5804.00,4.504000,0.957000,,"Transit","Kepler",1
"Kepler-1055 b","Kepler-1055","TIC 159440697",2.29503623300,,1.6459000,5723.00,4.490000,0.940000,0.980000,"Transit","Kepler",1
"KMT-2024-BLG-0404L b","KMT-2024-BLG-0404L",,,,,,,,0.090000,"Microlensing","KMTNet",1
"K2-19 d","K2-19","TIC 281885301",2.50827000000,,,5350.00,4.556000,0.824000,0.892000,"Transit","K2",1
"WASP-124 b","WASP-124","TIC 97409519",3.37265000000,,2.5704000,6050.00,4.440000,1.020000,1.070000,"Transit","SuperWASP-South",1
"TOI-6884 b","TOI-6884","TIC 156514476",4.80826400000,0.26800000,2.5630000,6330.00,4.057000,1.840000,1.410000,"Transit","Transiting Exoplanet Survey Satellite (TESS)",1
"TOI-5788 c","TOI-5788","TIC 42883782",16.21336200000,,,5615.00,4.420000,0.870000,0.870000,"Transit","Transiting Exoplanet Survey Satellite (TESS)",1
"Kepler-49 e","Kepler-49","TIC 137555411",18.59610800000,,2.1640000,4252.00,4.727000,0.559000,,"Transit","Kepler",1
"Kepler-745 b","Kepler-745","TIC 137307173",9.93143556000,,5.6590000,5849.00,4.420000,1.040000,1.040000,"Transit","Kepler",1
"GJ 674 b","GJ 674","TIC 218263393",4.69380000000,,,3600.00,,,0.350000,"Radial Velocity","La Silla Observatory",1
"Kepler-551 b","Kepler-551","TIC 350812580",12.37646610000,,2.7534000,4286.00,4.660000,0.630000,0.650000,"Transit","Kepler",1
"Kepler-9 d","Kepler-9","TIC 120571842",1.59285100000,,1.9700000,5777.00,4.490000,1.020000,1.070000,"Transit","Kepler",1
"Kepler-1508 b","Kepler-1508","TIC 170346081",20.70565040000,,9.0290000,6158.00,4.320000,1.220000,1.140000,"Transit","Kepler",1
"Kepler-59 c","Kepler-59","TIC 158393923",17.98012350000,,4.1249000,6074.00,4.510000,0.940000,1.040000,"Transit","Kepler",1
"Kepler-204 c","Kepler-204","TIC 120495446",25.66059300000,,4.3830000,5812.00,4.269000,1.238000,,"Transit","Kepler",1
"Kepler-1404 b","Kepler-1404","TIC 27766705",15.93147390000,,2.7100000,5261.00,4.560000,0.800000,0.840000,"Transit","Kepler",1
"Kepler-1396 b","Kepler-1396","TIC 270954695",18.22064210000,,5.3130000,6195.00,4.300000,1.270000,1.180000,"Transit","Kepler",1
"HD 190007 b","HD 190007","TIC 345217789",11.72412800000,,,4610.00,4.580000,,0.770000,"Radial Velocity","Multiple Observatories",1
"TOI-1117 c","TOI-1117","TIC 295541511",4.57900000000,,,5635.00,4.410000,1.050000,0.970000,"Radial Velocity","La Silla Observatory",1
"KMT-2022-BLG-1818L c","KMT-2022-BLG-1818L",,,,,,,,0.790000,"Microlensing","KMTNet",1
"OGLE-2019-BLG-0299L b","OGLE-2019-BLG-0299L",,,,,,,,0.590000,"Microlensing","OGLE",1
"TOI-2368 b","TOI-2368","TIC 401125028",5.17500730000,1.28300000,2.0250000,5360.00,4.538000,0.846000,0.897000,"Transit","Transiting Exoplanet Survey Satellite (TESS)",1
"V0391 Peg b","V0391 Peg","TIC 397595169",1170.00000000000,,,29300.00,5.400000,0.230000,0.500000,"Pulsation Timing Variations","Multiple Observatories",1
"HD 95089 c","HD 95089","TIC 345078350",1785.00000000000,,,4918.00,3.240000,5.080000,1.540000,"Radial Velocity","W. M. Keck Observatory",1
"Kepler-222 c","Kepler-222","TIC 158625100",10.08881000000,,1.7140000,5433.00,4.551000,0.869000,,"Transit","Kepler",1
"Kepler-1714 b","Kepler-1714","TIC 270698316",10.27530003000,,,6150.00,3.960000,2.086000,1.448000,"Transit","Kepler",1
"K2-243 c","K2-243","TIC 96199085",24.94598000000,0.01900000,5.2000000,6570.00,4.260000,1.390000,1.290000,"Transit","K2",1
"KMT-2021-BLG-0912L b","KMT-2021-BLG-0912L",,,,,,,,0.800000,"Microlensing","KMTNet",1
"Kepler-926 b","Kepler-926","TIC 394174412",52.06886010000,,3.0436000,5806.00,4.430000,1.010000,1.010000,"Transit","Kepler",1
"KMT-2017-BLG-1038L b","KMT-2017-BLG-1038L",,,,,,,,0.370000,"Microlensing","KMTNet",1
"Kepler-192 d","Kepler-192","TIC 158626833",6.47027579000,,3.2410000,5487.00,4.460000,0.940000,0.940000,"Transit","Kepler",1
"TOI-2196 b","TOI-2196","TIC 372172128",1.19472680000,,1.5040000,5634.00,4.420000,1.043000,1.032000,"Transit","Transiting Exoplanet Survey Satellite (TESS)",1
"Kepler-1250 b","Kepler-1250","TIC 158559861",2.60754383400,,1.4646000,5717.00,4.460000,0.980000,0.990000,"Transit","Kepler",1
"TOI-883 b","TOI-883","TIC 123846039",10.05771848538,,3.6924820,5713.15,4.432100,1.014770,,"Transit","Transiting Exoplanet Survey Satellite (TESS)",1
"TOI-815 c","TOI-815","TIC 102840239",34.97614500000,,2.9700000,4869.00,4.510000,0.770000,0.776000,"Transit","Transiting Exoplanet Survey Satellite (TESS)",1
"HD 170469 b","HD 170469","TIC 320362897",1145.00000000000,,,5842.00,4.300000,1.240000,1.100000,"Radial Velocity","W. M. Keck Observatory",1
"Kepler-330 c","Kepler-330","TIC 158727691",15.95538700000,,3.9170000,5117.00,4.636000,0.722000,,"Transit","Kepler",1
"K2-381 b","K2-381","TIC 10195089",7.93893340000,,,4473.00,4.653000,0.675000,0.754000,"Transit","K2",1
"Kepler-905 b","Kepler-905","TIC 159225367",5.08274651700,,1.7354000,5461.00,4.550000,0.860000,0.950000,"Transit","Kepler",1
"HD 240210 b","HD 240210","TIC 315415155",501.75000000000,,,4297.00,2.310000,,0.820000,"Radial Velocity","McDonald Observatory",1
"HD 165131 b","HD 165131","TIC 105138916",2342.60000000000,,,5870.00,4.390000,,1.060000,"Radial Velocity","Multiple Facilities",1
"Kepler-1977 b","Kepler-1977","TIC 122515768",4.53702121000,0.05044000,1.8130000,4805.00,4.633000,0.688000,0.769000,"Transit","Kepler",1
"Kepler-1594 b","Kepler-1594","TIC 270695341",2.71603809000,,1.8590000,5946.00,4.390000,1.080000,1.060000,"Transit","Kepler",1
"Kepler-909 b","Kepler-909","TIC 159096688",13.93290318000,,2.5119000,6154.00,4.330000,1.230000,1.170000,"Transit","Kepler",1
"Kepler-345 c","Kepler-345","TIC 271546191",9.38742700000,,1.5550000,4504.00,4.683000,0.623000,,"Transit","Kepler",1
"KMT-2017-BLG-2509L b","KMT-2017-BLG-2509L",,,,,,,,0.460000,"Microlensing","KMTNet",1
"Kepler-655 b","Kepler-655","TIC 273044848",46.40633580000,,6.9941000,6170.00,4.310000,1.240000,1.150000,"Transit","Kepler",1
"Kepler-9 b","Kepler-9","TIC 120571842",19.23891000000,,4.2430000,5774.00,4.490000,0.958000,1.022000,"Transit","Kepler",1
"HD 150010 b","HD 150010","TIC 233008631",562.00000000000,,,4153.00,2.100000,16.200000,1.300000,"Radial Velocity","Bohyunsan Optical Astronomical Observatory",1
"KMT-2021-BLG-0119L b","KMT-2021-BLG-0119L",,,,,,,,0.560000,"Microlensing","KMTNet",1
"K2-277 b","K2-277","TIC 404421005",6.32676800000,0.04180000,1.9656000,5680.00,4.452000,0.973000,0.974000,"Transit","K2",1
"ups And b","ups And","TIC 189576919",4.61703300000,,,,,1.560000,1.300000,"Radial Velocity","Lick Observatory",1
"KMT-2023-BLG-0949L b","KMT-2023-BLG-0949L",,,,,,,,0.480000,"Microlensing","KMTNet",1
"Kepler-797 b","Kepler-797","TIC 169176157",27.07237711000,,6.9430000,5680.00,4.470000,0.950000,0.960000,"Transit","Kepler",1
"Kepler-1123 b","Kepler-1123","TIC 27188610",4.33946454000,,2.2973000,5500.00,4.500000,0.900000,0.930000,"Transit","Kepler",1
"Kepler-137 c","Kepler-137","TIC 123415819",18.73575300000,,3.0050000,5187.00,4.553000,0.802000,,"Transit","Kepler",1
"Kepler-373 b","Kepler-373","TIC 299218776",5.53530900000,,2.8640000,5787.00,4.562000,0.845000,,"Transit","Kepler",1
"TrES-5 b","TrES-5","TIC 233948455",1.48224686000,,,5171.00,4.517000,0.868000,0.901000,"Transit","TrES",1
"Kepler-1947 b","Kepler-1947","TIC 272180236",6.96363019900,,,6040.00,3.978000,1.686000,0.984000,"Transit","Kepler",1
"Kepler-898 b","Kepler-898","TIC 158272820",5.87061910000,,2.4983000,4223.00,4.660000,0.620000,0.650000,"Transit","Kepler",1
"HD 195019 b","HD 195019","TIC 210171104",18.20132000000,,,5751.00,4.180000,1.480000,1.210000,"Radial Velocity","Lick Observatory",1
"Kepler-109 b","Kepler-109","TIC 122441003",6.48163070000,,,5950.00,,1.387000,1.094000,"Transit","Kepler",1
"Kepler-1072 b","Kepler-1072","TIC 63072565",1.56906650200,,2.7835000,6199.00,4.270000,1.320000,1.200000,"Transit","Kepler",1
"TOI-2267 c","TOI-2267 A","TIC 459837008",3.49504120000,0.28200000,0.8930000,3030.00,4.990000,0.207500,0.171000,"Transit","Transiting Exoplanet Survey Satellite (TESS)",1
"MOA-2022-BLG-091L b","MOA-2022-BLG-091L",,,,,,,,0.750000,"Microlensing","MOA",1
"Kepler-1921 b","Kepler-1921","TIC 239287963",20.03479958000,,,6120.00,3.934000,2.000000,1.251000,"Transit","Kepler",1
"KMT-2019-BLG-2974L b","KMT-2019-BLG-2974L",,,,,,,,0.470000,"Microlensing","KMTNet",1
"GJ 3082 b","GJ 3082","TIC 206548902",11.94900000000,,,,,,0.470000,"Radial Velocity","Multiple Facilities",1
"Kepler-835 b","Kepler-835","TIC 164527012",11.41909375000,,4.3820000,5954.00,4.380000,1.110000,1.080000,"Transit","Kepler",1
"HD 125595 b","HD 125595","TIC 180030300",9.67370000000,,,4691.00,4.170000,0.740000,0.290000,"Radial Velocity","La Silla Observatory",1
"Kepler-1045 b","Kepler-1045","TIC 164670756",26.41045478000,,2.9960000,5301.00,4.550000,0.820000,0.860000,"Transit","Kepler",1
"Kepler-186 d","Kepler-186","TIC 268159861",13.34299600000,,,3788.00,4.770000,0.472000,0.478000,"Transit","Kepler",1
"Kepler-644 b","Kepler-644","TIC 271669616",3.17391710300,,3.5066000,6747.00,4.090000,1.810000,1.490000,"Transit","Kepler",1
"Kepler-576 b","Kepler-576","TIC 139036554",29.91136794000,,6.8360000,5672.00,4.460000,0.970000,0.990000,"Transit","Kepler",1
"Kepler-1604 b","Kepler-1604","TIC 351911398",0.68368425600,,0.9993000,4976.00,4.590000,0.760000,0.810000,"Transit","Kepler",1
"HATS-42 b","HATS-42","TIC 98283926",2.29210200000,,3.2664000,6060.00,4.201000,1.480000,1.273000,"Transit","HATSouth",1
"Kepler-441 b","Kepler-441","TIC 267667567",207.24820000000,,6.0500000,4340.00,4.715000,0.550000,0.572000,"Transit","Kepler",1
"TOI-3568 b","TOI-3568","TIC 160390955",4.41796500000,,2.4500000,4969.00,4.630000,0.719000,0.780000,"Transit","Transiting Exoplanet Survey Satellite (TESS)",1
"HD 30177 c","HD 30177","TIC 220408612",11320.00000000000,,,5680.00,,,0.980000,"Radial Velocity","Multiple Observatories",1
"Kepler-947 b","Kepler-947","TIC 271050878",26.96443170000,,3.9490000,5508.00,4.520000,0.870000,0.900000,"Transit","Kepler",1
"HD 129445 b","HD 129445","TIC 258186667",1840.00000000000,,,,,,0.990000,"Radial Velocity","Las Campanas Observatory",1
"K2-198 b","K2-198","TIC 135043332",17.04286830000,,,5212.90,,0.757000,0.799000,"Transit","K2",1
"Kepler-1824 b","Kepler-1824","TIC 360023295",95.61100006000,,,6002.00,4.424000,1.081000,1.135000,"Transit","Kepler",1
"Kepler-334 d","Kepler-334","TIC 158394479",25.09849000000,,2.7670000,5828.00,4.385000,1.068000,,"Transit","Kepler",1
"Kepler-1523 b","Kepler-1523","TIC 272083995",0.93875077000,,1.3901000,5708.00,4.460000,0.960000,0.970000,"Transit","Kepler",1
"TOI-1288 c","TOI-1288","TIC 365733349",416.00000000000,,,5388.00,4.453000,0.958300,0.955200,"Radial Velocity","Multiple Observatories",1
"Kepler-1153 b","Kepler-1153","TIC 158987296",1.75583532700,,1.8136000,5470.00,4.520000,0.880000,0.910000,"Transit","Kepler",1
"Kepler-1011 b","Kepler-1011","TIC 273130565",5.75322197400,,1.6828000,5416.00,4.520000,0.880000,0.910000,"Transit","Kepler",1
"Kepler-566 b","Kepler-566","TIC 159727092",18.42794624000,,2.8702000,5132.00,4.570000,0.790000,0.830000,"Transit","Kepler",1
"HIP 114933 b","HIP 114933","TIC 9007224",1481.60000000000,,,4823.00,2.990000,5.270000,1.390000,"Radial Velocity","Multiple Observatories",1
"Kepler-804 b","Kepler-804","TIC 275573295",14.37457351000,,4.7820000,5817.00,4.400000,1.050000,1.010000,"Transit","Kepler",1
"Kepler-304 d","Kepler-304","TIC 377909730",9.65347100000,,2.9870000,4731.00,4.635000,0.687000,,"Transit","Kepler",1
"Kepler-561 c","Kepler-561","TIC 270700432",5.35016198300,,2.2430000,5646.00,4.480000,0.940000,0.960000,"Transit","Kepler",1
"HAT-P-45 b","HAT-P-45","TIC 167227214",3.12899200000,,3.4464000,6330.00,4.300000,1.319000,1.259000,"Transit","HATNet",1
"Kepler-158 d","Kepler-158","TIC 120103325",0.64508800000,,1.2000000,4895.97,,0.668000,0.656000,"Transit","Kepler",1
"OGLE-2012-BLG-0026L c","OGLE-2012-BLG-0026L",,,,,,,,1.060000,"Microlensing","OGLE",1
"HD 190647 b","HD 190647","TIC 48777312",1176.45000000000,,,5656.00,4.162000,1.376000,1.069000,"Radial Velocity","La Silla Observatory",1
"TIC 9344899 b","TIC 9344899","TIC 9344899",8.58215660000,0.71000000,4.0000000,5800.00,4.390000,1.060000,0.980000,"Transit","Transiting Exoplanet Survey Satellite (TESS)",1
"HD 30669 b","HD 30669","TIC 607907",1684.00000000000,,,5400.00,4.370000,0.910000,0.920000,"Radial Velocity","La Silla Observatory",1
"TOI-4961 b","TOI-4961","TIC 420202798",7.47918200000,1.54100000,3.5280000,5380.00,4.479000,0.912000,0.912000,"Transit","Transiting Exoplanet Survey Satellite (TESS)",1
"Kepler-19 c","Kepler-19","TIC 122375047",28.73100000000,,,5544.00,4.510000,0.859000,0.936000,"Transit Timing Variations","Kepler",1
"GJ 887 e","GJ 887","TIC 155315739",4.42490000000,,,3688.00,4.156000,0.468000,0.495000,"Radial Velocity","Multiple Observatories",1
"Kepler-253 c","Kepler-253","TIC 63065911",10.28195100000,,3.5170000,5208.00,4.595000,0.786000,,"Transit","Kepler",1
"KMT-2023-BLG-0830L b","KMT-2023-BLG-0830L",,,,,,,,0.220000,"Microlensing","KMTNet",1
"WASP-185 b","WASP-185","TIC 46020827",9.38755000000,0.73000000,4.6080000,5900.00,4.130000,1.500000,1.120000,"Transit","WASP-South",1
"Kepler-970 b","Kepler-970","TIC 122069243",16.73652500000,,2.2000000,4290.00,,0.710000,0.670000,"Transit","Kepler",1
"Kepler-1550 b","Kepler-1550","TIC 121395435",225.58280900000,,11.1810000,5991.00,4.380000,1.110000,1.070000,"Transit","Kepler",1
"OGLE-2017-BLG-0640L b","OGLE-2017-BLG-0640L",,,,,,,,0.320000,"Microlensing","OGLE",1
"Kepler-48 d","Kepler-48","TIC 171882123",42.89610000000,,,5194.00,4.487000,0.890000,0.880000,"Transit","Kepler",1
"Kepler-1569 b","Kepler-1569","TIC 137488218",5.79180156000,,3.2730000,6319.00,4.240000,1.400000,1.250000,"Transit","Kepler",1
"CoRoT-6 b","CoRoT-6","TIC 130502317",8.88659300000,,4.0800000,6090.00,4.430000,1.025000,1.050000,"Transit","CoRoT",1
"HD 221416 b","HD 221416","TIC 441462736",14.27670000000,,,5080.00,3.584000,2.943000,1.212000,"Transit","Transiting Exoplanet Survey Satellite (TESS)",1
"TOI-2537 b","TOI-2537","TIC 399967279",94.10220000000,1.79100000,4.9370000,4870.00,4.551000,0.771000,0.771000,"Transit","Transiting Exoplanet Survey Satellite (TESS)",1
"TOI-1824 b","TOI-1824","TIC 142387023",22.80853300000,,4.1100011,5165.00,4.562000,0.812300,0.880100,"Transit","Transiting Exoplanet Survey Satellite (TESS)",1
"HD 128717 b","HD 128717","TIC 298163592",3420.00000000000,,,6210.00,4.329000,1.248000,1.212000,"Astrometry","European Space Agency (ESA) Gaia Satellite",1
"KMT-2018-BLG-1976L b","KMT-2018-BLG-1976L",,,,,,,,0.650000,"Microlensing","KMTNet",1
"HD 163607 c","HD 163607","TIC 232620788",1272.00000000000,,,5522.00,3.970000,1.760000,1.120000,"Radial Velocity","W. M. Keck Observatory",1
"Kepler-1916 b","Kepler-1916","TIC 26751240",31.25429916000,,,6246.00,4.433000,1.092000,1.180000,"Transit","Kepler",1
"TOI-283 b","TOI-283","TIC 382626661",17.61745000000,,,5213.00,4.500000,0.850000,0.800000,"Transit","Transiting Exoplanet Survey Satellite (TESS)",1
"KMT-2016-BLG-1836L b","KMT-2016-BLG-1836L",,,,,,,,0.490000,"Microlensing","KMTNet",1
"Kepler-1581 b","Kepler-1581","TIC 121215710",6.28385491000,,4.1240000,6022.00,4.310000,1.230000,1.120000,"Transit","Kepler",1
"TIC 62895484 b","TIC 62895484","TIC 62895484",2.83985434327,,2.4833628,5520.79,4.456700,0.874291,,"Transit","Transiting Exoplanet Survey Satellite (TESS)",1
"KMT-2017-BLG-0673L b","KMT-2017-BLG-0673L",,,,,,,,0.630000,"Microlensing","KMTNet",1
"Kepler-766 b","Kepler-766","TIC 138036952",6.10027804000,,4.7487000,5992.00,4.360000,1.150000,1.100000,"Transit","Kepler",1
"Kepler-100 e","Kepler-100","TIC 159654016",60.88858800000,,,,,,1.097000,"Radial Velocity","W. M. Keck Observatory",1
"K2-47 b","K2-47","TIC 301603728",31.63720000000,,4.0000000,5054.00,4.544000,0.760000,0.750000,"Transit","K2",1
"TOI-2295 b","TOI-2295","TIC 48018596",30.03330200000,1.07000000,3.0100000,5730.00,4.176000,1.459000,1.168000,"Transit","Transiting Exoplanet Survey Satellite (TESS)",1
"BD+14 4559 b","BD+14 4559","TIC 230183006",268.94000000000,,,4864.00,4.260000,0.860000,0.490000,"Radial Velocity","McDonald Observatory",1
"Kepler-395 c","Kepler-395","TIC 270520765",34.98926200000,,4.4590000,4262.00,4.729000,0.556000,,"Transit","Kepler",1
"HD 79181 b","HD 79181","TIC 229846907",273.10000000000,,,4862.00,2.450000,11.060000,1.280000,"Radial Velocity","Okayama Astrophysical Observatory",1
"OGLE-2023-BLG-0836L b","OGLE-2023-BLG-0836L",,,,,,,,0.710000,"Microlensing","OGLE",1
"Kepler-176 c","Kepler-176","TIC 271159950",12.75971200000,,3.5410000,5232.00,4.474000,0.891000,,"Transit","Kepler",1
"OGLE-2014-BLG-1722L c","OGLE-2014-BLG-1722L",,,,,,,,0.400000,"Microlensing","OGLE",1
"Kepler-1017 b","Kepler-1017","TIC 237188153",7.23400469000,,2.1648000,5473.00,4.530000,0.870000,0.930000,"Transit","Kepler",1
"Kepler-1672 b","Kepler-1672","TIC 170236331",150.87800000000,,,6131.95,4.428940,1.088410,1.160000,"Transit","Kepler",1
"Kepler-1209 b","Kepler-1209","TIC 399953998",25.36911600000,,4.6340000,6210.00,4.240000,1.380000,1.230000,"Transit","Kepler",1
"Kepler-496 b","Kepler-496","TIC 137341066",8.30864937000,,3.2210000,5293.00,4.550000,0.820000,0.860000,"Transit","Kepler",1
"Kepler-1410 b","Kepler-1410","TIC 122450207",60.86616800000,,4.4200000,4092.00,4.670000,0.600000,0.630000,"Transit","Kepler",1
"GJ 3021 b","GJ 3021","TIC 290543478",133.71000000000,,,5540.00,4.700000,0.900000,0.900000,"Radial Velocity","La Silla Observatory",1
"Kepler-915 b","Kepler-915","TIC 159396818",4.59489604000,,2.8530000,6173.00,4.240000,1.380000,1.210000,"Transit","Kepler",1
"HIP 10090 b","HIP 10090","TIC 123405803",2960.00000000000,,,5661.00,,,0.940000,"Radial Velocity","Multiple Facilities",1
"Kepler-626 b","Kepler-626","TIC 121734202",14.48585199000,,2.7143000,5813.00,4.400000,1.050000,1.010000,"Transit","Kepler",1
"Kepler-1151 b","Kepler-1151","TIC 63204022",65.64784240000,,4.4120000,5470.00,4.530000,0.850000,0.880000,"Transit","Kepler",1
"Kepler-215 c","Kepler-215","TIC 271352188",14.66710800000,,3.8550000,5739.00,4.364000,1.027000,,"Transit","Kepler",1
"Kepler-271 c","Kepler-271","TIC 164414655",7.41086267000,,3.2769000,5555.00,4.520000,0.870000,0.900000,"Transit","Kepler",1
"Kepler-1521 b","Kepler-1521","TIC 137817355",47.14840805000,,3.0668000,5042.00,4.590000,0.760000,0.810000,"Transit","Kepler",1
"Kepler-1015 b","Kepler-1015","TIC 63373862",16.00494214000,,6.4648000,6769.00,4.090000,1.810000,1.490000,"Transit","Kepler",1
"HD 68402 b","HD 68402","TIC 272546396",1103.00000000000,,,5950.00,4.470000,1.020000,1.120000,"Radial Velocity","Multiple Observatories",1
"Kepler-549 b","Kepler-549","TIC 164455792",42.94956490000,,5.3469000,5360.00,4.540000,0.840000,0.880000,"Transit","Kepler",1
"K2-165 d","K2-165","TIC 149969625",14.10136100000,,,5185.00,4.460000,0.803827,0.834847,"Transit","K2",1
"Kepler-714 b","Kepler-714","TIC 123499118",8.09888798600,,4.2147900,5995.00,4.370000,1.120000,1.090000,"Transit","Kepler",1
"Kepler-1348 b","Kepler-1348","TIC 26582909",27.57227420000,,5.2920000,5911.00,4.420000,1.040000,1.040000,"Transit","Kepler",1
"TOI-277 b","TOI-277","TIC 439456714",3.99400000000,,,4031.00,4.580000,0.362000,0.160000,"Transit","Transiting Exoplanet Survey Satellite (TESS)",1
"Kepler-1768 b","Kepler-1768","TIC 239236731",15.13589954000,,,6050.00,4.137000,1.572000,1.240000,"Transit","Kepler",1
"OGLE-2013-BLG-0102L b","OGLE-2013-BLG-0102L",,,,,,,,0.096000,"Microlensing","OGLE",1
"KMT-2018-BLG-0748L b","KMT-2018-BLG-0748L",,,,,,,,0.087000,"Microlensing","KMTNet",1
"KMT-2019-BLG-0335L b","KMT-2019-BLG-0335L",,,,,,,,0.320000,"Microlensing","KMTNet",1
"Kepler-431 d","Kepler-431","TIC 123231081",11.92200000000,,,6004.00,4.400000,1.092000,1.071000,"Transit","Kepler",1
"Kepler-1362 b","Kepler-1362","TIC 121660595",136.20562600000,,5.4910000,4857.00,4.600000,0.740000,0.800000,"Transit","Kepler",1
"Kepler-1283 b","Kepler-1283","TIC 184008951",12.94609780000,,9.5830000,6175.00,4.310000,1.250000,1.160000,"Transit","Kepler",1
"KMT-2023-BLG-1454L b","KMT-2023-BLG-1454L",,,,,,,,0.170000,"Microlensing","KMTNet",1
"XO-2 S d","XO-2 S","TIC 356473029",4696.00000000000,,,5325.00,4.420000,1.020000,0.980000,"Radial Velocity","Multiple Observatories",1
"Kepler-186 f","Kepler-186","TIC 268159861",129.94410000000,,5.6200000,3755.00,4.736000,0.523000,0.544000,"Transit","Kepler",1
"EPIC 212297394 c","EPIC 212297394","TIC 287331845",5.21396500000,,2.6200000,5171.00,4.550000,0.800000,0.830000,"Transit","K2",1
"TOI-622 b","TOI-622","TIC 83092282",6.40251300000,,3.9070000,6400.00,4.200000,1.415000,1.313000,"Transit","Transiting Exoplanet Survey Satellite (TESS)",1
"Kepler-1842 b","Kepler-1842","TIC 158216580",14.02639961000,,,5970.00,4.355000,1.131000,1.057000,"Transit","Kepler",1
"Kepler-1439 b","Kepler-1439","TIC 120578712",8.07392849000,,2.2170000,3578.00,4.830000,0.430000,0.460000,"Transit","Kepler",1
"Kepler-989 b","Kepler-989","TIC 123357893",7.96431535200,,1.4980000,5074.00,4.580000,0.780000,0.820000,"Transit","Kepler",1
"Kepler-398 d","Kepler-398","TIC 137155210",6.83437001000,,2.1537000,4557.00,4.640000,0.670000,0.720000,"Transit","Kepler",1
"TIC 365102760 b","TIC 365102760","TIC 365102760",4.21285367000,,5.5200000,4900.00,3.520000,3.130000,1.170000,"Transit","Transiting Exoplanet Survey Satellite (TESS)",1
"Kepler-1739 b","Kepler-1739","TIC 272279981",7.34370994600,,,5757.00,4.597000,0.762000,0.865000,"Transit","Kepler",1
"Kepler-65 e","Kepler-65","TIC 121731834",258.80000000000,,,,,1.437000,1.248000,"Radial Velocity","W. M. Keck Observatory",1
"EPIC 201170410.02","EPIC 201170410","TIC 38116202",6.79870000000,,,3648.00,4.999000,0.282000,0.287000,"Transit","K2",1
"Kepler-94 c","Kepler-94","TIC 123309556",820.30000000000,,,4781.00,4.590000,0.760000,0.810000,"Radial Velocity","W. M. Keck Observatory",1
"OGLE-2017-BLG-1522L b","OGLE-2017-BLG-1522L",,,,,,,,0.045000,"Microlensing","OGLE",1
"HD 181234 b","HD 181234","TIC 3409107",7593.40512000000,,,,,,0.940000,"Radial Velocity","La Silla Observatory",1
"TOI-3693 b","TOI-3693","TIC 240823272",9.08851600000,2.13400000,3.5568000,5321.00,4.581000,0.791000,0.867000,"Transit","Transiting Exoplanet Survey Satellite (TESS)",1
"PSR B1257+12 d","PSR B1257+12",,98.21140000000,,,,,,1.400000,"Pulsar Timing","Arecibo Observatory",1
"GJ 667 C f","GJ 667 C","TIC 154385809",39.02600000000,,,3350.00,4.690000,,0.330000,"Radial Velocity","La Silla Observatory",1
"Kepler-351 c","Kepler-351","TIC 158218178",57.24809000000,,5.9230000,5643.00,4.556000,0.854000,,"Transit","Kepler",1
"Kepler-446 c","Kepler-446","TIC 123417850",3.03617900000,,0.9432000,3359.00,,0.240000,0.220000,"Transit","Kepler",1
"Kepler-1288 b","Kepler-1288","TIC 120577770",2.76122421000,,3.6620000,6132.00,4.290000,1.290000,1.200000,"Transit","Kepler",1
"GJ 3512 c","GJ 3512","TIC 445064836",2354.00000000000,,,3141.00,,0.139000,0.123000,"Radial Velocity","Multiple Observatories",1
"WASP-56 b","WASP-56","TIC 347329162",4.61710000000,1.00000000,,5600.00,4.500000,0.960000,0.710000,"Transit","SuperWASP",1
"TOI-1533 b","TOI-1533","TIC 345143460",3.64579740000,,2.0700000,5146.00,4.500000,0.849000,0.880000,"Transit","Transiting Exoplanet Survey Satellite (TESS)",1
"Kepler-25 c","Kepler-25","TIC 120960812",12.72070000000,,,,,1.316000,1.165000,"Transit","Kepler",1
"TOI-2453 b","TOI-2453","TIC 59128183",4.44143463188,,1.4625240,3720.23,4.679900,0.502498,,"Transit","Transiting Exoplanet Survey Satellite (TESS)",1
"Kepler-758 c","Kepler-758","TIC 137968594",4.75793986000,,4.6770000,6228.00,4.190000,1.420000,1.160000,"Transit","Kepler",1
"Kepler-220 b","Kepler-220","TIC 159759306",4.15980700000,,1.6260000,4632.00,4.652000,0.666000,,"Transit","Kepler",1
"Kepler-1688 b","Kepler-1688","TIC 122068161",5.62012000000,,,4632.11,,,,"Transit","Kepler",1
"Kepler-839 b","Kepler-839","TIC 159580625",37.81445140000,,8.5785000,6058.00,4.290000,1.310000,1.220000,"Transit","Kepler",1
"TIC 206466666 b","TIC 206466666","TIC 206466666",9.10486865159,,2.5585481,4620.30,4.566100,0.667193,,"Transit","Transiting Exoplanet Survey Satellite (TESS)",1
"TOI-1759 b","TOI-1759","TIC 408636441",18.85019000000,,3.2300000,4065.00,4.650000,0.597000,0.606000,"Transit","Transiting Exoplanet Survey Satellite (TESS)",1
"Kepler-1801 b","Kepler-1801","TIC 139034625",10.44089985000,,,5738.00,4.426000,0.981000,0.936000,"Transit","Kepler",1
"WASP-142 b","WASP-142","TIC 423275733",2.05286800000,0.91600000,2.6808000,6010.00,4.130000,1.640000,1.330000,"Transit","SuperWASP-South",1
"Kepler-1454 b","Kepler-1454","TIC 267570002",47.03194790000,,5.9060000,5448.00,4.530000,0.860000,0.900000,"Transit","Kepler",1
"Kepler-245 c","Kepler-245","TIC 63004906",17.46081200000,,2.2440000,5100.00,4.560000,0.795000,,"Transit","Kepler",1
"Kepler-1271 b","Kepler-1271","TIC 120825510",3.02559550000,,2.9592000,6143.00,4.310000,1.230000,1.130000,"Transit","Kepler",1
"TOI-4034 b","TOI-4034","TIC 375654303",1.80209320000,,3.2150000,5891.00,3.870000,1.830000,1.190000,"Transit","Transiting Exoplanet Survey Satellite (TESS)",1
"Ross 508 b","Ross 508","TIC 400019820",10.77000000000,,,3071.00,5.039000,0.211300,0.177400,"Radial Velocity","Subaru Telescope",1
"91 Aqr b","91 Aqr","TIC 4610441",181.40000000000,,,4665.00,2.520000,11.000000,1.400000,"Radial Velocity","Lick Observatory",1
"Kepler-125 c","Kepler-125","TIC 273873718",5.77446400000,,1.8780000,3810.00,4.744000,0.512000,,"Transit","Kepler",1
"Kepler-936 b","Kepler-936","TIC 270619059",10.56134221000,,2.7590000,5482.00,4.510000,0.890000,0.920000,"Transit","Kepler",1
"Kepler-20 c","Kepler-20","TIC 158554588",10.85407740000,,,5495.00,,0.916400,0.929000,"Transit","Kepler",1
"Kepler-369 b","Kepler-369","TIC 26961231",2.73275600000,,1.0370000,3591.00,4.785000,0.471000,,"Transit","Kepler",1
"Kepler-115 c","Kepler-115","TIC 273383120",8.99088900000,,4.0830000,5979.00,4.306000,1.205000,,"Transit","Kepler",1
"OGLE-2016-BLG-0613L AB b","OGLE-2016-BLG-0613L AB",,,,,,,,0.720000,"Microlensing","OGLE",1
"Kepler-913 b","Kepler-913","TIC 169465273",10.29672521000,,2.7238000,4687.00,4.670000,0.610000,0.630000,"Transit","Kepler",1
"Kepler-1018 b","Kepler-1018","TIC 164555061",49.10135140000,,6.3230000,5518.00,4.520000,0.880000,0.910000,"Transit","Kepler",1
"HD 77946 b","HD 77946","TIC 39699648",6.52736300000,,2.9756716,6007.00,4.276000,1.317400,1.197300,"Transit","Transiting Exoplanet Survey Satellite (TESS)",1
"Kepler-761 b","Kepler-761","TIC 159442087",10.12804789000,,3.3632000,5706.00,4.480000,0.930000,0.950000,"Transit","Kepler",1
"WASP-184 b","WASP-184","TIC 112099249",5.18170000000,0.69000000,4.7760000,6000.00,4.090000,1.650000,1.230000,"Transit","WASP-South",1
"Kepler-11 c","Kepler-11","TIC 169175503",13.02410000000,0.07508000,4.5440000,5663.00,4.366000,1.065000,0.961000,"Transit","Kepler",1
"Kepler-1186 b","Kepler-1186","TIC 158730884",16.07677615000,,2.2370000,5635.00,4.490000,0.930000,0.950000,"Transit","Kepler",1
"TOI-4662 b","TOI-4662","TIC 166778944",4.70343764575,,2.1670415,4520.41,4.623800,0.693750,,"Transit","Transiting Exoplanet Survey Satellite (TESS)",1
"Kepler-633 b","Kepler-633","TIC 138969239",8.50340718000,,2.8346000,5899.00,4.320000,1.150000,1.020000,"Transit","Kepler",1
"Kepler-1847 b","Kepler-1847","TIC 272490211",11.12969971000,,,6122.00,4.487000,0.964000,1.041000,"Transit","Kepler",1
"KOI-4777.01","KOI-4777","TIC 158427808",0.41200000000,,0.7300000,3515.00,4.770000,0.400000,0.410000,"Transit","Kepler",1
"Kepler-1329 b","Kepler-1329","TIC 47977416",9.33646594000,,2.2637000,4500.00,4.620000,0.690000,0.720000,"Transit","Kepler",1
"Kepler-730 c","Kepler-730","TIC 352013543",2.85188338000,,2.7600000,5620.00,4.162000,1.411000,1.047000,"Transit","Kepler",1
"HD 80883 b","HD 80883","TIC 386899832",6383.78352000000,,,,,,0.880000,"Radial Velocity","Multiple Observatories",1
"Wendelstein-2 b","Wendelstein-2","TIC 209752908",1.75222390000,,,4591.00,,0.660000,0.730000,"Transit","Haleakala Observatory",1
"TOI-1249 b","TOI-1249","TIC 232976128",13.07915100000,,3.1451019,5497.00,4.457000,0.978500,1.006200,"Transit","Transiting Exoplanet Survey Satellite (TESS)",1
"Kepler-623 b","Kepler-623","TIC 272842291",9.07097734000,,2.7085000,5443.00,4.530000,0.860000,0.900000,"Transit","Kepler",1
"Kepler-531 b","Kepler-531","TIC 243272677",29.88485741000,,4.5608000,4893.00,4.580000,0.750000,0.780000,"Transit","Kepler",1
"Kepler-1110 b","Kepler-1110","TIC 351060274",9.69312032000,,2.7590000,4781.00,4.620000,0.700000,0.730000,"Transit","Kepler",1
"HD 117618 b","HD 117618","TIC 243194645",25.80000000000,,,5990.00,4.410000,,1.077000,"Radial Velocity","Anglo-Australian Telescope",1
"HD 164604 c","HD 164604","TIC 406317882",5387.00000000000,,,4663.00,4.490000,0.780000,0.770000,"Radial Velocity","Las Campanas Observatory",1
"K2-385 b","K2-385","TIC 257429687",2.38086700000,,,4844.00,4.640000,0.761000,0.927000,"Transit","K2",1
"Kepler-80 f","Kepler-80","TIC 184296619",0.98678730000,,,4540.00,4.639000,0.678000,0.730000,"Transit","Kepler",1
"KMT-2018-BLG-1996L b","KMT-2018-BLG-1996L",,,,,,,,0.690000,"Microlensing","KMTNet",1
"TOI-858 B b","TOI-858 B","TIC 198008005",3.27971780000,0.97400000,3.6024000,5842.00,4.238000,1.308000,1.081000,"Transit","Transiting Exoplanet Survey Satellite (TESS)",1
"HD 196885 A b","HD 196885 A","TIC 282257777",1333.00000000000,,,6254.00,4.310000,1.310000,1.280000,"Radial Velocity","Haute-Provence Observatory",1
"Kepler-897 b","Kepler-897","TIC 290005350",8.04726420000,,4.5000000,5839.00,4.410000,1.040000,1.030000,"Transit","Kepler",1
"Kepler-581 b","Kepler-581","TIC 184009313",40.60698210000,,5.7190000,5772.00,4.440000,1.000000,1.000000,"Transit","Kepler",1
"TIC 390586021 b","TIC 390586021","TIC 390586021",2.74703755819,,2.1270472,4434.81,4.638900,0.726565,,"Transit","Transiting Exoplanet Survey Satellite (TESS)",1
"BD-210397 c","BD-210397","TIC 268804174",6240.00000000000,,,,,,0.690000,"Radial Velocity","La Silla Observatory",1
"Kepler-717 b","Kepler-717","TIC 240183442",4.40840023000,,4.9330000,5485.00,4.530000,0.850000,0.880000,"Transit","Kepler",1
"EPIC 212424622 b","EPIC 212424622","TIC 297146115",18.09830000000,,,,,,1.106000,"Transit","K2",1
"HD 17092 b","HD 17092","TIC 302317605",359.89999000000,,,4326.00,3.000000,13.580000,6.730000,"Radial Velocity","McDonald Observatory",1
"TOI-4602.01","TOI-4602","TIC 467651916",3.98129990000,0.00600000,3.4474000,5966.00,4.340000,1.080000,0.900000,"Transit","Transiting Exoplanet Survey Satellite (TESS)",1
"TIC 178172313 b","TIC 178172313","TIC 178172313",4.37318161360,,2.1515060,5405.59,4.576900,0.843450,,"Transit","Transiting Exoplanet Survey Satellite (TESS)",1
"Kepler-965 b","Kepler-965","TIC 274118253",134.25272980000,,9.1050000,5886.00,4.330000,1.150000,1.050000,"Transit","Kepler",1
"Kepler-289 b","Kepler-289","TIC 273234825",34.53830000000,,,5990.00,4.470000,1.000000,1.080000,"Transit","Kepler",1
"HATS-11 b","HATS-11","TIC 11439959",3.61918800000,,,6563.00,4.190000,1.540000,1.330000,"Transit","HATSouth",1
"TYC 0434-04538-1 b","TYC 0434-04538-1","TIC 398118692",193.20000000000,,,4679.00,2.490000,9.990000,1.040000,"Radial Velocity","Multiple Observatories",1
"Kepler-1157 b","Kepler-1157","TIC 164460347",4.45743164000,,2.3577000,4679.00,4.620000,0.710000,0.760000,"Transit","Kepler",1
"Kepler-964 b","Kepler-964","TIC 139155506",13.52251060000,,3.8931000,5427.00,4.550000,0.840000,0.930000,"Transit","Kepler",1
"KMT-2021-BLG-0909L b","KMT-2021-BLG-0909L",,,,,,,,0.380000,"Microlensing","KMTNet",1
"Kepler-23 c","Kepler-23","TIC 27083727",10.74000000000,,,5828.00,,1.548000,1.078000,"Transit","Kepler",1
"GJ 676 A e","GJ 676 A","TIC 369021303",35.47358000000,,,,,,0.626000,"Radial Velocity","La Silla Observatory",1
"Kepler-502 b","Kepler-502","TIC 159578156",4.28686431000,,4.4231000,6125.00,4.330000,1.220000,1.150000,"Transit","Kepler",1
"TYC 8998-760-1 b","TYC 8998-760-1","TIC 449888653",,,,,,,,"Imaging","Paranal Observatory",1
"Kepler-1425 b","Kepler-1425","TIC 271347291",14.45413020000,,7.0950000,5718.00,4.470000,0.950000,0.970000,"Transit","Kepler",1
"Kepler-226 b","Kepler-226","TIC 63204017",3.94099700000,,2.5960000,5571.00,4.586000,0.802000,,"Transit","Kepler",1
"Kepler-1038 c","Kepler-1038","TIC 268483792",7.12765979800,,,5159.00,4.548000,0.821000,0.868000,"Transit","Kepler",1
"Kepler-1730 b","Kepler-1730","TIC 351803524",13.81019974000,,,5942.00,4.327000,1.142000,1.009000,"Transit","Kepler",1
"GJ 229 b","GJ 229","TIC 124279525",579.47495000000,,,,,,0.509000,"Radial Velocity","Multiple Observatories",1
"KMT-2021-BLG-2294L b","KMT-2021-BLG-2294L",,,,,,,,0.140000,"Microlensing","KMTNet",1
"Kepler-1626 b","Kepler-1626","TIC 184559893",4.13962966000,,3.2840000,6826.00,4.080000,1.850000,1.510000,"Transit","Kepler",1
"MOA-2011-BLG-322L b","MOA-2011-BLG-322L",,,,,,,,0.390000,"Microlensing","MOA",1
"Kepler-85 e","Kepler-85","TIC 159580705",25.21675100000,,4.0830000,5436.00,4.494000,0.893000,,"Transit","Kepler",1
"K2-360 c","EPIC 201595106","TIC 397052808",9.79692000000,,,5679.00,4.435000,0.980000,0.958000,"Radial Velocity","Multiple Observatories",1
"Kepler-1849 b","Kepler-1849","TIC 399821807",57.29290009000,,,4806.00,4.564000,0.729000,0.709000,"Transit","Kepler",1
"TOI-5398 c","TOI-5398","TIC 8260536",4.77271000000,,3.1270000,6000.00,4.440000,1.051000,1.146000,"Transit","Transiting Exoplanet Survey Satellite (TESS)",1
"HD 104985 b","HD 104985","TIC 160224839",199.68000000000,,,4738.00,2.420000,11.120000,1.220000,"Radial Velocity","Okayama Astrophysical Observatory",1
"GJ 2056 b","GJ 2056","TIC 65406275",69.97100000000,,,,,,0.620000,"Radial Velocity","Multiple Observatories",1
"TOI-663 d","TOI-663","TIC 54962195",7.10272680000,,,3681.00,4.726600,0.512000,0.514000,"Transit","Transiting Exoplanet Survey Satellite (TESS)",1
"Kepler-319 d","Kepler-319","TIC 121786630",31.78192500000,,3.8630000,5526.00,4.487000,0.903000,,"Transit","Kepler",1
"TOI-216.02","TOI-216","TIC 55652896",17.16073000000,0.47500000,,,,0.748000,0.770000,"Transit","Transiting Exoplanet Survey Satellite (TESS)",1
"Kepler-1638 b","Kepler-1638","TIC 27529656",259.33683000000,,15.9790000,5710.00,4.470000,0.950000,0.970000,"Transit","Kepler",1
"UCAC3 113-933 b","UCAC3 113-933","TIC 63726082",,,,,,,0.610000,"Imaging","Multiple Observatories",1
"Kepler-1183 b","Kepler-1183","TIC 137550938",28.50571890000,,6.2520000,5765.00,4.450000,0.990000,1.000000,"Transit","Kepler",1
"Kepler-911 b","Kepler-911","TIC 171029578",20.31050100000,,5.3585000,6112.00,3.970000,1.990000,1.340000,"Transit","Kepler",1
"Kepler-830 b","Kepler-830","TIC 271433874",11.29695137000,,4.5830000,6037.00,4.380000,1.110000,1.070000,"Transit","Kepler",1
"Kepler-775 b","Kepler-775","TIC 137211068",0.97486892600,,1.5975000,5468.00,4.560000,0.840000,0.920000,"Transit","Kepler",1
"KMT-2021-BLG-1150L b","KMT-2021-BLG-1150L",,,,,,,,0.730000,"Microlensing","KMTNet",1
"OGLE-2018-BLG-1185L b","OGLE-2018-BLG-1185L",,,,,,,,0.370000,"Microlensing","OGLE",1
"Kepler-156 c","Kepler-156","TIC 122374620",15.90680100000,,3.9840000,5094.00,4.552000,0.807000,,"Transit","Kepler",1
"Kepler-26 d","Kepler-26","TIC 164833065",3.54391900000,,2.0120000,4486.00,4.733000,0.571000,,"Transit","Kepler",1
"OGLE-2019-BLG-0304L b","OGLE-2019-BLG-0304L",,,,,,,,0.270000,"Microlensing","OGLE",1
"Kepler-62 b","Kepler-62","TIC 164458488",5.71493200000,0.04300000,2.3100000,4925.00,4.680000,0.640000,0.690000,"Transit","Kepler",1
"Kepler-937 b","Kepler-937","TIC 270854155",67.66882700000,,9.6230000,6095.00,4.320000,1.220000,1.150000,"Transit","Kepler",1
"Kepler-843 b","Kepler-843","TIC 27774043",2.05387982100,,2.1809000,5830.00,4.420000,1.030000,1.020000,"Transit","Kepler",1
"HD 37124 d","HD 37124","TIC 19631691",1862.00000000000,,,,,,0.850000,"Radial Velocity","W. M. Keck Observatory",1
"Kepler-1860 b","Kepler-1860","TIC 27082724",12.73719978000,,,5420.00,4.502000,0.868000,0.874000,"Transit","Kepler",1
"KIC 10001893 d","KIC 10001893","TIC 158488181",0.81161000000,,,27500.00,5.350000,,,"Orbital Brightness Modulation","Kepler",1
"Kepler-276 b","Kepler-276","TIC 138213510",14.12841000000,,3.7330000,6105.00,4.453000,1.046000,,"Transit","Kepler",1
"Kepler-952 b","Kepler-952","TIC 120495241",130.35469190000,,6.3820000,5730.00,4.450000,0.990000,1.000000,"Transit","Kepler",1
"HD 66428 c","HD 66428","TIC 73238215",10478.84437000000,,,,,,1.010000,"Radial Velocity","Multiple Observatories",1
"Kepler-350 c","Kepler-350","TIC 120498491",17.84900000000,,,,4.240000,1.250000,1.000000,"Transit","Kepler",1
"Kepler-1656 b","Kepler-1656","TIC 120255950",31.56200000000,,,,,1.100000,1.030000,"Transit","Kepler",1
"Qatar-7 b","Qatar-7","TIC 291685334",2.03204600000,,3.5784000,6387.00,4.196000,1.564000,1.409000,"Transit","Qatar",1
"Kepler-1793 b","Kepler-1793","TIC 351070059",8.77999973300,,,5191.00,4.597000,0.764000,0.850000,"Transit","Kepler",1
"Kepler-208 b","Kepler-208","TIC 270781284",4.22864000000,,3.3080000,6092.00,4.265000,1.314000,,"Transit","Kepler",1
"Kepler-352 b","Kepler-352","TIC 269271535",10.05537000000,,2.9630000,5212.00,4.566000,0.781000,,"Transit","Kepler",1
"HD 167042 b","HD 167042","TIC 353988778",417.67000000000,,,4919.00,3.230000,4.630000,1.390000,"Radial Velocity","Lick Observatory",1
"TOI-4930 b","TOI-4930","TIC 307221757",6.78130241498,,4.2251893,5624.72,4.321100,1.159260,,"Transit","Transiting Exoplanet Survey Satellite (TESS)",1
"Kepler-1331 b","Kepler-1331","TIC 169083837",0.78916165300,,0.9052000,4508.00,4.630000,0.690000,0.720000,"Transit","Kepler",1
"WASP-2 b","WASP-2","TIC 374530847",2.15217500000,1.64600000,1.7882400,5180.00,4.514000,0.866000,0.895000,"Transit","SuperWASP",1
"Kepler-1483 b","Kepler-1483","TIC 271752712",9.50851560000,,4.3810000,6337.00,4.240000,1.400000,1.250000,"Transit","Kepler",1
"K2-90 b","K2-90","TIC 14111411",13.73331400000,,2.9520000,4484.00,4.653000,0.619000,0.629000,"Transit","K2",1
"Kepler-190 b","Kepler-190","TIC 158789380",2.01999900000,,1.8210000,5106.00,4.561000,0.795000,,"Transit","Kepler",1
"Kepler-317 b","Kepler-317","TIC 138890353",5.52424200000,,2.6720000,5497.00,4.493000,0.941000,,"Transit","Kepler",1
"Kepler-931 b","Kepler-931","TIC 272945038",8.03755877000,,2.7866000,5241.00,4.550000,0.810000,0.860000,"Transit","Kepler",1
"Kepler-240 c","Kepler-240","TIC 122712446",7.95352800000,,2.5980000,4985.00,4.626000,0.739000,,"Transit","Kepler",1
"Kepler-1560 b","Kepler-1560","TIC 63373449",3.03195744000,,1.6570000,5815.00,4.430000,1.020000,1.020000,"Transit","Kepler",1
"Kepler-2000 c","Kepler-2000","TIC 350814495",20.61803480000,0.07695000,3.2670000,3757.00,4.681000,0.576000,0.581000,"Transit","Kepler",1
"HD 20781 b","HD 20781","TIC 144503312",5.31350000000,,,5256.00,4.370000,,0.700000,"Radial Velocity","La Silla Observatory",1
"TOI-2096 c","TOI-2096","TIC 142748283",6.38784000000,0.63600000,1.3540000,3300.00,5.050000,0.235000,0.231000,"Transit","Transiting Exoplanet Survey Satellite (TESS)",1
"TOI-4463 A b","TOI-4463 A","TIC 8599009",2.88071980000,1.31100000,1.8500000,5640.00,4.410000,1.062000,1.056000,"Transit","Transiting Exoplanet Survey Satellite (TESS)",1
"Kepler-1642 b","Kepler-1642","TIC 273036122",12.20575130000,,2.4540000,5355.00,4.540000,0.840000,0.880000,"Transit","Kepler",1
"Kepler-504 b","Kepler-504","TIC 164832454",9.54927542200,,1.7722000,3519.00,4.940000,0.330000,0.330000,"Transit","Kepler",1
"Kepler-171 d","Kepler-171","TIC 239229224",39.59551900000,,6.3150000,5642.00,4.566000,0.839000,,"Transit","Kepler",1
"TOI-663 c","TOI-663","TIC 54962195",4.69555070000,,,3681.00,4.726600,0.512000,0.514000,"Transit","Transiting Exoplanet Survey Satellite (TESS)",1
"MOA-2012-BLG-006L b","MOA-2012-BLG-006L",,,,,,,,0.490000,"Microlensing","Multiple Observatories",1
"Kepler-1156 b","Kepler-1156","TIC 158842046",11.89520511000,,3.5000000,5778.00,4.440000,1.000000,1.000000,"Transit","Kepler",1
"Kepler-53 c","Kepler-53","TIC 122446315",38.55830380000,,5.0162000,5858.00,4.530000,0.890000,0.980000,"Transit","Kepler",1
"KMT-2022-BLG-0303L b","KMT-2022-BLG-0303L",,,,,,,,0.368000,"Microlensing","KMTNet",1
"Kepler-268 b","Kepler-268","TIC 137348987",25.93413800000,,4.5710000,6081.00,4.287000,1.274000,,"Transit","Kepler",1
"TIC 153919886 b","TIC 153919886","TIC 153919886",2.10510492329,,1.5674012,4137.16,4.668800,0.591697,,"Transit","Transiting Exoplanet Survey Satellite (TESS)",1
"Kepler-273 c","Kepler-273","TIC 159726559",8.01492700000,,3.3790000,5626.00,4.514000,0.815000,,"Transit","Kepler",1
"Kepler-1964 b","Kepler-1964","TIC 27991150",2.44082999200,,,4803.00,4.623000,0.698000,0.752000,"Transit","Kepler",1
"OGLE-2017-BLG-1806L b","OGLE-2017-BLG-1806L",,,,,,,,0.380000,"Microlensing","OGLE",1
"Kepler-183 c","Kepler-183","TIC 138214374",11.63707100000,,3.2890000,5888.00,4.502000,0.958000,,"Transit","Kepler",1
"KMT-2019-BLG-0371L b","KMT-2019-BLG-0371L",,,,,,,,0.090000,"Microlensing","KMTNet",1
"K2-288 B b","K2-288 B","TIC 640381384",31.39346300000,,2.1120000,3341.00,4.960000,0.320000,0.330000,"Transit","K2",1
"2MASS J21252752-8138278 b","2MASS J21252752-8138278","TIC 273305007",,,,,,,,"Imaging","European Space Agency (ESA) Gaia Satellite",1
"KMT-2017-BLG-1194L b","KMT-2017-BLG-1194L",,,,,,,,0.410000,"Microlensing","KMTNet",1
"HATS-2 b","HATS-2","TIC 413376180",1.35413379000,,,,4.510000,0.876000,0.904000,"Transit","HATSouth",1
"Kepler-1585 b","Kepler-1585","TIC 272272564",3.58274630000,,1.5410000,5538.00,4.500000,0.910000,0.940000,"Transit","Kepler",1
"HD 17674 b","HD 17674","TIC 77490014",623.80000000000,,,5904.00,4.340000,1.180000,0.980000,"Radial Velocity","Haute-Provence Observatory",1
"Kepler-5 b","Kepler-5","TIC 268823307",3.54846570000,,,6297.00,3.960000,1.793000,1.374000,"Transit","Kepler",1
"OGLE-2018-BLG-0977L b","OGLE-2018-BLG-0977L",,,,,,,,0.470000,"Microlensing","OGLE",1
"GJ 887 d","GJ 887","TIC 155315739",50.77000000000,,,3688.00,4.156000,0.468000,0.495000,"Radial Velocity","Multiple Observatories",1
"KMT-2016-BLG-1820L b","KMT-2016-BLG-1820L",,,,,,,,0.039000,"Microlensing","KMTNet",1
"MXB 1658-298 b","MXB 1658-298",,760.00000000000,,,,,,,"Eclipse Timing Variations","Multiple Observatories",1
"BD-08 2823 c","BD-08 2823","TIC 33355302",237.60000000000,,,4746.00,4.130000,,0.740000,"Radial Velocity","La Silla Observatory",1
"TOI-2583 A b","TOI-2583 A","TIC 7548817",4.52072650000,0.80600000,4.4060000,5936.00,4.184000,1.477000,1.215000,"Transit","Transiting Exoplanet Survey Satellite (TESS)",1
"Kepler-1781 b","Kepler-1781","TIC 63005080",4.88752985000,,,5568.00,4.499000,0.957000,1.053000,"Transit","Kepler",1
"TOI-7009 b","TOI-7009","TIC 405837291",2.32066120000,,1.2270000,4080.00,4.630000,0.564000,0.583000,"Transit","Transiting Exoplanet Survey Satellite (TESS)",1
"K2-220 b","K2-220","TIC 266012991",13.68186000000,,,5612.00,4.450000,1.026000,0.910000,"Transit","K2",1
"Kepler-1065 c","Kepler-1065","TIC 378012771",2.37030743000,,1.8450000,5635.00,4.490000,0.930000,0.940000,"Transit","Kepler",1
"HATS-67 b","HATS-67","TIC 272212970",1.60917880000,,1.9464000,6594.00,4.278000,1.441000,1.435000,"Transit","HATSouth",1
"HD 24064 b","HD 24064","TIC 102987456",535.59998000000,,,4052.00,1.440000,40.000000,1.610000,"Radial Velocity","Bohyunsan Optical Astronomical Observatory",1
"TOI-2202 c","TOI-2202","TIC 358107516",24.67440000000,,,5144.00,4.550000,0.794000,0.823000,"Transit Timing Variations","Multiple Observatories",1
"Kepler-302 b","Kepler-302","TIC 270951852",30.18410400000,,5.9400000,5740.00,4.286000,1.220000,,"Transit","Kepler",1
"HD 11112 b","HD 11112","TIC 115319029",17244.90764000000,,,,,,1.070000,"Radial Velocity","Multiple Observatories",1
"BD+20 594 b","BD+20 594","TIC 26123781",41.68550000000,0.04900000,,5766.00,4.500000,1.080000,1.670000,"Transit","K2",1
"Kepler-1538 b","Kepler-1538","TIC 164522561",175.13881900000,,10.6660000,5837.00,4.420000,1.030000,1.030000,"Transit","Kepler",1
"Kepler-584 b","Kepler-584","TIC 158722119",35.18103040000,,7.3730000,6195.00,4.310000,1.240000,1.170000,"Transit","Kepler",1
"Kepler-525 b","Kepler-525","TIC 272279290",18.68404933000,,6.9070000,5573.00,4.290000,1.150000,0.950000,"Transit","Kepler",1
"Kepler-269 b","Kepler-269","TIC 122297877",5.32671800000,,3.3870000,5847.00,4.500000,0.959000,,"Transit","Kepler",1
"G 264-012 c","G 264-012","TIC 322391844",8.05180000000,,,3326.00,4.850000,0.305000,0.297000,"Radial Velocity","Calar Alto Observatory",1
"K2-133 b","K2-133","TIC 150096001",3.07133000000,,,3655.00,,0.455000,0.461000,"Transit","K2",1
"TCP J05074264+2447555 b","TCP J05074264+2447555","TIC 69530840",,,,,,,0.586000,"Microlensing","Multiple Observatories",1
"TOI-7384 b","TOI-7384","TIC 192833836",6.23402580000,,1.4520000,3185.00,4.930000,0.319000,0.318000,"Transit","Transiting Exoplanet Survey Satellite (TESS)",1
"HD 176986 b","HD 176986","TIC 39554091",6.49164000000,,,4931.00,4.440000,0.782000,0.789000,"Radial Velocity","Multiple Observatories",1
"Kepler-290 d","Kepler-290","TIC 158218214",0.76401755300,0.01282000,1.1030000,5142.00,4.602000,0.755000,0.840000,"Transit","Kepler",1
"Kepler-1135 b","Kepler-1135","TIC 158114283",76.95785700000,,9.3840000,5656.00,4.470000,0.940000,0.960000,"Transit","Kepler",1
"K2-119 b","K2-119","TIC 293460551",7.72728300000,,,4740.00,4.620000,0.710000,0.760000,"Transit","K2",1
"Kepler-365 b","Kepler-365","TIC 27530849",10.66490300000,,3.2930000,6012.00,4.434000,1.048000,,"Transit","Kepler",1
"OGLE-2018-BLG-0506L b","OGLE-2018-BLG-0506L",,,,,,,,0.630000,"Microlensing","OGLE",1
"K2-233 d","K2-233","TIC 428820090",24.36810000000,,3.7910000,4796.00,4.530000,0.710000,0.790000,"Transit","K2",1
"UCAC4 328-061594 b","UCAC4 328-061594","TIC 168071263",,,,,,,1.190000,"Imaging","Multiple Observatories",1
"GJ 433 c","GJ 433","TIC 57654763",5094.10500000000,,,,,,0.480000,"Radial Velocity","Multiple Observatories",1
"Kepler-43 b","Kepler-43","TIC 164892194",3.02409490000,,,6041.00,4.260000,1.420000,1.320000,"Transit","Kepler",1
"HD 136352 d","HD 136352","TIC 136916387",107.24500000000,0.04920000,8.8700000,5664.00,4.390000,1.058000,0.870000,"Radial Velocity","La Silla Observatory",1
"HD 191939 c","HD 191939","TIC 269701147",28.57974300000,,4.1620000,5348.00,4.300000,0.940000,0.810000,"Transit","Transiting Exoplanet Survey Satellite (TESS)",1
"Kepler-605 b","Kepler-605","TIC 158423850",3.38353806600,,1.4365000,5462.00,4.520000,0.880000,0.910000,"Transit","Kepler",1
"HD 51608 b","HD 51608","TIC 279246287",14.07260000000,,,5358.00,4.360000,,0.800000,"Radial Velocity","La Silla Observatory",1
"Kepler-254 d","Kepler-254","TIC 158665380",18.74647700000,,3.9610000,5957.00,4.524000,0.910000,,"Transit","Kepler",1
"K2-218 b","K2-218","TIC 266014458",8.67988500000,,,5757.00,4.450000,1.008231,1.047488,"Transit","K2",1
"HD 124330 b","HD 124330","TIC 441692540",270.66000000000,,,5873.00,4.240000,,1.150000,"Radial Velocity","Haute-Provence Observatory",1
"HD 2685 b","HD 2685","TIC 267263253",4.12688000000,,,6801.00,4.210000,1.560000,1.430000,"Transit","Transiting Exoplanet Survey Satellite (TESS)",1
"Kepler-45 b","Kepler-45","TIC 137899948",2.45523900000,3.20400000,,3820.00,4.700000,0.550000,0.590000,"Transit","Kepler",1
"K2-87 b","K2-87","TIC 17409453",9.72661800000,,4.5600000,5747.00,4.208000,1.401000,1.164000,"Transit","K2",1
"CoRoT-30 b","CoRoT-30","TIC 320636129",9.06005000000,,,5650.00,4.400000,0.910000,0.980000,"Transit","CoRoT",1
"HATS-63 b","HATS-63","TIC 178879588",3.05665270000,,2.4480000,5627.00,4.349000,1.070000,0.931000,"Transit","HATSouth",1
"Kepler-1835 b","Kepler-1835","TIC 351799800",11.96409988000,,,5903.00,4.437000,0.961000,0.922000,"Transit","Kepler",1
"Kepler-1802 b","Kepler-1802","TIC 239291510",15.45020008000,,,4245.00,4.641000,0.637000,0.649000,"Transit","Kepler",1
"TOI-1244 b","TOI-1244","TIC 219850915",6.40031648300,,2.2098000,4599.00,,0.721000,0.730000,"Transit","Transiting Exoplanet Survey Satellite (TESS)",1
"Kepler-68 e","Kepler-68","TIC 417676622",3455.00000000000,,,5847.00,,1.256400,1.057000,"Radial Velocity","Roque de los Muchachos Observatory",1
"Kepler-102 e","Kepler-102","TIC 123357864",16.14569940000,,,4909.00,,0.724000,0.803000,"Transit","Kepler",1
"WISE J033605.05-014350.4 b","WISE J033605.05-014350.4",,2560.00000000000,,,415.00,,,0.013100,"Imaging","James Webb Space Telescope (JWST)",1
"HD 109286 b","HD 109286","TIC 399087153",520.10000000000,,,5694.00,4.440000,1.089000,0.980000,"Radial Velocity","Haute-Provence Observatory",1
"Kepler-1427 b","Kepler-1427","TIC 271665352",0.96897237600,,1.6220000,5793.00,4.440000,1.010000,1.010000,"Transit","Kepler",1
"HD 141399 c","HD 141399","TIC 156067565",201.99000000000,,,5600.00,4.280000,,1.070000,"Radial Velocity","Multiple Observatories",1
"MOA-2016-BLG-227L b","MOA-2016-BLG-227L",,,,,,,,0.290000,"Microlensing","MOA",1
"HD 192310 c","HD 192310","TIC 326096771",525.80000000000,,,5166.00,4.510000,,0.800000,"Radial Velocity","La Silla Observatory",1
"PSR B1257+12 c","PSR B1257+12",,66.54190000000,,,,,,1.400000,"Pulsar Timing","Arecibo Observatory",1
"BD+48 740 b","BD+48 740","TIC 302070274",733.00000000000,,,4534.00,2.480000,10.330000,1.090000,"Radial Velocity","Multiple Observatories",1
"HD 42618 b","HD 42618","TIC 153289168",149.61000000000,,,5727.00,4.440000,0.999000,1.015000,"Radial Velocity","Multiple Observatories",1
"Kepler-749 b","Kepler-749","TIC 269263934",17.31716585000,,3.1599000,5009.00,4.590000,0.750000,0.790000,"Transit","Kepler",1
"Kepler-443 b","Kepler-443","TIC 299030246",177.66930000000,,8.9500000,4723.00,4.614000,0.706000,0.738000,"Transit","Kepler",1
"Kepler-458 c","KIC 9663113","TIC 272844987",20.74028413000,,10.3853000,6117.21,3.807780,2.215620,1.150000,"Transit","Kepler",1
"K2-131 b","K2-131","TIC 176868951",0.36930380000,,,5120.00,,0.759500,0.803000,"Transit","K2",1
"Kepler-92 b","Kepler-92","TIC 121943724",13.74900000000,,,,4.050000,1.700000,1.210000,"Transit","Kepler",1
"GJ 1148 c","GJ 1148","TIC 115869504",532.58000000000,,,3287.00,4.865660,0.358519,0.344045,"Radial Velocity","Calar Alto Observatory",1
"Kepler-542 b","Kepler-542","TIC 137484431",13.14497566000,,3.5964000,5526.00,4.500000,0.900000,0.930000,"Transit","Kepler",1
"Kepler-716 c","Kepler-716","TIC 159377404",3.96999000000,,,5012.00,4.616120,0.742183,0.830000,"Transit","Kepler",1
"Kepler-1634 b","Kepler-1634","TIC 270857293",374.87623900000,,11.3280000,5474.00,4.510000,0.890000,0.920000,"Transit","Kepler",1
"Kepler-929 b","Kepler-929","TIC 170733187",0.92103213500,,2.5345000,5869.00,4.420000,1.020000,1.010000,"Transit","Kepler",1
"OGLE-2016-BLG-1266L b","OGLE-2016-BLG-1266L",,,,,,,,0.015000,"Microlensing","OGLE",1
"Kepler-287 b","Kepler-287","TIC 417660580",20.34219900000,,2.2570000,5806.00,4.402000,1.032000,,"Transit","Kepler",1
"K2-32 c","K2-32","TIC 437444661",20.66093000000,,4.3500000,5271.00,4.490000,0.860000,0.830000,"Transit","K2",1
"HD 204313 e","HD 204313","TIC 99734092",7325.64666000000,,,,,,1.030000,"Radial Velocity","Multiple Observatories",1
"HD 213885 c","HD 213885","TIC 403224672",4.78503000000,,,5978.00,4.382700,1.101100,1.068000,"Radial Velocity","Multiple Observatories",1
"Kepler-718 b","Kepler-718","TIC 268924036",2.05234990500,,2.0801000,6191.00,4.280000,1.300000,1.180000,"Transit","Kepler",1
"Kepler-139 e","Kepler-139","TIC 123450224",2047.63537300000,,,,,,1.078000,"Radial Velocity","W. M. Keck Observatory",1
"TOI-942 b","TOI-942","TIC 146520535",4.32421000000,,,,,0.894000,0.822000,"Transit","Transiting Exoplanet Survey Satellite (TESS)",1
"TOI-2104 b","TOI-2104","TIC 367630162",5.90437045700,,2.6272026,4856.13,4.571800,0.723757,,"Transit","Transiting Exoplanet Survey Satellite (TESS)",1
"Kepler-1838 b","Kepler-1838","TIC 171585303",12.14680004000,,,5877.00,3.927000,1.963000,1.187000,"Transit","Kepler",1
"Kepler-1503 b","Kepler-1503","TIC 270705307",96.16987000000,,7.4710000,5069.00,4.590000,0.740000,0.770000,"Transit","Kepler",1
"K2-183 b","K2-183","TIC 60256211",0.46928500000,,,5482.00,4.600000,0.870000,,"Transit","K2",1
"Kepler-150 e","Kepler-150","TIC 121598758",30.82655700000,,5.4550000,5560.00,4.466000,0.939000,,"Transit","Kepler",1
"YZ Cet c","YZ Cet","TIC 439403362",3.05989000000,,,3151.00,5.170000,0.157000,0.142000,"Radial Velocity","La Silla Observatory",1
"Kepler-710 b","Kepler-710","TIC 63120475",4.34728552700,,2.0739000,5611.00,4.500000,0.910000,0.940000,"Transit","Kepler",1
"Kepler-327 c","Kepler-327","TIC 63366281",5.21233300000,,2.1290000,3799.00,4.758000,0.492000,,"Transit","Kepler",1
"ZTF J1230-2655 b","ZTF J1230-2655","TIC 951438622",0.23597766000,,,10000.00,8.070000,0.012300,0.646000,"Transit","Zwicky Transient Facility",1
"HD 102843 b","HD 102843","TIC 78290210",3090.94200000000,,,5436.00,,,0.950000,"Radial Velocity","Las Campanas Observatory",1
"Kepler-329 c","Kepler-329","TIC 268713285",18.68473700000,,3.9480000,4257.00,4.740000,0.523000,,"Transit","Kepler",1
"Kepler-1994 b","Kepler-1994","TIC 273043474",4.61225043000,0.00291000,2.6950000,5495.00,4.442000,0.961000,0.932000,"Transit","Kepler",1
"Kepler-1615 b","Kepler-1615","TIC 158217620",47.31261920000,,10.6520000,5865.00,4.420000,1.050000,1.040000,"Transit","Kepler",1
"Kepler-646 b","Kepler-646","TIC 159441621",15.87364565000,,3.6124000,5634.00,4.490000,0.910000,0.930000,"Transit","Kepler",1
"Kepler-435 b","Kepler-435","TIC 63211674",8.60015360000,,9.0030000,6161.00,3.613000,3.210000,1.538000,"Transit","Kepler",1
"K2-272 b","K2-272","TIC 46259692",14.45367560000,,,5397.00,4.530000,0.830000,0.860000,"Transit","K2",1
"Kepler-56 d","Kepler-56","TIC 138430034",1002.00000000000,,,4819.44,,4.217990,,"Radial Velocity","Multiple Observatories",1
"HD 152581 b","HD 152581","TIC 353181458",686.50000000000,,,5027.00,3.290000,5.140000,1.300000,"Radial Velocity","W. M. Keck Observatory",1
"Kepler-314 b","Kepler-314","TIC 271052158",2.46106900000,,2.2930000,5378.00,4.465000,0.950000,,"Transit","Kepler",1
"MOA-2008-BLG-310L b","MOA-2008-BLG-310L",,,,,,,,0.210000,"Microlensing","MOA",1
"K2-138 f","K2-138","TIC 4610830",12.75758000000,,3.2000000,5356.30,4.540000,0.863000,0.935000,"Transit","K2",1
"Kepler-139 d","Kepler-139","TIC 123450224",7.30569992200,,,,,,1.078000,"Transit","Kepler",1
"HIP 116454 b","HIP 116454","TIC 422618449",9.10041570000,0.08890000,2.4310000,5048.00,4.582000,0.758000,0.800000,"Transit","K2",1
"TOI-1750 b","TOI-1750","TIC 237099296",11.33727129656,,2.8857877,4683.75,4.535800,0.768675,,"Transit","Transiting Exoplanet Survey Satellite (TESS)",1
"TOI-3837 b","TOI-3837","TIC 308073360",11.88865000000,,,5905.00,4.229000,1.200000,0.890000,"Transit","Transiting Exoplanet Survey Satellite (TESS)",1
"Kepler-966 b","Kepler-966","TIC 28159758",99.74762200000,,6.7440000,5840.00,4.430000,1.020000,1.020000,"Transit","Kepler",1
"OGLE-2019-BLG-1180L b","OGLE-2019-BLG-1180L",,,,,,,,0.545000,"Microlensing","OGLE",1
"TOI-172 b","TOI-172","TIC 29857954",9.47725000000,0.31200000,4.7136000,5645.00,3.993000,1.777000,1.128000,"Transit","Transiting Exoplanet Survey Satellite (TESS)",1
"TOI-1533 c","TOI-1533","TIC 345143460",8.06379260000,,1.2200000,5146.00,4.500000,0.849000,0.880000,"Transit","Transiting Exoplanet Survey Satellite (TESS)",1
"HD 105618 b","HD 105618","TIC 397519199",10.02245000000,,,,,,1.010000,"Radial Velocity","Multiple Observatories",1
"Kepler-292 c","Kepler-292","TIC 271960465",3.71533500000,,2.3200000,5299.00,4.536000,0.826000,,"Transit","Kepler",1
"Kepler-207 b","Kepler-207","TIC 159217436",1.61186500000,,2.9990000,5920.00,4.129000,1.588000,,"Transit","Kepler",1
"WASP-79 b","WASP-79","TIC 170634116",3.66239200000,,,6600.00,4.200000,1.510000,1.390000,"Transit","SuperWASP",1
"HD 21749 c","GJ 143","TIC 279741379",7.78993000000,,2.5150000,4640.00,4.613000,0.695000,0.730000,"Transit","Transiting Exoplanet Survey Satellite (TESS)",1
"Kepler-193 b","Kepler-193","TIC 272496083",11.38848000000,,3.6180000,6335.00,4.403000,1.147000,,"Transit","Kepler",1
"TIC 237913194 b","TIC 237913194","TIC 237913194",15.16886500000,,,5788.00,4.376000,1.088000,1.026000,"Transit","Transiting Exoplanet Survey Satellite (TESS)",1
"HD 142245 b","HD 142245","TIC 172607132",1299.00000000000,,,4922.00,3.650000,4.630000,3.500000,"Radial Velocity","W. M. Keck Observatory",1
"HATS-27 b","HATS-27","TIC 248111245",4.63703800000,,4.8312000,6438.00,4.107000,1.740000,1.415000,"Transit","HATSouth",1
"K2-72 c","K2-72","TIC 38337202",15.18903400000,,,3360.47,,0.330989,0.271365,"Transit","K2",1
"Kepler-1093 b","Kepler-1093","TIC 120420344",25.08246260000,,6.3570000,6166.00,4.330000,1.200000,1.130000,"Transit","Kepler",1
"Kepler-1576 b","Kepler-1576","TIC 121865123",6.98471973000,,2.7230000,5876.00,4.400000,1.060000,1.050000,"Transit","Kepler",1
"HD 11755 b","HD 11755","TIC 137121812",433.70001000000,,,4312.00,1.670000,20.580000,0.720000,"Radial Velocity","Bohyunsan Optical Astronomical Observatory",1
"KOI-351 e","KOI-351","TIC 267667295",91.93913000000,,9.7100000,6080.00,4.400000,1.200000,1.200000,"Transit","Kepler",1
"tau Gem b","tau Gem","TIC 68984421",305.50000000000,,,4388.00,1.960000,26.800000,2.300000,"Radial Velocity","Lick Observatory",1
"2MASS J12073346-3932539 b","2MASS J12073346-3932539","TIC 102076870",,,,,,,,"Imaging","Paranal Observatory",1
"Kepler-1724 b","Kepler-1724","TIC 27771842",6.45442009000,,,6092.00,4.496000,0.943000,1.016000,"Transit","Kepler",1
"Kepler-11 g","Kepler-11","TIC 169175503",118.38070000000,0.10060000,9.4690000,5663.00,4.366000,1.065000,0.961000,"Transit","Kepler",1
"Kepler-1537 b","Kepler-1537","TIC 271046907",1.44445379800,,0.9748000,5079.00,4.580000,0.770000,0.810000,"Transit","Kepler",1
"Kepler-1736 b","Kepler-1736","TIC 394179552",37.81029892000,,,6085.00,4.451000,0.973000,0.976000,"Transit","Kepler",1
"Kepler-372 b","Kepler-372","TIC 350810559",6.84969200000,,4.1200000,6509.00,4.405000,1.137000,,"Transit","Kepler",1
"Kepler-1428 b","Kepler-1428","TIC 28234022",10.67607169000,,4.5490000,6184.00,4.280000,1.360000,1.280000,"Transit","Kepler",1
"KMT-2023-BLG-1743L b","KMT-2023-BLG-1743L",,,,,,,,0.110000,"Microlensing","KMTNet",1
"Kepler-1669 b","Kepler-1669","TIC 169457234",9.51216000000,,,4303.00,4.556570,0.714145,0.670000,"Transit","Kepler",1
"OGLE-2018-BLG-1428L b","OGLE-2018-BLG-1428L",,,,,,,,0.430000,"Microlensing","OGLE",1
"K2-164 b","K2-164","TIC 173090902",17.35506600000,,,5791.00,3.810000,2.196069,1.180894,"Transit","K2",1
"HD 210702 b","HD 210702","TIC 456826468",355.50000000000,,,4912.00,3.230000,4.540000,1.330000,"Radial Velocity","Lick Observatory",1
"Kepler-259 b","Kepler-259","TIC 158664318",8.11531700000,,2.9540000,5938.00,4.532000,0.898000,,"Transit","Kepler",1
"Kepler-244 b","Kepler-244","TIC 158426969",4.31179200000,,2.7350000,5554.00,4.585000,0.803000,,"Transit","Kepler",1
"Kepler-630 b","Kepler-630","TIC 138216186",161.47439370000,,10.5980000,5829.00,4.420000,1.040000,1.020000,"Transit","Kepler",1
"Kepler-1448 b","Kepler-1448","TIC 298834402",12.27065865000,,3.1060000,5774.00,4.490000,0.930000,0.950000,"Transit","Kepler",1
"NGTS-35 b","NGTS-35","TIC 333736132",25.24119200000,,2.9580000,4717.00,4.570000,0.753000,0.789000,"Transit","Transiting Exoplanet Survey Satellite (TESS)",1
"TOI-5489 c","TOI-5489","TIC 468983280",4.92126000000,,,3547.00,,0.420000,0.410000,"Transit","Transiting Exoplanet Survey Satellite (TESS)",1
"OGLE-2018-BLG-1119L b","OGLE-2018-BLG-1119L",,,,,,,,0.480000,"Microlensing","OGLE",1
"Kepler-1641 b","Kepler-1641","TIC 184426431",19.67226600000,,4.7660000,6152.00,4.340000,1.190000,1.120000,"Transit","Kepler",1
"Kepler-756 b","Kepler-756","TIC 122597885",1.22486632200,,1.7027000,5282.00,4.570000,0.790000,0.820000,"Transit","Kepler",1
"Kepler-341 e","Kepler-341","TIC 159179987",42.47326900000,,7.1680000,6012.00,4.437000,1.024000,,"Transit","Kepler",1
"Kepler-47 c","Kepler-47","TIC 271548206",303.22700000000,,,,,0.936000,0.957000,"Transit","Kepler",1
"Kepler-42 d","Kepler-42","TIC 63126862",1.86516900000,,,3068.00,,0.170000,0.130000,"Transit","Kepler",1
"OGLE-2018-BLG-0799L b","OGLE-2018-BLG-0799L",,,,,,,,0.093000,"Microlensing","OGLE",1
"Kepler-1882 b","Kepler-1882","TIC 159449495",13.78730011000,,,5691.00,4.139000,1.458000,1.068000,"Transit","Kepler",1
"HD 21693 c","HD 21693","TIC 197792776",53.73570000000,,,5430.00,4.370000,,0.800000,"Radial Velocity","La Silla Observatory",1
"TOI-5076 b","TOI-5076","TIC 303432813",23.44316200000,0.14390000,4.8820000,4780.00,4.483000,0.844000,0.789000,"Transit","Transiting Exoplanet Survey Satellite (TESS)",1
"WASP-71 b","WASP-71","TIC 422655579",2.90367000000,0.44000000,,6050.00,3.900000,1.820000,0.760000,"Transit","SuperWASP",1
"HD 109246 b","HD 109246","TIC 154549250",68.27000000000,,,5844.00,4.460000,1.070000,1.200000,"Radial Velocity","Haute-Provence Observatory",1
"Kepler-225 b","Kepler-225","TIC 63203294",6.73897500000,,3.0180000,3682.00,4.783000,0.480000,,"Transit","Kepler",1
"Kepler-539 c","Kepler-539","TIC 171510762",1000.00000000000,,,5820.00,4.502000,0.952000,1.048000,"Transit Timing Variations","Kepler",1
"HD 111232 c","HD 111232","TIC 329649885",26472.44623000000,,,,,,0.960000,"Radial Velocity","Multiple Observatories",1
"Kepler-1375 b","Kepler-1375","TIC 272269239",3.30041920000,,4.4980000,6704.00,4.110000,1.780000,1.470000,"Transit","Kepler",1
"TOI-1450 A b","TOI-1450 A","TIC 377293776",2.04392740000,,0.9880000,3437.00,4.760000,0.483000,0.480000,"Transit","Transiting Exoplanet Survey Satellite (TESS)",1
"Kepler-676 b","Kepler-676","TIC 27776674",11.59822172000,,2.6256000,3701.00,4.770000,0.490000,0.510000,"Transit","Kepler",1
"TIC 279401253 b","TIC 279401253","TIC 279401253",76.80000000000,,,5951.00,4.438000,1.060000,1.130000,"Transit","Transiting Exoplanet Survey Satellite (TESS)",1
"Kepler-288 b","Kepler-288","TIC 121785939",6.09732600000,,3.3060000,5918.00,4.353000,1.091000,,"Transit","Kepler",1
"Kepler-267 b","Kepler-267","TIC 269357457",3.35372800000,,1.4940000,4258.00,4.729000,0.555000,,"Transit","Kepler",1
"HIP 109384 b","HIP 109384","TIC 316470945",499.48000000000,,,5180.00,4.430000,,0.780000,"Radial Velocity","Haute-Provence Observatory",1
"Kepler-1132 b","Kepler-1132","TIC 405719448",62.89162280000,,6.8670000,5298.00,4.550000,0.830000,0.870000,"Transit","Kepler",1
"K2-209 b","K2-209","TIC 257436461",2.08061500000,,,4720.00,4.460000,0.712365,0.744790,"Transit","K2",1
"Kepler-474 b","Kepler-474","TIC 63210391",5.66067293500,,4.6722000,5785.00,4.360000,1.080000,0.990000,"Transit","Kepler",1
"K2-291 b","K2-291","TIC 27039476",2.22517700000,,1.7190000,5520.00,4.500000,0.899000,0.934000,"Transit","K2",1
"TOI-2346 b","TOI-2346","TIC 317483660",3.33120290000,1.14700000,3.7970000,6480.00,4.265000,1.380000,1.271000,"Transit","Transiting Exoplanet Survey Satellite (TESS)",1
"Kepler-712 b","Kepler-712","TIC 271347119",21.02247699000,,4.0906000,5148.00,4.580000,0.780000,0.840000,"Transit","Kepler",1
"TOI-6716 b","TOI-6716","TIC 112115898",4.71858980000,,1.2370000,3110.00,5.060000,0.231000,0.223000,"Transit","Transiting Exoplanet Survey Satellite (TESS)",1
"WASP-99 b","WASP-99","TIC 166836920",5.75251000000,0.41000000,,6150.00,4.300000,1.640000,1.210000,"Transit","SuperWASP",1
"K2-157 c","K2-157","TIC 349445372",25.94200000000,,,5334.00,4.450000,0.860000,0.890000,"Radial Velocity","Paranal Observatory",1
"TOI-663 b","TOI-663","TIC 54962195",2.59890200000,,,3681.00,4.726600,0.512000,0.514000,"Transit","Transiting Exoplanet Survey Satellite (TESS)",1
"Kepler-442 b","Kepler-442","TIC 120499135",112.30530000000,,5.6200000,4402.00,4.673000,0.598000,0.609000,"Transit","Kepler",1
"Kepler-1005 b","Kepler-1005","TIC 158215347",6.49801525000,,2.3167000,5782.00,4.380000,1.060000,1.000000,"Transit","Kepler",1
"OGLE-2018-BLG-0532L b","OGLE-2018-BLG-0532L",,,,,,,,0.195000,"Microlensing","OGLE",1
"Kepler-370 c","Kepler-370","TIC 137411225",19.02293000000,,3.4180000,5852.00,4.531000,0.900000,,"Transit","Kepler",1
"OGLE-2007-BLG-368L b","OGLE-2007-BLG-368L",,,,,,,,0.640000,"Microlensing","OGLE",1
"TOI-2580 b","TOI-2580","TIC 102713734",3.39775000000,,8.3800000,6120.00,4.150000,1.810000,1.330000,"Transit","Transiting Exoplanet Survey Satellite (TESS)",1
"Kepler-305 c","Kepler-305","TIC 171879024",8.29100000000,,,,4.510000,0.800000,0.760000,"Transit","Kepler",1
"KMT-2023-BLG-0735L b","KMT-2023-BLG-0735L",,,,,,,,0.610000,"Microlensing","KMTNet",1
"Kepler-1433 b","Kepler-1433","TIC 399951196",4.13592271000,,2.7890000,6097.00,4.340000,1.190000,1.140000,"Transit","Kepler",1
"Kepler-262 c","Kepler-262","TIC 122673489",21.85372200000,,3.4900000,5841.00,4.541000,0.881000,,"Transit","Kepler",1
"KMT-2023-BLG-1642L b","KMT-2023-BLG-1642L",,,,,,,,0.170000,"Microlensing","KMTNet",1
"Kepler-1099 b","Kepler-1099","TIC 299033164",2.16845259300,,1.6611000,5837.00,4.450000,1.000000,1.010000,"Transit","Kepler",1
"TOI-5218 b","TOI-5218","TIC 259172249",4.29145200000,,2.3800000,4230.00,4.630000,0.708000,0.739000,"Transit","Transiting Exoplanet Survey Satellite (TESS)",1
"TOI-1752 c","TOI-1752","TIC 287139872",32.71443000000,,3.5900000,3762.00,4.710000,0.530000,0.524000,"Transit","Transiting Exoplanet Survey Satellite (TESS)",1
"HD 93385 b","HD 93385","TIC 106900981",7.34260000000,,,5977.00,4.420000,,1.040000,"Radial Velocity","La Silla Observatory",1
"K2-91 b","K2-91","TIC 56520147",1.41954900000,,0.9450000,3622.00,5.000000,0.284000,0.292000,"Transit","K2",1
"Kepler-14 b","Kepler-14","TIC 158561566",6.79012300000,,6.2184000,6395.00,3.994000,2.048000,1.512000,"Transit","Kepler",1
"GJ 896 A b","GJ 896 A","TIC 247985094",284.39000000000,,,,,,0.435990,"Astrometry","Very Long Baseline Array",1
"Kepler-1104 b","Kepler-1104","TIC 27186509",5.03728015000,,1.8848000,6417.00,4.250000,1.410000,1.300000,"Transit","Kepler",1
"Kepler-957 b","Kepler-957","TIC 267748934",5.90741353700,,1.0864000,4963.00,4.600000,0.750000,0.810000,"Transit","Kepler",1
"Kepler-267 c","Kepler-267","TIC 269357457",6.87745000000,,1.3500000,4258.00,4.729000,0.555000,,"Transit","Kepler",1
"Kepler-1235 b","Kepler-1235","TIC 164830167",4.16055856000,,2.6150000,5541.00,4.500000,0.900000,0.930000,"Transit","Kepler",1
"Kepler-654 b","Kepler-654","TIC 272843763",13.72465129000,,6.9296000,5865.00,4.360000,1.110000,1.040000,"Transit","Kepler",1
"HD 13908 b","HD 13908","TIC 12906712",19.38200000000,,,6255.00,4.110000,1.670000,1.290000,"Radial Velocity","Haute-Provence Observatory",1
"KMT-2023-BLG-0119L b","KMT-2023-BLG-0119L",,,,,,,,0.710000,"Microlensing","KMTNet",1
"K2-403 b","K2-403","TIC 365007485",33.58997900000,,,5511.00,4.439000,0.886000,0.784000,"Transit","K2",1
"Kepler-1435 b","Kepler-1435","TIC 159647919",4.45343281000,,3.7960000,6356.00,4.280000,1.320000,1.210000,"Transit","Kepler",1
"Kepler-120 b","Kepler-120","TIC 121458707",6.31250100000,,2.9080000,4096.00,4.732000,0.534000,,"Transit","Kepler",1
"Kepler-1509 b","Kepler-1509","TIC 164558338",25.43381970000,,6.4240000,5780.00,4.450000,0.990000,1.000000,"Transit","Kepler",1
"Kepler-750 c","Kepler-750","TIC 158931258",4.08899022000,,3.4650000,6160.00,4.320000,1.230000,1.150000,"Transit","Kepler",1
"KMT-2016-BLG-1107L b","KMT-2016-BLG-1107L",,,,,,,,0.087000,"Microlensing","KMTNet",1
"TOI-5300 b","TOI-5300","TIC 267215820",2.26219600000,,2.3600000,4610.00,4.640000,0.650000,0.670000,"Transit","Transiting Exoplanet Survey Satellite (TESS)",1
"GJ 9714 b","GJ 9714","TIC 92566472",19240.75467000000,,,,,,0.670000,"Radial Velocity","Multiple Observatories",1
"Kepler-1090 b","Kepler-1090","TIC 271885110",198.68017900000,,8.2870000,5321.00,4.550000,0.820000,0.860000,"Transit","Kepler",1
"CoRoT-9 b","CoRoT-9","TIC 130162252",95.27265600000,,8.2680000,5625.00,4.540000,0.960000,0.960000,"Transit","CoRoT",1
"Kepler-303 c","Kepler-303","TIC 164460208",7.06114900000,,1.0540000,3944.00,4.768000,0.485000,,"Transit","Kepler",1
"NY Vir b","NY Vir","TIC 175402069",3160.00000000000,,,32780.00,5.741930,0.151000,0.459000,"Eclipse Timing Variations","Multiple Observatories",1
"KMT-2021-BLG-0320L b","KMT-2021-BLG-0320L",,,,,,,,0.320000,"Microlensing","KMTNet",1
"Kepler-1981 b","Kepler-1981","TIC 121457557",453.54212000000,0.08610000,17.0260000,5874.00,3.664000,3.006000,1.519000,"Transit","Kepler",1
"Kepler-81 b","Kepler-81","TIC 270611154",5.95500000000,,,,4.700000,0.590000,0.640000,"Transit","Kepler",1
"HAT-P-4 b","HAT-P-4","TIC 138294130",3.05653600000,0.77980000,,5860.00,4.127000,1.596000,1.248000,"Transit","HATNet",1
"MASCARA-4 b","MASCARA-4","TIC 371443216",2.82409320000,,3.9700000,7800.00,4.100000,1.790000,1.750000,"Transit","Multiple Observatories",1
"Kepler-583 b","Kepler-583","TIC 123415040",6.51002530000,,3.3302000,5523.00,4.500000,0.910000,0.940000,"Transit","Kepler",1
"Kepler-227 b","Kepler-227","TIC 26539443",9.48801500000,,3.1130000,5854.00,4.401000,1.091000,,"Transit","Kepler",1
"Kepler-468 b","Kepler-468","TIC 299087490",38.47875706700,,5.0584500,5498.00,4.540000,0.870000,0.960000,"Transit","Kepler",1
"EPIC 206024342 d","EPIC 206024342","TIC 75266189",14.64753100000,,,5724.00,4.500000,1.100000,,"Transit","K2",1
"Kepler-1897 b","Kepler-1897","TIC 138645719",24.22030067000,,,5165.00,4.599000,0.761000,0.859000,"Transit","Kepler",1
"TIC 279401253 c","TIC 279401253","TIC 279401253",155.30000000000,,,5951.00,4.438000,1.060000,1.130000,"Transit","Multiple Observatories",1
"Kepler-1122 b","Kepler-1122","TIC 158664692",42.19173570000,,7.1080000,5544.00,4.510000,0.890000,0.920000,"Transit","Kepler",1
"KMT-2024-BLG-2059L b","KMT-2024-BLG-2059L",,,,,,,,0.510000,"Microlensing","KMTNet",1
"Kepler-194 d","Kepler-194","TIC 63070427",52.81497300000,,7.3000000,6089.00,4.415000,1.025000,,"Transit","Kepler",1
"Kepler-136 b","Kepler-136","TIC 272375343",11.57890000000,,2.8550000,6165.00,4.244000,1.355000,,"Transit","Kepler",1
"AT2021ueyL b","AT2021ueyL",,4168.69000000000,,,3680.00,,,0.490000,"Microlensing","Multiple Observatories",1
"K2-187 e","K2-187","TIC 332024125",13.60662900000,,,5438.00,4.600000,0.830000,,"Transit","K2",1
"TOI-5110 b","TOI-5110","TIC 239977528",30.15857700000,0.22170000,4.2170000,6160.00,3.869000,2.333000,1.469000,"Transit","Transiting Exoplanet Survey Satellite (TESS)",1
"Kepler-145 b","Kepler-145","TIC 159721091",22.95100000000,,,,4.020000,1.850000,1.320000,"Transit","Kepler",1
"Kepler-1116 b","Kepler-1116","TIC 63076026",41.69778270000,,5.4230000,5641.00,4.480000,0.930000,0.950000,"Transit","Kepler",1
"MOA-2010-BLG-353L b","MOA-2010-BLG-353L",,,,,,,,0.180000,"Microlensing","MOA",1
"Kepler-842 b","Kepler-842","TIC 424815179",1.21956827000,,1.5672000,4848.00,4.600000,0.730000,0.780000,"Transit","Kepler",1
"Kepler-1489 b","Kepler-1489","TIC 123312978",82.29475100000,,7.0090000,5655.00,4.510000,0.900000,0.930000,"Transit","Kepler",1
"Kepler-559 b","Kepler-559","TIC 272488625",17.58752333000,,4.3821000,5630.00,4.470000,0.950000,0.960000,"Transit","Kepler",1
"KMT-2016-BLG-2142L b","KMT-2016-BLG-2142L",,,,,,,,0.073000,"Microlensing","KMTNet",1
"Kepler-1833 b","Kepler-1833","TIC 159520040",6.89212989800,,,6164.00,4.227000,1.446000,1.286000,"Transit","Kepler",1
"Kepler-23 d","Kepler-23","TIC 27083727",15.27000000000,,,5828.00,,1.548000,1.078000,"Transit","Kepler",1
"HD 219415 b","HD 219415","TIC 323819453",2093.30000000000,,,4820.00,3.510000,2.900000,1.000000,"Radial Velocity","McDonald Observatory",1
"Kepler-1834 b","Kepler-1834","TIC 378087161",4.60301017800,,,4821.00,4.529000,0.788000,0.765000,"Transit","Kepler",1
"Kepler-1814 b","Kepler-1814","TIC 399821831",2.93535995500,,,4922.00,4.505000,0.823000,0.790000,"Transit","Kepler",1
"K2-125 b","K2-125","TIC 405673618",21.75026400000,,,3654.47,,0.402049,0.494727,"Transit","K2",1
"Kepler-1709 b","Kepler-1709","TIC 164464070",65.70459747000,,,5918.00,4.403000,1.043000,1.003000,"Transit","Kepler",1
"HD 93963 A c","HD 93963 A","TIC 368435330",3.64513890000,,2.3643117,5908.00,4.445000,1.031100,1.084400,"Transit","Transiting Exoplanet Survey Satellite (TESS)",1
"Kepler-1996 c","Kepler-1996","TIC 164892125",92.72972480000,0.12575000,6.8300000,4580.00,4.641000,0.675000,0.748000,"Transit","Kepler",1
"MOA-2009-BLG-266L b","MOA-2009-BLG-266L",,2800.00000000000,,,,,,0.560000,"Microlensing","MOA",1
"KOI-1257 b","KOI-1257","TIC 159647910",86.64766100000,,,5520.00,4.320000,1.130000,0.990000,"Transit","Kepler",1
"Kepler-974 b","Kepler-974","TIC 120418600",4.19449651400,,1.8482000,3687.00,4.760000,0.500000,0.520000,"Transit","Kepler",1
"TOI-1744.01","TOI-1744","TIC 229455001",22.34170292700,,2.7826000,6179.00,,1.140000,1.180000,"Transit","Transiting Exoplanet Survey Satellite (TESS)",1
"TOI-1451 b","TOI-1451","TIC 417931607",16.53794400000,,3.0940434,5801.00,4.424000,1.016200,1.002200,"Transit","Transiting Exoplanet Survey Satellite (TESS)",1
"TOI-1691 b","TOI-1691","TIC 268334473",16.73688893500,,4.9804000,5759.00,,1.000000,1.030000,"Transit","Transiting Exoplanet Survey Satellite (TESS)",1
"Kepler-1263 b","Kepler-1263","TIC 158270568",4.55139967000,,2.4910000,5213.00,4.560000,0.800000,0.840000,"Transit","Kepler",1
"KMT-2019-BLG-0298L b","KMT-2019-BLG-0298L",,,,,,,,0.700000,"Microlensing","KMTNet",1
"TIC 4672985 b","TIC 4672985","TIC 4672985",69.04800000000,,,5757.00,4.320000,1.150000,1.010000,"Transit","Transiting Exoplanet Survey Satellite (TESS)",1
"Kepler-533 b","Kepler-533","TIC 26962715",28.51120525000,,4.5784000,4758.00,4.610000,0.720000,0.780000,"Transit","Kepler",1
"Kepler-1366 b","Kepler-1366","TIC 120421638",2.16457096800,,1.3848000,4070.00,4.680000,0.600000,0.620000,"Transit","Kepler",1
"CoRoT-20 c","CoRoT-20","TIC 234825296",1675.00000000000,,,,,,1.140000,"Radial Velocity","Multiple Observatories",1
"Kepler-1915 b","Kepler-1915","TIC 185184560",13.83539963000,,,6020.00,4.403000,1.057000,1.030000,"Transit","Kepler",1
"TOI-1246 b","TOI-1246","TIC 230127302",4.30744000000,,,5151.00,4.400000,0.860000,0.870000,"Transit","Transiting Exoplanet Survey Satellite (TESS)",1
"HIP 8152 b","HIP 8152","TIC 164767175",10.75101400000,,2.9954278,5618.00,4.443000,0.960300,0.937300,"Transit","Transiting Exoplanet Survey Satellite (TESS)",1
"Kepler-1589 b","Kepler-1589","TIC 377909767",0.99166527400,,2.3780000,6166.00,4.320000,1.250000,1.180000,"Transit","Kepler",1
"Kepler-218 b","Kepler-218","TIC 271662623",3.61933700000,,3.0140000,5502.00,4.391000,1.063000,,"Transit","Kepler",1
"Kepler-283 b","Kepler-283","TIC 270695184",11.00815100000,,2.0870000,4351.00,4.721000,0.566000,,"Transit","Kepler",1
"Kepler-325 b","Kepler-325","TIC 267671250",4.54443900000,,1.7560000,5752.00,4.411000,1.003000,,"Transit","Kepler",1
"OGLE-2015-BLG-1609L b","OGLE-2015-BLG-1609L",,,,,,,,0.170000,"Microlensing","OGLE",1
"OGLE-2013-BLG-0132L b","OGLE-2013-BLG-0132L",,,,,,,,0.540000,"Microlensing","OGLE",1
"HD 101930 b","HD 101930","TIC 267399515",70.46000000000,,,5108.00,4.330000,0.860000,0.570000,"Radial Velocity","La Silla Observatory",1
"Kepler-181 b","Kepler-181","TIC 27767452",3.13787300000,,1.8880000,5333.00,4.619000,0.749000,,"Transit","Kepler",1
"CoRoT-18 b","CoRoT-18","TIC 37168957",1.90006930000,,2.3870000,5440.00,4.400000,1.000000,0.950000,"Transit","CoRoT",1
"Kepler-1673 b","Kepler-1673","TIC 377782148",33.78880000000,,,6014.95,4.375960,1.131660,1.110000,"Transit","Kepler",1
"Kepler-1287 b","Kepler-1287","TIC 158985675",11.47685909000,,2.7020000,5715.00,4.480000,0.940000,0.960000,"Transit","Kepler",1
"GJ 433 b","GJ 433","TIC 57654763",7.37050000000,,,,,,0.480000,"Radial Velocity","La Silla Observatory",1
"HD 80869 b","HD 80869","TIC 307906761",1752.92067000000,,,,,,1.060000,"Radial Velocity","Haute-Provence Observatory",1
"HD 85390 b","HD 85390","TIC 446137194",799.52000000000,,,5186.00,4.410000,,0.758000,"Radial Velocity","La Silla Observatory",1
"TOI-2969 b","TOI-2969","TIC 36452991",1.82371460000,,1.8460000,4738.00,4.560000,0.700000,0.710000,"Transit","Transiting Exoplanet Survey Satellite (TESS)",1
"PSR B1257+12 b","PSR B1257+12",,25.26200000000,,,,,,1.400000,"Pulsar Timing","Arecibo Observatory",1
"Kepler-1253 b","Kepler-1253","TIC 164557694",68.88619150000,,5.9500000,5850.00,4.330000,1.100000,0.970000,"Transit","Kepler",1
"TOI-5624 c","TOI-5624","TIC 53498154",7.88538500000,0.76200000,3.1650000,5327.00,4.490000,0.820000,0.858000,"Transit","Transiting Exoplanet Survey Satellite (TESS)",1
"TOI-1266 b","TOI-1266","TIC 467179528",10.89450000000,,,3563.00,4.826000,0.423200,0.437000,"Transit","Transiting Exoplanet Survey Satellite (TESS)",1
"KMT-2018-BLG-0030L b","KMT-2018-BLG-0030L",,,,,,,,0.510000,"Microlensing","KMTNet",1
"TOI-1782.01","TOI-1782","TIC 160045097",4.98764102800,,2.3276000,4336.00,,0.669000,0.680000,"Transit","Transiting Exoplanet Survey Satellite (TESS)",1
"Kepler-92 c","Kepler-92","TIC 121943724",26.72300000000,,,,4.050000,1.700000,1.210000,"Transit","Kepler",1
"Kepler-1420 b","Kepler-1420","TIC 272184502",6.69960006000,,2.7040000,5187.00,4.570000,0.790000,0.820000,"Transit","Kepler",1
"Kepler-1500 b","Kepler-1500","TIC 121786521",15.03301050000,,5.4160000,5845.00,4.440000,1.000000,1.000000,"Transit","Kepler",1
"HD 22532 b","HD 22532","TIC 200851704",872.60000000000,,,5038.00,3.090000,5.690000,1.570000,"Radial Velocity","La Silla Observatory",1
"Kepler-748 b","Kepler-748","TIC 137545963",7.40742793000,,3.5804000,5934.00,4.380000,1.100000,1.070000,"Transit","Kepler",1
"Kepler-1057 b","Kepler-1057","TIC 169463893",14.08827448000,,4.1615000,5987.00,4.380000,1.100000,1.070000,"Transit","Kepler",1
"CoRoT-13 b","CoRoT-13","TIC 281909674",4.03519000000,,3.1400000,5945.00,4.460000,1.010000,1.090000,"Transit","CoRoT",1
"KIC 8121913 b","KIC 8121913","TIC 268484648",3.29460100000,,,5975.30,3.896000,2.233000,1.456000,"Orbital Brightness Modulation","Kepler",1
"Kepler-1323 b","Kepler-1323","TIC 63452310",0.92990667800,,1.7428000,6169.00,4.210000,1.400000,1.180000,"Transit","Kepler",1
"Kepler-573 b","Kepler-573","TIC 416266820",22.18329658000,,5.0606000,5746.00,4.410000,1.020000,0.990000,"Transit","Kepler",1
"TOI-1278 b","TOI-1278","TIC 163539739",14.47567000000,,,3799.00,4.680000,0.573000,0.540000,"Transit","Transiting Exoplanet Survey Satellite (TESS)",1
"HIP 111909 b","HIP 111909","TIC 161173454",487.08000000000,,,4891.00,3.090000,4.530000,1.280000,"Radial Velocity","Multiple Observatories",1
"UKIRT-2017-BLG-001L b","UKIRT-2017-BLG-001L",,,,,,,,0.810000,"Microlensing","Mauna Kea Observatory",1
"Kepler-1479 b","Kepler-1479","TIC 377781254",14.53261362000,,2.4079000,5796.00,4.450000,0.980000,0.990000,"Transit","Kepler",1
"Kepler-400 b","Kepler-400","TIC 122707140",9.02438900000,,3.1280000,5886.00,4.350000,1.145000,,"Transit","Kepler",1
"HD 285507 b","HD 285507","TIC 389018596",6.08810000000,,,4503.00,4.670000,0.690000,0.820000,"Radial Velocity","Fred Lawrence Whipple Observatory",1
"Kepler-169 f","Kepler-169","TIC 120689253",87.09019500000,,6.3130000,4997.00,4.582000,0.763000,,"Transit","Kepler",1
"Kepler-1146 b","Kepler-1146","TIC 158322622",2.35226579700,,1.7070000,4692.00,4.620000,0.700000,0.740000,"Transit","Kepler",1
"TOI-532 b","TOI-532","TIC 144700903",2.32665080000,,1.7500000,3927.00,4.669000,0.612000,0.639000,"Transit","Transiting Exoplanet Survey Satellite (TESS)",1
"OGLE-2015-BLG-1771L b","OGLE-2015-BLG-1771L",,,,,,,,0.077000,"Microlensing","OGLE",1
"Kepler-598 c","Kepler-598","TIC 137969066",86.49450000000,,,5245.00,4.483520,0.900316,0.900000,"Transit","Kepler",1
"24 Sex b","24 Sex","TIC 1713457",452.80000000000,,,5098.00,3.500000,4.900000,1.540000,"Radial Velocity","Lick Observatory",1
"Kepler-146 c","Kepler-146","TIC 138569990",76.73217100000,,6.2160000,5948.00,4.312000,1.208000,,"Transit","Kepler",1
"WASP-170 b","WASP-170","TIC 118956453",2.34478022000,1.38200000,2.0400000,5600.00,4.466000,0.938000,0.930000,"Transit","SuperWASP-South",1
"Kepler-647 b","Kepler-647","TIC 164786172",16.22546490000,,6.4930000,6020.00,4.390000,1.070000,1.030000,"Transit","Kepler",1
"HIP 10090 c","HIP 10090","TIC 123405803",321.82000000000,,,5661.00,,,0.940000,"Radial Velocity","Multiple Facilities",1
"HD 208897 b","HD 208897","TIC 423862056",358.27000000000,,,4860.00,3.130000,4.980000,1.250000,"Radial Velocity","Multiple Observatories",1
"XO-2 N b","XO-2 N","TIC 356473034",2.61585906000,,,5290.00,4.430000,0.998000,0.960000,"Transit","XO",1
"NGC 2682 YBP 1194 b","NGC 2682 YBP 1194","TIC 437034946",6.95900000000,,,5780.00,4.440000,,1.010000,"Radial Velocity","Multiple Observatories",1
"KMT-2017-BLG-1057L b","KMT-2017-BLG-1057L",,,,,,,,0.570000,"Microlensing","KMTNet",1
"Kepler-252 c","Kepler-252","TIC 271769940",10.84846300000,,2.9760000,4208.00,4.721000,0.549000,,"Transit","Kepler",1
"Kepler-1704 b","Kepler-1704","TIC 350738167",988.88112000000,,6.0070000,5746.00,4.031000,1.697000,1.132000,"Transit","Kepler",1
"Kepler-875 b","Kepler-875","TIC 273141643",27.50737990000,,5.2390000,5958.00,4.380000,1.110000,1.060000,"Transit","Kepler",1
"Kepler-226 c","Kepler-226","TIC 63204017",5.34955500000,,3.0510000,5571.00,4.586000,0.802000,,"Transit","Kepler",1
"Kepler-865 b","Kepler-865","TIC 273499989",14.16399294000,,4.3241000,5570.00,4.490000,0.920000,0.930000,"Transit","Kepler",1
"DENIS-P J082303.1-491201 b","DENIS-P J082303.1-491201","TIC 388682292",246.36000000000,,,,,,0.075000,"Astrometry","Paranal Observatory",1
"Kepler-1987 e","Kepler-1987","TIC 271958892",8.74292005000,0.07795000,2.6277000,4769.00,4.622000,0.714000,0.799000,"Transit","Kepler",1
"GJ 667 C g","GJ 667 C","TIC 154385809",256.20000000000,,,3350.00,4.690000,,0.330000,"Radial Velocity","La Silla Observatory",1
"Kepler-277 b","Kepler-277","TIC 120961424",17.32400000000,,,,4.030000,1.690000,1.120000,"Transit","Kepler",1
"Kepler-557 b","Kepler-557","TIC 138222081",3.70598955100,,5.1039000,6068.00,4.350000,1.160000,1.110000,"Transit","Kepler",1
"Kepler-895 b","Kepler-895","TIC 299217801",2.80624232800,,1.7170000,4315.00,4.670000,0.610000,0.650000,"Transit","Kepler",1
"Kepler-1278 b","Kepler-1278","TIC 164413187",3.23941344000,,2.6540000,6074.00,4.350000,1.160000,1.110000,"Transit","Kepler",1
"Kepler-97 c","Kepler-97","TIC 399951991",789.00000000000,,,5779.00,4.430000,0.980000,0.940000,"Radial Velocity","W. M. Keck Observatory",1
"Kepler-708 b","Kepler-708","TIC 270706782",3.16789193800,,2.1875000,5692.00,4.470000,0.960000,0.970000,"Transit","Kepler",1
"MOA-2015-BLG-337L b","MOA-2015-BLG-337L",,,,,,,,0.009400,"Microlensing","MOA",1
"Kepler-152 b","Kepler-152","TIC 158387462",18.20797300000,,3.7560000,5088.00,4.605000,0.724000,,"Transit","Kepler",1
"Kepler-222 b","Kepler-222","TIC 158625100",3.93698100000,,1.8280000,5433.00,4.551000,0.869000,,"Transit","Kepler",1
"XO-5 b","XO-5","TIC 9155187",4.18775580000,1.08000000,3.1176000,5430.00,4.350000,1.130000,1.040000,"Transit","XO",1
"MOA-2012-BLG-505L b","MOA-2012-BLG-505L",,,,,,,,0.100000,"Microlensing","MOA",1
"Kepler-690 b","Kepler-690","TIC 377918545",7.74809437400,,3.5631000,5913.00,4.350000,1.160000,1.110000,"Transit","Kepler",1
"Kepler-1637 b","Kepler-1637","TIC 48131596",6.10960324000,,5.5850000,5789.00,4.430000,1.020000,1.020000,"Transit","Kepler",1
"G 192-15 b","G 192-15","TIC 467119250",2.27476000000,,,,,,0.132000,"Radial Velocity","Calar Alto Observatory",1
"K2-223 b","K2-223","TIC 98594138",0.50557000000,,,5859.00,4.500000,1.000000,,"Transit","K2",1
"Kepler-1906 b","Kepler-1906","TIC 138366224",7.36268997200,,,5868.00,4.530000,0.894000,0.987000,"Transit","Kepler",1
"Kepler-1022 b","Kepler-1022","TIC 159051188",10.99469878000,,1.6434000,4445.00,4.640000,0.680000,0.710000,"Transit","Kepler",1
"HD 217786 b","HD 217786","TIC 248048656",1301.36009000000,,,,,,1.140000,"Radial Velocity","La Silla Observatory",1
"Kepler-1049 b","Kepler-1049","TIC 158489095",3.27346073600,,1.7732000,3864.00,4.770000,0.490000,0.510000,"Transit","Kepler",1
"TOI-1295 b","TOI-1295","TIC 219852584",3.19688380000,,6.2000000,6280.00,4.100000,1.700000,1.380000,"Transit","Transiting Exoplanet Survey Satellite (TESS)",1
"Kepler-1487 b","Kepler-1487","TIC 184015844",7.31946363000,,4.8390000,6541.00,4.160000,1.630000,1.380000,"Transit","Kepler",1
"OGLE-2017-BLG-1375L b","OGLE-2017-BLG-1375L",,,,,,,,0.810000,"Microlensing","OGLE",1
"Kepler-198 c","Kepler-198","TIC 122519154",49.56741600000,,3.6680000,5574.00,4.467000,0.940000,,"Transit","Kepler",1
"POTS-1 b","POTS-1","TIC 341694238",3.16062960000,,,4400.00,4.630000,0.588000,0.695000,"Transit","La Silla Observatory",1
"KMT-2021-BLG-0852L b","KMT-2021-BLG-0852L",,,,,,,,0.750000,"Microlensing","KMTNet",1
"Kepler-876 b","Kepler-876","TIC 164529393",5.14438011000,,2.7200000,5060.00,4.580000,0.770000,0.810000,"Transit","Kepler",1
"Kepler-1412 b","Kepler-1412","TIC 424815791",3.61460510000,,3.1880000,5880.00,4.250000,1.270000,1.060000,"Transit","Kepler",1
"Kepler-1571 b","Kepler-1571","TIC 185062313",3.38555488000,,1.9140000,6297.00,4.240000,1.390000,1.230000,"Transit","Kepler",1
"TOI-5777 b","TOI-5777","TIC 459189798",6.91716177373,,2.5609922,4408.03,4.671500,0.671912,,"Transit","Transiting Exoplanet Survey Satellite (TESS)",1
"Kepler-172 e","Kepler-172","TIC 237157751",35.11873600000,,3.5590000,5526.00,4.375000,1.085000,,"Transit","Kepler",1
"HD 25463 b","HD 25463","TIC 407966340",7.04914230000,,3.3487071,6353.00,4.227000,1.418200,1.251000,"Transit","Transiting Exoplanet Survey Satellite (TESS)",1
"Kepler-1802 c","Kepler-1802","TIC 239291510",33.13610077000,,,4245.00,4.641000,0.637000,0.649000,"Transit","Kepler",1
"HD 164509 b","HD 164509","TIC 382764222",280.17000000000,,,5859.00,,1.110000,1.120000,"Radial Velocity","W. M. Keck Observatory",1
"WASP-66 b","WASP-66","TIC 53735810",4.08605000000,0.67000000,,6600.00,4.300000,1.760000,1.330000,"Transit","SuperWASP",1
"TOI-3629 b","TOI-3629","TIC 455784423",3.93655100000,,2.2000000,3870.00,4.670000,0.600000,0.630000,"Transit","Transiting Exoplanet Survey Satellite (TESS)",1
"HD 80913 b","HD 80913","TIC 309433928",10839.83341000000,,,,,,1.110000,"Radial Velocity","Multiple Observatories",1
"K2-319 b","K2-319","TIC 301540319",26.68000000000,0.08300000,,5440.00,4.512000,0.898000,0.954000,"Transit","K2",1
"Kepler-1098 b","Kepler-1098","TIC 271763415",2.54307285500,,2.7494000,5794.00,4.450000,0.990000,0.990000,"Transit","Kepler",1
"Kepler-800 b","Kepler-800","TIC 158275161",14.13176026000,,3.8540000,5315.00,4.550000,0.820000,0.850000,"Transit","Kepler",1
"Kepler-58 b","Kepler-58","TIC 184471242",10.21849540000,,4.3967000,5843.00,4.390000,1.030000,0.950000,"Transit","Kepler",1
"HD 43197 b","HD 43197","TIC 37660988",308.92072000000,,,,,,0.960000,"Radial Velocity","La Silla Observatory",1
"Kepler-1020 b","Kepler-1020","TIC 63362217",96.91514960000,,5.9964000,5227.00,4.570000,0.800000,0.870000,"Transit","Kepler",1
"MOA-2010-BLG-073L b","MOA-2010-BLG-073L",,,,,,,,0.160000,"Microlensing","MOA",1
"Kepler-1175 b","Kepler-1175","TIC 158986028",37.94563000000,,4.0250000,5453.00,4.530000,0.860000,0.900000,"Transit","Kepler",1
"Kepler-389 c","Kepler-389","TIC 63074796",14.51143000000,,2.9670000,5376.00,4.570000,0.792000,,"Transit","Kepler",1
"Kepler-1853 b","Kepler-1853","TIC 164784178",48.88819885000,,,4821.00,4.529000,0.788000,0.765000,"Transit","Kepler",1
"Kepler-373 c","Kepler-373","TIC 299218776",16.72594800000,,2.8750000,5787.00,4.562000,0.845000,,"Transit","Kepler",1
"TOI-558 b","TOI-558","TIC 207110080",14.57407100000,0.55700000,2.7050000,6466.00,4.218000,1.496000,1.349000,"Transit","Transiting Exoplanet Survey Satellite (TESS)",1
"Kepler-424 b","Kepler-424","TIC 264508014",3.31186440000,,,5460.00,4.500000,0.940000,1.010000,"Transit","Kepler",1
"MOA-2010-BLG-477L b","MOA-2010-BLG-477L",,,,,5950.00,,,0.670000,"Microlensing","MOA",1
"HD 46375 b","HD 46375","TIC 234928947",3.02357300000,,,5285.00,4.533000,,0.920000,"Radial Velocity","W. M. Keck Observatory",1
"GJ 163 d","GJ 163","TIC 219221189",603.95116000000,,,,,,,"Radial Velocity","La Silla Observatory",1
"Kepler-1633 b","Kepler-1633","TIC 158789121",186.40427100000,,10.4600000,6256.00,4.270000,1.320000,1.200000,"Transit","Kepler",1
"Kepler-1593 b","Kepler-1593","TIC 239306899",174.50983500000,,7.0980000,4995.00,4.590000,0.770000,0.810000,"Transit","Kepler",1
"K2-210 b","K2-210","TIC 388801714",0.57023000000,,,5500.00,4.600000,0.890000,,"Transit","K2",1
"TOI-4308 b","TOI-4308","TIC 144193715",9.15120100000,,,5243.00,4.593000,0.793400,0.900000,"Transit","Transiting Exoplanet Survey Satellite (TESS)",1
"OGLE-2015-BLG-0051L b","OGLE-2015-BLG-0051L",,,,,,,,0.100000,"Microlensing","OGLE",1
"Kepler-100 c","Kepler-100","TIC 159654016",12.81590000000,,,5825.00,4.125000,1.490000,1.080000,"Transit","Kepler",1
"K2-258 b","K2-258","TIC 130634730",19.09210000000,0.04900000,6.0000000,6351.00,4.290000,1.310000,1.210000,"Transit","K2",1
"Kepler-641 b","Kepler-641","TIC 63006978",9.48961571000,,3.5282000,5713.00,4.330000,1.130000,1.020000,"Transit","Kepler",1
"K2-9 b","K2-9","TIC 82050863",18.44980000000,,2.8397000,3390.00,,0.310000,0.300000,"Transit","K2",1
"Kepler-1587 b","Kepler-1587","TIC 26656768",9.40604670000,,5.1610000,5933.00,4.300000,1.220000,1.080000,"Transit","Kepler",1
"Kepler-490 b","Kepler-490","TIC 271424111",3.26869515400,,3.4531500,6045.00,4.370000,1.120000,1.080000,"Transit","Kepler",1
"WASP-3 b","WASP-3","TIC 27848472",1.84683000000,1.10000000,,6400.00,4.250000,1.440000,1.620000,"Transit","SuperWASP",1
"Kepler-1528 b","Kepler-1528","TIC 158487658",1.79111020500,,2.0980000,5857.00,4.430000,1.030000,1.030000,"Transit","Kepler",1
"Kepler-1600 b","Kepler-1600","TIC 137151626",386.37054800000,,10.9500000,5214.00,4.550000,0.820000,0.860000,"Transit","Kepler",1
"KMT-2024-BLG-1044L b","KMT-2024-BLG-1044L",,,,,,,,0.069000,"Microlensing","KMTNet",1
"Gaia-5 b","Gaia-5","TIC 42004825",358.62000000000,,,3447.00,4.830000,0.345000,0.339000,"Astrometry","European Space Agency (ESA) Gaia Satellite",1
"Kepler-601 b","Kepler-601","TIC 351801933",5.37886844100,,2.7154000,5160.00,4.570000,0.790000,0.850000,"Transit","Kepler",1
"Kepler-311 c","Kepler-311","TIC 351898154",19.73828600000,,4.8600000,5905.00,4.308000,1.188000,,"Transit","Kepler",1
"Kepler-760 c","Kepler-760","TIC 158494681",2.46697439000,,1.5646000,5322.00,4.540000,0.850000,0.890000,"Transit","Kepler",1
"Kepler-537 b","Kepler-537","TIC 267673013",3.24755521900,,2.4836000,5763.00,4.470000,0.990000,1.070000,"Transit","Kepler",1
"Kepler-104 d","Kepler-104","TIC 158553540",51.75539400000,,7.4650000,5711.00,4.105000,1.349000,,"Transit","Kepler",1
"HD 23472 f","HD 23472","TIC 425997655",12.16218390000,,2.8200000,4684.00,4.530000,0.710000,0.670000,"Transit","Transiting Exoplanet Survey Satellite (TESS)",1
"Kepler-144 b","Kepler-144","TIC 123409401",5.88527300000,,1.8730000,6075.00,4.289000,1.235000,,"Transit","Kepler",1
"Kepler-224 e","Kepler-224","TIC 159642189",18.64357700000,,1.8460000,5018.00,4.639000,0.676000,,"Transit","Kepler",1
"Kepler-149 c","Kepler-149","TIC 120638033",55.32832800000,,6.9480000,5381.00,4.465000,0.953000,,"Transit","Kepler",1
"KMT-2019-BLG-2783L b","KMT-2019-BLG-2783L",,,,,,,,0.340000,"Microlensing","KMTNet",1
"TOI-2989 b","TOI-2989","TIC 97825640",3.12283200000,,2.6800000,4672.00,4.580000,0.760000,0.770000,"Transit","Transiting Exoplanet Survey Satellite (TESS)",1
"Kepler-532 b","Kepler-532","TIC 264507945",12.92491623000,,2.6225000,5192.00,4.580000,0.790000,0.870000,"Transit","Kepler",1
"Kepler-1859 c","Kepler-1859","TIC 270790094",3.59645081000,0.01496000,2.6610000,5887.00,4.292000,1.235000,1.090000,"Transit","Kepler",1
"TIC 139270665 b","TIC 139270665","TIC 139270665",23.62400000000,0.42500000,5.9400000,5844.00,4.439000,1.016000,1.035000,"Transit","Transiting Exoplanet Survey Satellite (TESS)",1
"K2-372 b","K2-372","TIC 333800257",9.84407700000,,,5479.00,4.437000,0.922000,0.847000,"Transit","K2",1
"GJ 180 b","GJ 180","TIC 246902275",17.13300000000,,,,,,0.430000,"Radial Velocity","Multiple Observatories",1
"Kepler-1078 b","Kepler-1078","TIC 275494550",3.00725242000,,4.3360000,5612.00,4.490000,0.920000,0.940000,"Transit","Kepler",1
"OGLE-2008-BLG-092L b","OGLE-2008-BLG-092L",,,,,,,,0.710000,"Microlensing","OGLE",1
"KMT-2019-BLG-0297L b","KMT-2019-BLG-0297L",,,,,,,,0.210000,"Microlensing","KMTNet",1
"KMT-2021-BLG-0192L b","KMT-2021-BLG-0192L",,,,,,,,0.270000,"Microlensing","KMTNet",1
"Kepler-155 b","Kepler-155","TIC 298969755",5.93119400000,,2.3710000,4508.00,4.684000,0.620000,,"Transit","Kepler",1
"1RXS J160929.1-210524 b","1RXS J160929.1-210524","TIC 48964101",,,,4060.00,,,0.850000,"Imaging","Gemini Observatory",1
"LHS 1678 c","LHS 1678","TIC 77156829",3.69428400000,,1.2300000,3490.00,,0.329000,0.345000,"Transit","Transiting Exoplanet Survey Satellite (TESS)",1
"K2-339 b","K2-339","TIC 175241633",19.50742800000,,3.4000000,4857.00,4.590000,0.720000,0.740000,"Transit","K2",1
"HD 285968 b","HD 285968","TIC 397354290",8.78360000000,,,,,,0.500000,"Radial Velocity","La Silla Observatory",1
"Gaia22dkvL b","Gaia22dkvL",,,,,,,,1.145000,"Microlensing","European Space Agency (ESA) Gaia Satellite",1
"OGLE-2019-BLG-0362L b","OGLE-2019-BLG-0362L",,,,,,,,0.420000,"Microlensing","OGLE",1
"Kepler-115 b","Kepler-115","TIC 273383120",2.40367900000,,1.3060000,5979.00,4.306000,1.205000,,"Transit","Kepler",1
"eps Eri b","eps Eri","TIC 118572803",2680.00000000000,,,,,,0.820000,"Radial Velocity","Multiple Observatories",1
"Kepler-106 b","Kepler-106","TIC 184997417",6.16486000000,,,5858.00,4.407000,1.040000,1.000000,"Transit","Kepler",1
"Kepler-332 b","Kepler-332","TIC 158272257",7.62632400000,,2.3700000,4955.00,4.611000,0.720000,,"Transit","Kepler",1
"WISPIT 2 b","WISPIT 2","TIC 98898373",,,,4400.00,4.000000,1.418000,1.080000,"Imaging","Paranal Observatory",1
"HD 99492 c","HD 99492","TIC 363549734",95.23300000000,,,4929.00,4.570000,,0.850000,"Radial Velocity","Roque de los Muchachos Observatory",1
"TOI-5720 b","TOI-5720","TIC 230055368",1.43445550000,0.07250000,1.0200000,3325.00,5.010000,0.383000,0.383000,"Transit","Transiting Exoplanet Survey Satellite (TESS)",1
"Kepler-612 b","Kepler-612","TIC 159723305",3.72215641300,,1.9911000,5693.00,4.460000,0.960000,0.980000,"Transit","Kepler",1
"TOI-1839 b","TOI-1839","TIC 381714186",1.42378440907,,1.7875652,5315.91,4.512600,0.848099,,"Transit","Transiting Exoplanet Survey Satellite (TESS)",1
"TOI-4603 b","TOI-4603","TIC 437856897",7.24599000000,0.15280000,2.8540000,6264.00,3.810000,2.738000,1.765000,"Transit","Transiting Exoplanet Survey Satellite (TESS)",1
"Kepler-831 b","Kepler-831","TIC 271346561",5.62153941000,,2.3638000,5732.00,4.460000,0.970000,0.990000,"Transit","Kepler",1
"Kepler-445 c","Kepler-445","TIC 268060194",4.87122900000,,1.2287000,3157.00,,0.210000,0.180000,"Transit","Kepler",1
"HIP 4845 b","HIP 4845","TIC 24250831",34.15000000000,,,,,,0.620000,"Radial Velocity","Multiple Observatories",1
"Kepler-33 e","Kepler-33","TIC 158935283",31.78440000000,0.04670000,8.9000000,5904.00,4.027000,1.820000,1.291000,"Transit","Kepler",1
"Kepler-1469 b","Kepler-1469","TIC 138423341",21.86353010000,,3.5820000,5507.00,4.510000,0.890000,0.920000,"Transit","Kepler",1
"NGC 2682 Sand 978 b","NGC 2682 Sand 978","TIC 437039060",511.21000000000,,,4200.00,1.800000,,1.370000,"Radial Velocity","Multiple Observatories",1
"TOI-6281 b","TOI-6281","TIC 152569268",1.05426244177,,1.3052791,4533.23,4.642800,0.874219,,"Transit","Transiting Exoplanet Survey Satellite (TESS)",1
"TOI-6651 b","TOI-6651","TIC 174328045",5.05697300000,0.07840000,3.6100000,5940.00,4.087000,1.721000,1.323000,"Transit","Transiting Exoplanet Survey Satellite (TESS)",1
"TOI-791 c","TOI-791","TIC 306472057",232.01570000000,0.67800000,11.9260000,6294.00,3.710000,1.474000,1.280000,"Transit","Transiting Exoplanet Survey Satellite (TESS)",1
"K2-290 b","K2-290","TIC 70803960",9.21165000000,,4.9600000,6302.00,4.230000,1.511000,1.194000,"Transit","K2",1
"Kepler-191 d","Kepler-191","TIC 159647213",5.94504101700,,2.5711000,5215.00,4.560000,0.800000,0.840000,"Transit","Kepler",1
"K2-395 b","K2-395","TIC 245946724",4.80335200000,,,5007.00,4.628000,0.783000,0.952000,"Transit","K2",1
"HD 192310 b","HD 192310","TIC 326096771",74.72000000000,,,5166.00,4.510000,,0.800000,"Radial Velocity","La Silla Observatory",1
"HATS-47 b","HATS-47","TIC 158297421",3.92280380000,,2.0023200,4512.00,4.633000,0.656400,0.674000,"Transit","HATSouth",1
"GJ 682 c","GJ 682","TIC 16909043",57.32000000000,,,3028.00,,,0.270000,"Radial Velocity","Multiple Observatories",1
"HD 40307 c","HD 40307","TIC 374859347",9.61840000000,,,4956.00,4.470000,,0.770000,"Radial Velocity","La Silla Observatory",1
"Kepler-1130 d","Kepler-1130","TIC 164882482",4.27225017500,,,5450.00,4.563000,0.842000,0.944000,"Transit","Kepler",1
"HD 141004 b","HD 141004","TIC 296740796",15.50830000000,,,5885.38,4.173840,1.389372,1.051904,"Radial Velocity","Multiple Observatories",1
"Kepler-1859 b","Kepler-1859","TIC 270790094",2.72959995300,,,5887.00,4.292000,1.235000,1.090000,"Transit","Kepler",1
"Kepler-1050 b","Kepler-1050","TIC 48216453",15.37875460000,,4.3730000,6010.00,4.370000,1.130000,1.090000,"Transit","Kepler",1
"HD 42012 b","HD 42012","TIC 97724459",857.50000000000,,,5405.00,4.450000,0.820000,0.830000,"Radial Velocity","Haute-Provence Observatory",1
"Kepler-170 c","Kepler-170","TIC 120253745",16.66586300000,,4.2000000,5679.00,4.445000,1.035000,,"Transit","Kepler",1
"Kepler-55 b","Kepler-55","TIC 164884002",27.94814490000,,3.4932000,4362.00,4.700000,0.580000,0.620000,"Transit","Kepler",1
"Kepler-236 c","Kepler-236","TIC 120044687",23.96812700000,,4.1660000,3750.00,4.753000,0.510000,,"Transit","Kepler",1
"Kepler-1941 b","Kepler-1941","TIC 351191396",31.33510017000,,,6404.00,4.393000,1.142000,1.175000,"Transit","Kepler",1
"Kepler-1333 b","Kepler-1333","TIC 138219367",109.64718420000,,6.2480000,5628.00,4.490000,0.920000,0.940000,"Transit","Kepler",1
"GJ 160.2 b","GJ 160.2","TIC 178351350",5.23540000000,,,4347.00,,,0.690000,"Radial Velocity","Multiple Observatories",1
"TOI-2589 b","TOI-2589","TIC 157698565",61.62770000000,,,5579.00,4.350000,1.070000,0.930000,"Transit","Transiting Exoplanet Survey Satellite (TESS)",1
"TOI-2180 b","TOI-2180","TIC 298663873",260.79000000000,,24.0960000,5695.00,4.057000,1.636000,1.111000,"Transit","Transiting Exoplanet Survey Satellite (TESS)",1
"Kepler-1924 b","Kepler-1924","TIC 270705258",15.33170033000,,,5726.00,4.228000,1.285000,1.018000,"Transit","Kepler",1
"Kepler-1052 b","Kepler-1052","TIC 271661839",34.85382760000,,5.3577000,5888.00,4.420000,1.030000,1.030000,"Transit","Kepler",1
"Kepler-1223 b","Kepler-1223","TIC 164889945",16.30125900000,,3.9840000,4870.00,4.600000,0.750000,0.800000,"Transit","Kepler",1
"OGLE-2018-BLG-0677L b","OGLE-2018-BLG-0677L",,,,,,,,0.120000,"Microlensing","OGLE",1
"Kepler-1934 b","Kepler-1934","TIC 122680921",1.41975998900,,,5925.00,4.394000,1.035000,0.968000,"Transit","Kepler",1
"EPIC 206024342 c","EPIC 206024342","TIC 75266189",0.91172400000,,,5724.00,4.500000,1.100000,,"Transit","K2",1
"Kepler-313 b","Kepler-313","TIC 28448998",14.97041800000,,5.8580000,5727.00,4.127000,1.536000,,"Transit","Kepler",1
"HAT-P-69 b","HAT-P-69","TIC 379929661",4.78694910000,0.76270000,5.1264000,7394.00,4.110000,1.926000,1.648000,"Transit","HATNet",1
"HD 332231 b","HD 332231","TIC 199376584",18.71202400000,,6.1681657,6128.00,4.296000,1.266000,1.164200,"Transit","Transiting Exoplanet Survey Satellite (TESS)",1
"Kepler-1892 b","Kepler-1892","TIC 268492383",6.33123016400,,,5383.00,4.603000,0.759000,0.851000,"Transit","Kepler",1
"EPIC 211945201 b","EPIC 211945201","TIC 243244680",19.49221000000,,,6069.00,4.220000,1.390000,1.170000,"Transit","K2",1
"Kepler-38 b","Kepler-38","TIC 158316612",105.59900000000,0.05000000,,5623.00,3.926000,1.752000,0.941000,"Transit","Kepler",1
"K2-254 b","K2-254","TIC 147683165",4.09639000000,0.05200000,1.6000000,4629.00,4.640000,0.670000,0.710000,"Transit","K2",1
"HD 200964 c","HD 200964","TIC 408316773",852.50000000000,,,4982.00,3.220000,4.920000,1.390000,"Radial Velocity","Lick Observatory",1
"Kepler-996 b","Kepler-996","TIC 351072172",3.77059058400,,2.0254000,6014.00,4.360000,1.140000,1.090000,"Transit","Kepler",1
"KOI-3680 b","KOI-3680","TIC 275574174",141.24167100000,,6.7368000,5830.00,4.473000,0.960000,1.010000,"Transit","Kepler",1
"Kepler-289 d","Kepler-289","TIC 273234825",66.02820000000,,,5990.00,4.470000,1.000000,1.080000,"Transit","Kepler",1
"OGLE-2012-BLG-0950L b","OGLE-2012-BLG-0950L",,,,,,,,0.570000,"Microlensing","OGLE",1
"K2-136 d","K2-136","TIC 18310799",25.57500000000,,3.0400000,4500.00,4.680000,0.677000,0.742000,"Transit","K2",1
"Kepler-103 b","Kepler-103","TIC 121865656",15.96532870000,,,6047.00,4.170000,1.492000,1.212000,"Transit","Kepler",1
"TOI-912 b","TOI-912","TIC 406941612",4.67806910000,,1.7000000,3572.00,4.980000,0.419000,0.418000,"Transit","Transiting Exoplanet Survey Satellite (TESS)",1
"HR 858 c","HR 858","TIC 178155732",5.97386500000,0.02087000,2.8430000,6354.00,4.300000,1.258000,1.204000,"Transit","Transiting Exoplanet Survey Satellite (TESS)",1
"Kepler-944 b","Kepler-944","TIC 270610053",43.31677370000,,5.0650000,5409.00,4.540000,0.830000,0.860000,"Transit","Kepler",1
"KMT-2021-BLG-1689L b","KMT-2021-BLG-1689L",,,,,4570.00,,,0.580000,"Microlensing","KMTNet",1
"Kepler-1983 b","Kepler-1983","TIC 169078948",7.32851947000,0.02778000,1.2110000,5135.00,4.464000,0.874000,0.812000,"Transit","Kepler",1
"K2-138 b","K2-138","TIC 4610830",2.35309000000,,2.0100000,5356.30,4.540000,0.863000,0.935000,"Transit","K2",1
"Kepler-208 e","Kepler-208","TIC 270781284",16.25945800000,,4.0380000,6092.00,4.265000,1.314000,,"Transit","Kepler",1
"Kepler-1284 b","Kepler-1284","TIC 159726546",0.66407380600,,1.1019000,5123.00,4.570000,0.790000,0.840000,"Transit","Kepler",1
"HATS-31 b","HATS-31","TIC 9385460",3.37796000000,,4.5936000,6050.00,4.000000,1.870000,1.275000,"Transit","HATSouth",1
"Kepler-1619 b","Kepler-1619","TIC 279913760",23.62259130000,,6.5440000,5852.00,4.440000,1.000000,1.000000,"Transit","Kepler",1
"KOI-1599.01","KOI-1599","TIC 170647523",20.44150000000,,,,,0.972000,1.020000,"Transit","Kepler",1
"Kepler-1512 b","Kepler-1512","TIC 158989438",20.35972599000,,1.9164000,4372.00,4.640000,0.670000,0.730000,"Transit","Kepler",1
"Kepler-163 c","Kepler-163","TIC 271355638",21.34726200000,,3.7650000,5776.00,4.524000,0.917000,,"Transit","Kepler",1
"Kepler-953 b","Kepler-953","TIC 158933249",88.40655258000,,12.3073000,5416.00,4.420000,0.990000,0.950000,"Transit","Kepler",1
"KMT-2020-BLG-0414L c","KMT-2020-BLG-0414L",,,,,,,,0.490000,"Microlensing","KMTNet",1
"K2-240 b","K2-240","TIC 432247315",6.03400000000,0.13100000,2.1528000,3810.00,4.700000,0.540000,0.580000,"Transit","K2",1
"HD 81817 b","HD 81817","TIC 137603530",1021.20159000000,,,,,,4.300000,"Radial Velocity","Bohyunsan Optical Astronomical Observatory",1
"OGLE-2017-BLG-1099L b","OGLE-2017-BLG-1099L",,,,,,,,0.450000,"Microlensing","OGLE",1
"TOI-654.01","TOI-654","TIC 35009898",1.52756100000,,1.2000000,3521.00,4.793000,0.430000,0.419000,"Transit","Transiting Exoplanet Survey Satellite (TESS)",1
"Kepler-196 c","Kepler-196","TIC 164828012",47.42773700000,,5.1140000,5128.00,4.566000,0.782000,,"Transit","Kepler",1
"OGLE-2014-BLG-1722L b","OGLE-2014-BLG-1722L",,,,,,,,0.400000,"Microlensing","OGLE",1
"OGLE-2012-BLG-0838L b","OGLE-2012-BLG-0838L",,,,,,,,0.400000,"Microlensing","OGLE",1
"HIP 8923 b","HIP 8923","TIC 24940997",5160.00000000000,,,5980.00,,,1.010000,"Radial Velocity","Multiple Facilities",1
"Kepler-935 b","Kepler-935","TIC 271424795",4.88083852000,,2.5102000,4830.00,4.610000,0.730000,0.780000,"Transit","Kepler",1
"Kepler-268 c","Kepler-268","TIC 137348987",83.44639300000,,7.2190000,6081.00,4.287000,1.274000,,"Transit","Kepler",1
"K2-179 b","K2-179","TIC 14078624",5.17219100000,,,5015.00,4.630000,0.768067,0.824345,"Transit","K2",1
"K2-35 b","K2-35","TIC 363478257",2.39996400000,,,4402.71,,0.619575,0.701968,"Transit","K2",1
"MOA-2011-BLG-293L b","MOA-2011-BLG-293L",,,,,,,,0.860000,"Microlensing","MOA",1
"Kepler-770 c","Kepler-770","TIC 120891972",1.47532231400,,2.3260000,5598.00,4.490000,0.920000,0.940000,"Transit","Kepler",1
"Kepler-1330 b","Kepler-1330","TIC 122595516",10.10769068000,,3.6570000,5608.00,4.480000,0.940000,0.970000,"Transit","Kepler",1
"Kepler-1466 b","Kepler-1466","TIC 159178000",31.17504480000,,3.9680000,5884.00,4.430000,1.020000,1.010000,"Transit","Kepler",1
"Kepler-1869 b","Kepler-1869","TIC 63368895",8.16736030600,,,5808.00,4.522000,0.902000,0.987000,"Transit","Kepler",1
"XO-2 S c","XO-2 S","TIC 356473029",120.05900000000,,,5325.00,4.420000,1.020000,0.980000,"Radial Velocity","Roque de los Muchachos Observatory",1
"TOI-1301.01","TOI-1301","TIC 356867115",6.09640720900,,2.3326000,4820.00,,0.732000,0.770000,"Transit","Transiting Exoplanet Survey Satellite (TESS)",1
"Kepler-1533 b","Kepler-1533","TIC 271970605",308.54710000000,,18.4640000,6431.00,4.200000,1.510000,1.310000,"Transit","Kepler",1
"HD 60532 c","HD 60532","TIC 456871289",600.10000000000,,,6245.00,3.800000,2.570000,1.500000,"Radial Velocity","La Silla Observatory",1
"Kepler-361 b","Kepler-361","TIC 272601590",8.48661600000,,5.1760000,6169.00,4.254000,1.343000,,"Transit","Kepler",1
"Kepler-660 b","Kepler-660","TIC 158662352",9.27358194000,,3.3004000,4779.00,4.610000,0.710000,0.750000,"Transit","Kepler",1
"MOA-2020-BLG-208L b","MOA-2020-BLG-208L",,,,,,,,0.430000,"Microlensing","MOA",1
"CoRoT-36 b","CoRoT-36","TIC 405004589",5.61653100000,1.01000000,4.9800000,6730.00,4.160000,1.520000,1.320000,"Transit","CoRoT",1
"Kepler-312 c","Kepler-312","TIC 274030824",19.74741200000,,3.3760000,6115.00,4.191000,1.467000,,"Transit","Kepler",1
"K2-69 b","K2-69","TIC 39928614",7.06599000000,,1.6200000,4127.00,4.786000,0.491000,0.551000,"Transit","K2",1
"HATS-66 b","HATS-66","TIC 52689469",3.14143910000,,4.5432000,6626.00,4.057000,1.841000,1.411000,"Transit","HATSouth",1
"Kepler-379 b","Kepler-379","TIC 184167421",20.09838000000,,5.1050000,6054.00,4.273000,1.306000,,"Transit","Kepler",1
"Kepler-591 b","Kepler-591","TIC 405686888",81.16942990000,,7.7090000,5677.00,4.480000,0.940000,0.970000,"Transit","Kepler",1
"Kepler-174 c","Kepler-174","TIC 158434144",44.00052900000,,5.1770000,4880.00,4.679000,0.622000,,"Transit","Kepler",1
"Kepler-857 b","Kepler-857","TIC 271158887",85.35129427000,,6.7568000,5773.00,4.450000,0.990000,0.990000,"Transit","Kepler",1
"Kepler-11 e","Kepler-11","TIC 169175503",31.99960000000,0.13330000,4.1650000,5663.00,4.366000,1.065000,0.961000,"Transit","Kepler",1
"Kepler-1227 b","Kepler-1227","TIC 121113728",94.28875770000,,4.1440000,5747.00,4.470000,0.950000,0.970000,"Transit","Kepler",1
"KMT-2025-BLG-0481L b","KMT-2025-BLG-0481L",,,,,,,,0.220000,"Microlensing","KMTNet",1
"Kepler-1695 b","Kepler-1695","TIC 270618467",4.73290000000,,,5473.19,4.431570,0.987155,0.960000,"Transit","Kepler",1
"TOI-669 b","TOI-669","TIC 124573851",3.94515200000,,2.8712193,5597.00,4.412000,0.988200,0.924500,"Transit","Transiting Exoplanet Survey Satellite (TESS)",1
"Kepler-154 f","Kepler-154","TIC 416282268",9.91935684000,,4.2400000,5769.00,4.450000,0.980000,0.980000,"Transit","Kepler",1
"K2-95 b","K2-95","TIC 195193025",10.13464540000,,,3566.00,4.850000,0.400000,0.410000,"Transit","K2",1
"OGLE-2023-BLG-0766L b","OGLE-2023-BLG-0766L",,,,,,,,0.390000,"Microlensing","OGLE",1
"gam Lib b","gam Lib","TIC 386935627",414.88000000000,,,4879.00,2.500000,12.380000,1.780000,"Radial Velocity","Okayama Astrophysical Observatory",1
"Kepler-484 b","Kepler-484","TIC 164721759",10.04556931300,,3.1986000,5668.00,4.540000,0.870000,0.960000,"Transit","Kepler",1
"HAT-P-24 b","HAT-P-24","TIC 440777904",3.35524000000,0.94000000,,6373.00,4.270000,1.380000,1.370000,"Transit","HATNet",1
"HD 158038 b","HD 158038","TIC 313709116",521.00000000000,,,4860.00,3.240000,4.500000,1.300000,"Radial Velocity","W. M. Keck Observatory",1
"Kepler-384 c","Kepler-384","TIC 158114249",45.34826900000,,4.6570000,5577.00,4.475000,0.882000,,"Transit","Kepler",1
"OGLE-2015-BLG-0966L b","OGLE-2015-BLG-0966L",,,,,,,,0.380000,"Microlensing","OGLE",1
"Kepler-1046 b","Kepler-1046","TIC 272601000",14.37508035000,,2.9658000,5913.00,4.420000,1.040000,1.040000,"Transit","Kepler",1
"Kepler-1554 b","Kepler-1554","TIC 120900025",198.08877400000,,8.1210000,5297.00,4.560000,0.810000,0.840000,"Transit","Kepler",1
"K2-222 b","K2-222","TIC 257774438",15.38892740000,,4.3820000,5942.00,4.350000,1.072000,0.940000,"Transit","K2",1
"Kepler-277 c","Kepler-277","TIC 120961424",33.00600000000,,,,4.030000,1.690000,1.120000,"Transit","Kepler",1
"Kepler-1311 d","Kepler-1311","TIC 159106207",197.51100160000,,,5616.00,4.004000,1.674000,1.032000,"Transit","Kepler",1
"Kepler-802 b","Kepler-802","TIC 158114000",40.05874730000,,5.5330000,5507.00,4.500000,0.900000,0.930000,"Transit","Kepler",1
"TOI-5143 c","TOI-5143","TIC 281837575",5.20971180000,,,5183.00,4.514000,0.852000,0.864000,"Transit","Transiting Exoplanet Survey Satellite (TESS)",1
"HD 141937 b","HD 141937","TIC 437430894",662.37000000000,,,5870.00,,1.030000,1.090000,"Radial Velocity","La Silla Observatory",1
"Kepler-956 b","Kepler-956","TIC 424867045",5.24867263100,,1.8418000,6040.00,4.360000,1.150000,1.100000,"Transit","Kepler",1
"Kepler-200 b","Kepler-200","TIC 120252452",8.59480500000,,3.5340000,5678.00,4.454000,0.944000,,"Transit","Kepler",1
"Kepler-912 b","Kepler-912","TIC 170251516",2.53475627300,,4.4149000,5998.00,4.370000,1.110000,1.070000,"Transit","Kepler",1
"HAT-P-52 b","HAT-P-52","TIC 436875934",2.75359530000,,2.4072000,5131.00,4.483000,0.893000,0.887000,"Transit","HATNet",1
"Kepler-1090 c","Kepler-1090","TIC 271885110",42.42720032000,,,5330.00,4.366000,1.013000,0.869000,"Transit","Kepler",1
"OGLE-2011-BLG-0251L b","OGLE-2011-BLG-0251L",,,,,,,,0.260000,"Microlensing","OGLE",1
"HD 25171 b","HD 25171","TIC 237933846",1802.29000000000,,,6125.00,4.263000,1.230000,1.076000,"Radial Velocity","La Silla Observatory",1
"KMT-2018-BLG-1990L b","KMT-2018-BLG-1990L",,,,,,,,0.094000,"Microlensing","KMTNet",1
"Kepler-787 b","Kepler-787","TIC 137318289",0.92831049800,,1.3000000,4248.00,4.670000,0.620000,0.650000,"Transit","Kepler",1
"TOI-4487 A b","TOI-4487 A","TIC 193754373",3.95407090000,0.66900000,4.2700000,6206.00,4.150000,1.634000,1.378000,"Transit","Transiting Exoplanet Survey Satellite (TESS)",1
"Kepler-1291 b","Kepler-1291","TIC 122063936",8.63043276000,,3.1310000,5216.00,4.560000,0.800000,0.840000,"Transit","Kepler",1
"Kepler-169 e","Kepler-169","TIC 120689253",13.76710200000,,2.9120000,4997.00,4.582000,0.763000,,"Transit","Kepler",1
"Kepler-829 b","Kepler-829","TIC 123451768",6.88337562000,,2.2442000,5698.00,4.460000,0.970000,0.980000,"Transit","Kepler",1
"Kepler-1127 b","Kepler-1127","TIC 275569511",5.12330347000,,2.9984000,5664.00,4.470000,0.950000,0.970000,"Transit","Kepler",1
"K2-68 b","K2-68","TIC 38258419",8.05428000000,,2.7200000,4746.00,4.632000,0.675000,0.730000,"Transit","K2",1
"Kepler-1358 b","Kepler-1358","TIC 158169713",7.06317341000,,2.2610000,5181.00,4.570000,0.790000,0.820000,"Transit","Kepler",1
"OGLE-2017-BLG-1049L b","OGLE-2017-BLG-1049L",,,,,,,,0.550000,"Microlensing","OGLE",1
"Kepler-245 e","Kepler-245","TIC 63004906",3.21982105600,,2.1157000,5174.00,4.570000,0.800000,0.860000,"Transit","Kepler",1
"OGLE-2014-BLG-0221L b","OGLE-2014-BLG-0221L",,,,,,,,0.690000,"Microlensing","OGLE",1
"NGTS-17 b","NGTS-17","TIC 1309019",3.24253000000,,3.3910000,5650.00,4.000000,1.337000,1.025000,"Transit","Next-Generation Transit Survey (NGTS)",1
"Kepler-182 b","Kepler-182","TIC 267672183",9.82579200000,,4.9610000,6250.00,4.401000,1.146000,,"Transit","Kepler",1
"KMT-2024-BLG-1281L b","KMT-2024-BLG-1281L",,,,,,,,0.320000,"Microlensing","KMTNet",1
"Kepler-845 b","Kepler-845","TIC 417676802",0.92785982100,,1.4398000,4913.00,4.590000,0.750000,0.790000,"Transit","Kepler",1
"KMT-2024-BLG-1005L b","KMT-2024-BLG-1005L",,,,,,,,0.055000,"Microlensing","KMTNet",1
"TOI-7166 b","TOI-7166","TIC 288421619",12.92063621000,0.67760000,1.7500000,3099.00,5.020000,0.222000,0.190000,"Transit","Transiting Exoplanet Survey Satellite (TESS)",1
"Kepler-1814 c","Kepler-1814","TIC 399821831",0.62628176600,0.04331000,1.1812000,4922.00,4.505000,0.823000,0.790000,"Transit","Kepler",1
"Kepler-1086 b","Kepler-1086","TIC 271545939",18.78425728000,,3.2339000,4350.00,4.650000,0.660000,0.700000,"Transit","Kepler",1
"Kepler-272 c","Kepler-272","TIC 268704766",6.05734200000,,3.6950000,5297.00,4.426000,0.929000,,"Transit","Kepler",1
"Kepler-266 b","Kepler-266","TIC 271046092",6.61833000000,,3.7170000,5885.00,4.453000,1.028000,,"Transit","Kepler",1
"K2-352 b","K2-352","TIC 86130229",3.66591200000,,1.6300000,5791.00,4.470000,0.950000,0.980000,"Transit","K2",1
"Kepler-36 c","Kepler-36","TIC 350810590",16.21865000000,0.04253000,7.4600000,5979.00,4.100000,1.634000,1.034000,"Transit","Kepler",1
"Kepler-466 c","Kepler-466","TIC 27644083",3.70921384600,,2.5575000,5927.00,4.420000,1.050000,1.040000,"Transit","Kepler",1
"HD 134987 b","HD 134987","TIC 61397572",258.17999000000,,,5736.00,4.310000,1.220000,1.100000,"Radial Velocity","W. M. Keck Observatory",1
"HD 189567 c","HD 189567","TIC 352402781",33.68800000000,,,5726.00,4.410000,,0.830000,"Radial Velocity","La Silla Observatory",1
"Kepler-1652 b","Kepler-1652","TIC 27187450",38.09722000000,0.09770000,3.2400000,3638.00,4.878000,0.382000,0.404000,"Transit","Kepler",1
"Teegarden's Star c","Teegarden's Star","TIC 257870150",11.41600000000,,,3034.00,5.190000,0.120000,0.097000,"Radial Velocity","Calar Alto Observatory",1
"Kepler-1899 b","Kepler-1899","TIC 137348756",4.09577989600,,,4791.00,4.577000,0.742000,0.759000,"Transit","Kepler",1
"Kepler-352 c","Kepler-352","TIC 269271535",16.33299500000,,2.1220000,5212.00,4.566000,0.781000,,"Transit","Kepler",1
"Kepler-256 c","Kepler-256","TIC 63362772",3.38802000000,,2.6280000,5551.00,4.223000,1.301000,,"Transit","Kepler",1
"OGLE-2016-BLG-1598L b","OGLE-2016-BLG-1598L",,,,,,,,0.550000,"Microlensing","OGLE",1
"HD 28678 b","HD 28678","TIC 449145115",380.20000000000,,,4972.00,3.060000,6.480000,1.530000,"Radial Velocity","W. M. Keck Observatory",1
"TOI-5386 A b","TOI-5386 A","TIC 202425357",3.62156552000,1.17200000,2.2230000,6094.00,4.314000,1.245000,1.165000,"Transit","Transiting Exoplanet Survey Satellite (TESS)",1
"Kepler-370 b","Kepler-370","TIC 137411225",4.57953000000,,3.2820000,5852.00,4.531000,0.900000,,"Transit","Kepler",1
"TOI-2641 b","TOI-2641","TIC 162802770",4.88097400000,,1.6800000,6100.00,4.200000,1.336000,1.160000,"Transit","Transiting Exoplanet Survey Satellite (TESS)",1
"HD 83443 b","HD 83443","TIC 32820141",2.98562800000,,,5442.00,4.390000,0.940000,1.000000,"Radial Velocity","Multiple Observatories",1
"omi UMa b","omi UMa","TIC 73416947",1569.81000000000,,,5075.00,2.580000,13.840000,2.720000,"Radial Velocity","Okayama Astrophysical Observatory",1
"KMT-2017-BLG-2331L b","KMT-2017-BLG-2331L",,,,,,,,0.400000,"Microlensing","KMTNet",1
"BD-10 3166 b","BD-10 3166","TIC 148563075",3.48777000000,,,5393.00,4.690000,0.910000,1.470000,"Radial Velocity","W. M. Keck Observatory",1
"KMT-2021-BLG-1554L b","KMT-2021-BLG-1554L",,,,,,,,0.080000,"Microlensing","KMTNet",1
"HATS-71 b","HATS-71","TIC 234523599",3.79552020000,,2.0148000,3405.00,4.765300,0.478300,0.486100,"Transit","HATSouth",1
"TOI-1648 b","TOI-1648","TIC 376353509",7.33160200000,,1.5400000,4850.00,4.500000,0.810000,0.830000,"Transit","Transiting Exoplanet Survey Satellite (TESS)",1
"Kepler-1085 c","Kepler-1085","TIC 158487108",56.77710000000,,,5816.00,4.393780,1.078300,1.050000,"Transit","Kepler",1
"GJ 3138 c","GJ 3138","TIC 632528291",5.97400000000,,,3717.00,,0.500000,0.681000,"Radial Velocity","La Silla Observatory",1
"WASP-187 b","WASP-187","TIC 15692883",5.14787800000,0.35000000,5.8200000,6150.00,3.722000,2.830000,1.540000,"Transit","SuperWASP",1
"Kepler-948 b","Kepler-948","TIC 138099276",7.76846622000,,4.3850000,5679.00,4.470000,0.940000,0.960000,"Transit","Kepler",1
"GJ 180 d","GJ 180","TIC 246902275",106.30000000000,,,,,,0.430000,"Radial Velocity","Multiple Facilities",1
"Kepler-509 b","Kepler-509","TIC 416283848",41.74600392000,,4.6058000,6060.00,4.320000,1.200000,1.100000,"Transit","Kepler",1
"TOI-1659.01","TOI-1659","TIC 288631580",5.87755632800,,2.8907000,5977.00,,1.006000,1.100000,"Transit","Transiting Exoplanet Survey Satellite (TESS)",1
"Kepler-1991 c","Kepler-1991","TIC 164831457",22.79020351000,0.06179000,5.0394000,5478.00,4.354000,1.053000,0.914000,"Transit","Kepler",1
"Kepler-1735 b","Kepler-1735","TIC 123206821",7.71792984000,,,3975.00,4.753000,0.509000,0.535000,"Transit","Kepler",1
"Kepler-332 d","Kepler-332","TIC 158272257",34.21154000000,,4.7090000,4955.00,4.611000,0.720000,,"Transit","Kepler",1
"TIC 349520724 b","TIC 349520724","TIC 349520724",7.94044635021,,2.0599713,5098.60,4.516100,0.818771,,"Transit","Transiting Exoplanet Survey Satellite (TESS)",1
"Kepler-752 b","Kepler-752","TIC 137548225",18.82747265000,,4.7320000,5373.00,4.540000,0.830000,0.870000,"Transit","Kepler",1
"NGTS-27 b","NGTS-27","TIC 305739565",3.37041810000,,4.8880000,5700.00,4.050000,1.770000,1.070000,"Transit","Transiting Exoplanet Survey Satellite (TESS)",1
"Kepler-1729 b","Kepler-1729","TIC 272708868",4.22097015400,,,3837.00,4.747000,0.517000,0.544000,"Transit","Kepler",1
"Kepler-206 d","Kepler-206","TIC 137342279",23.44281000000,,5.3890000,5764.00,4.311000,1.185000,,"Transit","Kepler",1
"Kepler-1955 b","Kepler-1955","TIC 172372582",14.26519966000,,,5825.00,4.237000,1.291000,1.049000,"Transit","Kepler",1
"HD 82943 c","HD 82943","TIC 405485269",220.07800000000,,,5935.00,4.325820,1.182600,1.080000,"Radial Velocity","La Silla Observatory",1
"HIP 35965 b","HIP 35965","TIC 291466351",26125.56497000000,,,,,,0.780000,"Radial Velocity","Multiple Observatories",1
"CoRoT-31 b","CoRoT-31","TIC 250595183",4.62941000000,,,5700.00,3.850000,2.150000,1.250000,"Transit","CoRoT",1
"Kepler-279 c","Kepler-279","TIC 158428960",35.73600000000,,,,4.420000,1.070000,1.100000,"Transit","Kepler",1
"Kepler-1486 b","Kepler-1486","TIC 159439931",54.64957590000,,8.4050000,5965.00,4.380000,1.120000,1.080000,"Transit","Kepler",1
"NGTS-31 b","NGTS-31","TIC 167714124",4.16273400000,,,5710.00,4.430000,1.700000,0.960000,"Transit","Transiting Exoplanet Survey Satellite (TESS)",1
"HD 143361 b","HD 143361","TIC 255480497",1039.15000000000,,,5507.00,4.472000,0.916000,0.968000,"Radial Velocity","Las Campanas Observatory",1
"HD 132563 b","HD 132563","TIC 284680749",1544.00000000000,,,6289.00,4.303270,1.295770,1.231000,"Radial Velocity","Roque de los Muchachos Observatory",1
"EPIC 206317286 b","EPIC 206317286","TIC 250956593",1.58252000000,,,,,,0.711000,"Transit","K2",1
"TOI-1710 b","TOI-1710","TIC 445805961",24.28336000000,,,5775.00,4.510000,0.930000,1.020000,"Transit","Transiting Exoplanet Survey Satellite (TESS)",1
"Kepler-363 b","Kepler-363","TIC 258349590",3.61456800000,,3.4010000,5593.00,4.152000,1.485000,,"Transit","Kepler",1
"Kepler-102 d","Kepler-102","TIC 123357864",10.31176700000,,,4909.00,,0.724000,0.803000,"Transit","Kepler",1
"TIC 260969020 b","TIC 260969020","TIC 260969020",8.48584501953,,2.2696952,4572.94,4.594200,0.689880,,"Transit","Transiting Exoplanet Survey Satellite (TESS)",1
"Kepler-1234 b","Kepler-1234","TIC 399956098",11.94014029000,,3.4720000,4967.00,4.590000,0.760000,0.800000,"Transit","Kepler",1
"WASP-132 b","WASP-132","TIC 127530399",7.13351640000,,11.0400000,4686.00,4.560000,0.758000,0.789000,"Transit","SuperWASP-South",1
"Kepler-354 c","Kepler-354","TIC 120578185",16.93440200000,,3.4560000,4648.00,4.627000,0.674000,,"Transit","Kepler",1
"TOI-1450 A c","TOI-1450 A","TIC 377293776",5.06880000000,,,3437.00,4.760000,0.483000,0.480000,"Transit","Gemini Observatory",1
"OGLE-2015-BLG-0954L b","OGLE-2015-BLG-0954L",,,,,,,,0.300000,"Microlensing","KMTNet",1
"Kepler-1891 b","Kepler-1891","TIC 159221689",4.02229023000,,,5516.00,4.544000,0.827000,0.873000,"Transit","Kepler",1
"GJ 229 A c","GJ 229","TIC 124279525",121.93268000000,,,,,,0.509000,"Radial Velocity","Multiple Facilities",1
"Kepler-344 b","Kepler-344","TIC 63289452",21.96394500000,,2.6760000,5774.00,4.451000,0.976000,,"Transit","Kepler",1
"MOA-2009-BLG-387L b","MOA-2009-BLG-387L",,1980.00000000000,,,,,,0.190000,"Microlensing","MOA",1
"HAT-P-70 b","HAT-P-70","TIC 399870368",2.74432452000,0.84430000,3.4800000,8450.00,4.181000,1.858000,1.890000,"Transit","HATNet",1
"K2-381 c","K2-381","TIC 10195089",16.03465600000,,,4473.00,4.653000,0.675000,0.754000,"Transit","K2",1
"HD 331093 b","HD 331093","TIC 71528173",621.62000000000,,,5544.00,4.200000,,1.030000,"Radial Velocity","Haute-Provence Observatory",1
"HIP 38594 c","HIP 38594","TIC 128902569",3477.76800000000,,,,,,0.610000,"Radial Velocity","Multiple Observatories",1
"HD 196050 b","HD 196050","TIC 351534793",1392.00000000000,,,,,,1.270000,"Radial Velocity","Anglo-Australian Telescope",1
"HATS-77 b","HATS-77","TIC 11561667",3.08762620000,,2.2276800,4071.00,4.638000,0.642800,0.655000,"Transit","HATSouth",1
"HD 99706 c","HD 99706","TIC 148680230",1278.00000000000,,,,,,1.720000,"Radial Velocity","W. M. Keck Observatory",1
"Kepler-10 d","Kepler-10","TIC 377780790",151.06000000000,,,5708.00,4.344000,1.065000,0.910000,"Radial Velocity","Roque de los Muchachos Observatory",1
"KELT-23 A b","KELT-23 A","TIC 458478250",2.25525100000,1.86400000,2.3810400,5899.00,4.417000,0.996000,0.944000,"Transit","KELT-North",1
"TOI-2046 b","TOI-2046","TIC 468574941",1.49718420000,,2.4100000,6250.00,4.300000,1.210000,1.130000,"Transit","Transiting Exoplanet Survey Satellite (TESS)",1
"HD 35843 c","HD 35843","TIC 7422496",46.96220000000,,5.8000000,5666.00,4.470000,0.897000,0.940000,"Transit","Transiting Exoplanet Survey Satellite (TESS)",1
"Kepler-1272 b","Kepler-1272","TIC 399794186",51.13097040000,,5.9950000,5926.00,4.390000,1.090000,1.060000,"Transit","Kepler",1
"Kepler-69 c","Kepler-69","TIC 275573429",242.46130000000,0.03500000,,5638.00,4.400000,0.930000,0.810000,"Transit","Kepler",1
"Kepler-263 b","Kepler-263","TIC 137637249",16.56808700000,,4.1430000,5265.00,4.576000,0.785000,,"Transit","Kepler",1
"Kepler-594 b","Kepler-594","TIC 299087968",13.64618192000,,3.3740000,5485.00,4.520000,0.870000,0.910000,"Transit","Kepler",1
"UZ For b","UZ For","TIC 144622139",5840.00000000000,,,,,,0.700000,"Eclipse Timing Variations","Multiple Observatories",1
"WASP-55 b","WASP-55","TIC 294301883",4.46563100000,,,6096.00,4.393000,1.090000,1.071000,"Transit","SuperWASP",1
"Kepler-881 b","Kepler-881","TIC 158936201",4.44448017000,,3.3500000,5961.00,4.390000,1.090000,1.060000,"Transit","Kepler",1
"TOI-2092 b","TOI-2092","TIC 393965778",4.30325528074,,2.4191037,5842.06,4.495000,1.051900,,"Transit","Transiting Exoplanet Survey Satellite (TESS)",1
"K2-194 b","K2-194","TIC 706595",39.72138600000,,,5979.00,4.210000,1.281115,1.110086,"Transit","K2",1
"OGLE-TR-10 b","OGLE-TR-10","TIC 130150682",3.10127800000,1.21000000,,5950.00,4.358000,1.170000,1.140000,"Transit","OGLE",1
"Kepler-139 b","Kepler-139","TIC 123450224",15.77104400000,,5.0680000,5594.00,4.247000,1.300000,,"Transit","Kepler",1
"HD 131496 b","HD 131496","TIC 267365022",896.00000000000,,,4846.00,3.180000,4.440000,1.340000,"Radial Velocity","W. M. Keck Observatory",1
"K2-17 b","K2-17","TIC 291090078",17.96753000000,0.09900000,,4320.00,,0.660000,0.710000,"Transit","K2",1
"K2-188 b","K2-188","TIC 175236511",1.74216900000,,,5977.00,4.310000,1.190000,1.060000,"Transit","K2",1
"K2-38 b","K2-38","TIC 12666215",4.01593000000,,,5731.00,4.380000,1.060000,1.030000,"Transit","K2",1
"Kepler-1365 b","Kepler-1365","TIC 63122176",7.69993485000,,4.3900000,5770.00,4.390000,1.050000,1.000000,"Transit","Kepler",1
"Kepler-60 c","Kepler-60","TIC 158923465",8.91870000000,,,5905.00,,1.257000,1.041000,"Transit","Kepler",1
"LHS 3154 b","LHS 3154","TIC 24108819",3.71778000000,,,2861.00,,0.140500,0.111800,"Radial Velocity","McDonald Observatory",1
"HATS-17 b","HATS-17","TIC 73717937",16.25461100000,,4.8264000,5846.00,4.416000,1.091000,1.131000,"Transit","HATSouth",1
"Kepler-1522 b","Kepler-1522","TIC 267673944",1.84788917100,,1.8934000,5706.00,4.490000,0.930000,0.960000,"Transit","Kepler",1
"Kepler-1411 b","Kepler-1411","TIC 158218591",86.11508880000,,6.1300000,5664.00,4.490000,0.920000,0.950000,"Transit","Kepler",1
"HD 183263 c","HD 183263","TIC 134245358",4667.97841000000,,,,,,1.060000,"Radial Velocity","W. M. Keck Observatory",1
"HD 88072 b","HD 88072","TIC 344988456",18538.79293000000,,,,,,1.040000,"Radial Velocity","Multiple Observatories",1
"K2-140 b","K2-140","TIC 380255458",6.56918800000,1.55700000,3.8100000,5585.00,4.400000,1.060000,0.960000,"Transit","K2",1
"K2-43 b","K2-43","TIC 443616612",3.47114900000,,,3840.60,,0.542000,0.571000,"Transit","K2",1
"Kepler-1780 b","Kepler-1780","TIC 270862497",109.44499970000,,,5403.00,4.500000,0.868000,0.868000,"Transit","Kepler",1
"K2-284 b","K2-284","TIC 5882269",4.79506900000,,2.1470000,4140.00,4.670000,0.607000,0.630000,"Transit","K2",1
"Kepler-877 b","Kepler-877","TIC 159175206",18.45847097000,,3.3077000,5261.00,4.560000,0.810000,0.850000,"Transit","Kepler",1
"HD 161178 b","HD 161178","TIC 441797545",279.30000000000,,,4786.00,2.380000,10.950000,1.060000,"Radial Velocity","Okayama Astrophysical Observatory",1
"Kepler-390 c","Kepler-390","TIC 137340986",13.06002200000,,2.6650000,5166.00,4.569000,0.776000,,"Transit","Kepler",1
"TOI-4791 b","TOI-4791","TIC 100389539",4.28088000000,0.65500000,3.3340000,6058.00,4.234000,1.409000,1.242000,"Transit","Transiting Exoplanet Survey Satellite (TESS)",1
"Kepler-1191 b","Kepler-1191","TIC 26538999",5.60014851000,,2.8018000,5308.00,4.560000,0.810000,0.850000,"Transit","Kepler",1
"Kepler-1561 b","Kepler-1561","TIC 272716728",1.00520700700,,1.6200000,5957.00,4.380000,1.110000,1.070000,"Transit","Kepler",1
"HD 156279 c","HD 156279","TIC 232606278",4818.25358000000,,,,,,0.940000,"Radial Velocity","W. M. Keck Observatory",1
"TOI-5082.01","TOI-5082","TIC 437011608",4.24012200000,,2.3880000,5670.00,4.500000,0.930000,0.996650,"Transit","Transiting Exoplanet Survey Satellite (TESS)",1
"Kepler-1475 b","Kepler-1475","TIC 271970692",82.17737400000,,9.1650000,6214.00,4.290000,1.280000,1.180000,"Transit","Kepler",1
"HD 100655 b","HD 100655","TIC 156942082",157.57001000000,,,4891.00,2.790000,10.060000,2.280000,"Radial Velocity","Bohyunsan Optical Astronomical Observatory",1
"Kepler-1816 b","Kepler-1816","TIC 27911400",91.50099945000,,,5051.00,4.628000,0.706000,0.786000,"Transit","Kepler",1
"Kepler-475 b","Kepler-475","TIC 121108727",3.10550818900,,1.7210000,5009.00,4.580000,0.790000,0.860000,"Transit","Kepler",1
"Kepler-303 b","Kepler-303","TIC 164460208",1.93705500000,,1.5350000,3944.00,4.768000,0.485000,,"Transit","Kepler",1
"Kepler-1260 b","Kepler-1260","TIC 271759028",19.11877530000,,6.8730000,5961.00,4.390000,1.080000,1.060000,"Transit","Kepler",1
"GJ 3988 b","GJ 3988","TIC 274626553",6.94420000000,,,3273.00,4.920000,0.197340,0.184200,"Radial Velocity","Calar Alto Observatory",1
"Kepler-143 c","Kepler-143","TIC 28364164",27.08251100000,,5.1030000,5848.00,4.202000,1.359000,,"Transit","Kepler",1
"HD 180902 b","HD 180902","TIC 11782681",510.90000000000,,,4961.00,3.360000,4.160000,1.410000,"Radial Velocity","W. M. Keck Observatory",1
"Kepler-755 c","Kepler-755","TIC 239227652",2.85313364400,,1.4352000,5043.00,4.580000,0.770000,0.820000,"Transit","Kepler",1
"WASP-136 b","WASP-136","TIC 176220787",,,,,,,,"Transit","SuperWASP",1
"Kepler-549 d","Kepler-549","TIC 164455792",24.61480613000,0.17980000,2.6602000,5312.00,4.384000,0.986000,0.859000,"Transit","Kepler",1
"HD 126525 b","HD 126525","TIC 333459486",960.41000000000,,,5638.00,4.382000,0.979000,0.897000,"Radial Velocity","La Silla Observatory",1
"HD 88133 b","HD 88133","TIC 27073220",3.41488400000,,,5392.00,3.880000,2.200000,1.260000,"Radial Velocity","W. M. Keck Observatory",1
"Kepler-1368 b","Kepler-1368","TIC 378159769",0.67564948600,,1.9035000,5906.00,4.400000,1.080000,1.070000,"Transit","Kepler",1
"Kepler-1086 c","Kepler-1086","TIC 271545939",161.51633450000,,6.4560000,4350.00,4.650000,0.660000,0.700000,"Transit","Kepler",1
"Kepler-305 b","Kepler-305","TIC 171879024",5.48700000000,,,,4.510000,0.800000,0.760000,"Transit","Kepler",1
"Kepler-1321 b","Kepler-1321","TIC 271165895",11.12830484000,,2.7717000,4094.00,4.730000,0.530000,0.540000,"Transit","Kepler",1
"Kepler-1864 b","Kepler-1864","TIC 394172692",3.88151001900,,,5854.00,4.469000,0.979000,1.030000,"Transit","Kepler",1
"TOI-1296 b","TOI-1296","TIC 219854185",3.94437360000,,4.8636539,5567.00,4.035000,1.703100,1.157600,"Transit","Transiting Exoplanet Survey Satellite (TESS)",1
"HD 23472 b","HD 23472","TIC 425997655",17.66708700000,,2.6700000,4684.00,4.530000,0.710000,0.670000,"Transit","Transiting Exoplanet Survey Satellite (TESS)",1
"HD 219134 c","HD 219134","TIC 283722336",6.76458000000,0.03180000,1.6600000,4699.00,4.567000,0.778000,0.810000,"Radial Velocity","Roque de los Muchachos Observatory",1
"Kepler-1752 b","Kepler-1752","TIC 417655835",56.35850143000,,,5446.00,4.525000,0.821000,0.824000,"Transit","Kepler",1
"HD 95086 b","HD 95086","TIC 399637637",,,,,,,1.600000,"Imaging","Paranal Observatory",1
"TOI-4773 b","TOI-4773","TIC 415276070",1.74528510000,0.75100000,1.9608000,6740.00,4.220000,1.550000,1.452000,"Transit","Transiting Exoplanet Survey Satellite (TESS)",1
"Kepler-647 c","Kepler-647","TIC 164786172",29.66630000000,,,5906.74,4.089190,1.545710,1.070000,"Transit","Kepler",1
"WASP-173 A b","WASP-173 A","TIC 77031414",1.38665318000,1.23000000,2.2968000,5800.00,4.370000,1.110000,1.050000,"Transit","SuperWASP-South",1
"HD 220074 b","HD 220074","TIC 269237357",672.09998000000,,,3787.00,1.300000,54.920000,2.200000,"Radial Velocity","Bohyunsan Optical Astronomical Observatory",1
"Kepler-1437 b","Kepler-1437","TIC 26541175",10.92954610000,,6.0620000,5557.00,4.510000,0.900000,0.930000,"Transit","Kepler",1
"Kepler-487 b","Kepler-487","TIC 139158696",15.35876840300,,4.1452000,5444.00,4.510000,0.880000,0.910000,"Transit","Kepler",1
"K2-384 f","K2-384","TIC 399702475",13.62749000000,,,3623.00,4.874000,0.348000,0.330000,"Transit","K2",1
"Kepler-1296 b","Kepler-1296","TIC 137410211",8.38398650000,,4.9920000,5359.00,4.550000,0.830000,0.870000,"Transit","Kepler",1
"Kepler-1192 b","Kepler-1192","TIC 123416753",25.20347870000,,4.5520000,5438.00,4.550000,0.830000,0.860000,"Transit","Kepler",1
"PZ Tel b","PZ Tel","TIC 406095880",44000.00000000000,,,,,,1.360000,"Imaging","W. M. Keck Observatory",1
"Kepler-1180 b","Kepler-1180","TIC 271966200",16.86012860000,,5.5530000,6077.00,4.360000,1.140000,1.090000,"Transit","Kepler",1
"Kepler-618 b","Kepler-618","TIC 405719849",3.59576964500,,3.3249000,5860.00,4.390000,1.080000,1.050000,"Transit","Kepler",1
"OGLE-2016-BLG-1093L b","OGLE-2016-BLG-1093L",,,,,,,,0.460000,"Microlensing","OGLE",1
"GJ 1289 b","GJ 1289","TIC 352593978",111.74000000000,,,3296.00,,,0.210000,"Radial Velocity","Multiple Observatories",1
"Kepler-719 b","Kepler-719","TIC 271767300",5.00731777900,,4.2223000,5777.00,4.450000,0.980000,0.990000,"Transit","Kepler",1
"HD 76700 b","HD 76700","TIC 302368715",3.97097000000,,,5644.00,4.160000,1.370000,0.990000,"Radial Velocity","Anglo-Australian Telescope",1
"Kepler-779 b","Kepler-779","TIC 352012126",7.09714223000,,2.2440000,3804.00,4.810000,0.440000,0.460000,"Transit","Kepler",1
"Kepler-326 c","Kepler-326","TIC 270956861",4.58035800000,,2.1420000,5105.00,4.556000,0.801000,,"Transit","Kepler",1
"Kepler-1530 b","Kepler-1530","TIC 298892283",2.59044340000,,2.1618000,5477.00,4.520000,0.880000,0.920000,"Transit","Kepler",1
"TOI-3474 b","TOI-3474","TIC 274367763",3.87951050000,1.14800000,3.7990000,6020.00,4.292000,1.256000,1.121000,"Transit","Transiting Exoplanet Survey Satellite (TESS)",1
"Kepler-1114 b","Kepler-1114","TIC 268612417",14.97435694000,,2.4309000,5374.00,4.550000,0.830000,0.870000,"Transit","Kepler",1
"Kepler-924 b","Kepler-924","TIC 122596334",61.03701170000,,8.8510000,6167.00,4.320000,1.230000,1.140000,"Transit","Kepler",1
"WASP-138 b","WASP-138","TIC 35857242",3.63443300000,0.68300000,3.7728000,6272.00,4.250000,1.360000,1.220000,"Transit","SuperWASP",1
"Kepler-116 b","Kepler-116","TIC 271260980",5.96873400000,,3.6390000,6142.00,4.196000,1.454000,,"Transit","Kepler",1
"Kepler-774 b","Kepler-774","TIC 122780849",11.08957230000,,6.3412000,6403.00,3.870000,2.420000,1.570000,"Transit","Kepler",1
"TOI-4030 b","TOI-4030","TIC 390021939",2.50900199461,,2.6675173,5640.37,4.487500,0.991737,,"Transit","Transiting Exoplanet Survey Satellite (TESS)",1
"KMT-2021-BLG-1077L b","KMT-2021-BLG-1077L",,,,,,,,0.140000,"Microlensing","KMTNet",1
"Kepler-251 c","Kepler-251","TIC 272489533",16.51404300000,,4.1080000,5526.00,4.486000,0.890000,,"Transit","Kepler",1
"Kepler-1419 b","Kepler-1419","TIC 137548281",42.52158950000,,5.7980000,5796.00,4.430000,1.010000,1.010000,"Transit","Kepler",1
"KMT-2024-BLG-1870L b","KMT-2024-BLG-1870L",,,,,,,,0.670000,"Microlensing","KMTNet",1
"Kepler-1590 b","Kepler-1590","TIC 26416803",7.61760804000,,3.4790000,6053.00,4.350000,1.160000,1.110000,"Transit","Kepler",1
"2MASS J0249-0557 c","2MASS J0249-0557 A","TIC 10930507",,,,,,,0.046000,"Imaging","Mauna Kea Observatory",1
"HD 62549 b","HD 62549","TIC 68061731",14306.88519000000,,,,,,1.080000,"Radial Velocity","Multiple Observatories",1
"HD 39855 b","HD 39855","TIC 160301040",3.24980000000,,,5576.00,,,0.870000,"Radial Velocity","Las Campanas Observatory",1
"Kepler-83 d","Kepler-83","TIC 123416515",5.16979600000,,2.1630000,4648.00,4.718000,0.594000,,"Transit","Kepler",1
"Kepler-1464 b","Kepler-1464","TIC 121123737",31.77859010000,,8.0560000,5828.00,4.440000,1.010000,1.020000,"Transit","Kepler",1
"Kepler-324 e","Kepler-324","TIC 243271716",13.97939968000,,,5191.00,4.530000,0.826000,0.844000,"Transit","Kepler",1
"Kepler-1298 b","Kepler-1298","TIC 267667467",7.12811928000,,5.6140000,6339.00,4.000000,2.000000,1.450000,"Transit","Kepler",1
"HD 96700 d","HD 96700","TIC 23270430",103.50000000000,,,5845.00,4.390000,,0.890000,"Radial Velocity","La Silla Observatory",1
"Kepler-607 c","Kepler-607","TIC 159579593",39.67679977000,,,5244.00,4.449000,0.888000,0.808000,"Transit","Kepler",1
"Kepler-1211 b","Kepler-1211","TIC 120578889",11.01816836000,,4.5310000,5705.00,4.480000,0.940000,0.960000,"Transit","Kepler",1
"Kepler-1344 b","Kepler-1344","TIC 158394286",4.76830490000,,3.2517000,5981.00,4.370000,1.130000,1.090000,"Transit","Kepler",1
"HD 100777 b","HD 100777","TIC 49427341",383.00000000000,,,,,,1.080000,"Radial Velocity","La Silla Observatory",1
"HIP 5158 c","HIP 5158","TIC 268634769",9017.76000000000,,,4813.00,4.575320,0.754089,0.780000,"Radial Velocity","La Silla Observatory",1
"K2-268 d","K2-268","TIC 444037742",4.52859800000,,2.5700000,5106.00,4.580000,0.780000,0.840000,"Transit","K2",1
"Kepler-238 b","Kepler-238","TIC 121460918",2.09087600000,,3.1930000,5751.00,4.194000,1.430000,,"Transit","Kepler",1
"Kepler-1040 b","Kepler-1040","TIC 48217265",201.12140000000,,10.5750000,5694.00,4.470000,0.960000,0.980000,"Transit","Kepler",1
"HD 13189 b","HD 13189","TIC 63564248",471.60001000000,,,4175.00,1.620000,38.410000,2.240000,"Radial Velocity","Thueringer Landessternwarte Tautenburg",1
"K2-97 b","K2-97","TIC 366568760",8.40711500000,0.08910000,6.2712000,4673.00,3.276000,4.140000,1.170000,"Transit","K2",1
"Kepler-1650 b","Kepler-1650","TIC 273502299",1.53818001000,,,3410.00,,0.334000,0.326000,"Transit","Kepler",1
"Kepler-1531 b","Kepler-1531","TIC 120424814",1.13854337600,,2.0922000,6260.00,4.290000,1.270000,1.160000,"Transit","Kepler",1
"Kepler-514 b","Kepler-514","TIC 405717552",5.65179605000,,2.9289000,6106.00,4.230000,1.440000,1.280000,"Transit","Kepler",1
"Kepler-174 b","Kepler-174","TIC 158434144",13.98179000000,,2.9380000,4880.00,4.679000,0.622000,,"Transit","Kepler",1
"Kepler-1144 b","Kepler-1144","TIC 159226202",17.14647302000,,3.8410000,5753.00,4.470000,0.960000,0.980000,"Transit","Kepler",1
"TOI-163 b","TOI-163","TIC 179317684",4.23130600000,,4.9300000,6495.00,4.187000,1.648000,1.435200,"Transit","Transiting Exoplanet Survey Satellite (TESS)",1
"Kepler-1832 b","Kepler-1832","TIC 269263219",3.13878989200,,,5242.00,4.556000,0.722000,0.684000,"Transit","Kepler",1
"HATS-55 b","HATS-55","TIC 114299824",4.20420010000,,2.7837600,6214.00,4.412100,1.126000,1.195500,"Transit","HATSouth",1
"HATS-64 b","HATS-64","TIC 189625051",4.90889700000,,5.8056000,6554.00,3.982000,2.113000,1.564000,"Transit","HATSouth",1
"Kepler-460 c","KIC 5437945","TIC 121603086",220.13033570000,,21.4450000,6146.00,4.300000,1.260000,1.170000,"Transit","Kepler",1
"Kepler-656 b","Kepler-656","TIC 158731243",1.26025909400,,1.8742000,5281.00,4.560000,0.820000,0.860000,"Transit","Kepler",1
"DH Tau b","DH Tau","TIC 268148971",,,,,,0.270000,0.330000,"Imaging","Subaru Telescope",1
"HD 150706 b","HD 150706","TIC 159511543",5894.00000000000,,,5961.00,4.500000,0.960000,1.170000,"Radial Velocity","Haute-Provence Observatory",1
"TOI-1246 d","TOI-1246","TIC 230127302",18.65487400000,,3.9484217,5213.00,4.510000,0.864900,0.888900,"Transit","Transiting Exoplanet Survey Satellite (TESS)",1
"Kepler-1318 b","Kepler-1318","TIC 122442545",213.25766300000,,7.7750000,4598.00,4.620000,0.700000,0.730000,"Transit","Kepler",1
"TOI-3071 b","TOI-3071","TIC 452006073",1.26693800000,,1.8500000,6177.00,4.370000,1.310000,1.290000,"Transit","Transiting Exoplanet Survey Satellite (TESS)",1
"HD 93351 b","HD 93351","TIC 318093199",2.45946000000,,,,,,0.940000,"Radial Velocity","Multiple Observatories",1
"NN Ser c","NN Ser","TIC 172608008",6987.00000000000,,,,,,0.535000,"Eclipse Timing Variations","Multiple Observatories",1
"Kepler-454 c","Kepler-454","TIC 121276638",524.19000000000,,,5687.00,,1.066000,1.030000,"Radial Velocity","Multiple Facilities",1
"Barnard e","Barnard's star","TIC 325554331",6.73920000000,,,3195.00,4.900000,0.185000,0.162000,"Radial Velocity","Gemini Observatory",1
"HD 72659 c","HD 72659","TIC 121284864",35500.00000000000,,,5929.00,4.230000,1.360000,1.033000,"Radial Velocity","Multiple Observatories",1
"K2-416 b","K2-416","TIC 301132473",13.10200000000,,2.7700000,3746.00,4.691000,0.554000,0.548000,"Transit","K2",1
"K2-133 d","K2-133","TIC 150096001",11.02454000000,,,3655.00,,0.455000,0.461000,"Transit","K2",1
"Kepler-827 b","Kepler-827","TIC 271346509",51.92927591000,,5.3083000,5602.00,4.500000,0.910000,0.930000,"Transit","Kepler",1
"Kepler-331 b","Kepler-331","TIC 351063265",8.45749600000,,2.3040000,4347.00,4.768000,0.492000,,"Transit","Kepler",1
"HAT-P-39 b","HAT-P-39","TIC 14770122",3.54387000000,0.99900000,4.1880000,6430.00,4.160000,1.625000,1.404000,"Transit","HATNet",1
"HD 210277 b","HD 210277","TIC 50227884",442.19000000000,,,5538.00,4.380000,1.070000,1.010000,"Radial Velocity","W. M. Keck Observatory",1
"Kepler-1711 b","Kepler-1711","TIC 273778951",21.06080055000,,,5706.00,4.382000,1.034000,0.940000,"Transit","Kepler",1
"Kepler-159 c","Kepler-159","TIC 169082553",43.59579200000,,5.1530000,4625.00,4.653000,0.663000,,"Transit","Kepler",1
"K2-378 b","K2-378","TIC 741119",2.06043800000,,,4823.00,4.674000,0.732000,0.923000,"Transit","K2",1
"Kepler-399 d","Kepler-399","TIC 172373693",58.03461600000,,5.4350000,5502.00,4.620000,0.680000,,"Transit","Kepler",1
"Kepler-31 b","Kepler-31","TIC 270788519",20.86130000000,0.18950000,4.9920000,6340.00,4.696000,1.220000,1.210000,"Transit","Kepler",1
"HD 11343 c","HIP 8541","TIC 231019255",228.53731000000,,,,,,2.009000,"Radial Velocity","Multiple Observatories",1
"Kepler-908 b","Kepler-908","TIC 139106731",1.34059746800,,1.6085000,5973.00,4.380000,1.120000,1.110000,"Transit","Kepler",1
"HATS-24 b","HATS-24","TIC 380589029",1.34849780000,,,6125.00,4.370000,1.120000,1.070000,"Transit","HATSouth",1
"TOI-5726.01","TOI-5726","TIC 71582156",5.49112521500,,1.8868000,5874.00,,1.106000,1.060000,"Transit","Transiting Exoplanet Survey Satellite (TESS)",1
"TOI-5340 b","TOI-5340","TIC 14156936",4.93943920000,0.56300000,4.9800000,5990.00,4.036000,1.842000,1.350000,"Transit","Transiting Exoplanet Survey Satellite (TESS)",1
"Kepler-226 d","Kepler-226","TIC 63204017",8.10904400000,,3.6980000,5571.00,4.586000,0.802000,,"Transit","Kepler",1
"Kepler-317 c","Kepler-317","TIC 138890353",8.77501000000,,2.8570000,5497.00,4.493000,0.941000,,"Transit","Kepler",1
"Kepler-1579 b","Kepler-1579","TIC 275571034",0.84990788900,,1.0925000,4584.00,4.630000,0.700000,0.750000,"Transit","Kepler",1
"TIC 294329732 b","TIC 294329732","TIC 294329732",9.75658761810,,3.2516091,5201.93,4.479600,0.920172,,"Transit","Transiting Exoplanet Survey Satellite (TESS)",1
"HD 5319 c","HD 5319","TIC 344627954",872.20000000000,,,4871.00,3.260000,4.060000,1.270000,"Radial Velocity","W. M. Keck Observatory",1
"Kepler-1958 b","Kepler-1958","TIC 121943923",9.32861995700,,,5749.00,4.547000,0.864000,0.961000,"Transit","Kepler",1
"Kepler-1076 b","Kepler-1076","TIC 399955825",6.14727918000,,2.7627000,4868.00,4.600000,0.740000,0.790000,"Transit","Kepler",1
"Kepler-1731 b","Kepler-1731","TIC 137099260",21.76129913000,,,4859.00,4.612000,0.720000,0.781000,"Transit","Kepler",1
"HD 50554 c","HD 50554","TIC 80224448",5.96936200000,,3.3000000,5968.00,,1.146000,1.040000,"Transit","Transiting Exoplanet Survey Satellite (TESS)",1
"Kepler-1350 b","Kepler-1350","TIC 158664221",4.49686040000,,1.7864000,3827.00,4.740000,0.530000,0.550000,"Transit","Kepler",1
"HD 133131 A c","HD 133131 A","TIC 440955228",3568.00000000000,,,5799.00,4.390000,,0.950000,"Radial Velocity","Las Campanas Observatory",1
"Kepler-1645 b","Kepler-1645","TIC 28229515",16.17795610000,,5.2690000,5812.00,4.430000,1.020000,1.020000,"Transit","Kepler",1
"TOI-969 b","TOI-969","TIC 280437559",1.82373050000,0.14350000,1.5190000,4435.00,4.550000,0.671000,0.734000,"Transit","Transiting Exoplanet Survey Satellite (TESS)",1
"Kepler-1669 c","Kepler-1669","TIC 169457234",1.60932004500,,,4224.00,4.662000,0.603000,0.609000,"Transit","Kepler",1
"Kepler-664 b","Kepler-664","TIC 299033092",2.52559331500,,1.5882000,5754.00,4.430000,1.020000,1.010000,"Transit","Kepler",1
"Kepler-24 c","Kepler-24","TIC 122376177",12.33000000000,,,6028.00,,1.099000,1.060000,"Transit","Kepler",1
"Kepler-1468 b","Kepler-1468","TIC 138219758",8.23984869000,,5.6170000,5893.00,4.420000,1.050000,1.040000,"Transit","Kepler",1
"TOI-5422 b","TOI-5422","TIC 80611440",5.37721900000,0.32060000,4.6680000,5820.00,4.135000,1.474000,1.066000,"Transit","Transiting Exoplanet Survey Satellite (TESS)",1
"HD 204313 c","HD 204313","TIC 99734092",34.95875000000,,,,,,1.030000,"Radial Velocity","La Silla Observatory",1
"Kepler-204 b","Kepler-204","TIC 120495446",14.40097400000,,3.9060000,5812.00,4.269000,1.238000,,"Transit","Kepler",1
"Kepler-1986 b","Kepler-1986","TIC 240184288",19.54896660000,0.05238000,1.7800000,5549.00,4.600000,0.732000,0.776000,"Transit","Kepler",1
"Kepler-1009 b","Kepler-1009","TIC 164411478",11.35011917000,,2.3758000,4027.00,4.700000,0.570000,0.590000,"Transit","Kepler",1
"Kepler-1131 b","Kepler-1131","TIC 27642556",3.53232449000,,2.8072000,5851.00,4.420000,1.040000,1.030000,"Transit","Kepler",1
"HD 164922 b","HD 164922","TIC 159019691",1207.00000000000,,,5390.00,4.460000,0.946000,0.926000,"Radial Velocity","W. M. Keck Observatory",1
"EPIC 246851721 b","EPIC 246851721","TIC 411839167",6.18023500000,0.46400000,4.1080800,6202.00,4.157000,1.586000,1.317000,"Transit","K2",1
"Kepler-33 c","Kepler-33","TIC 158935283",13.17562000000,0.02977000,6.7000000,5904.00,4.027000,1.820000,1.291000,"Transit","Kepler",1
"Kepler-21 b","Kepler-21","TIC 121214185",2.78582120000,,,6305.00,,1.902000,1.408000,"Transit","Kepler",1
"Kepler-746 b","Kepler-746","TIC 122515955",3.48159251000,,1.8389000,5418.00,4.460000,0.930000,0.910000,"Transit","Kepler",1
"2MASS J11550485-7919108 b","2MASS J11550485-7919108","TIC 357014373",,,,,,,,"Imaging","European Space Agency (ESA) Gaia Satellite",1
"Kepler-1511 b","Kepler-1511","TIC 158725179",23.23827920000,,8.1910000,6064.00,4.280000,1.290000,1.170000,"Transit","Kepler",1
"Kepler-528 b","Kepler-528","TIC 271877680",19.78297415000,,5.4661000,5807.00,4.390000,1.060000,1.010000,"Transit","Kepler",1
"OGLE-2019-BLG-0679L b","OGLE-2019-BLG-0679L",,,,,,,,0.660000,"Microlensing","OGLE",1
"HD 73267 c","HD 73267","TIC 11749208",17071.78045000000,,,,,,0.930000,"Radial Velocity","Multiple Observatories",1
"HD 20781 d","HD 20781","TIC 144503312",29.15800000000,,,5256.00,4.370000,,0.700000,"Radial Velocity","La Silla Observatory",1
"Kepler-281 d","Kepler-281","TIC 270858032",148.27200320000,,,5717.00,4.538000,0.884000,0.984000,"Transit","Kepler",1
"Kepler-1808 b","Kepler-1808","TIC 121215333",23.34040070000,,,5530.00,4.425000,0.892000,0.773000,"Transit","Kepler",1
"Kepler-372 c","Kepler-372","TIC 350810559",20.05376300000,,6.0310000,6509.00,4.405000,1.137000,,"Transit","Kepler",1
"HAT-P-22 b","HAT-P-22","TIC 252479260",3.21222000000,1.10000000,,5302.00,4.360000,1.110000,1.130000,"Transit","HATNet",1
"HD 95872 b","HD 95872","TIC 52198580",4375.00000000000,,,5312.00,4.430000,0.840000,0.700000,"Radial Velocity","Multiple Facilities",1
"HD 137496 c","HD 137496","TIC 346250894",479.90000000000,,,5799.00,4.050000,1.590000,1.040000,"Radial Velocity","Multiple Observatories",1
"HD 4113 b","HD 4113","TIC 118586897",526.52390000000,,,,,,1.008000,"Radial Velocity","La Silla Observatory",1
"HD 9446 c","HD 9446","TIC 18277196",192.90000000000,,,5793.00,4.530000,1.000000,1.000000,"Radial Velocity","Haute-Provence Observatory",1
"HD 13808 b","HD 13808","TIC 220022156",14.18150000000,,,5035.00,,0.781000,0.771000,"Radial Velocity","La Silla Observatory",1
"75 Cet c","75 Cet","TIC 251095345",2051.62000000000,,,4809.00,2.690000,10.380000,1.920000,"Radial Velocity","Okayama Astrophysical Observatory",1
"81 Cet b","81 Cet","TIC 35725282",1005.57000000000,,,4734.00,2.410000,11.210000,1.230000,"Radial Velocity","Okayama Astrophysical Observatory",1
"HR 858 d","HR 858","TIC 178155732",11.23051100000,0.02130000,3.4700000,6354.00,4.300000,1.258000,1.204000,"Transit","Transiting Exoplanet Survey Satellite (TESS)",1
"HD 18143 b","HD 18143","TIC 436933294",10.28510000000,,,,,,0.850000,"Radial Velocity","Multiple Observatories",1
"HD 20794 f","HD 20794","TIC 301051051",647.60000000000,,,5368.00,4.390000,0.930000,0.790000,"Radial Velocity","Multiple Observatories",1
"HD 24040 c","HD 24040","TIC 456863621",515.40000000000,,,5776.49,4.197486,1.387296,1.103940,"Radial Velocity","Multiple Observatories",1
"HD 31527 c","HD 31527","TIC 146322354",51.20530000000,,,5898.00,4.450000,,0.960000,"Radial Velocity","La Silla Observatory",1
"HD 34445 c","HD 34445","TIC 284907742",214.67000000000,,,5836.00,4.210000,1.380000,1.070000,"Radial Velocity","Multiple Observatories",1
"HD 290327 b","HD 290327","TIC 4205424",2443.00000000000,,,5505.00,4.410000,0.950000,0.840000,"Radial Velocity","La Silla Observatory",1
"HD 37605 b","HD 37605","TIC 144730053",55.01292000000,,,5329.00,,0.910000,0.940000,"Radial Velocity","McDonald Observatory",1
"Kepler-1750 b","Kepler-1750","TIC 424864368",205.91200260000,,,5644.00,4.457000,0.969000,0.981000,"Transit","Kepler",1
"Kepler-1913 b","Kepler-1913","TIC 159304134",14.19600010000,,,6214.00,4.442000,1.076000,1.169000,"Transit","Kepler",1
"HD 184010 c","HD 184010","TIC 113329742",484.30000000000,,,4971.00,3.180000,4.860000,1.350000,"Radial Velocity","Okayama Astrophysical Observatory",1
"HD 217958 b","HD 217958","TIC 12973036",2560.19774000000,,,,,,1.080000,"Radial Velocity","Multiple Observatories",1
"Kepler-90 i","KOI-351","TIC 267667295",14.44912000000,,2.8000000,6015.00,4.270000,1.290000,1.120000,"Transit","Kepler",1
"tau Cet g","tau Cet","TIC 419015728",20.00000000000,,,,,,0.783000,"Radial Velocity","Multiple Observatories",1
"Kepler-1432 b","Kepler-1432","TIC 27532128",23.91090110000,,5.0550000,6031.00,4.370000,1.130000,1.090000,"Transit","Kepler",1
"Kepler-1693 b","Kepler-1693","TIC 406948151",12.09990000000,,,5432.34,4.528510,0.878295,0.950000,"Transit","Kepler",1
"HD 219134 h","HD 219134","TIC 283722336",2247.00000000000,,,4913.00,4.510000,0.770000,0.794000,"Radial Velocity","Roque de los Muchachos Observatory",1
"Kepler-1886 b","Kepler-1886","TIC 184417747",24.27580070000,,,5745.00,4.559000,0.837000,0.928000,"Transit","Kepler",1
"Kepler-939 b","Kepler-939","TIC 270790652",14.87829600000,,7.5040000,5471.00,4.540000,0.850000,0.880000,"Transit","Kepler",1
"TOI-4495 c","TOI-4495","TIC 120826158",5.18553000000,,,6210.00,4.290000,1.309000,1.247000,"Transit","Transiting Exoplanet Survey Satellite (TESS)",1
"HD 8574 b","HD 8574","TIC 18121498",227.00000000000,,,6064.00,4.280000,1.380000,1.340000,"Radial Velocity","Haute-Provence Observatory",1
"TOI-238 c","TOI-238","TIC 9006668",8.46565100000,,,5059.00,4.577000,0.733000,0.790000,"Radial Velocity","Multiple Observatories",1
"TOI-5349 b","TOI-5349","TIC 26054627",3.31792100000,,1.9500000,3751.00,4.720000,0.580000,0.610000,"Transit","Transiting Exoplanet Survey Satellite (TESS)",1
"TOI-5319 b","TOI-5319","TIC 246965431",4.07853000000,,,3580.00,4.500000,0.485000,0.500000,"Transit","Transiting Exoplanet Survey Satellite (TESS)",1
"K2-250 b","K2-250","TIC 98591691",4.01392000000,0.09700000,2.3664000,5003.00,4.544000,0.797000,0.809000,"Transit","K2",1
"Kepler-403 c","Kepler-403","TIC 159174926",54.28074900000,,5.3730000,6090.00,4.266000,1.329000,,"Transit","Kepler",1
"Kepler-169 b","Kepler-169","TIC 120689253",3.25061900000,,2.1350000,4997.00,4.582000,0.763000,,"Transit","Kepler",1
"TOI-1410.01","TOI-1410","TIC 199444169",1.21687000000,,1.1120799,4635.00,4.579000,0.755800,0.794100,"Transit","Transiting Exoplanet Survey Satellite (TESS)",1
"TOI-5238 b","TOI-5238","TIC 219016883",4.87217100000,,,5631.00,4.418460,1.022830,1.000000,"Transit","Transiting Exoplanet Survey Satellite (TESS)",1
"K2-35 c","K2-35","TIC 363478257",5.60835200000,,,4402.71,,0.619575,0.701968,"Transit","K2",1
"Kepler-16 b","Kepler-16","TIC 299096355",228.77600000000,,,4450.00,4.652700,0.648900,0.689700,"Transit","Kepler",1
"Kepler-817 b","Kepler-817","TIC 184299435",3.99010622900,,2.4269000,5861.00,4.420000,1.030000,1.030000,"Transit","Kepler",1
"K2-384 d","K2-384","TIC 399702475",6.67958200000,,,3623.00,4.874000,0.348000,0.330000,"Transit","K2",1
"HIP 67851 c","HIP 67851","TIC 111947706",3128.41000000000,,,4840.00,3.110000,5.450000,1.280000,"Radial Velocity","Multiple Observatories",1
"TIC 249022743 b","TIC 249022743","TIC 249022743",2.25719681538,,2.9281998,5567.58,4.254700,1.208400,,"Transit","Transiting Exoplanet Survey Satellite (TESS)",1
"TOI-564 b","TOI-564","TIC 1003831",1.65114400000,0.92000000,1.0272000,5640.00,4.364000,1.088000,0.998000,"Transit","Transiting Exoplanet Survey Satellite (TESS)",1
"Kepler-194 c","Kepler-194","TIC 63070427",17.30803200000,,4.9610000,6089.00,4.415000,1.025000,,"Transit","Kepler",1
"Kepler-1301 b","Kepler-1301","TIC 158278132",9.08237046000,,2.0250000,5188.00,4.560000,0.810000,0.850000,"Transit","Kepler",1
"HD 23472 d","HD 23472","TIC 425997655",3.97664000000,,1.9900000,4684.00,4.530000,0.710000,0.670000,"Transit","Transiting Exoplanet Survey Satellite (TESS)",1
"HATS-40 b","HATS-40","TIC 172598832",3.26427360000,,5.3304000,6460.00,3.921000,2.260000,1.561000,"Transit","HATSouth",1
"rho CrB e","rho CrB","TIC 458494003",12.90400000000,,,,,,1.000000,"Radial Velocity","Lowell Observatory",1
"HD 109988 b","HD 109988","TIC 389315309",17132.15854000000,,,,,,0.880000,"Radial Velocity","Multiple Observatories",1
"DMPP-1 c","DMPP-1","TIC 66560666",10.03000000000,,,,,,1.210000,"Radial Velocity","La Silla Observatory",1
"Kepler-1037 b","Kepler-1037","TIC 272282253",1.06378867300,,1.0764000,5105.00,4.570000,0.780000,0.820000,"Transit","Kepler",1
"Kepler-851 b","Kepler-851","TIC 27235573",8.50699658000,,3.0260000,5455.00,4.530000,0.850000,0.890000,"Transit","Kepler",1
"Kepler-1889 b","Kepler-1889","TIC 169178161",37.30369949000,,,5646.00,4.550000,0.817000,0.864000,"Transit","Kepler",1
"K2-148 c","K2-148","TIC 423358488",6.92260000000,,,4079.00,4.653000,0.632000,0.650000,"Transit","K2",1
"EPIC 201754305 d","K2-16","TIC 281886199",2.71578000000,,,,,,0.670000,"Transit","K2",1
"TIC 87422071 b","TIC 87422071","TIC 87422071",11.36492900000,0.44700000,3.6000000,6150.00,4.183000,1.489000,1.239000,"Transit","Transiting Exoplanet Survey Satellite (TESS)",1
"HD 22946 d","HD 22946","TIC 100990000",47.42489000000,,6.4820000,6169.00,4.470000,1.117000,1.098000,"Transit","Transiting Exoplanet Survey Satellite (TESS)",1
"Kepler-248 c","Kepler-248","TIC 275493574",16.23949400000,,4.0300000,5190.00,4.573000,0.831000,,"Transit","Kepler",1
"HIP 111909 c","HIP 111909","TIC 161173454",893.63000000000,,,4891.00,3.090000,4.530000,1.280000,"Radial Velocity","Multiple Observatories",1
"HD 77338 b","HD 77338","TIC 37533318",5.73610000000,,,5341.00,4.600000,0.970000,1.370000,"Radial Velocity","La Silla Observatory",1
"Kepler-1030 b","Kepler-1030","TIC 270617362",19.32952416000,,3.7701000,4983.00,4.590000,0.760000,0.800000,"Transit","Kepler",1
"TOI-2010 b","TOI-2010","TIC 26547036",141.83402500000,1.16000000,8.6810000,5929.00,4.417000,1.079000,1.112000,"Transit","Transiting Exoplanet Survey Satellite (TESS)",1
"K2-36 c","K2-36","TIC 363445121",5.34088800000,,,4916.00,,0.718000,0.790000,"Transit","K2",1
"Kepler-1608 b","Kepler-1608","TIC 184088195",16.47356860000,,4.2310000,4992.00,4.610000,0.720000,0.750000,"Transit","Kepler",1
"Kepler-208 c","Kepler-208","TIC 270781284",7.46662300000,,3.8820000,6092.00,4.265000,1.314000,,"Transit","Kepler",1
"Kepler-215 d","Kepler-215","TIC 271352188",30.86442300000,,2.7190000,5739.00,4.364000,1.027000,,"Transit","Kepler",1
"HD 108874 c","HD 108874","TIC 371621238",1624.00000000000,,,5551.00,,,0.950000,"Radial Velocity","W. M. Keck Observatory",1
"Kepler-1003 b","Kepler-1003","TIC 63074840",3.55485691500,,2.1026000,6109.00,4.350000,1.170000,1.110000,"Transit","Kepler",1
"HAT-P-8 b","HAT-P-8","TIC 188876052",3.07634000000,0.83000000,,6200.00,4.150000,1.570000,1.270000,"Transit","HATNet",1
"Kepler-56 b","Kepler-56","TIC 138430034",10.50160000000,,,4840.00,3.310000,4.230000,1.320000,"Transit","Kepler",1
"Kepler-413 b","Kepler-413","TIC 298969838",66.26200000000,,,4700.00,4.572100,0.776100,0.820000,"Transit","Kepler",1
"HD 136418 b","HD 136418","TIC 1101862696",464.29999000000,,,4989.00,3.450000,3.780000,1.480000,"Radial Velocity","W. M. Keck Observatory",1
"Kepler-59 b","Kepler-59","TIC 158393923",11.86817070000,,5.9770000,6074.00,4.510000,0.940000,1.040000,"Transit","Kepler",1
"K2-122 b","K2-122","TIC 14635562",2.21930230000,,,4009.00,4.690000,0.590000,0.630000,"Transit","K2",1
"Kepler-1862 b","Kepler-1862","TIC 27913951",16.05730057000,,,5644.00,4.575000,0.806000,0.900000,"Transit","Kepler",1
"Kepler-315 c","Kepler-315","TIC 273694712",265.46933500000,,10.1840000,5796.00,4.377000,1.037000,,"Transit","Kepler",1
"HD 156279 b","HD 156279","TIC 232606278",133.40355000000,,,,,,0.940000,"Radial Velocity","Haute-Provence Observatory",1
"TOI-5344 b","TOI-5344","TIC 16005254",3.79262200000,,1.7730000,3747.00,4.686000,0.588000,0.612000,"Transit","Transiting Exoplanet Survey Satellite (TESS)",1
"Kepler-322 b","Kepler-322","TIC 123313142",1.65388800000,,1.6720000,5388.00,4.501000,0.890000,,"Transit","Kepler",1
"Kepler-961 b","Kepler-961","TIC 351803452",16.87727414000,,3.7835000,5582.00,4.510000,0.900000,0.960000,"Transit","Kepler",1
"Kepler-404 c","Kepler-404","TIC 158268972",14.75116600000,,1.1660000,5654.00,4.543000,0.884000,,"Transit","Kepler",1
"HD 64114 b","HD 64114","TIC 36021583",45.79100000000,,,5676.00,,,0.950000,"Radial Velocity","Las Campanas Observatory",1
"HD 40307 d","HD 40307","TIC 374859347",20.43200000000,,,4956.00,4.470000,,0.770000,"Radial Velocity","La Silla Observatory",1
"HD 40979 b","HD 40979","TIC 440489582",264.14999000000,,,6165.00,4.430000,1.210000,1.450000,"Radial Velocity","Multiple Observatories",1
"HD 44219 b","HD 44219","TIC 443055162",472.00000000000,,,,,,1.200000,"Radial Velocity","La Silla Observatory",1
"HD 45184 b","HD 45184","TIC 49831913",5.88540000000,,,5869.00,4.470000,,1.030000,"Radial Velocity","La Silla Observatory",1
"7 CMa b","7 CMa","TIC 48237215",735.10000000000,,,4826.00,3.190000,4.870000,1.340000,"Radial Velocity","Anglo-Australian Telescope",1
"HD 62509 b","HD 62509","TIC 423088367",589.64000000000,,,4892.63,,,,"Radial Velocity","Multiple Observatories",1
"bet Cnc b","bet Cnc","TIC 458582777",605.20000000000,,,4092.10,1.400000,47.200000,1.700000,"Radial Velocity","Bohyunsan Optical Astronomical Observatory",1
"TOI-5624 f","TOI-5624","TIC 53498154",45.37000000000,,,5327.00,4.490000,0.820000,0.858000,"Transit Timing Variations","Multiple Observatories",1
"Kepler-432 c","Kepler-432","TIC 26817004",406.20000000000,,,4995.00,3.345000,4.060000,1.320000,"Radial Velocity","Fred Lawrence Whipple Observatory",1
"WASP-145 A b","WASP-145 A","TIC 381856447",1.76903810000,1.16000000,0.9768000,4900.00,4.650000,0.680000,0.760000,"Transit","SuperWASP-South",1
"NGTS-25 b","NGTS-25","TIC 290742484",2.82309300000,,2.4660000,5321.00,4.480000,0.860000,0.910000,"Transit","Next-Generation Transit Survey (NGTS)",1
"Kepler-713 b","Kepler-713","TIC 271762145",7.41114100000,,2.4852000,5785.00,4.440000,0.990000,0.980000,"Transit","Kepler",1
"Kepler-1056 b","Kepler-1056","TIC 268935452",27.49560600000,,5.0240000,6127.00,4.330000,1.200000,1.120000,"Transit","Kepler",1
"TOI-1470 c","TOI-1470","TIC 284441182",18.08816000000,0.23150000,2.7000000,3709.00,4.770000,0.469000,0.471000,"Transit","Transiting Exoplanet Survey Satellite (TESS)",1
"Kepler-987 b","Kepler-987","TIC 159050004",105.30331480000,,6.1200000,5637.00,4.510000,0.910000,0.970000,"Transit","Kepler",1
"Kepler-1715 b","Kepler-1715","TIC 138431008",35.59730148000,,,6212.00,4.309000,1.209000,1.082000,"Transit","Kepler",1
"Kepler-1683 b","Kepler-1683","TIC 274126997",15.03370000000,,,5429.00,4.506990,0.900327,0.950000,"Transit","Kepler",1
"GJ 581 b","GJ 581","TIC 36853511",5.36860000000,,,3500.00,4.970000,0.302000,0.295000,"Radial Velocity","La Silla Observatory",1
"TOI-5786 b","TOI-5786","TIC 40292751",12.77910700000,,4.6000000,6235.00,4.260000,1.360000,1.230000,"Transit","Transiting Exoplanet Survey Satellite (TESS)",1
"GJ 832 b","GJ 832","TIC 139754153",3853.00000000000,,,,,,0.450000,"Radial Velocity","Anglo-Australian Telescope",1
"K2-286 b","K2-286","TIC 297373047",27.35900000000,0.11200000,3.0000000,3926.00,4.700000,0.620000,0.640000,"Transit","K2",1
"K2-121 b","K2-121","TIC 7059054",5.18573800000,,,4526.00,4.630000,0.675000,0.710000,"Transit","K2",1
"TOI-5108 b","TOI-5108","TIC 350348197",6.75358100000,,2.2000000,5808.00,4.260000,1.290000,1.100000,"Transit","Transiting Exoplanet Survey Satellite (TESS)",1
"K2-62 c","K2-62","TIC 434094657",16.19697000000,,,4455.00,4.570000,0.696000,0.670000,"Transit","K2",1
"HD 108236 f","HD 108236","TIC 260647166",29.54115000000,0.04450000,3.2700000,5660.00,4.490000,0.877000,0.869000,"Transit","CHaracterising ExOPlanets Satellite (CHEOPS)",1
"HD 155193 b","HD 155193","TIC 447842929",352.65000000000,,,6239.00,4.260000,,1.221000,"Radial Velocity","Haute-Provence Observatory",1
"TOI-4029 b","TOI-4029","TIC 393633044",5.88498234631,,3.9572737,5662.53,4.272200,1.178340,,"Transit","Transiting Exoplanet Survey Satellite (TESS)",1
"Kepler-1783 b","Kepler-1783","TIC 168811794",8.27744007100,,,5129.00,3.884000,1.781000,0.887000,"Transit","Kepler",1
"K2-379 b","K2-379","TIC 90090343",8.77724700000,,,4603.00,4.615000,0.751000,0.856000,"Transit","K2",1
"Kepler-1956 b","Kepler-1956","TIC 27233725",5.94371986400,,,4391.00,4.598000,0.682000,0.671000,"Transit","Kepler",1
"Kepler-1885 b","Kepler-1885","TIC 158839043",2.52255988100,,,5591.00,4.559000,0.860000,0.977000,"Transit","Kepler",1
"Kepler-1016 b","Kepler-1016","TIC 271164596",1.95452434200,,2.0960000,5821.00,4.440000,1.000000,0.990000,"Transit","Kepler",1
"GJ 3323 c","GJ 3323","TIC 43605290",40.54000000000,,,3159.00,,0.119000,0.164000,"Radial Velocity","La Silla Observatory",1
"K2-38 c","K2-38","TIC 12666215",10.56103000000,,,5731.00,4.380000,1.060000,1.030000,"Transit","K2",1
"Kepler-231 b","Kepler-231","TIC 27006192",10.06527500000,,1.4400000,3767.00,4.779000,0.490000,,"Transit","Kepler",1
"Kepler-221 e","Kepler-221","TIC 272601375",18.36991700000,,2.2450000,5243.00,4.543000,0.821000,,"Transit","Kepler",1
"Kepler-1765 b","Kepler-1765","TIC 273773509",10.41889954000,,,5692.00,4.360000,1.064000,0.946000,"Transit","Kepler",1
"Kepler-1019 b","Kepler-1019","TIC 164556761",1.41122984700,,1.3912000,4433.00,4.640000,0.670000,0.700000,"Transit","Kepler",1
"Kepler-1692 b","Kepler-1692","TIC 158324044",5.95966000000,,,5146.00,4.502410,0.866139,0.870000,"Transit","Kepler",1
"Kepler-1341 b","Kepler-1341","TIC 123126460",132.99683220000,,7.4690000,4662.00,4.620000,0.720000,0.790000,"Transit","Kepler",1
"BD-11 4672 b","BD-11 4672","TIC 217831699",1634.00000000000,,,4550.00,4.642000,0.639000,0.651000,"Radial Velocity","La Silla Observatory",1
"HIP 99770 b","HIP 99770","TIC 10988057",,,,,,,1.900000,"Imaging","Multiple Observatories",1
"TOI-4552 b","TOI-4552","TIC 248250955",0.30110032000,0.12580000,,3258.00,4.940000,0.286900,0.261900,"Transit","Transiting Exoplanet Survey Satellite (TESS)",1
"Kepler-825 b","Kepler-825","TIC 378086008",3.77360059000,,2.6854000,5976.00,4.390000,1.080000,1.030000,"Transit","Kepler",1
"Kepler-362 b","Kepler-362","TIC 63069779",10.32718600000,,1.8030000,5788.00,4.639000,0.722000,,"Transit","Kepler",1
"K2-229 b","K2-229","TIC 98720809",0.58421600000,,,5315.00,4.600000,0.790000,,"Transit","K2",1
"TIC 154870955 b","TIC 154870955","TIC 154870955",7.96987471280,,2.5223426,4739.58,4.568000,0.724328,,"Transit","Transiting Exoplanet Survey Satellite (TESS)",1
"HD 20781 e","HD 20781","TIC 144503312",85.50730000000,,,5256.00,4.370000,,0.700000,"Radial Velocity","La Silla Observatory",1
"Kepler-937 c","Kepler-937","TIC 270854155",153.34336400000,,10.7150000,6095.00,4.320000,1.220000,1.150000,"Transit","Kepler",1
"Kepler-671 b","Kepler-671","TIC 27084006",4.28095858800,,2.8753000,5624.00,4.470000,0.950000,0.970000,"Transit","Kepler",1
"Kepler-398 c","Kepler-398","TIC 137155210",11.41941200000,,3.3420000,4493.00,4.689000,0.613000,,"Transit","Kepler",1
"HD 75784 c","HD 75784","TIC 46310554",7900.00000000000,,,4867.00,3.460000,3.400000,1.260000,"Radial Velocity","W. M. Keck Observatory",1
"Kepler-751 b","Kepler-751","TIC 271259677",17.44490636000,,4.0988000,5387.00,4.540000,0.840000,0.870000,"Transit","Kepler",1
"Kepler-1252 b","Kepler-1252","TIC 268387099",15.05403290000,,4.2750000,5949.00,4.380000,1.090000,1.060000,"Transit","Kepler",1
"Kepler-61 b","Kepler-61","TIC 271537530",59.87756000000,,4.8450000,4017.00,,0.620000,0.635000,"Transit","Kepler",1
"HD 25463 c","HD 25463","TIC 407966340",3.04405000000,,1.3514496,6353.00,4.227000,1.418200,1.251000,"Transit","Transiting Exoplanet Survey Satellite (TESS)",1
"K2-196 b","K2-196","TIC 178954837",48.32422200000,,,6045.00,4.080000,1.538801,1.162095,"Transit","K2",1
"HD 25723 b","HD 25723","TIC 136888305",457.01000000000,,,4766.00,2.500000,13.760000,2.120000,"Radial Velocity","Lick Observatory",1
"WASP-180 A b","WASP-180 A","TIC 178367144",3.40926400000,1.23000000,3.1176000,6600.00,4.420000,1.190000,1.300000,"Transit","SuperWASP",1
"Kepler-430 c","Kepler-430","TIC 26748113",110.97900000000,,,5884.00,4.150000,1.485000,1.166000,"Transit","Kepler",1
"K2-114 b","K2-114","TIC 366576758",11.39093100000,1.36100000,3.9696000,4899.00,4.534000,0.832000,0.863000,"Transit","K2",1
"Kepler-1388 d","Kepler-1388","TIC 164524311",20.95681580000,,3.5580000,4098.00,4.670000,0.610000,0.630000,"Transit","Kepler",1
"HD 219666 b","HD 219666","TIC 266980320",6.03446800000,,,5540.00,,1.059000,1.020000,"Transit","Transiting Exoplanet Survey Satellite (TESS)",1
"Kepler-1465 b","Kepler-1465","TIC 416279965",31.82771110000,,1.5840000,4726.00,4.620000,0.710000,0.750000,"Transit","Kepler",1
"2MASS J01225093-2439505 b","2MASS J01225093-2439505","TIC 11614485",,,,3530.00,,,0.400000,"Imaging","W. M. Keck Observatory",1
"HD 6434 b","HD 6434","TIC 180871947",21.99800000000,,,5769.00,4.380000,1.120000,1.100000,"Radial Velocity","La Silla Observatory",1
"Kepler-617 b","Kepler-617","TIC 164557035",1.68269614800,,1.3800000,3712.00,4.770000,0.480000,0.510000,"Transit","Kepler",1
"HD 83443 c","HD 83443","TIC 32820141",8241.00000000000,,,5442.00,4.390000,0.940000,1.000000,"Radial Velocity","Multiple Observatories",1
"WASP-83 b","WASP-83","TIC 286865921",4.97125200000,1.04000000,3.3648000,5510.00,4.440000,1.050000,1.110000,"Transit","SuperWASP",1
"Kepler-980 b","Kepler-980","TIC 271162671",11.55102504000,,3.7140000,5935.00,4.410000,1.060000,1.050000,"Transit","Kepler",1
"K2-72 d","K2-72","TIC 38337202",7.76017800000,,,3360.47,,0.330989,0.271365,"Transit","K2",1
"K2-414 c","K2-414","TIC 301288279",6.66900000000,,,4343.00,4.621000,0.732000,0.814000,"Transit","K2",1
"TOI-3364 b","TOI-3364","TIC 280655495",5.87689180000,0.62400000,4.6460000,5706.00,4.209000,1.419000,1.186000,"Transit","Transiting Exoplanet Survey Satellite (TESS)",1
"Kepler-570 b","Kepler-570","TIC 407001624",4.30166200300,,2.0699000,5496.00,4.500000,0.900000,0.930000,"Transit","Kepler",1
"TOI-480 b","TOI-480","TIC 317548889",6.86619600000,,3.5709418,6174.00,4.194000,1.487700,1.279300,"Transit","Transiting Exoplanet Survey Satellite (TESS)",1
"Kepler-1601 b","Kepler-1601","TIC 120571308",2.20921951000,,2.7300000,5869.00,4.400000,1.070000,1.040000,"Transit","Kepler",1
"Kepler-1881 b","Kepler-1881","TIC 270615772",159.39399720000,,,5135.00,4.464000,0.874000,0.812000,"Transit","Kepler",1
"K2-374 b","K2-374","TIC 321285788",4.52195300000,,,5789.00,4.386000,0.907000,0.731000,"Transit","K2",1
"HD 24085 b","HD 24085","TIC 32001057",2.04550000000,,,6034.00,,,1.220000,"Radial Velocity","Las Campanas Observatory",1
"TOI-2818 b","TOI-2818","TIC 151483286",4.03970900000,1.30000000,3.8040000,5721.00,4.250000,1.229000,0.977000,"Transit","Transiting Exoplanet Survey Satellite (TESS)",1
"Kepler-1162 b","Kepler-1162","TIC 164522726",32.56370690000,,5.5480000,5390.00,4.540000,0.840000,0.890000,"Transit","Kepler",1
"TIC 67686059 b","TIC 67686059","TIC 67686059",3.52163529551,,1.7374808,5090.09,4.553500,0.820458,,"Transit","Transiting Exoplanet Survey Satellite (TESS)",1
"Kepler-155 c","Kepler-155","TIC 298969755",52.66179300000,,3.1880000,4508.00,4.684000,0.620000,,"Transit","Kepler",1
"TOI-201 b","TOI-201","TIC 350618622",52.97860000000,,,6423.00,,1.310000,1.320000,"Transit","Transiting Exoplanet Survey Satellite (TESS)",1
"K2-86 b","K2-86","TIC 25958378",8.77683000000,,2.7500000,5482.00,4.579000,0.760000,0.790000,"Transit","K2",1
"HD 116029 c","HD 116029","TIC 305837711",907.00000000000,,,,,,1.330000,"Radial Velocity","W. M. Keck Observatory",1
"Kepler-907 b","Kepler-907","TIC 120576846",15.86621821000,,4.1503000,6106.00,4.190000,1.380000,1.080000,"Transit","Kepler",1
"HD 181342 b","HD 181342","TIC 12192000",564.10000000000,,,4945.00,3.280000,4.710000,1.690000,"Radial Velocity","W. M. Keck Observatory",1
"Kepler-20 e","Kepler-20","TIC 158554588",6.09848820000,,,5495.00,,0.916400,0.929000,"Transit","Kepler",1
"Kepler-28 b","Kepler-28","TIC 63122956",5.91000000000,,,4499.30,,0.664000,0.684000,"Transit","Kepler",1
"Kepler-1894 b","Kepler-1894","TIC 27531854",2.76266002700,,,5772.00,4.528000,0.901000,0.999000,"Transit","Kepler",1
"Kepler-265 b","Kepler-265","TIC 122445076",6.84626200000,,3.5900000,5835.00,4.326000,1.103000,,"Transit","Kepler",1
"Kepler-253 b","Kepler-253","TIC 63065911",3.78398600000,,1.9320000,5208.00,4.595000,0.786000,,"Transit","Kepler",1
"EPIC 201238110 b","EPIC 201238110","TIC 35019000",28.16560000000,,,,,,0.410000,"Transit","K2",1
"TOI-216.01","TOI-216","TIC 55652896",34.52552800000,1.83100000,,,,0.748000,0.770000,"Transit","Transiting Exoplanet Survey Satellite (TESS)",1
"GJ 328 b","GJ 328","TIC 265373654",3771.00000000000,,,3897.00,4.640000,0.630000,0.650000,"Radial Velocity","McDonald Observatory",1
"HIP 48714 b","HIP 48714","TIC 287165117",17.81800000000,,,,,,0.580000,"Radial Velocity","Multiple Observatories",1
"HD 5583 b","HD 5583","TIC 53848538",139.35000000000,,,4830.00,2.530000,9.090000,1.010000,"Radial Velocity","Roque de los Muchachos Observatory",1
"HAT-P-51 b","HAT-P-51","TIC 61205803",4.21802091000,,,5453.00,4.425600,0.995000,0.961000,"Transit","HATNet",1
"TOI-5882 b","TOI-5882","TIC 232941965",7.14897200000,,7.1260000,5920.00,3.856000,2.260000,1.334000,"Transit","Transiting Exoplanet Survey Satellite (TESS)",1
"Kepler-780 b","Kepler-780","TIC 123362050",0.67737516400,,1.8243000,5769.00,4.420000,1.020000,1.010000,"Transit","Kepler",1
"Kepler-927 b","Kepler-927","TIC 122066280",9.11499030000,,4.4852000,5743.00,4.450000,0.990000,0.990000,"Transit","Kepler",1
"Kepler-391 b","Kepler-391","TIC 290032428",7.41750000000,,,5038.00,3.620000,2.879000,1.270000,"Transit","Kepler",1
"TOI-521 b","TOI-521","TIC 27649847",1.54285047000,,1.1800000,3544.00,4.970000,0.421000,0.420000,"Transit","Transiting Exoplanet Survey Satellite (TESS)",1
"Kepler-63 b","Kepler-63","TIC 299158887",9.43415050000,,2.9030000,5576.00,4.520000,0.901000,0.984000,"Transit","Kepler",1
"BD+20 274 b","BD+20 274","TIC 60923874",578.20000000000,,,4296.00,1.990000,17.300000,0.800000,"Radial Velocity","McDonald Observatory",1
"Kepler-1792 b","Kepler-1792","TIC 138805992",4.19577980000,,,5229.00,4.378000,1.005000,0.878000,"Transit","Kepler",1
"HIP 71135 b","HIP 71135","TIC 457695809",87.19000000000,,,4146.00,,,0.660000,"Radial Velocity","Las Campanas Observatory",1
"Kepler-885 b","Kepler-885","TIC 299030528",18.11472949000,,5.2269000,6187.00,4.260000,1.350000,1.210000,"Transit","Kepler",1
"Kepler-378 c","Kepler-378","TIC 271354634",28.90600900000,,3.0430000,4661.00,4.647000,0.671000,,"Transit","Kepler",1
"Kepler-1289 b","Kepler-1289","TIC 184428068",7.99019627000,,3.2740000,6080.00,4.350000,1.170000,1.100000,"Transit","Kepler",1
"Kepler-720 b","Kepler-720","TIC 268159158",4.70832654200,,3.1745500,5618.00,4.490000,0.920000,0.950000,"Transit","Kepler",1
"HD 175167 b","HD 175167","TIC 467966544",1175.00000000000,,,,,,1.090000,"Radial Velocity","Las Campanas Observatory",1
"HD 110082 b","HD 110082","TIC 383390264",10.18271000000,,2.9100000,6200.00,4.200000,1.190000,1.210000,"Transit","Transiting Exoplanet Survey Satellite (TESS)",1
"HD 113996 b","HD 113996","TIC 328997091",610.20000000000,,,4181.00,1.860000,25.110000,1.490000,"Radial Velocity","Bohyunsan Optical Astronomical Observatory",1
"HD 87646 b","HD 87646","TIC 27064335",13.48100000000,,,5770.00,4.100000,1.550000,1.120000,"Radial Velocity","Apache Point Observatory",1
"HD 90156 b","HD 90156","TIC 193032655",49.77000000000,,,5599.00,4.480000,,0.840000,"Radial Velocity","La Silla Observatory",1
"HD 95089 b","HD 95089","TIC 345078350",464.40000000000,,,4918.00,3.240000,5.080000,1.540000,"Radial Velocity","W. M. Keck Observatory",1
"HD 102329 b","HD 102329","TIC 325254372",778.09998000000,,,4745.00,2.960000,9.820000,3.210000,"Radial Velocity","W. M. Keck Observatory",1
"HD 103949 b","HD 103949","TIC 428657118",120.87800000000,,,4792.00,,,0.770000,"Radial Velocity","Las Campanas Observatory",1
"HIP 65426 b","HIP 65426","TIC 438702139",,,,8840.00,,1.770000,1.960000,"Imaging","Paranal Observatory",1
"tau Boo b","tau Boo","TIC 72506701",3.31245680000,,,6466.27,4.250470,1.425880,1.320000,"Radial Velocity","Lick Observatory",1
"HD 128311 b","HD 128311","TIC 349606708",453.01900000000,,,,4.610000,0.760000,0.828000,"Radial Velocity","W. M. Keck Observatory",1
"HD 28109 d","HD 28109","TIC 29781292",84.28990000000,0.04070000,10.3200000,6189.00,4.250000,1.425000,1.227000,"Transit","Transiting Exoplanet Survey Satellite (TESS)",1
"HD 109833 c","HD 109833","TIC 360630575",13.90014800000,,,5881.00,4.450000,1.000000,1.080000,"Transit","Transiting Exoplanet Survey Satellite (TESS)",1
"Kepler-302 c","Kepler-302","TIC 270951852",127.28218400000,,7.1600000,5740.00,4.286000,1.220000,,"Transit","Kepler",1
"HD 191939 b","HD 191939","TIC 269701147",8.88032560000,,2.9390000,5348.00,4.300000,0.940000,0.810000,"Transit","Transiting Exoplanet Survey Satellite (TESS)",1
"K2-55 b","K2-55","TIC 437704321",2.84927100000,,,4300.00,4.566000,0.715000,0.688000,"Transit","K2",1
"HD 47536 b","HD 47536","TIC 52172862",712.13000000000,,,4380.00,,23.470000,2.100000,"Radial Velocity","La Silla Observatory",1
"BD-17 63 b","BD-17 63","TIC 75377076",655.57000000000,,,,,,0.741000,"Radial Velocity","La Silla Observatory",1
"Kepler-235 d","Kepler-235","TIC 120765183",20.06054800000,,3.3120000,4255.00,4.730000,0.554000,,"Transit","Kepler",1
"HD 169830 c","HD 169830","TIC 53134037",1818.82339000000,,,,,,1.170000,"Radial Velocity","La Silla Observatory",1
"Kepler-1085 b","Kepler-1085","TIC 158487108",219.32175280000,,12.3580000,6000.00,4.370000,1.140000,1.110000,"Transit","Kepler",1
"Kepler-1680 b","Kepler-1680","TIC 169079027",8.77424000000,,,5021.00,4.640650,0.723259,0.834000,"Transit","Kepler",1
"Kepler-963 c","Kepler-963","TIC 272605867",0.91978300000,,1.4000000,5169.47,,0.928000,0.821000,"Transit","Kepler",1
"Kepler-208 d","Kepler-208","TIC 270781284",11.13178600000,,4.1180000,6092.00,4.265000,1.314000,,"Transit","Kepler",1
"Kepler-108 c","Kepler-108","TIC 271164755",190.32349400000,,15.7000000,5854.00,3.895000,2.192000,,"Transit","Kepler",1
"Kepler-1823 b","Kepler-1823","TIC 164559875",21.10339928000,,,6000.00,4.363000,1.126000,1.068000,"Transit","Kepler",1
"Kepler-1979 b","Kepler-1979","TIC 122142813",18.50845260000,0.07589000,6.5960000,5942.00,4.506000,0.938000,1.028000,"Transit","Kepler",1
"Kepler-1409 b","Kepler-1409","TIC 267745858",0.76486492600,,1.1779000,5160.00,4.570000,0.790000,0.830000,"Transit","Kepler",1
"Kepler-1573 b","Kepler-1573","TIC 26752863",2.61575540000,,2.6390000,5808.00,4.440000,1.000000,1.010000,"Transit","Kepler",1
"TOI-1453 c","TOI-1453","TIC 198390247",6.58869820000,,1.8740000,4975.00,4.576000,0.720000,0.715000,"Transit","Transiting Exoplanet Survey Satellite (TESS)",1
"Kepler-769 b","Kepler-769","TIC 137815803",7.42608998000,,3.7017000,6186.00,4.300000,1.280000,1.190000,"Transit","Kepler",1
"K2-50 b","K2-50","TIC 363444743",8.75290000000,,2.6800000,4326.00,4.742000,0.546000,0.611000,"Transit","K2",1
"Kepler-1467 b","Kepler-1467","TIC 271427581",47.05690430000,,5.2722000,5332.00,4.550000,0.820000,0.860000,"Transit","Kepler",1
"Kepler-323 c","Kepler-323","TIC 137150039",3.55382290000,,,6004.00,,1.120000,1.015000,"Transit","Kepler",1
"Kepler-1142 b","Kepler-1142","TIC 63366291",18.30272480000,,8.1640000,5685.00,4.460000,0.960000,0.970000,"Transit","Kepler",1
"K2-417 b","K2-417","TIC 49592509",6.53500000000,,2.0700000,3861.00,4.670000,0.577600,0.569000,"Transit","K2",1
"2M0437 b","2MASS J04372171+2651014","TIC 125843782",,,,3100.00,4.500000,0.840000,0.170000,"Imaging","Subaru Telescope",1
"HD 89345 b","HD 89345","TIC 350020859",11.81430000000,0.15090000,5.7336000,5576.00,4.016000,1.747000,1.157000,"Transit","K2",1
"HD 110537 b","HD 110537","TIC 51739133",24469.67342000000,,,,,,1.020000,"Radial Velocity","Multiple Observatories",1
"Kepler-24 d","Kepler-24","TIC 122376177",4.24438400000,,2.9450000,5897.00,4.200000,1.289000,,"Transit","Kepler",1
"Kepler-306 b","Kepler-306","TIC 121660143",4.64618600000,,2.3160000,4954.00,4.611000,0.719000,,"Transit","Kepler",1
"EPIC 212737443 c","EPIC 212737443","TIC 670036",65.55000000000,0.11000000,4.6080000,4684.00,4.622000,0.673000,0.690000,"Transit","K2",1
"Kepler-316 b","Kepler-316","TIC 159522175",2.24050800000,,1.3900000,4204.00,4.743000,0.520000,,"Transit","Kepler",1
"Kepler-598 b","Kepler-598","TIC 137969066",3.70175428000,,2.6262000,5307.00,4.510000,0.860000,0.870000,"Transit","Kepler",1
"GJ 649 b","GJ 649","TIC 236743275",600.10000000000,,,3734.00,4.760000,0.500000,0.510000,"Radial Velocity","W. M. Keck Observatory",1
"K2-197 b","K2-197","TIC 179032688",8.35788100000,,,5667.00,4.500000,0.930000,1.000000,"Transit","K2",1
"HD 27631 b","HD 27631","TIC 7652514",2198.14000000000,,,5737.00,4.455000,0.923000,0.944000,"Radial Velocity","La Silla Observatory",1
"TOI-3682 b","TOI-3682","TIC 28961316",3.34624060000,0.45760000,4.1760000,5703.00,4.077000,1.735000,1.320000,"Transit","Transiting Exoplanet Survey Satellite (TESS)",1
"K2-15 b","K2-15","TIC 366696612",11.81040000000,0.12100000,,5131.00,,0.680000,0.720000,"Transit","K2",1
"HD 183579 b","HD 183579","TIC 320004517",17.47129100000,0.11060000,4.3060000,5784.00,4.450000,0.960000,0.996000,"Transit","Transiting Exoplanet Survey Satellite (TESS)",1
"WASP-60 b","WASP-60","TIC 288246496",4.30500000000,0.60000000,,5900.00,4.200000,1.170000,1.190000,"Transit","SuperWASP",1
"Kepler-1902 b","Kepler-1902","TIC 63370825",3.82222008700,,,3729.00,4.733000,0.514000,0.520000,"Transit","Kepler",1
"Kepler-1957 b","Kepler-1957","TIC 26961214",2.18661999700,,,4904.00,4.535000,0.772000,0.745000,"Transit","Kepler",1
"Kepler-301 b","Kepler-301","TIC 48419097",2.50855300000,,2.2940000,5815.00,4.525000,0.900000,,"Transit","Kepler",1
"TIC 18942729 b","TIC 18942729","TIC 18942729",0.99817838064,,1.1440808,4360.11,4.553600,0.825257,,"Transit","Transiting Exoplanet Survey Satellite (TESS)",1
"TOI-1937 A b","TOI-1937 A","TIC 268301217",0.94667944000,1.41000000,1.3770000,5814.00,4.401000,1.080000,1.072000,"Transit","Transiting Exoplanet Survey Satellite (TESS)",1
"KIC 7917485 b","KIC 7917485","TIC 268924604",840.00000000000,,,7067.00,4.000000,,1.630000,"Pulsation Timing Variations","Kepler",1
"Kepler-160 d","Kepler-160","TIC 158555483",30.00000000000,,,5471.00,,1.118000,,"Transit Timing Variations","Kepler",1
"KOI-1843.03","Kepler-974","TIC 120418600",0.17689130000,0.01500000,0.6500000,3584.00,4.800000,0.450000,0.460000,"Transit","Kepler",1
"WASP-129 b","WASP-129","TIC 61538902",5.74814500000,,2.6856000,5900.00,4.530000,0.900000,1.000000,"Transit","SuperWASP-South",1
"Kepler-1380 b","Kepler-1380","TIC 158633475",10.31082450000,,5.6430000,5570.00,4.480000,0.940000,0.960000,"Transit","Kepler",1
"Kepler-1430 b","Kepler-1430","TIC 159105397",2.46050993000,,2.0030000,4796.00,4.620000,0.720000,0.770000,"Transit","Kepler",1
"HD 164922 c","HD 164922","TIC 159019691",75.74000000000,,,5390.00,4.460000,0.946000,0.926000,"Radial Velocity","Multiple Observatories",1
"K2-330 b","K2-330","TIC 366484980",13.77479800000,,4.5700000,6232.00,4.180000,1.500000,1.230000,"Transit","K2",1
"Kepler-251 e","Kepler-251","TIC 272489533",99.64016100000,,4.3600000,5526.00,4.486000,0.890000,,"Transit","Kepler",1
"Kepler-543 b","Kepler-543","TIC 121123361",13.89961966000,,3.5633000,4671.00,4.630000,0.670000,0.700000,"Transit","Kepler",1
"Kepler-1267 b","Kepler-1267","TIC 268604100",13.03139450000,,4.2520000,6096.00,4.330000,1.200000,1.150000,"Transit","Kepler",1
"K2-317 b","K2-317","TIC 70412892",6.22000000000,0.11900000,,3387.00,4.885000,0.379000,0.403000,"Transit","K2",1
"Kepler-116 c","Kepler-116","TIC 271260980",13.07163000000,,3.0240000,6142.00,4.196000,1.454000,,"Transit","Kepler",1
"HD 12235 c","HD 12235","TIC 422679659",36336.70679000000,,,,,,1.100000,"Radial Velocity","Multiple Observatories",1
"Kepler-4 b","Kepler-4","TIC 350814622",3.21346000000,0.08700000,,5857.00,4.170000,1.487000,1.223000,"Transit","Kepler",1
"HD 10180 d","HD 10180","TIC 231836962",16.35700000000,,,5911.00,4.390000,1.109000,1.060000,"Radial Velocity","La Silla Observatory",1
"HD 11964 b","HD 11964","TIC 24978373",1945.00000000000,,,5303.00,3.790840,2.009710,0.910000,"Radial Velocity","W. M. Keck Observatory",1
"CoRoT-7 c","CoRoT-7","TIC 280304863",3.69800000000,,,5256.00,4.518530,0.864273,0.899000,"Radial Velocity","CoRoT",1
"K2-74 b","K2-74","TIC 251018878",19.56660000000,,5.1200000,6060.00,4.444000,0.980000,0.960000,"Transit","K2",1
"Kepler-1674 b","Kepler-1674","TIC 271256817",62.56110000000,,,5473.91,4.534070,0.877273,0.960000,"Transit","Kepler",1
"GJ 2030 c","GJ 2030","TIC 9967949",25533.11353000000,,,,,,0.960000,"Radial Velocity","Multiple Observatories",1
"Kepler-97 b","Kepler-97","TIC 399951991",2.58664000000,,,5779.00,4.430000,0.980000,0.940000,"Transit","Kepler",1
"Kepler-457 d","KOI-7892","TIC 123449386",10.69060040000,,,6474.00,4.311000,1.242000,1.148000,"Transit","Kepler",1
"HD 73344 c","HD 73344","TIC 175193677",65.94000000000,,,6148.00,4.360000,1.220000,1.190000,"Radial Velocity","Multiple Observatories",1
"TOI-1683.01","TOI-1683","TIC 58542531",3.05753560000,,1.3180000,4402.00,4.590000,0.700000,0.694661,"Transit","Transiting Exoplanet Survey Satellite (TESS)",1
"K2-368 c","K2-368","TIC 38136597",9.66018600000,,,4663.00,4.667000,0.663000,0.746000,"Transit","K2",1
"NGTS-30 b","NGTS-30","TIC 322807371",98.29838000000,,6.1300000,5455.00,4.300000,0.913000,0.940000,"Transit","Transiting Exoplanet Survey Satellite (TESS)",1
"Kepler-219 d","Kepler-219","TIC 158838045",47.90364500000,,5.7190000,5786.00,4.157000,1.491000,,"Transit","Kepler",1
"Kepler-673 b","Kepler-673","TIC 417657148",3.72873109300,,2.6734000,5355.00,4.540000,0.840000,0.880000,"Transit","Kepler",1
"K2-158 b","K2-158","TIC 35021200",10.06049000000,0.07000000,3.8000000,5503.00,4.450000,0.950000,0.920000,"Transit","K2",1
"K2-276 b","K2-276","TIC 14570090",18.71826900000,,,5139.00,4.490000,0.850000,0.820000,"Transit","K2",1
"Kepler-1990 c","Kepler-1990","TIC 269119490",4.06844957000,0.00798000,2.8349000,5751.00,4.391000,1.071000,1.028000,"Transit","Kepler",1
"Kepler-680 b","Kepler-680","TIC 26473621",3.68992629100,,2.6286000,5890.00,4.380000,1.110000,1.080000,"Transit","Kepler",1
"Kepler-1293 b","Kepler-1293","TIC 267749620",5.57654784000,,3.7450000,6241.00,4.290000,1.280000,1.180000,"Transit","Kepler",1
"Kepler-571 b","Kepler-571","TIC 243271972",4.79859938800,,2.9979000,5527.00,4.510000,0.900000,0.930000,"Transit","Kepler",1
"TOI-2518 b","TOI-2518","TIC 96925186",6.89797425216,,3.6388174,5751.20,4.377400,0.993374,,"Transit","Transiting Exoplanet Survey Satellite (TESS)",1
"WISPIT 2 c","WISPIT 2","TIC 98898373",,,,4530.00,4.100000,1.300000,,"Imaging","Multiple Observatories",1
"K2-3 c","K2-3","TIC 173103335",24.64672900000,,,3844.00,4.704000,0.546000,0.549000,"Transit","K2",1
"Kepler-489 b","Kepler-489","TIC 122607554",17.27629611900,,3.9433200,5014.00,4.590000,0.760000,0.820000,"Transit","Kepler",1
"TYC 1422-614-1 c","TYC 1422-614-1","TIC 95361265",559.30000000000,,,4806.00,2.850000,6.850000,1.150000,"Radial Velocity","Multiple Observatories",1
"HD 1502 b","HD 1502","TIC 303193565",428.50000000000,,,4947.00,3.180000,4.670000,1.460000,"Radial Velocity","W. M. Keck Observatory",1
"HD 219134 b","HD 219134","TIC 283722336",3.09292600000,0.03580000,0.9450000,4699.00,4.567000,0.778000,0.810000,"Radial Velocity","Roque de los Muchachos Observatory",1
"Kepler-1872 b","Kepler-1872","TIC 123230993",3.82591009100,,,5223.00,4.505000,0.885000,0.913000,"Transit","Kepler",1
"TOI-4561 b","TOI-4561","TIC 33716474",8.93547936706,,2.1393243,5537.93,4.503200,0.851957,,"Transit","Transiting Exoplanet Survey Satellite (TESS)",1
"Kepler-1733 b","Kepler-1733","TIC 122781795",9.22957992600,,,6320.00,4.347000,1.252000,1.273000,"Transit","Kepler",1
"Kepler-1478 b","Kepler-1478","TIC 138097834",26.08405940000,,6.7250000,5904.00,4.410000,1.060000,1.040000,"Transit","Kepler",1
"TOI-892 b","TOI-892","TIC 66561343",10.62656000000,,,6261.00,4.260000,1.390000,1.280000,"Transit","Transiting Exoplanet Survey Satellite (TESS)",1
"Kepler-1534 b","Kepler-1534","TIC 63285279",5.71668872000,,1.9590000,5442.00,4.520000,0.860000,0.900000,"Transit","Kepler",1
"Kepler-1254 c","Kepler-1254","TIC 48506710",3.60084276000,,1.9810000,4985.00,4.590000,0.750000,0.780000,"Transit","Kepler",1
"Kepler-1277 b","Kepler-1277","TIC 138969285",40.83650120000,,4.9440000,5578.00,4.490000,0.920000,0.940000,"Transit","Kepler",1
"Kepler-334 c","Kepler-334","TIC 158394479",12.75800500000,,4.0880000,5828.00,4.385000,1.068000,,"Transit","Kepler",1
"KMT-2018-BLG-0247L b","KMT-2018-BLG-0247L",,,,,,,,0.290000,"Microlensing","KMTNet",1
"HD 4203 c","HD 4203","TIC 434225151",6700.00000000000,,,5582.00,4.082710,1.497950,0.990000,"Radial Velocity","W. M. Keck Observatory",1
"Kepler-394 d","Kepler-394","TIC 27777414",5.61358022700,,,6398.00,4.411000,1.101000,1.141000,"Transit","Kepler",1
"EPIC 220554210 c","K2-282","TIC 266030192",0.70531000000,,,5499.00,4.500000,1.000000,,"Transit","K2",1
"HD 62364 b","HD 62364","TIC 271972463",5138.00000000000,,,6255.00,4.140000,1.401000,1.157000,"Radial Velocity","Multiple Observatories",1
"HD 184010 d","HD 184010","TIC 113329742",836.40000000000,,,4971.00,3.180000,4.860000,1.350000,"Radial Velocity","Okayama Astrophysical Observatory",1
"HD 147513 b","HD 147513","TIC 350673608",528.40000000000,,,5883.00,4.510000,,1.110000,"Radial Velocity","La Silla Observatory",1
"HD 143105 b","HD 143105","TIC 272783172",2.19740000000,,,6380.00,4.370000,,1.510000,"Radial Velocity","Haute-Provence Observatory",1
"HD 136118 b","HD 136118","TIC 38991680",1187.59765000000,,,,,,1.180000,"Radial Velocity","Multiple Observatories",1
"HD 158259 c","HD 158259","TIC 188768068",3.43200000000,,,,,1.210000,1.080000,"Radial Velocity","Haute-Provence Observatory",1
"HD 158259 b","HD 158259","TIC 188768068",2.17800000000,,,,,1.210000,1.080000,"Radial Velocity","Haute-Provence Observatory",1
"HD 159868 c","HD 159868","TIC 248320609",351.00000000000,,,5534.00,3.920000,2.130000,1.190000,"Radial Velocity","Anglo-Australian Telescope",1
"HD 160691 b","HD 160691","TIC 362661163",645.00000000000,,,5773.00,4.200000,1.330000,1.130000,"Radial Velocity","Anglo-Australian Telescope",1
"HD 163607 b","HD 163607","TIC 232620788",75.22030000000,,,5522.00,3.970000,1.760000,1.120000,"Radial Velocity","W. M. Keck Observatory",1
"HD 168009 b","HD 168009","TIC 416117806",15.14790000000,,,5778.33,4.265027,1.209505,0.986073,"Radial Velocity","Multiple Observatories",1
"GJ 740 b","GJ 740","TIC 227642705",2.37756000000,,,3913.00,4.680000,0.560000,0.580000,"Radial Velocity","Multiple Observatories",1
"HD 190360 d","HD 190360","TIC 105999792",88.69000000000,,,5560.00,4.100000,,0.996000,"Radial Velocity","Multiple Facilities",1
"HD 189567 b","HD 189567","TIC 352402781",14.28800000000,,,5726.00,4.410000,,0.830000,"Radial Velocity","La Silla Observatory",1
"Kepler-1490 b","Kepler-1490","TIC 271959909",92.43629730000,,5.7090000,5515.00,4.520000,0.870000,0.900000,"Transit","Kepler",1
"K2-389 c","K2-389","TIC 9030096",20.85133700000,,,5782.00,4.273000,1.084000,0.802000,"Transit","K2",1
"Kepler-1245 b","Kepler-1245","TIC 159449041",4.35409304000,,2.3130000,5306.00,4.550000,0.830000,0.860000,"Transit","Kepler",1
"Kepler-1010 b","Kepler-1010","TIC 158989909",34.26857050000,,4.8184000,5253.00,4.550000,0.820000,0.860000,"Transit","Kepler",1
"K2-175 b","K2-175","TIC 435279748",9.52598800000,,,5909.00,4.110000,1.420038,1.094693,"Transit","K2",1
"TOI-813 b","TOI-813","TIC 55525572",83.89110000000,,,5907.00,3.860000,1.940000,1.320000,"Transit","Transiting Exoplanet Survey Satellite (TESS)",1
"GJ 1252 b","GJ 1252","TIC 370133522",0.51823310000,,,3458.00,,0.391000,0.381000,"Transit","Transiting Exoplanet Survey Satellite (TESS)",1
"Kepler-258 b","Kepler-258","TIC 270854411",13.19722000000,,3.4180000,4942.00,4.441000,0.915000,,"Transit","Kepler",1
"HD 94834 b","HD 94834","TIC 138764379",1576.00000000000,,,4798.00,3.220000,4.200000,1.110000,"Radial Velocity","W. M. Keck Observatory",1
"Kepler-480 b","Kepler-480","TIC 27187218",4.91958379500,,4.1876000,6322.00,4.280000,1.340000,1.250000,"Transit","Kepler",1
"HD 104067 b","HD 104067","TIC 428673146",55.85100000000,,,4952.00,4.560000,0.780000,0.820000,"Radial Velocity","La Silla Observatory",1
"Proxima Cen d","Proxima Cen","TIC 388857263",5.12338000000,,,2900.00,,0.141000,0.122100,"Radial Velocity","La Silla Observatory",1
"Kepler-351 d","Kepler-351","TIC 158218178",142.54424700000,,8.9490000,5225.00,4.580000,0.780000,0.810000,"Transit","Kepler",1
"Gliese 48 b","Gliese 48","TIC 379084450",39.62990000000,,,3450.00,,0.463000,0.470000,"Radial Velocity","Multiple Observatories",1
"Kepler-1810 b","Kepler-1810","TIC 351057636",101.13300320000,,,5492.00,4.389000,1.016000,0.921000,"Transit","Kepler",1
"Kepler-11 b","Kepler-11","TIC 169175503",10.30390000000,0.03013000,4.1160000,5663.00,4.366000,1.065000,0.961000,"Transit","Kepler",1
"Kepler-1207 b","Kepler-1207","TIC 27390527",13.68237119000,,4.1630000,5909.00,4.410000,1.060000,1.060000,"Transit","Kepler",1
"TOI-4940 b","TOI-4940","TIC 237929468",25.86781100000,,4.2910000,5504.00,4.232000,1.163000,1.012000,"Transit","Transiting Exoplanet Survey Satellite (TESS)",1
"EPIC 249893012 d","EPIC 249893012","TIC 432254760",35.74700000000,,9.5600000,5430.00,3.990000,1.710000,1.050000,"Transit","K2",1
"Kepler-339 c","Kepler-339","TIC 26817284",6.98805500000,,3.1500000,5631.00,4.586000,0.802000,,"Transit","Kepler",1
"SPECULOOS-3 b","SPECULOOS-3","TIC 230741378",0.71912603000,0.52910000,0.4560000,2800.00,5.265000,0.123000,0.100900,"Transit","SPECULOOS Southern Observatory",1
"G 261-6 b","G 261-6","TIC 420130591",5.45360000000,,,,,,0.118000,"Radial Velocity","Calar Alto Observatory",1
"Kepler-165 b","Kepler-165","TIC 123129877",8.18084800000,,2.8690000,5211.00,4.542000,0.770000,,"Transit","Kepler",1
"Kepler-421 b","Kepler-421","TIC 164522394",704.19840000000,,15.7900000,5308.00,4.610000,0.757000,0.794000,"Transit","Kepler",1
"HATS-15 b","HATS-15","TIC 271898990",1.74748753000,,2.2696800,5311.00,4.449000,0.922000,0.871000,"Transit","HATSouth",1
"HD 87883 b","HD 87883","TIC 407591082",3006.00000000000,,,,,,0.800000,"Radial Velocity","Lick Observatory",1
"WASP-33 b","WASP-33","TIC 129979528",1.21987000000,,2.8536000,7430.00,,1.444000,1.495000,"Transit","SuperWASP",1
"HD 10180 g","HD 10180","TIC 231836962",604.67000000000,,,5911.00,4.390000,1.109000,1.060000,"Radial Velocity","La Silla Observatory",1
"NGTS-1 b","NGTS-1","TIC 192826603",2.64729800000,,1.2300000,3916.00,4.710000,0.573000,0.617000,"Transit","Next-Generation Transit Survey (NGTS)",1
"Kepler-783 c","Kepler-783","TIC 159642390",7.05395000000,,,5411.49,4.530070,0.872088,0.940000,"Transit","Kepler",1
"TOI-1470 b","TOI-1470","TIC 284441182",2.52709300000,0.18140000,1.2800000,3709.00,4.770000,0.469000,0.471000,"Transit","Transiting Exoplanet Survey Satellite (TESS)",1
"K2-343 b","K2-343","TIC 197246627",2.78717400000,,1.4600000,3804.00,4.800000,0.460000,0.490000,"Transit","K2",1
"K2-80 d","K2-80","TIC 242961495",28.86725300000,,,5377.00,4.650000,0.841458,0.913111,"Transit","K2",1
"Kepler-763 c","Kepler-763","TIC 63130782",4.09667624000,0.03023000,2.1900000,4999.00,4.490000,0.843000,0.800000,"Transit","Kepler",1
"Kepler-649 b","Kepler-649","TIC 352012975",29.90722674000,,4.8120000,5871.00,4.480000,0.940000,0.970000,"Transit","Kepler",1
"Kepler-1264 b","Kepler-1264","TIC 159177065",0.96852602300,,1.2904000,5791.00,4.450000,0.980000,0.990000,"Transit","Kepler",1
"Kepler-374 b","Kepler-374","TIC 270863576",1.89780600000,,2.6410000,5977.00,4.479000,0.911000,,"Transit","Kepler",1
"Kepler-1825 b","Kepler-1825","TIC 63282889",1.02586996600,,,5123.00,4.501000,0.847000,0.828000,"Transit","Kepler",1
"HD 28109 c","HD 28109","TIC 29781292",55.99712000000,0.07150000,8.9570000,6189.00,4.250000,1.425000,1.227000,"Transit","Transiting Exoplanet Survey Satellite (TESS)",1
"TOI-1860 b","TOI-1860","TIC 202426247",1.06621070000,,,5752.00,4.580000,0.940000,0.990000,"Transit","Transiting Exoplanet Survey Satellite (TESS)",1
"Kepler-309 c","Kepler-309","TIC 273373488",105.35638300000,,3.6580000,4713.00,4.612000,0.721000,,"Transit","Kepler",1
"TOI-1011 b","TOI-1011","TIC 114018671",2.47049800000,,2.3016000,5475.00,4.500000,0.920000,0.910000,"Transit","Transiting Exoplanet Survey Satellite (TESS)",1
"NGTS-32 b","NGTS-32","TIC 309694541",3.31211000000,,,5680.00,4.090000,1.850000,1.070000,"Transit","Next-Generation Transit Survey (NGTS)",1
"K2-178 b","K2-178","TIC 26078330",8.74781800000,,,5525.00,4.550000,0.887267,0.951090,"Transit","K2",1
"Kepler-1232 b","Kepler-1232","TIC 351190880",26.78391830000,,4.5170000,5471.00,4.510000,0.890000,0.920000,"Transit","Kepler",1
"Kepler-124 b","Kepler-124","TIC 399860218",3.41049300000,,2.3890000,4984.00,4.669000,0.636000,,"Transit","Kepler",1
"HD 67087 b","HD 67087","TIC 165796397",352.20000000000,,,6330.00,4.190000,1.550000,1.360000,"Radial Velocity","Multiple Observatories",1
"Kepler-1269 b","Kepler-1269","TIC 158559018",37.33315360000,,7.2940000,5998.00,4.360000,1.150000,1.100000,"Transit","Kepler",1
"HD 37124 c","HD 37124","TIC 19631691",885.50000000000,,,,,,0.850000,"Radial Velocity","W. M. Keck Observatory",1
"HD 181720 b","HD 181720","TIC 112243062",956.00000000000,,,5736.00,4.090000,1.500000,1.030000,"Radial Velocity","La Silla Observatory",1
"Kepler-121 c","Kepler-121","TIC 120765800",41.00801100000,,3.9780000,5311.00,4.646000,0.701000,,"Transit","Kepler",1
"Kepler-285 c","Kepler-285","TIC 26416742",6.18667600000,,2.9080000,5411.00,4.584000,0.808000,,"Transit","Kepler",1
"Kepler-49 d","Kepler-49","TIC 137555411",2.57654900000,,1.5970000,4252.00,4.727000,0.559000,,"Transit","Kepler",1
"TOI-938 b","TOI-938","TIC 332660150",8.80733882211,,4.4337516,5829.42,4.386300,0.985134,,"Transit","Transiting Exoplanet Survey Satellite (TESS)",1
"HD 10647 b","HD 10647","TIC 229137615",989.20000000000,,,6218.00,4.620000,1.100000,1.110000,"Radial Velocity","W. M. Keck Observatory",1
"WASP-182 b","WASP-182","TIC 369455629",3.37698480000,0.42600000,2.5968000,5638.00,4.218000,1.340000,1.076000,"Transit","WASP-South",1
"HAT-P-47 b","HAT-P-47","TIC 73448352",4.73217441000,,,6703.00,,1.515000,1.387000,"Transit","Transiting Exoplanet Survey Satellite (TESS)",1
"WASP-183 b","WASP-183","TIC 14344979",4.11177710000,2.26000000,2.0160000,5313.00,4.452000,0.871000,0.784000,"Transit","SuperWASP",1
"HATS-59 c","HATS-59","TIC 437261733",1422.00000000000,,,5670.00,4.422000,1.036000,1.038000,"Radial Velocity","HATSouth",1
"Kepler-798 b","Kepler-798","TIC 63214717",13.71933369000,,5.5426000,6224.00,4.290000,1.290000,1.190000,"Transit","Kepler",1
"Kepler-1732 b","Kepler-1732","TIC 137547023",32.31240082000,,,5821.00,4.108000,1.494000,1.043000,"Transit","Kepler",1
"WASP-45 b","WASP-45","TIC 120610833",3.12608900000,1.29000000,1.6824000,5150.00,4.503000,0.855000,0.850000,"Transit","SuperWASP",1
"K2-407 c","K2-407","TIC 422685031",9.22453000000,,,5563.00,4.450000,0.927000,0.881000,"Transit","K2",1
"Kepler-868 b","Kepler-868","TIC 123447451",5.03251791000,,3.3066000,5614.00,4.510000,0.890000,0.930000,"Transit","Kepler",1
"K2-345 b","K2-345","TIC 238608004",10.36743700000,,2.0800000,3779.00,4.740000,0.520000,0.560000,"Transit","K2",1
"Kepler-1871 b","Kepler-1871","TIC 137634508",1.95270001900,,,5741.00,4.495000,0.946000,1.020000,"Transit","Kepler",1
"HD 115404 A b","HD 115404 A","TIC 373765355",10.49488000000,,,,,,0.830000,"Radial Velocity","Multiple Observatories",1
"HATS-8 b","HATS-8","TIC 96847781",3.58389300000,,3.0312000,5679.00,4.386000,1.086000,1.056000,"Transit","HATSouth",1
"Kepler-1105 b","Kepler-1105","TIC 123231917",4.42157218200,,2.0749000,4299.00,4.620000,0.680000,0.710000,"Transit","Kepler",1
"OGLE-TR-56 b","OGLE-TR-56","TIC 1425441246",1.21191890000,0.91680000,,6050.00,4.258000,1.363000,1.228000,"Transit","OGLE",1
"HD 8326 b","HD 8326","TIC 11613065",158.99100000000,,,4914.00,,,0.800000,"Radial Velocity","Las Campanas Observatory",1
"Qatar-6 b","Qatar-6","TIC 311133118",3.50619500000,,1.5888000,5052.00,4.636000,0.722000,0.822000,"Transit","Qatar",1
"Kepler-177 c","Kepler-177","TIC 158172348",49.40926000000,0.36430000,5.2430000,5732.00,4.100000,1.324000,0.921000,"Transit","Kepler",1
"OGLE-2017-BLG-1434L b","OGLE-2017-BLG-1434L",,,,,,,,0.234000,"Microlensing","OGLE",1
"KMT-2023-BLG-0469L b","KMT-2023-BLG-0469L",,,,,,,,0.470000,"Microlensing","KMTNet",1
"Kepler-789 b","Kepler-789","TIC 184300256",8.63847725000,,5.4301000,5870.00,4.420000,1.020000,1.010000,"Transit","Kepler",1
"Kepler-401 c","Kepler-401","TIC 267746315",47.31821800000,,10.5790000,6117.00,4.254000,1.333000,,"Transit","Kepler",1
"Kepler-759 b","Kepler-759","TIC 122298563",41.80598500000,,6.1320000,5860.00,4.420000,1.040000,1.040000,"Transit","Kepler",1
"Kepler-465 b","Kepler-465","TIC 164725204",9.94067246600,,3.9006000,6310.00,4.310000,1.290000,1.230000,"Transit","Kepler",1
"Kepler-1369 b","Kepler-1369","TIC 120686458",25.87314800000,,5.4510000,5761.00,4.450000,0.990000,0.990000,"Transit","Kepler",1
"Kepler-1276 b","Kepler-1276","TIC 121333541",12.57200950000,,4.7170000,6188.00,4.330000,1.210000,1.140000,"Transit","Kepler",1
"HD 204313 b","HD 204313","TIC 99734092",2041.11539000000,,,,,,1.030000,"Radial Velocity","La Silla Observatory",1
"Kepler-694 b","Kepler-694","TIC 122713147",6.36584161200,,2.9697000,5700.00,4.470000,0.950000,0.970000,"Transit","Kepler",1
"Kepler-1042 b","Kepler-1042","TIC 121734006",10.13202575000,,3.1376000,4815.00,4.610000,0.720000,0.750000,"Transit","Kepler",1
"TOI-1820 b","TOI-1820","TIC 393831507",4.86067400000,,2.9200000,5734.00,4.240000,1.510000,1.040000,"Transit","Transiting Exoplanet Survey Satellite (TESS)",1
"TOI-3664 b","TOI-3664","TIC 348437470",3.29748390000,,3.2200000,5593.00,4.370000,1.110000,0.980000,"Transit","Transiting Exoplanet Survey Satellite (TESS)",1
"Kepler-1734 b","Kepler-1734","TIC 138636741",6.79685020400,,,6061.00,4.486000,0.970000,1.050000,"Transit","Kepler",1
"G 268-110 b","G 268-110","TIC 471016687",1.43263000000,,,,,,0.137000,"Radial Velocity","Calar Alto Observatory",1
"Kepler-1406 b","Kepler-1406","TIC 137483383",11.62905828000,,2.8460000,5892.00,4.360000,1.120000,1.050000,"Transit","Kepler",1
"Kepler-282 c","Kepler-282","TIC 164779321",13.63872300000,,5.5730000,5602.00,4.459000,0.904000,,"Transit","Kepler",1
"Kepler-449 c","Kepler-449","TIC 270779644",33.67270000000,,,5649.18,,,,"Transit","Kepler",1
"iot Dra b","iot Dra","TIC 165722603",510.85440000000,,,4504.00,2.480000,11.790000,1.540000,"Radial Velocity","Lick Observatory",1
"Kepler-336 b","Kepler-336","TIC 122298677",2.02482300000,,2.7620000,5867.00,4.264000,1.304000,,"Transit","Kepler",1
"K2-183 c","K2-183","TIC 60256211",10.78799200000,,,5482.00,4.600000,0.870000,,"Transit","K2",1
"Kepler-786 b","Kepler-786","TIC 138366498",53.52934870000,,5.5770000,4838.00,4.610000,0.740000,0.810000,"Transit","Kepler",1
"Kepler-553 b","Kepler-553","TIC 264508613",4.03046700000,0.23310000,2.7761000,5191.00,4.480000,0.902000,0.889000,"Transit","Kepler",1
"Kepler-1799 b","Kepler-1799","TIC 298961646",11.92969990000,,,5831.00,4.517000,0.921000,1.016000,"Transit","Kepler",1
"Kepler-1498 b","Kepler-1498","TIC 164785771",48.05140500000,,7.6380000,5256.00,4.560000,0.810000,0.860000,"Transit","Kepler",1
"Kepler-1315 c","Kepler-1315","TIC 271881331",6.56606006600,,,4818.00,4.481000,0.856000,0.809000,"Transit","Kepler",1
"Kepler-1392 b","Kepler-1392","TIC 158837572",15.14103970000,,4.2760000,5479.00,4.530000,0.850000,0.880000,"Transit","Kepler",1
"K2-73 b","K2-73","TIC 38354061",7.49556000000,,,5867.00,4.390000,1.058000,1.020000,"Transit","K2",1
"Kepler-604 b","Kepler-604","TIC 63212809",25.85501786000,,3.9263000,5890.00,4.420000,1.030000,1.020000,"Transit","Kepler",1
"K2-389 b","K2-389","TIC 9030096",8.58289000000,,,5773.00,4.310000,1.094000,0.990000,"Transit","K2",1
"HD 111591 b","HD 111591","TIC 954124944",1056.40000000000,,,4884.00,3.100000,8.030000,1.940000,"Radial Velocity","Multiple Observatories",1
"HD 217107 b","HD 217107","TIC 38271828",7.12701660000,,,,,1.224500,1.045000,"Radial Velocity","Lick Observatory",1
"HAT-P-19 b","HAT-P-19","TIC 267650535",4.00878322000,,,4962.00,4.568700,0.773000,0.807000,"Transit","HATNet",1
"HD 63433 b","HD 63433","TIC 130181866",7.10794750000,,,5553.00,4.560000,0.934000,0.956000,"Transit","Transiting Exoplanet Survey Satellite (TESS)",1
"TOI-1853 b","TOI-1853","TIC 73540072",1.24362580000,,1.1900000,4985.00,4.490000,0.808000,0.837000,"Transit","Transiting Exoplanet Survey Satellite (TESS)",1
"Gl 686 b","Gl 686","TIC 230241767",15.53000000000,,,3656.00,4.870000,0.427000,0.426000,"Radial Velocity","Roque de los Muchachos Observatory",1
"K2-248 b","K2-248","TIC 176869982",7.17256000000,0.07000000,2.8000000,5528.00,4.450000,0.920000,0.880000,"Transit","K2",1
"K2-354 b","K2-354","TIC 468989066",3.79330600000,,1.5300000,3669.00,4.860000,0.410000,0.430000,"Transit","K2",1
"K2-84 c","K2-84","TIC 434133930",27.86000000000,,4.6100000,5652.00,4.481000,0.930000,0.950000,"Transit","K2",1
"TOI-4551 b","TOI-4551","TIC 204650483",9.95581000000,,,4896.00,3.480000,3.550000,1.310000,"Transit","Transiting Exoplanet Survey Satellite (TESS)",1
"Kepler-326 d","Kepler-326","TIC 270956861",6.76688800000,,1.6310000,5105.00,4.556000,0.801000,,"Transit","Kepler",1
"Kepler-735 b","Kepler-735","TIC 164780824",11.51516988000,,2.0189000,5107.00,4.570000,0.800000,0.850000,"Transit","Kepler",1
"Kepler-923 b","Kepler-923","TIC 138574253",6.93366476000,,4.3220000,5988.00,4.280000,1.260000,1.110000,"Transit","Kepler",1
"HAT-P-43 b","HAT-P-43","TIC 468987719",3.33264140000,,,5693.00,4.380000,1.080000,1.030000,"Transit","HATNet",1
"WASP-101 b","WASP-101","TIC 47911178",3.58572000000,1.30000000,,6380.00,4.310000,1.310000,1.410000,"Transit","SuperWASP",1
"Kepler-255 c","Kepler-255","TIC 272083669",9.94604700000,,3.3800000,5573.00,4.516000,0.933000,,"Transit","Kepler",1
"Kepler-872 b","Kepler-872","TIC 271669275",2.57885506800,,2.3296000,5902.00,4.400000,1.080000,1.050000,"Transit","Kepler",1
"TOI-1758 b","TOI-1758","TIC 367858035",20.70507468500,,3.6727000,5169.00,,0.810000,0.880000,"Transit","Transiting Exoplanet Survey Satellite (TESS)",1
"TOI-5704 b","TOI-5704","TIC 148673433",3.77111600000,,,4590.00,4.543000,0.757500,0.730000,"Transit","Transiting Exoplanet Survey Satellite (TESS)",1
"Kepler-981 b","Kepler-981","TIC 158984916",4.46975773600,,1.8062000,5718.00,4.470000,0.960000,0.980000,"Transit","Kepler",1
"Kepler-1332 b","Kepler-1332","TIC 159578257",11.87456832000,,1.9902000,5581.00,4.510000,0.900000,0.950000,"Transit","Kepler",1
"KELT-2 A b","KELT-2 A","TIC 97735908",4.11379000000,0.52000000,,6327.00,4.500000,1.930000,1.540000,"Transit","KELT",1
"Kepler-250 b","Kepler-250","TIC 159098652",4.14814100000,,2.4030000,5160.00,4.565000,0.805000,,"Transit","Kepler",1
"Kepler-886 b","Kepler-886","TIC 158215023",6.24146367000,,3.0771000,6098.00,4.350000,1.160000,1.100000,"Transit","Kepler",1
"Kepler-1195 b","Kepler-1195","TIC 120252007",8.49642241000,,2.2373000,4965.00,4.610000,0.710000,0.740000,"Transit","Kepler",1
"Kepler-668 b","Kepler-668","TIC 350813835",8.35390639000,,2.2712000,5352.00,4.550000,0.820000,0.870000,"Transit","Kepler",1
"Kepler-1610 b","Kepler-1610","TIC 272073436",8.70181574000,,3.0190000,5383.00,4.520000,0.870000,0.910000,"Transit","Kepler",1
"TOI-5592 b","TOI-5592","TIC 88529975",2.60858460000,1.26000000,1.9850000,6237.00,4.226000,1.393000,1.194000,"Transit","Transiting Exoplanet Survey Satellite (TESS)",1
"KIC 9663113 b","KIC 9663113","TIC 272844987",572.38470000000,0.16810000,,6065.00,4.420000,1.030000,0.980000,"Transit","Kepler",1
"HIP 107773 b","HIP 107773","TIC 406320735",144.30000000000,,,4945.00,2.600000,11.600000,2.420000,"Radial Velocity","Multiple Observatories",1
"Kepler-734 b","Kepler-734","TIC 272845785",6.10485285600,,4.6760000,5326.00,4.590000,0.780000,0.850000,"Transit","Kepler",1
"K2-199 b","K2-199","TIC 2621212",3.22539930000,,2.0170000,4491.00,,0.682000,0.711000,"Transit","K2",1
"Kepler-1125 b","Kepler-1125","TIC 184009076",17.67006420000,,5.7720000,5683.00,4.470000,0.940000,0.950000,"Transit","Kepler",1
"Kepler-112 b","Kepler-112","TIC 272943597",8.40887800000,,3.4850000,5544.00,4.506000,0.841000,,"Transit","Kepler",1
"TOI-2338 b","TOI-2338","TIC 24358417",22.65398000000,,,5581.00,4.400000,1.050000,0.990000,"Transit","Transiting Exoplanet Survey Satellite (TESS)",1
"Kepler-249 b","Kepler-249","TIC 272942100",3.30653900000,,1.7670000,3568.00,4.777000,0.482000,,"Transit","Kepler",1
"Kepler-241 c","Kepler-241","TIC 137899939",36.06597800000,,4.2730000,4699.00,4.627000,0.668000,,"Transit","Kepler",1
"TIC 38828280 b","TIC 38828280","TIC 38828280",4.85558984762,,2.1393358,5046.63,4.591400,0.741147,,"Transit","Transiting Exoplanet Survey Satellite (TESS)",1
"K2-374 c","K2-374","TIC 321285788",16.43445000000,,,5789.00,4.386000,0.907000,0.731000,"Transit","K2",1
"Kepler-221 b","Kepler-221","TIC 272601375",2.79590600000,,2.0640000,5243.00,4.543000,0.821000,,"Transit","Kepler",1
"Kepler-1000 b","Kepler-1000","TIC 158322296",120.01812720000,,11.6040000,6453.00,4.230000,1.510000,1.400000,"Transit","Kepler",1
"NGC 2682 YBP 1514 b","NGC 2682 YBP 1514","TIC 437034879",5.11800000000,,,5725.00,4.570000,,0.960000,"Radial Velocity","Multiple Observatories",1
"HD 116029 b","HD 116029","TIC 305837711",670.00000000000,,,4819.00,2.980000,4.890000,0.830000,"Radial Velocity","W. M. Keck Observatory",1
"Kepler-1767 b","Kepler-1767","TIC 270619473",59.65829849000,,,5243.00,4.547000,0.831000,0.887000,"Transit","Kepler",1
"Kepler-1639 b","Kepler-1639","TIC 48217852",9.87848200000,,3.0810000,6150.00,4.340000,1.180000,1.120000,"Transit","Kepler",1
"PSR B1620-26 b","PSR B1620-26",,,,,,,,1.350000,"Pulsar Timing","Hubble Space Telescope",1
"Proxima Cen b","Proxima Cen","TIC 388857263",11.18465000000,,,2900.00,,0.141000,0.122100,"Radial Velocity","European Southern Observatory",1
"Kepler-246 c","Kepler-246","TIC 272484980",11.18716100000,,3.1610000,5206.00,4.557000,0.831000,,"Transit","Kepler",1
"Kepler-40 b","Kepler-40","TIC 272840455",6.87349000000,,6.8600000,6510.00,3.940000,2.130000,1.480000,"Transit","Kepler",1
"TIC 434398831 b","TIC 434398831","TIC 434398831",3.68550400000,,2.7600000,5638.00,4.420000,0.909000,0.992000,"Transit","Transiting Exoplanet Survey Satellite (TESS)",1
"HD 89744 b","HD 89744","TIC 8154501",256.78000000000,,,6291.00,4.070000,,1.860000,"Radial Velocity","Fred Lawrence Whipple Observatory",1
"KMT-2018-BLG-1292L b","KMT-2018-BLG-1292L",,,,,,,,1.090000,"Microlensing","KMTNet",1
"GSC 06214-00210 b","GSC 06214-00210","TIC 50175254",,,,4200.00,,,0.900000,"Imaging","Palomar Observatory",1
"GJ 887 b","GJ 887","TIC 155315739",9.26190000000,,,3688.00,4.156000,0.468000,0.495000,"Radial Velocity","La Silla Observatory",1
"HD 219828 c","HD 219828","TIC 243085377",4789.87297000000,,,,,,1.040000,"Radial Velocity","Multiple Facilities",1
"HD 222155 b","HD 222155","TIC 26370518",3999.00000000000,,,5701.00,3.990000,1.850000,1.210000,"Radial Velocity","Haute-Provence Observatory",1
"HD 224538 b","HD 224538","TIC 280803137",1202.05199000000,,,,,,1.230000,"Radial Velocity","Multiple Observatories",1
"TOI-5624 d","TOI-5624","TIC 53498154",13.73146800000,0.15990000,3.8500000,5327.00,4.490000,0.820000,0.858000,"Transit","Transiting Exoplanet Survey Satellite (TESS)",1
"Kepler-54 d","Kepler-54","TIC 271262203",20.99569400000,,2.6980000,4252.00,4.730000,0.554000,,"Transit","Kepler",1
"TOI-2449 b","TOI-2449","TIC 170729775",106.14468000000,,8.2600000,6021.00,4.400000,1.065000,1.079000,"Transit","Transiting Exoplanet Survey Satellite (TESS)",1
"TIC 142589416 b","TIC 142589416","TIC 142589416",2.09518466313,,1.3587500,4396.27,4.673500,0.713832,,"Transit","Transiting Exoplanet Survey Satellite (TESS)",1
"Kepler-101 b","Kepler-101","TIC 48304653",3.48768120000,,3.8750000,5667.00,4.120000,1.560000,1.170000,"Transit","Kepler",1
"Kepler-195 b","Kepler-195","TIC 298837729",8.30787200000,,3.1500000,5329.00,4.603000,0.775000,,"Transit","Kepler",1
"Kepler-727 b","Kepler-727","TIC 271351820",5.15448441700,,2.8866000,5441.00,4.530000,0.860000,0.890000,"Transit","Kepler",1
"Kepler-763 b","Kepler-763","TIC 63130782",1.19655156000,,1.1901000,5166.00,4.570000,0.800000,0.840000,"Transit","Kepler",1
"TOI-954 b","TOI-954","TIC 44792534",3.68497290000,,5.0900000,5710.00,3.962000,1.892000,1.201000,"Transit","Transiting Exoplanet Survey Satellite (TESS)",1
"HD 95338 b","HD 95338","TIC 304142124",55.08269400000,,5.5870000,5097.00,4.440000,0.868000,0.848000,"Radial Velocity","Las Campanas Observatory",1
"HD 13724 c","HD 13724","TIC 7244844",142.22895000000,,,,,,1.004000,"Radial Velocity","Multiple Observatories",1
"Kepler-928 b","Kepler-928","TIC 122136712",3.93246130200,,2.1982000,4700.00,4.620000,0.700000,0.730000,"Transit","Kepler",1
"TOI-7155 b","TOI-7155","TIC 468350765",3.89489711981,,2.2083903,4673.03,4.613300,0.670748,,"Transit","Transiting Exoplanet Survey Satellite (TESS)",1
"Kepler-1879 b","Kepler-1879","TIC 121944984",10.61340046000,,,5865.00,4.163000,1.388000,1.023000,"Transit","Kepler",1
"TOI-6223 b","TOI-6223","TIC 288144647",3.85521900000,,2.0141000,3895.00,4.682000,0.576000,0.582000,"Transit","Transiting Exoplanet Survey Satellite (TESS)",1
"Kepler-1295 b","Kepler-1295","TIC 159723041",3.81371974000,,2.0050000,5486.00,4.510000,0.890000,0.920000,"Transit","Kepler",1
"Kepler-1319 b","Kepler-1319","TIC 417676990",2.88676264500,,0.8850000,3655.00,4.730000,0.540000,0.560000,"Transit","Kepler",1
"WASP-154 b","WASP-154","TIC 857186",3.81167800000,1.44000000,,4774.00,4.470000,0.823000,0.800000,"Transit","SuperWASP",1
"K2-126 b","K2-126","TIC 422349422",7.38565500000,,,4339.00,4.660000,0.650000,0.690000,"Transit","K2",1
"Kepler-49 c","Kepler-49","TIC 137555411",10.91000000000,,,4095.60,,0.618000,0.607000,"Transit","Kepler",1
"Kepler-1536 b","Kepler-1536","TIC 62999585",364.75803100000,,13.0060000,4434.00,4.640000,0.670000,0.710000,"Transit","Kepler",1
"TOI-1669 c","TOI-1669","TIC 428679607",2.68005350000,,1.9284255,5497.00,4.382000,1.056100,0.986700,"Transit","Transiting Exoplanet Survey Satellite (TESS)",1
"HD 48948 b","HD 48948","TIC 88228576",7.34013000000,,,4593.00,4.610000,0.679000,0.686000,"Radial Velocity","Roque de los Muchachos Observatory",1
"Kepler-729 b","Kepler-729","TIC 158269049",3.16635371400,,3.3039000,5633.00,4.500000,0.910000,0.940000,"Transit","Kepler",1
"Kepler-1669 d","Kepler-1669","TIC 169457234",4.72941177000,0.04343000,2.2340000,4224.00,4.662000,0.603000,0.609000,"Transit","Kepler",1
"TOI-3023 b","TOI-3023","TIC 454248975",3.90149710000,0.81500000,4.9610000,5760.00,4.048000,1.668000,1.120000,"Transit","Transiting Exoplanet Survey Satellite (TESS)",1
"K2-110 b","K2-110","TIC 287333762",13.86375000000,,,5010.00,,0.713000,0.738000,"Transit","K2",1
"K2-46 b","K2-46","TIC 49430892",19.15410000000,,6.7300000,6256.00,4.198000,1.290000,0.960000,"Transit","K2",1
"HAT-P-63 b","HAT-P-63","TIC 325670253",3.37772800000,,2.9330000,5400.00,4.435000,0.966100,0.925000,"Transit","HATNet",1
"Kepler-967 b","Kepler-967","TIC 120962548",13.22713379000,,3.2928000,5178.00,4.560000,0.800000,0.840000,"Transit","Kepler",1
"Kepler-292 b","Kepler-292","TIC 271960465",2.58082700000,,2.0920000,5299.00,4.536000,0.826000,,"Transit","Kepler",1
"HIP 39017 b","HIP 39017","TIC 26045729",31000.00000000000,,,,,,1.520000,"Imaging","Multiple Observatories",1
"Kepler-245 d","Kepler-245","TIC 63004906",36.27710800000,,4.8040000,5100.00,4.560000,0.795000,,"Transit","Kepler",1
"HD 215497 b","HD 215497","TIC 469943599",3.93404000000,,,5110.00,4.400000,0.850000,0.670000,"Radial Velocity","La Silla Observatory",1
"Kepler-180 b","Kepler-180","TIC 27532033",13.81712400000,,3.7400000,5731.00,4.343000,1.063000,,"Transit","Kepler",1
"Kepler-1632 b","Kepler-1632","TIC 271046694",448.30355800000,,12.7130000,6137.00,4.330000,1.190000,1.120000,"Transit","Kepler",1
"KOINTREAU-4 b","2MASS J16262785-2625152","TIC 175594111",,,,,,,,"Imaging","W. M. Keck Observatory",1
"GJ 163 b","GJ 163","TIC 219221189",8.63182000000,,,,,,,"Radial Velocity","La Silla Observatory",1
"Kepler-101 c","Kepler-101","TIC 48304653",6.02976000000,,3.8700000,5667.00,4.120000,1.560000,1.170000,"Transit","Kepler",1
"K2-231 b","K2-231","TIC 130538732",13.84190100000,,2.9400000,5695.00,4.480000,0.950000,1.010000,"Transit","K2",1
"WASP-144 b","WASP-144","TIC 207077681",2.27831520000,1.16500000,1.9536000,5200.00,4.530000,0.810000,0.810000,"Transit","SuperWASP-South",1
"TIC 88692598 b","TIC 88692598","TIC 88692598",2.64909436758,,1.6702651,3483.17,4.086500,0.532473,,"Transit","Transiting Exoplanet Survey Satellite (TESS)",1
"HD 171028 b","HD 171028","TIC 321030607",550.00000000000,,,5671.00,3.840000,2.470000,1.530000,"Radial Velocity","La Silla Observatory",1
"Kepler-848 b","Kepler-848","TIC 26817863",6.91134416000,,5.6555000,5695.00,4.280000,1.200000,1.010000,"Transit","Kepler",1
"HD 111998 b","HD 111998","TIC 53304943",810.00000000000,,,,,,1.400000,"Radial Velocity","La Silla Observatory",1
"ITG 15 b","ITG 15 A","TIC 150058659",,,,,,,,"Imaging","European Space Agency (ESA) Gaia Satellite",1
"HD 164595 b","HD 164595","TIC 158917706",40.00000000000,,,5790.00,4.440000,,0.990000,"Radial Velocity","Haute-Provence Observatory",1
"Kepler-1942 b","Kepler-1942","TIC 271350547",4.62604999500,,,5834.00,4.566000,0.797000,0.852000,"Transit","Kepler",1
"Kepler-228 c","Kepler-228","TIC 27772524",4.13444400000,,3.1230000,6043.00,4.467000,1.014000,,"Transit","Kepler",1
"Kepler-975 c","Kepler-975","TIC 122450762",5.05821338000,0.07483000,1.1320000,4883.00,3.972000,1.667000,0.951000,"Transit","Kepler",1
"Kepler-358 b","Kepler-358","TIC 26815908",34.06046700000,,2.4610000,5908.00,4.504000,0.954000,,"Transit","Kepler",1
"Kepler-625 b","Kepler-625","TIC 137414304",7.75192492000,,3.4849000,5789.00,4.490000,0.960000,1.040000,"Transit","Kepler",1
"Kepler-1914 b","Kepler-1914","TIC 137151294",30.82789993000,,,5982.00,4.493000,0.960000,1.047000,"Transit","Kepler",1
"K2-369 b","K2-369","TIC 49984349",5.76161200000,,,5682.00,4.418000,0.881000,0.735000,"Transit","K2",1
"Kepler-1665 b","Kepler-1665","TIC 122442334",11.95480000000,,,5049.84,4.581660,0.777785,0.842000,"Transit","Kepler",1
"K2-233 c","K2-233","TIC 428820090",7.06024000000,,2.6870000,4796.00,4.530000,0.710000,0.790000,"Transit","K2",1
"Kepler-1364 b","Kepler-1364","TIC 27396284",13.32196237000,,6.2300000,6805.00,4.100000,1.790000,1.490000,"Transit","Kepler",1
"Kepler-1008 b","Kepler-1008","TIC 272491981",12.43931193000,,3.1210000,5066.00,4.560000,0.780000,0.810000,"Transit","Kepler",1
"HD 38801 b","HD 38801","TIC 66650754",685.25000000000,,,5338.00,3.877000,2.029000,1.207000,"Radial Velocity","Subaru Telescope",1
"Kepler-1108 b","Kepler-1108","TIC 272083644",4.51005748000,,2.1605000,5406.00,4.540000,0.840000,0.880000,"Transit","Kepler",1
"Kepler-1818 b","Kepler-1818","TIC 120251654",4.64490985900,,,6047.00,4.343000,1.129000,1.021000,"Transit","Kepler",1
"Kepler-229 b","Kepler-229","TIC 399912169",6.25297200000,,2.6400000,5120.00,4.633000,0.728000,,"Transit","Kepler",1
"Kepler-1187 b","Kepler-1187","TIC 121021644",18.87064068000,,3.2476000,5975.00,4.390000,1.090000,1.060000,"Transit","Kepler",1
"Kepler-606 b","Kepler-606","TIC 63286249",24.31575992000,,4.1383000,6161.00,4.320000,1.220000,1.130000,"Transit","Kepler",1
"Kepler-126 c","Kepler-126","TIC 159046962",21.86974100000,,5.4790000,6239.00,4.247000,1.358000,,"Transit","Kepler",1
"Kepler-1763 b","Kepler-1763","TIC 138575125",1.48028004200,,,5897.00,4.250000,1.259000,1.026000,"Transit","Kepler",1
"KMT-2018-BLG-0029L b","KMT-2018-BLG-0029L",,,,,,,,1.140000,"Microlensing","KMTNet",1
"Kepler-264 c","Kepler-264","TIC 137347078",140.10126100000,,17.9330000,6158.00,4.147000,1.550000,,"Transit","Kepler",1
"HD 200964 b","HD 200964","TIC 408316773",606.30000000000,,,4982.00,3.220000,4.920000,1.390000,"Radial Velocity","Lick Observatory",1
"Kepler-879 c","Kepler-879","TIC 27639443",0.64671600000,,1.7000000,5456.75,,1.022000,0.974000,"Transit","Kepler",1
"HIP 113103 b","HIP 113103","TIC 121490076",7.61030300000,0.05960000,2.1384000,4930.00,4.600000,0.742000,0.761000,"Transit","Transiting Exoplanet Survey Satellite (TESS)",1
"HD 72892 b","HD 72892","TIC 405344271",39.44603000000,,,,,,1.010000,"Radial Velocity","Multiple Observatories",1
"K2-266 d","K2-266","TIC 374180079",14.69700000000,0.14650000,3.4080000,4285.00,4.581000,0.703000,0.686000,"Transit","K2",1
"KMT-2018-BLG-2602L b","KMT-2018-BLG-2602L",,,,,,,,0.660000,"Microlensing","KMTNet",1
"Kepler-402 c","Kepler-402","TIC 158725491",6.12482100000,,3.4670000,6090.00,4.278000,1.264000,,"Transit","Kepler",1
"Kepler-182 c","Kepler-182","TIC 267672183",20.68434200000,,6.4160000,6250.00,4.401000,1.146000,,"Transit","Kepler",1
"GJ 3634 b","GJ 3634","TIC 49064384",2.64561000000,,,,,0.430000,0.450000,"Radial Velocity","La Silla Observatory",1
"TOI-3540 A b","TOI-3540 A","TIC 17865622",3.11999900000,0.02300000,1.9008000,5810.00,4.293000,1.228000,1.081000,"Transit","Transiting Exoplanet Survey Satellite (TESS)",1
"OGLE-2005-BLG-169L b","OGLE-2005-BLG-169L",,,,,,,,0.690000,"Microlensing","OGLE",1
"WASP-168 b","WASP-168","TIC 232038798",4.15365800000,1.19000000,1.9128000,6000.00,4.370000,1.120000,1.080000,"Transit","SuperWASP-South",1
"HD 284149 AB b","HD 284149 A","TIC 15817487",,,,6035.00,,1.360000,,"Imaging","Paranal Observatory",1
"Kepler-452 b","Kepler-452","TIC 272174474",384.84300000000,0.01990000,10.6300000,5757.00,4.320000,1.110000,1.037000,"Transit","Kepler",1
"Kepler-1190 b","Kepler-1190","TIC 48504464",10.45843441000,,3.1020000,4730.00,4.620000,0.720000,0.760000,"Transit","Kepler",1
"Kepler-1013 b","Kepler-1013","TIC 159304741",18.93054959000,,3.3440000,4954.00,4.590000,0.760000,0.810000,"Transit","Kepler",1
"GJ 1265 b","GJ 1265","TIC 471012766",3.65110000000,,,3236.00,5.090000,0.192000,0.178000,"Radial Velocity","Calar Alto Observatory",1
"TIC 24750448 b","TIC 24750448","TIC 24750448",3.59159193029,,2.1482521,4545.43,4.662400,0.713599,,"Transit","Transiting Exoplanet Survey Satellite (TESS)",1
"K2-138 d","K2-138","TIC 4610830",5.40479000000,,2.7000000,5356.30,4.540000,0.863000,0.935000,"Transit","K2",1
"HATS-29 b","HATS-29","TIC 201604954",4.60587490000,,3.2112000,5670.00,4.389000,1.073000,1.032000,"Transit","HATSouth",1
"HD 69830 d","HD 69830","TIC 307624961",197.00000000000,,,5385.00,,,0.860000,"Radial Velocity","La Silla Observatory",1
"Kepler-165 c","Kepler-165","TIC 123129877",15.31299000000,,3.0280000,5211.00,4.542000,0.770000,,"Transit","Kepler",1
"Kepler-105 c","Kepler-105","TIC 158625964",7.12592000000,,,5933.00,,1.026000,0.991000,"Transit","Kepler",1
"Kepler-367 b","Kepler-367","TIC 28159518",37.81572400000,,4.6310000,4710.00,4.631000,0.695000,,"Transit","Kepler",1
"HD 8535 b","HD 8535","TIC 41862035",1313.00000000000,,,6136.00,4.460000,1.190000,1.130000,"Radial Velocity","La Silla Observatory",1
"Kepler-1054 b","Kepler-1054","TIC 159441326",4.30655689000,,4.0697000,6209.00,4.260000,1.340000,1.220000,"Transit","Kepler",1
"Kepler-1725 b","Kepler-1725","TIC 377908774",16.71990013000,,,6020.00,4.389000,1.085000,1.049000,"Transit","Kepler",1
"K2-45 b","K2-45","TIC 38087018",1.72926840000,,1.6890000,4103.00,4.824000,0.445000,0.503000,"Transit","K2",1
"GJ 667 C b","GJ 667 C","TIC 154385809",7.20300000000,,,,,,,"Radial Velocity","La Silla Observatory",1
"Kepler-1426 b","Kepler-1426","TIC 26656435",14.25632270000,,4.3890000,5831.00,4.430000,1.020000,1.020000,"Transit","Kepler",1
"GJ 2030 b","GJ 2030","TIC 9967949",2.38129000000,,,,,,0.960000,"Radial Velocity","Multiple Observatories",1
"Kepler-1754 b","Kepler-1754","TIC 27532561",8.19594955400,,,4723.00,4.557000,0.747000,0.734000,"Transit","Kepler",1
"TOI-150.01","TOI-150","TIC 271893367",5.85748700000,,5.1200000,6255.00,4.130000,1.526000,1.351000,"Transit","Transiting Exoplanet Survey Satellite (TESS)",1
"Wendelstein-1 b","Wendelstein-1","TIC 75262942",2.66341600000,,,4251.00,,0.610000,0.650000,"Transit","Haleakala Observatory",1
"TOI-904 c","TOI-904","TIC 261257684",83.99970000000,,5.0400000,3770.20,,0.527000,0.557000,"Transit","Transiting Exoplanet Survey Satellite (TESS)",1
"Kepler-1907 b","Kepler-1907","TIC 123130285",5.65245008500,,,5159.00,4.508000,0.800000,0.752000,"Transit","Kepler",1
"Kepler-491 b","Kepler-491","TIC 158388163",4.22538451200,,2.8182900,5582.00,4.420000,1.030000,1.040000,"Transit","Kepler",1
"Kepler-992 b","Kepler-992","TIC 164723619",20.16034462000,,3.8215000,4944.00,4.600000,0.740000,0.800000,"Transit","Kepler",1
"Kepler-667 b","Kepler-667","TIC 27530621",41.43962808000,,10.6468000,5327.00,4.530000,0.870000,0.910000,"Transit","Kepler",1
"Kepler-404 b","Kepler-404","TIC 158268972",11.82985100000,,5.6350000,5654.00,4.543000,0.884000,,"Transit","Kepler",1
"Kepler-1213 b","Kepler-1213","TIC 416266465",5.34982412000,,4.2090000,6050.00,4.330000,1.210000,1.140000,"Transit","Kepler",1
"Kepler-1043 b","Kepler-1043","TIC 123358827",38.50533980000,,5.9730000,5629.00,4.500000,0.900000,0.920000,"Transit","Kepler",1
"TOI-4377 b","TOI-4377","TIC 394918211",4.37808100000,,,4974.00,3.390000,3.520000,1.360000,"Transit","Transiting Exoplanet Survey Satellite (TESS)",1
"Kepler-985 b","Kepler-985","TIC 159305424",116.33190100000,,6.8650000,5434.00,4.540000,0.850000,0.910000,"Transit","Kepler",1
"CoRoT-21 b","CoRoT-21","TIC 280420719",2.72474000000,,4.7600000,6200.00,3.700000,1.950000,1.290000,"Transit","CoRoT",1
"TOI-4201 b","TOI-4201","TIC 95057860",3.58191940000,,,3794.00,4.640000,0.630000,0.610000,"Transit","Transiting Exoplanet Survey Satellite (TESS)",1
"HD 114783 b","HD 114783","TIC 292113181",493.70000000000,,,5135.00,,,0.853000,"Radial Velocity","W. M. Keck Observatory",1
"K2-167 b","K2-167","TIC 69747919",9.97854100000,0.02060000,3.6000000,6310.00,4.122000,1.499000,1.084000,"Transit","K2",1
"Kepler-304 c","Kepler-304","TIC 377909730",5.31594600000,,1.1140000,4731.00,4.635000,0.687000,,"Transit","Kepler",1
"Kepler-1524 b","Kepler-1524","TIC 138477646",70.96746030000,,6.8992000,6179.00,4.310000,1.250000,1.170000,"Transit","Kepler",1
"Kepler-1840 b","Kepler-1840","TIC 171090560",131.19000240000,,,4898.00,4.518000,0.803000,0.774000,"Transit","Kepler",1
"Kepler-1074 b","Kepler-1074","TIC 164724987",5.94566534000,,2.1737000,4002.00,4.700000,0.570000,0.600000,"Transit","Kepler",1
"K2-393 b","K2-393","TIC 279046938",10.41318100000,,,5678.00,4.321000,1.071000,0.881000,"Transit","K2",1
"Kepler-314 c","Kepler-314","TIC 271052158",5.96039200000,,2.7650000,5378.00,4.465000,0.950000,,"Transit","Kepler",1
"Kepler-1476 b","Kepler-1476","TIC 164727404",10.35863224000,,2.5740000,5663.00,4.470000,0.960000,0.980000,"Transit","Kepler",1
"Kepler-316 c","Kepler-316","TIC 159522175",6.82776600000,,2.4190000,4204.00,4.743000,0.520000,,"Transit","Kepler",1
"Kepler-1677 b","Kepler-1677","TIC 274198958",22.06400000000,,,6013.72,4.289860,1.249590,1.110000,"Transit","Kepler",1
"Kepler-219 c","Kepler-219","TIC 158838045",22.71461300000,,5.8080000,5786.00,4.157000,1.491000,,"Transit","Kepler",1
"K2-331 b","K2-331","TIC 46296576",9.39897700000,,3.9200000,5994.00,4.430000,1.060000,1.100000,"Transit","K2",1
"K2-338 b","K2-338","TIC 186814470",3.85061400000,,1.7800000,4558.00,4.650000,0.630000,0.660000,"Transit","K2",1
"HD 43691 b","HD 43691","TIC 258444495",36.99870000000,,,6093.00,,1.600000,1.320000,"Radial Velocity","Haute-Provence Observatory",1
"WASP-132 c","WASP-132","TIC 127530399",1.01153624000,,1.4910000,4686.00,4.560000,0.758000,0.789000,"Transit","Transiting Exoplanet Survey Satellite (TESS)",1
"K2-199 c","K2-199","TIC 2621212",7.37448970000,,2.4520000,4491.00,,0.682000,0.711000,"Transit","K2",1
"HD 134606 d","HD 134606","TIC 262457542",966.50000000000,,,5576.00,4.330000,1.158000,1.046000,"Radial Velocity","Multiple Observatories",1
"TOI-1346 c","TOI-1346","TIC 219852882",5.50255800000,,,5099.00,4.610000,0.780000,0.820000,"Transit","Transiting Exoplanet Survey Satellite (TESS)",1
"K2-89 b","K2-89","TIC 440687723",1.09602600000,,0.8950000,3691.00,4.965000,0.318000,0.347000,"Transit","K2",1
"HD 28109 b","HD 28109","TIC 29781292",22.89105400000,0.03010000,2.6900000,6189.00,4.250000,1.425000,1.227000,"Transit","Transiting Exoplanet Survey Satellite (TESS)",1
"Kepler-409 b","Kepler-409","TIC 270619260",68.95832160000,,,5421.00,,0.897000,0.913000,"Transit","Kepler",1
"HU Aqr AB b","HU Aqr","TIC 364173220",2390.00000000000,,,,,,0.880000,"Eclipse Timing Variations","Yunnan Astronomical Observatory",1
"Kepler-793 b","Kepler-793","TIC 139036121",4.24153639000,,3.1150000,5745.00,4.460000,0.970000,0.980000,"Transit","Kepler",1
"Kepler-1084 b","Kepler-1084","TIC 267749737",2.05333679000,,2.3751000,6113.00,4.270000,1.280000,1.120000,"Transit","Kepler",1
"Kepler-1910 b","Kepler-1910","TIC 360023069",5.68876981700,,,4234.00,4.630000,0.639000,0.636000,"Transit","Kepler",1
"Kepler-9 c","Kepler-9","TIC 120571842",38.98530000000,,4.5650000,5774.00,4.490000,0.958000,1.022000,"Transit","Kepler",1
"Kepler-261 c","Kepler-261","TIC 137148674",24.57085800000,,2.7610000,5098.00,4.561000,0.794000,,"Transit","Kepler",1
"K2-198 c","K2-198","TIC 135043332",3.35960550000,,,5212.90,,0.757000,0.799000,"Transit","K2",1
"Kepler-54 b","Kepler-54","TIC 271262203",8.01094340000,,3.4129000,3705.00,4.750000,0.500000,0.510000,"Transit","Kepler",1
"TOI-2088 b","TOI-2088","TIC 441765914",124.72997000000,,7.3619870,5081.00,4.533000,0.848100,0.902700,"Transit","Transiting Exoplanet Survey Satellite (TESS)",1
"Kepler-951 b","Kepler-951","TIC 121395761",71.52530845000,,5.9273000,4834.00,4.600000,0.730000,0.770000,"Transit","Kepler",1
"HD 134060 b","HD 134060","TIC 454901855",3.26960000000,,,5966.00,4.430000,,1.095000,"Radial Velocity","La Silla Observatory",1
"HD 17156 b","HD 17156","TIC 302773669",21.21642940000,0.54930000,3.1505000,6046.00,4.184000,1.517000,1.285000,"Radial Velocity","Subaru Telescope",1
"Kepler-1385 b","Kepler-1385","TIC 123495717",2.88879862000,,2.9810000,5732.00,4.270000,1.290000,1.150000,"Transit","Kepler",1
"Kepler-279 b","Kepler-279","TIC 158428960",12.30968100000,,5.8680000,6363.00,4.051000,1.746000,,"Transit","Kepler",1
"K2-206 b","K2-206","TIC 257392778",18.29454900000,,,5043.00,4.460000,0.758046,0.789481,"Transit","K2",1
"Kepler-1451 b","Kepler-1451","TIC 138217479",35.62223300000,,5.1460000,5782.00,4.450000,0.990000,1.000000,"Transit","Kepler",1
"TOI-1753 b","TOI-1753","TIC 289580577",5.38461040000,,3.1784345,5621.00,4.438000,0.971500,0.948300,"Transit","Transiting Exoplanet Survey Satellite (TESS)",1
"Kepler-689 b","Kepler-689","TIC 378086390",22.36656079000,,5.1510000,5518.00,4.510000,0.880000,0.910000,"Transit","Kepler",1
"Kepler-118 c","Kepler-118","TIC 171884427",20.17202000000,,3.1080000,5274.00,4.321000,1.094000,,"Transit","Kepler",1
"Kepler-96 b","Kepler-96","TIC 169081296",16.23850000000,,,5690.00,4.421000,1.020000,1.000000,"Transit","Kepler",1
"OGLE-2016-BLG-1800L b","OGLE-2016-BLG-1800L",,,,,,,,0.410000,"Microlensing","OGLE",1
"WASP-58 b","WASP-58","TIC 424435940",5.01718000000,1.40000000,,5800.00,4.270000,1.220000,1.060000,"Transit","SuperWASP",1
"TOI-1174 b","TOI-1174","TIC 154089169",8.95348768300,,3.0631000,5030.00,,0.760000,0.850000,"Transit","Transiting Exoplanet Survey Satellite (TESS)",1
"HD 135344 A b","HD 135344 A","TIC 307606851",,,,9540.00,,1.500000,,"Imaging","Paranal Observatory",1
"Kepler-1944 b","Kepler-1944","TIC 184554636",9.84257984200,,,5585.00,4.490000,0.972000,1.064000,"Transit","Kepler",1
"Kepler-123 b","Kepler-123","TIC 272944990",17.23236600000,,4.5660000,6089.00,4.277000,1.264000,,"Transit","Kepler",1
"TIC 257060897 b","TIC 257060897","TIC 257060897",3.66003639000,0.78500000,4.7416800,5993.00,3.972000,1.863000,1.187000,"Transit","Transiting Exoplanet Survey Satellite (TESS)",1
"Kepler-1200 b","Kepler-1200","TIC 272489594",1.11854971700,,1.5425000,4612.00,4.630000,0.700000,0.740000,"Transit","Kepler",1
"Kepler-107 e","Kepler-107","TIC 27988327",14.74914300000,,,5854.00,,1.447000,1.238000,"Transit","Kepler",1
"HD 212771 b","HD 212771","TIC 12723961",380.70000000000,,,5003.00,3.310000,5.270000,1.560000,"Radial Velocity","W. M. Keck Observatory",1
"K2-223 c","K2-223","TIC 98594138",4.56254600000,,,5859.00,4.500000,1.000000,,"Transit","K2",1
"Kepler-1566 b","Kepler-1566","TIC 237191392",0.53991523800,,1.1390000,5254.00,4.560000,0.810000,0.840000,"Transit","Kepler",1
"GJ 317 b","GJ 317","TIC 118608254",695.69000000000,,,3496.00,,0.403000,0.402000,"Radial Velocity","W. M. Keck Observatory",1
"Kepler-462 c","Kepler-462","TIC 269263577",207.62000000000,,,7500.00,4.220000,1.570000,1.590000,"Transit","Kepler",1
"HATS-61 b","HATS-61","TIC 44745133",7.81795300000,,5.5296000,5542.00,4.028000,1.664000,1.076000,"Transit","HATSouth",1
"HIP 57274 b","HIP 57274","TIC 5078530",8.13520000000,,,4510.00,4.110000,0.780000,0.290000,"Radial Velocity","W. M. Keck Observatory",1
"TAP 26 b","TAP 26","TIC 435907158",10.79000000000,,,4620.00,4.500000,1.170000,1.040000,"Radial Velocity","Multiple Facilities",1
"K2-365 b","K2-365","TIC 220604190",23.44817200000,,,5561.00,4.313000,1.051000,0.823000,"Transit","K2",1
"Kepler-1102 b","Kepler-1102","TIC 47976987",51.32856230000,,9.4390000,5724.00,4.480000,0.940000,0.960000,"Transit","Kepler",1
"HD 25015 b","HD 25015","TIC 178249461",6134.42700000000,,,,,,0.860000,"Radial Velocity","La Silla Observatory",1
"Kepler-1699 b","Kepler-1699","TIC 26584080",3.49082000000,,,5575.53,,,,"Transit","Kepler",1
"Kepler-1938 b","Kepler-1938","TIC 171972797",13.06260014000,,,4522.00,4.615000,0.655000,0.646000,"Transit","Kepler",1
"HD 68475 b","HD 68475","TIC 80995687",7832.00000000000,,,5022.00,4.560000,,0.830000,"Radial Velocity","Las Campanas Observatory",1
"Kepler-48 b","Kepler-48","TIC 171882123",4.77800000000,,,5194.00,4.487000,0.890000,0.880000,"Transit","Kepler",1
"K2-224 c","K2-224","TIC 32425577",10.09489000000,0.05928000,3.6000000,5620.00,4.550000,0.840000,0.910000,"Transit","K2",1
"Kepler-47 d","Kepler-47","TIC 271548206",187.36600000000,,,,,0.936000,0.957000,"Transit","Kepler",1
"K2-293 b","K2-293","TIC 49679172",13.12250000000,,3.9800000,5532.00,4.520000,0.947000,0.958000,"Transit","K2",1
"K2-84 b","K2-84","TIC 434133930",6.42150000000,,2.8100000,5652.00,4.481000,0.930000,0.950000,"Transit","K2",1
"Kepler-522 b","Kepler-522","TIC 158657354",38.58422849000,,10.3683000,6392.00,4.040000,1.980000,1.540000,"Transit","Kepler",1
"Kepler-380 b","Kepler-380","TIC 48132154",3.93082100000,,2.9620000,6045.00,4.293000,1.224000,,"Transit","Kepler",1
"Kepler-286 d","Kepler-286","TIC 290035455",5.91432300000,,2.6550000,5580.00,4.495000,0.863000,,"Transit","Kepler",1
"Kepler-26 e","Kepler-26","TIC 164833065",46.82791500000,,2.0840000,4486.00,4.733000,0.571000,,"Transit","Kepler",1
"Kepler-838 b","Kepler-838","TIC 351909828",15.74957994000,,4.6942000,5770.00,4.460000,0.960000,0.980000,"Transit","Kepler",1
"TOI-1798.02","TOI-1798","TIC 198153540",0.43781182200,,1.2152000,5165.00,,0.780000,0.870000,"Transit","Transiting Exoplanet Survey Satellite (TESS)",1
"Kepler-1755 b","Kepler-1755","TIC 239225129",24.81209946000,,,6086.00,4.511000,0.921000,1.003000,"Transit","Kepler",1
"PDS 70 c","PDS 70","TIC 179413040",,,,4109.00,4.230000,,0.982000,"Imaging","European Southern Observatory",1
"HD 93385 c","HD 93385","TIC 106900981",13.18000000000,,,5977.00,4.420000,,1.040000,"Radial Velocity","La Silla Observatory",1
"Kepler-25 b","Kepler-25","TIC 120960812",6.23829700000,,,,,1.316000,1.165000,"Transit","Kepler",1
"K2-189 b","K2-189","TIC 422349881",2.58812000000,,,5442.00,4.510000,0.879000,0.850000,"Transit","K2",1
"Kepler-1171 b","Kepler-1171","TIC 138888759",1.44259224000,,3.0151000,7044.00,4.050000,1.950000,1.580000,"Transit","Kepler",1
"Kepler-375 b","Kepler-375","TIC 299032517",12.12593400000,,3.0400000,5826.00,4.567000,0.837000,,"Transit","Kepler",1
"Kepler-1457 b","Kepler-1457","TIC 164646534",51.11102430000,,7.9870000,5866.00,4.430000,1.010000,1.010000,"Transit","Kepler",1
"HR 858 b","HR 858","TIC 178155732",3.58528700000,0.02137000,2.7050000,6354.00,4.300000,1.258000,1.204000,"Transit","Transiting Exoplanet Survey Satellite (TESS)",1
"Kepler-447 b","Kepler-447","TIC 48506505",7.79430132000,,1.1350000,5493.00,4.400000,1.050000,1.000000,"Transit","Kepler",1
"TOI-1386 b","TOI-1386","TIC 343019899",25.84010000000,,5.6703771,5735.00,4.431000,1.023500,1.036300,"Transit","Transiting Exoplanet Survey Satellite (TESS)",1
"HIP 77900 b","HIP 77900","TIC 24133681",,,,,,,,"Imaging","European Space Agency (ESA) Gaia Satellite",1
"Kepler-548 b","Kepler-548","TIC 269269546",4.45419433800,,2.3198000,5535.00,4.500000,0.900000,0.930000,"Transit","Kepler",1
"HD 224018 b","HD 224018","TIC 248608315",10.64130000000,,,5784.00,4.320000,1.147000,1.013000,"Radial Velocity","Roque de los Muchachos Observatory",1
"Kepler-1452 b","Kepler-1452","TIC 137635103",42.91375100000,,5.1210000,6101.00,3.950000,2.060000,1.410000,"Transit","Kepler",1
"Kepler-1158 b","Kepler-1158","TIC 137557778",13.53962930000,,4.3380000,6203.00,4.010000,1.950000,1.410000,"Transit","Kepler",1
"K2-111 c","K2-111","TIC 14227229",15.67480000000,,,5775.00,4.250000,1.250000,0.840000,"Radial Velocity","Multiple Observatories",1
"Kepler-692 b","Kepler-692","TIC 138728891",21.81293494000,,4.3891000,5440.00,4.530000,0.860000,0.900000,"Transit","Kepler",1
"Kepler-160 b","Kepler-160","TIC 158555483",4.30939700000,,,5471.00,,1.118000,,"Transit","Kepler",1
"WASP-4 b","WASP-4","TIC 402026209",1.33823099400,2.31200000,2.1664800,,4.472000,0.912000,0.899000,"Transit","SuperWASP",1
"K2-400 b","K2-400","TIC 345034874",3.86505300000,,,3578.00,4.847000,0.382000,0.374000,"Transit","K2",1
"Kepler-1159 b","Kepler-1159","TIC 270955277",22.70816791000,,3.6330000,6217.00,4.300000,1.280000,1.190000,"Transit","Kepler",1
"K2-63 c","K2-63","TIC 437699592",25.45560000000,,4.2400000,6771.00,4.150000,1.630000,1.400000,"Transit","K2",1
"HAT-P-38 b","HAT-P-38","TIC 285272237",4.64038200000,,3.0408000,5330.00,4.450000,0.923000,0.886000,"Transit","HATNet",1
"HD 10180 h","HD 10180","TIC 231836962",2205.00000000000,,,5911.00,4.390000,1.109000,1.060000,"Radial Velocity","La Silla Observatory",1
"Kepler-158 b","Kepler-158","TIC 120103325",16.70918400000,,2.7650000,4623.00,4.660000,0.624000,,"Transit","Kepler",1
"HU Aqr AB c","HU Aqr","TIC 364173220",4368.00000000000,,,,,,0.880000,"Eclipse Timing Variations","Yunnan Astronomical Observatory",1
"K2-229 c","K2-229","TIC 98720809",8.32727000000,0.05325000,2.5000000,5315.00,4.590000,0.790000,0.870000,"Transit","K2",1
"Kepler-1370 c","Kepler-1370","TIC 120253552",7.44142113000,,4.7310000,6202.00,4.290000,1.290000,1.190000,"Transit","Kepler",1
"LSPM J2116+0234 b","LSPM J2116+0234","TIC 387518186",14.43990000000,,,3475.00,4.950000,0.431000,0.430000,"Radial Velocity","Calar Alto Observatory",1
"Qatar-3 b","Qatar-3","TIC 291751373",2.50792040000,0.78900000,3.1104000,6007.00,4.286000,1.272000,1.145000,"Transit","Qatar",1
"Kepler-1230 b","Kepler-1230","TIC 237157859",9.95661537000,,2.8700000,5961.00,4.400000,1.080000,1.060000,"Transit","Kepler",1
"TOI-5322 b","TOI-5322","TIC 336691874",5.42332070000,1.08600000,5.1110000,5692.00,4.110000,1.462000,0.998000,"Transit","Transiting Exoplanet Survey Satellite (TESS)",1
"HD 156411 b","HD 156411","TIC 412409409",842.20000000000,,,5900.00,4.070000,2.160000,1.250000,"Radial Velocity","La Silla Observatory",1
"K2-146 c","K2-146","TIC 175261852",4.00498000000,,,3385.00,,0.330000,0.331000,"Transit","K2",1
"TOI-1782.02","TOI-1782","TIC 160045097",1.82902422700,,1.5441000,4336.00,,0.669000,0.680000,"Transit","Transiting Exoplanet Survey Satellite (TESS)",1
"Kepler-1443 b","Kepler-1443","TIC 164525743",2.41811321000,,2.1940000,6289.00,4.300000,1.270000,1.190000,"Transit","Kepler",1
"HD 109833 b","HD 109833","TIC 360630575",9.18852600000,,,5881.00,4.450000,1.000000,1.080000,"Transit","Transiting Exoplanet Survey Satellite (TESS)",1
"Gliese 12 b","Gliese 12","TIC 52005579",12.76141800000,,,3328.00,5.250000,0.265000,0.255000,"Transit","Transiting Exoplanet Survey Satellite (TESS)",1
"HD 3651 b","HD 3651","TIC 434210589",62.25000000000,,,5221.00,4.450000,,0.799000,"Radial Velocity","Multiple Observatories",1
"HD 10697 b","HD 10697","TIC 456905162",1075.37990000000,,,,,,0.990000,"Radial Velocity","W. M. Keck Observatory",1
"Kepler-1722 b","Kepler-1722","TIC 360023124",9.17856979400,,,5506.00,4.584000,0.788000,0.876000,"Transit","Kepler",1
"Kepler-506 b","Kepler-506","TIC 120317234",6.88340550000,,2.0651000,6236.00,4.360000,1.190000,1.190000,"Transit","Kepler",1
"Kepler-595 c","Kepler-595","TIC 27231753",12.38602000000,,,,,0.821000,0.930000,"Transit","Kepler",1
"HD 20794 d","HD 20794","TIC 301051051",89.68000000000,,,5368.00,4.390000,0.930000,0.790000,"Radial Velocity","La Silla Observatory",1
"Kepler-368 c","Kepler-368","TIC 63066763",72.37933400000,,7.6850000,5502.00,3.903000,2.019000,,"Transit","Kepler",1
"Kepler-1545 b","Kepler-1545","TIC 268382450",163.69234900000,,6.8560000,5201.00,4.570000,0.800000,0.840000,"Transit","Kepler",1
"K2-192 b","K2-192","TIC 187273811",4.16281700000,,,5222.00,4.570000,0.810000,0.900000,"Transit","K2",1
"Kepler-124 d","Kepler-124","TIC 399860218",30.95085100000,,4.1960000,4984.00,4.669000,0.636000,,"Transit","Kepler",1
"MOA-2011-BLG-291L b","MOA-2011-BLG-291L",,,,,,,,0.150000,"Microlensing","MOA",1
"HD 95127 b","HD 95127","TIC 252794572",482.00000000000,,,4218.00,1.780000,41.010000,3.700000,"Radial Velocity","McDonald Observatory",1
"HD 112570 b","HD 112570","TIC 137004295",2615.00000000000,,,4750.00,2.510000,9.850000,1.150000,"Radial Velocity","Multiple Observatories",1
"TOI-1243 b","TOI-1243","TIC 219698776",4.65947790000,,,3515.00,4.730000,0.511000,0.515000,"Transit","Transiting Exoplanet Survey Satellite (TESS)",1
"Kepler-1421 b","Kepler-1421","TIC 399826842",6.91311120000,,4.7680000,6335.00,4.230000,1.420000,1.250000,"Transit","Kepler",1
"Kepler-732 c","Kepler-732","TIC 164555597",0.89304123600,,1.1042000,3631.00,4.790000,0.460000,0.490000,"Transit","Kepler",1
"Kepler-1845 b","Kepler-1845","TIC 137892408",11.60649967000,,,4703.00,4.582000,0.701000,0.686000,"Transit","Kepler",1
"OGLE-2018-BLG-0383L b","OGLE-2018-BLG-0383L",,,,,,,,0.100000,"Microlensing","OGLE",1
"Kepler-1141 b","Kepler-1141","TIC 159393734",2.34451194400,,1.3980000,5791.00,4.380000,1.070000,1.010000,"Transit","Kepler",1
"HD 160691 d","HD 160691","TIC 362661163",9.63920000000,,,5773.00,4.200000,1.330000,1.130000,"Radial Velocity","La Silla Observatory",1
"K2-185 b","K2-185","TIC 337607207",10.61638400000,,2.6000000,5788.00,4.480000,0.940000,0.960000,"Transit","K2",1
"47 UMa d","47 UMa","TIC 21535479",14002.00000000000,,,5872.00,4.295410,1.213340,1.060000,"Radial Velocity","Lick Observatory",1
"Kepler-286 b","Kepler-286","TIC 290035455",1.79630200000,,1.9740000,5580.00,4.495000,0.863000,,"Transit","Kepler",1
"Kepler-1721 b","Kepler-1721","TIC 164527535",4.59238004700,,,5351.00,4.582000,0.796000,0.890000,"Transit","Kepler",1
"Kepler-344 c","Kepler-344","TIC 63289452",125.59680900000,,7.5330000,5774.00,4.451000,0.976000,,"Transit","Kepler",1
"Kepler-687 b","Kepler-687","TIC 121988890",20.50586978000,,4.0602000,4841.00,4.600000,0.730000,0.770000,"Transit","Kepler",1
"Kepler-622 b","Kepler-622","TIC 120254625",14.28226676000,,2.7398000,4201.00,4.670000,0.610000,0.640000,"Transit","Kepler",1
"TOI-1291 b","TOI-1291","TIC 198186769",7.16200975510,,8.0974658,6139.95,4.095900,1.810900,,"Transit","Transiting Exoplanet Survey Satellite (TESS)",1
"Kepler-495 c","Kepler-495","TIC 120692092",5.89660978300,,,5392.00,4.314000,1.087000,0.888000,"Transit","Kepler",1
"HD 68988 b","HD 68988","TIC 73312938",6.27711000000,,,5932.00,4.400000,1.190000,1.280000,"Radial Velocity","Multiple Observatories",1
"KMT-2018-BLG-1988L b","KMT-2018-BLG-1988L",,,,,,,,0.470000,"Microlensing","KMTNet",1
"TOI-1859 b","TOI-1859","TIC 229742722",63.48347000000,,,6341.00,4.285000,1.360000,1.287000,"Transit","Transiting Exoplanet Survey Satellite (TESS)",1
"TOI-1736 c","TOI-1736","TIC 408618999",571.25000000000,,,5636.00,4.142000,1.428600,1.037300,"Radial Velocity","Haute-Provence Observatory",1
"Kepler-1321 d","Kepler-1321","TIC 271165895",5.72092008600,,,3640.00,4.744000,0.503000,0.513000,"Transit","Kepler",1
"Kepler-30 d","Kepler-30","TIC 399794329",143.34394000000,0.83000000,,5498.00,4.770000,0.950000,0.990000,"Transit","Kepler",1
"KMT-2024-BLG-1209L b","KMT-2024-BLG-1209L",,,,,,,,0.770000,"Microlensing","KMTNet",1
"TOI-1994 b","TOI-1994","TIC 445903569",4.03371420000,0.29690000,4.0440000,7700.00,3.982000,2.300000,1.860000,"Transit","Transiting Exoplanet Survey Satellite (TESS)",1
"TOI-5788 b","TOI-5788","TIC 42883782",6.34075800000,,,5615.00,4.420000,0.870000,0.870000,"Transit","Transiting Exoplanet Survey Satellite (TESS)",1
"Kepler-1591 b","Kepler-1591","TIC 272491028",8.18504949000,,4.2140000,6082.00,4.350000,1.160000,1.100000,"Transit","Kepler",1
"Kepler-310 d","Kepler-310","TIC 158840828",92.87612500000,,7.1260000,5797.00,4.521000,0.876000,,"Transit","Kepler",1
"Kepler-166 b","Kepler-166","TIC 26814955",7.65025400000,,2.7490000,5413.00,4.619000,0.742000,,"Transit","Kepler",1
"HATS-58 A b","HATS-58 A","TIC 21113347",4.21808960000,,3.1800000,7175.00,4.292000,1.433000,1.461000,"Transit","HATSouth",1
"HD 215152 e","HD 215152","TIC 251042502",25.19670000000,,,4935.00,4.400000,0.730000,0.770000,"Radial Velocity","La Silla Observatory",1
"K2-3 b","K2-3","TIC 173103335",10.05465350000,,,3844.00,4.704000,0.546000,0.549000,"Transit","K2",1
"Kepler-1463 b","Kepler-1463","TIC 271051532",25.15864000000,,5.1800000,5679.00,4.470000,0.950000,0.960000,"Transit","Kepler",1
"HD 75289 b","HD 75289","TIC 181741837",3.50927000000,,,6117.00,4.370000,1.230000,1.290000,"Radial Velocity","La Silla Observatory",1
"Kepler-339 b","Kepler-339","TIC 26817284",4.97765600000,,2.5530000,5631.00,4.586000,0.802000,,"Transit","Kepler",1
"TOI-3912 b","TOI-3912","TIC 156648452",3.49362640000,0.88500000,3.5570000,5725.00,4.188000,1.392000,1.088000,"Transit","Transiting Exoplanet Survey Satellite (TESS)",1
"Kepler-1844 b","Kepler-1844","TIC 137817056",3.92451000200,,,5776.00,4.554000,0.849000,0.939000,"Transit","Kepler",1
"eps Tau b","eps Tau","TIC 17554529",585.82000000000,,,4877.00,2.660000,12.350000,2.570000,"Radial Velocity","Okayama Astrophysical Observatory",1
"HD 216520 b","HD 216520","TIC 264899051",35.45000000000,,,5103.00,4.540000,0.760000,0.820000,"Radial Velocity","Multiple Observatories",1
"OGLE-TR-113 b","OGLE-TR-113","TIC 915110182",1.43247520000,2.10300000,,4790.00,4.552000,0.774000,0.779000,"Transit","OGLE",1
"Kepler-31 c","Kepler-31","TIC 270788519",42.63180000000,0.17290000,6.0240000,6340.00,4.696000,1.220000,1.210000,"Transit","Kepler",1
"Kepler-1952 b","Kepler-1952","TIC 158635959",27.21080017000,,,5973.00,4.171000,1.305000,0.922000,"Transit","Kepler",1
"Kepler-405 c","Kepler-405","TIC 137150544",29.72668200000,,1.5340000,5818.00,4.536000,0.893000,,"Transit","Kepler",1
"HD 20003 b","HD 20003","TIC 370137704",11.84820000000,,,5494.00,4.410000,,0.875000,"Radial Velocity","La Silla Observatory",1
"HD 207832 c","HD 207832","TIC 53895723",1155.70000000000,,,5710.00,4.502000,0.901000,0.940000,"Radial Velocity","W. M. Keck Observatory",1
"Qatar-2 b","Qatar-2","TIC 2521105",1.33711647000,,,4645.00,4.530000,0.776000,0.743000,"Transit","Qatar",1
"HD 93351 c","HD 93351","TIC 318093199",14010.29410000000,,,,,,0.940000,"Radial Velocity","Multiple Observatories",1
"Kepler-1118 b","Kepler-1118","TIC 239238425",38.67150750000,,5.5670000,5688.00,4.460000,0.970000,0.960000,"Transit","Kepler",1
"K2-331 c","K2-331","TIC 46296576",22.99659100000,,4.4300000,5994.00,4.430000,1.060000,1.100000,"Transit","K2",1
"Kepler-1746 b","Kepler-1746","TIC 158722379",321.21200560000,,,6018.00,4.257000,1.286000,1.090000,"Transit","Kepler",1
"WASP-28 b","WASP-28","TIC 398572544",3.40883495000,1.33960000,3.2388000,,,1.083000,0.993000,"Transit","SuperWASP",1
"HD 11506 c","HD 11506","TIC 266680498",223.92000000000,,,6123.00,4.390000,,1.220000,"Radial Velocity","W. M. Keck Observatory",1
"HD 25912 c","HD 25912","TIC 237356930",26308.65619000000,,,,,,1.080000,"Radial Velocity","Multiple Observatories",1
"GJ 900 b","GJ 900 A","TIC 422618003",,,,,,,1.080000,"Imaging","Multiple Observatories",1
"K2-19 c","K2-19","TIC 281885301",11.90600000000,,,5322.00,4.510000,0.820000,0.880000,"Transit","K2",1
"CoRoT-24 c","CoRoT-24","TIC 36105482",11.75900000000,,4.8000000,4950.00,4.550000,0.860000,0.910000,"Transit","CoRoT",1
"HATS-18 b","HATS-18","TIC 14614418",0.83784000000,,1.9440000,5600.00,,1.020000,1.037000,"Transit","Multiple Observatories",1
"Kepler-403 b","Kepler-403","TIC 159174926",7.03146200000,,5.8480000,6090.00,4.266000,1.329000,,"Transit","Kepler",1
"HATS-74 A b","HATS-74 A","TIC 219189765",1.73185606000,,1.6533600,3776.90,4.696000,0.575800,0.601000,"Transit","HATSouth",1
"Kepler-1048 b","Kepler-1048","TIC 123408693",6.92101021000,,4.2469000,4651.00,4.620000,0.700000,0.750000,"Transit","Kepler",1
"Kepler-1023 b","Kepler-1023","TIC 299154193",62.13877140000,,4.1578000,5494.00,4.510000,0.890000,0.930000,"Transit","Kepler",1
"TOI-880 c","TOI-880","TIC 34077285",6.38727030000,,2.3430000,5050.00,4.530000,0.830000,0.870000,"Transit","Transiting Exoplanet Survey Satellite (TESS)",1
"HD 205739 b","HD 205739","TIC 270501383",279.80000000000,,,6176.00,4.290000,1.330000,1.220000,"Radial Velocity","Las Campanas Observatory",1
"HD 194490 b","HD 194490","TIC 100272295",13092.18348000000,,,,,,1.060000,"Radial Velocity","Multiple Observatories",1
"Kepler-254 c","Kepler-254","TIC 158665380",12.41218300000,,3.3620000,5957.00,4.524000,0.910000,,"Transit","Kepler",1
"HAT-P-34 b","HAT-P-34","TIC 278348461",5.45265400000,,,6442.00,,1.530000,1.392000,"Transit","HATNet",1
"K2-377 b","K2-377","TIC 422325510",12.83223500000,,,4200.00,4.673000,0.691000,0.821000,"Transit","K2",1
"TOI-1036 b","TOI-1036","TIC 146172354",3.77952125496,,3.2904618,5664.68,4.258200,1.175540,,"Transit","Transiting Exoplanet Survey Satellite (TESS)",1
"Kepler-554 b","Kepler-554","TIC 27843707",1.90220855600,,2.2077300,5447.00,4.490000,0.920000,0.930000,"Transit","Kepler",1
"HAT-P-42 b","HAT-P-42","TIC 270468559",4.64187800000,,4.0344000,5743.00,4.140000,1.530000,1.178000,"Transit","HATNet",1
"TOI-2407 b","TOI-2407","TIC 153078576",2.70296900000,,1.7000000,3530.00,,0.567000,0.548000,"Transit","Transiting Exoplanet Survey Satellite (TESS)",1
"KOI-217 b","KOI-217","TIC 271354351",3.90512000000,1.75600000,,5545.00,,0.860000,0.950000,"Transit","Kepler",1
"Kepler-803 b","Kepler-803","TIC 268608781",50.28638192000,,6.3668000,5919.00,4.360000,1.120000,1.050000,"Transit","Kepler",1
"HD 215152 c","HD 215152","TIC 251042502",7.28243000000,,,4935.00,4.400000,0.730000,0.770000,"Radial Velocity","La Silla Observatory",1
"HIP 78530 b","HIP 78530","TIC 1259690584",,,,10500.00,,,2.500000,"Imaging","Gemini Observatory",1
"WASP-98 b","WASP-98","TIC 166833457",2.96264036000,,,5473.00,4.606000,0.741000,0.809000,"Transit","SuperWASP",1
"Kepler-2000 b","Kepler-2000","TIC 350814495",6.38315913500,0.23132000,1.7504000,3757.00,4.681000,0.576000,0.581000,"Transit","Kepler",1
"CoRoT-7 b","CoRoT-7","TIC 280304863",0.85359163000,0.03500000,,5275.00,4.500000,0.830000,0.820000,"Transit","CoRoT",1
"CoRoT-5 b","CoRoT-5","TIC 234112540",4.03789620000,1.46100000,,6100.00,4.190000,1.186000,1.000000,"Transit","CoRoT",1
"Kepler-1678 b","Kepler-1678","TIC 137687119",147.97400000000,,,5754.00,4.607560,0.834976,1.030000,"Transit","Kepler",1
"Kepler-1705 c","Kepler-1705","TIC 185335907",11.28000000000,,,6312.00,4.298000,1.259000,1.139000,"Transit","Kepler",1
"K2-255 b","K2-255","TIC 51664268",1.96417000000,0.18300000,1.1000000,4676.00,4.620000,0.690000,0.710000,"Transit","K2",1
"HD 82943 b","HD 82943","TIC 405485269",441.47000000000,,,5935.00,4.325820,1.182600,1.080000,"Radial Velocity","La Silla Observatory",1
"TOI-1203.01","TOI-1203","TIC 23434737",25.50267200000,,6.1530000,5737.00,4.340000,1.179000,0.886000,"Transit","Transiting Exoplanet Survey Satellite (TESS)",1
"HD 102272 b","HD 102272","TIC 82605074",127.58000000000,,,4790.00,2.580000,10.300000,1.450000,"Radial Velocity","McDonald Observatory",1
"HD 66428 b","HD 66428","TIC 73238215",2269.81726000000,,,,,,1.010000,"Radial Velocity","W. M. Keck Observatory",1
"WASP-26 b","WASP-26","TIC 32487566",2.75660000000,1.00000000,,6034.00,4.440000,1.220000,0.860000,"Transit","SuperWASP",1
"Kepler-1578 b","Kepler-1578","TIC 158662813",1.45088690700,,1.7810000,5545.00,4.530000,0.860000,0.900000,"Transit","Kepler",1
"Kepler-1756 b","Kepler-1756","TIC 377910183",2.35575008400,,,4915.00,4.512000,0.812000,0.781000,"Transit","Kepler",1
"HAT-P-7 b","HAT-P-7","TIC 424865156",2.20474000000,0.60000000,,6389.00,4.070000,2.000000,1.560000,"Transit","HATNet",1
"Kepler-960 b","Kepler-960","TIC 123357476",3.12686223000,,1.1975000,4755.00,4.610000,0.720000,0.770000,"Transit","Kepler",1
"OGLE-2017-BLG-1140L b","OGLE-2017-BLG-1140L",,,,,,,,0.211000,"Microlensing","OGLE",1
"Kepler-114 d","Kepler-114","TIC 27011135",11.77600000000,,,,4.720000,0.540000,0.560000,"Transit","Kepler",1
"OGLE-2019-BLG-0954L b","OGLE-2019-BLG-0954L",,,,,,,,0.800000,"Microlensing","OGLE",1
"HD 235088 b","HD 235088","TIC 293954617",7.43413250000,,2.6730000,5075.00,4.550000,0.772000,0.849000,"Transit","Transiting Exoplanet Survey Satellite (TESS)",1
"HD 35843 b","HD 35843","TIC 7422496",9.89910000000,,,5666.00,4.470000,0.897000,0.940000,"Radial Velocity","Paranal Observatory",1
"Kepler-57 b","Kepler-57","TIC 270615136",5.72000000000,,,5187.90,,0.826000,0.859000,"Transit","Kepler",1
"HD 240237 b","HD 240237","TIC 323919676",745.70001000000,,,3926.00,1.670000,71.230000,8.760000,"Radial Velocity","McDonald Observatory",1
"Kepler-242 c","Kepler-242","TIC 120899945",14.49648100000,,3.2220000,5020.00,4.492000,0.850000,,"Transit","Kepler",1
"Kepler-321 b","Kepler-321","TIC 271046140",4.91537900000,,2.7250000,5740.00,4.302000,1.194000,,"Transit","Kepler",1
"Kepler-1063 b","Kepler-1063","TIC 122451550",14.07971466000,,1.3354000,5945.00,4.370000,1.140000,1.090000,"Transit","Kepler",1
"Kepler-1407 b","Kepler-1407","TIC 120042828",20.07115040000,,6.1370000,6010.00,4.360000,1.150000,1.100000,"Transit","Kepler",1
"HD 113538 b","HD 113538","TIC 422214062",663.20000000000,,,4462.00,3.790000,0.530000,0.585000,"Radial Velocity","La Silla Observatory",1
"OGLE-2019-BLG-0468L c","OGLE-2019-BLG-0468L",,,,,,,,0.920000,"Microlensing","OGLE",1
"GJ 273 b","GJ 273","TIC 318686860",18.64980000000,,,3382.00,,0.293000,0.290000,"Radial Velocity","La Silla Observatory",1
"TOI-1294 c","TOI-1294","TIC 219015370",159.90000000000,,,5718.00,4.119000,1.556600,1.157800,"Radial Velocity","W. M. Keck Observatory",1
"TOI-640 b","TOI-640","TIC 147977348",5.00377700000,,3.6960000,6460.00,3.987000,2.082000,1.536000,"Transit","Transiting Exoplanet Survey Satellite (TESS)",1
"Kepler-603 d","Kepler-603","TIC 270948636",6.21712920000,,3.7010000,5808.00,4.430000,1.010000,1.010000,"Transit","Kepler",1
"GJ 625 b","GJ 625","TIC 207492082",14.62800000000,,,3499.00,4.940000,0.310000,0.300000,"Radial Velocity","Multiple Observatories",1
"TOI-3160 A b","TOI-3160 A","TIC 440872576",3.97128100000,0.87800000,2.9950000,6190.00,4.217000,1.346000,1.088000,"Transit","Transiting Exoplanet Survey Satellite (TESS)",1
"TOI-620 b","TOI-620","TIC 296739893",5.09881790000,0.39300000,1.3600000,3708.00,4.718000,0.550000,0.577000,"Transit","Transiting Exoplanet Survey Satellite (TESS)",1
"K2-368 d","K2-368","TIC 38136597",20.20108500000,,,4663.00,4.667000,0.663000,0.746000,"Transit","K2",1
"Kepler-910 b","Kepler-910","TIC 272178989",2.36436901500,,3.2852000,6230.00,4.190000,1.500000,1.260000,"Transit","Kepler",1
"Kepler-1837 b","Kepler-1837","TIC 158665571",5.90608978300,,,5966.00,4.493000,0.961000,1.049000,"Transit","Kepler",1
"CoRoT-23 b","CoRoT-23","TIC 108155949",3.63130000000,,3.8880000,5900.00,4.300000,1.610000,1.140000,"Transit","CoRoT",1
"HD 34445 f","HD 34445","TIC 284907742",676.80000000000,,,5836.00,4.210000,1.380000,1.070000,"Radial Velocity","Multiple Observatories",1
"TOI-808 b","TOI-808","TIC 30122649",9.73944854026,,3.4986254,5078.20,4.506900,0.833198,,"Transit","Transiting Exoplanet Survey Satellite (TESS)",1
"CoRoT-22 b","CoRoT-22","TIC 323094535",9.75598000000,,4.4920000,5939.00,4.361000,1.136000,1.099000,"Transit","CoRoT",1
"HIP 65 A b","HIP 65 A","TIC 201248411",0.98097340000,8.20000000,0.7857600,4590.00,4.611000,0.724200,0.781000,"Transit","Transiting Exoplanet Survey Satellite (TESS)",1
"HD 28471 c","HD 28471","TIC 38698692",6.12450000000,,,5766.00,4.380000,1.080000,0.980000,"Radial Velocity","La Silla Observatory",1
"Kepler-1091 b","Kepler-1091","TIC 269262974",1.43474156400,,1.8811000,5851.00,4.420000,1.030000,1.010000,"Transit","Kepler",1
"K2-101 b","K2-101","TIC 175265494",14.67624290000,,,4927.00,4.590000,0.760000,0.820000,"Transit","K2",1
"HATS-70 b","HATS-70","TIC 98545929",1.88823780000,,3.6240000,7930.00,4.167000,1.881000,1.780000,"Transit","HATSouth",1
"Kepler-355 c","Kepler-355","TIC 279915745",25.76229400000,,6.8160000,6184.00,4.441000,1.066000,,"Transit","Kepler",1
"TOI-1873 b","TOI-1873","TIC 328933398",7.00572708834,,3.1364584,5597.99,4.476200,0.971675,,"Transit","Transiting Exoplanet Survey Satellite (TESS)",1
"TOI-1478 b","TOI-1478","TIC 409794137",10.18021170000,0.10936000,4.1310000,,,,,"Transit","Transiting Exoplanet Survey Satellite (TESS)",1
"Kepler-295 b","Kepler-295","TIC 164890864",12.64516400000,,8.6130000,5603.00,4.444000,0.898000,,"Transit","Kepler",1
"Kepler-1173 b","Kepler-1173","TIC 275490034",0.76985360000,,1.0276000,5252.00,4.550000,0.820000,0.860000,"Transit","Kepler",1
"Kepler-796 b","Kepler-796","TIC 121214909",6.40087618000,,2.5038000,5475.00,4.330000,1.090000,0.930000,"Transit","Kepler",1
"Kepler-1667 b","Kepler-1667","TIC 48353636",83.57810000000,,,5941.54,4.402630,1.087510,1.090000,"Transit","Kepler",1
"TOI-6086 b","TOI-6086","TIC 18318288",1.38887250000,0.15310000,0.7000000,3200.00,5.010000,0.259000,0.254000,"Transit","Transiting Exoplanet Survey Satellite (TESS)",1
"Kepler-148 c","Kepler-148","TIC 159171904",4.18004300000,,2.4820000,5272.00,4.546000,0.851000,,"Transit","Kepler",1
"Barnard c","Barnard's star","TIC 325554331",4.12440000000,,,3195.00,4.900000,0.185000,0.162000,"Radial Velocity","Gemini Observatory",1
"Kepler-682 b","Kepler-682","TIC 299161524",12.61190667200,,5.1636000,5559.00,4.510000,0.890000,0.920000,"Transit","Kepler",1
"TOI-4898 b","TOI-4898","TIC 124235800",2.76520470167,,1.4486675,4201.57,4.636100,0.639344,,"Transit","Transiting Exoplanet Survey Satellite (TESS)",1
"HD 206893 c","HD 206893","TIC 155782207",2290.00000000000,,,,,,1.310000,"Imaging","European Southern Observatory",1
"TOI-2093 b","TOI-2093","TIC 402898317",12.83600000000,,,4426.00,4.870000,0.729000,0.745000,"Radial Velocity","Calar Alto Observatory",1
"KOI-55 c","KOI-55","TIC 184427882",0.34288700000,,,27730.00,5.520000,0.203000,0.496000,"Orbital Brightness Modulation","Kepler",1
"TrES-2 b","TrES-2","TIC 399860444",2.47063000000,1.60000000,,5850.00,4.430000,1.120000,1.360000,"Transit","TrES",1
"Kepler-588 b","Kepler-588","TIC 164723136",4.22162535700,,2.8959000,5835.00,4.440000,1.000000,1.010000,"Transit","Kepler",1
"HAT-P-68 b","HAT-P-68","TIC 63189173",2.29840551000,,2.0868000,4508.00,4.615000,0.670100,0.678500,"Transit","HATNet",1
"KOBE-1 b","KOBE-1","TIC 16917838",8.53990000000,,,4135.00,5.070000,0.619000,0.629000,"Radial Velocity","Calar Alto Observatory",1
"Kepler-553 c","Kepler-553","TIC 264508613",328.24017000000,1.38700000,12.2500000,5191.00,4.480000,0.902000,0.889000,"Transit","Kepler",1
"Kepler-84 b","Kepler-84","TIC 170646917",8.72600000000,,,,4.130000,1.430000,1.000000,"Transit","Kepler",1
"Kepler-350 b","Kepler-350","TIC 120498491",11.18956200000,,5.1200000,6186.00,4.150000,1.534000,,"Transit","Kepler",1
"Kepler-1352 b","Kepler-1352","TIC 290034960",1.87788274800,,2.3270000,6118.00,4.350000,1.160000,1.110000,"Transit","Kepler",1
"HD 20781 c","HD 20781","TIC 144503312",13.89050000000,,,5256.00,4.370000,,0.700000,"Radial Velocity","La Silla Observatory",1
"Kepler-1584 b","Kepler-1584","TIC 158556108",13.39970990000,,3.5320000,6069.00,4.370000,1.130000,1.100000,"Transit","Kepler",1
"Kepler-335 b","Kepler-335","TIC 272085033",6.56233100000,,4.0350000,5877.00,4.017000,1.854000,,"Transit","Kepler",1
"Kepler-129 b","Kepler-129","TIC 164999822",15.79000000000,,,5770.00,,1.653000,1.178000,"Transit","Kepler",1
"Kepler-1556 b","Kepler-1556","TIC 121603852",8.82713457000,,2.0860000,5608.00,4.470000,0.950000,0.970000,"Transit","Kepler",1
"TOI-1199 b","TOI-1199","TIC 99869022",3.67146300000,,,5710.00,4.190000,1.450000,1.230000,"Transit","Transiting Exoplanet Survey Satellite (TESS)",1
"WASP-53 b","WASP-53","TIC 268766053",3.30984430000,,,4953.00,4.553000,0.798000,0.839000,"Transit","Multiple Facilities",1
"Kepler-1300 b","Kepler-1300","TIC 121865605",22.24190920000,,7.2550000,6130.00,4.040000,1.790000,1.290000,"Transit","Kepler",1
"Kepler-381 c","Kepler-381","TIC 164884235",13.39163500000,,3.4170000,6152.00,4.120000,1.568000,,"Transit","Kepler",1
"TOI-5486 b","TOI-5486","TIC 291109653",2.02470073205,,1.6549918,3750.17,4.614200,0.553216,,"Transit","Transiting Exoplanet Survey Satellite (TESS)",1
"Kepler-65 c","Kepler-65","TIC 121731834",5.85994400000,0.02820000,3.9280000,6211.00,4.232000,1.410000,1.250000,"Transit","Kepler",1
"Kepler-1623 b","Kepler-1623","TIC 138572691",4.36128348000,,2.0580000,5772.00,4.440000,1.000000,1.000000,"Transit","Kepler",1
"Kepler-1120 b","Kepler-1120","TIC 159573412",2.94902905200,,2.0393000,4904.00,4.600000,0.740000,0.780000,"Transit","Kepler",1
"HIP 54373 c","HIP 54373","TIC 410407964",15.14400000000,,,4021.00,,,0.570000,"Radial Velocity","Las Campanas Observatory",1
"TOI-1467 b","TOI-1467","TIC 240968774",5.97114713000,,1.5784000,3834.00,,0.491000,0.489000,"Transit","Transiting Exoplanet Survey Satellite (TESS)",1
"K2-7 b","K2-7","TIC 53210555",28.67810000000,0.05800000,7.5816000,5700.00,4.092000,1.533000,1.056000,"Transit","K2",1
"Kepler-1510 b","Kepler-1510","TIC 416529246",84.70392100000,,10.4470000,6200.00,4.290000,1.280000,1.190000,"Transit","Kepler",1
"GJ 3998 b","GJ 3998","TIC 459558974",2.65033000000,,,3726.00,4.750000,0.500000,0.520000,"Radial Velocity","Roque de los Muchachos Observatory",1
"Kepler-619 d","Kepler-619","TIC 417659212",11.67894236000,0.11851000,1.2641000,6122.00,4.487000,0.964000,1.041000,"Transit","Kepler",1
"K2-161 b","K2-161","TIC 349445839",9.28318800000,,,4972.00,3.630000,2.568173,0.986876,"Transit","K2",1
"TOI-2257 b","TOI-2257","TIC 198485881",35.18934600000,0.41300000,3.8460000,3430.00,4.971000,0.313000,0.328000,"Transit","Transiting Exoplanet Survey Satellite (TESS)",1
"Kepler-179 b","Kepler-179","TIC 268057162",2.73592600000,,1.9870000,5302.00,4.613000,0.759000,,"Transit","Kepler",1
"TOI-2545 b","TOI-2545","TIC 149845414",7.99403700000,,,5846.29,4.265250,1.253240,1.055000,"Transit","Transiting Exoplanet Survey Satellite (TESS)",1
"Kepler-233 b","Kepler-233","TIC 27843776",8.47238200000,,2.6970000,5360.00,4.614000,0.758000,,"Transit","Kepler",1
"Kepler-1041 b","Kepler-1041","TIC 27007509",24.75764210000,,7.3610000,5957.00,4.400000,1.080000,1.060000,"Transit","Kepler",1
"Kepler-1738 b","Kepler-1738","TIC 272080244",7.67463016500,,,6063.00,4.470000,1.001000,1.079000,"Transit","Kepler",1
"K2-251 b","K2-251","TIC 156584871",9.30075000000,0.21400000,2.7000000,3717.00,4.760000,0.490000,0.520000,"Transit","K2",1
"Kepler-1948 b","Kepler-1948","TIC 158489110",15.57129955000,,,3872.00,4.714000,0.557000,0.585000,"Transit","Kepler",1
"Kepler-26 c","Kepler-26","TIC 164833065",17.25590000000,,,3914.00,,0.512000,0.544000,"Transit","Kepler",1
"TOI-1803 b","TOI-1803","TIC 144401492",6.29328700000,,2.5900000,4687.00,4.620000,0.715000,0.756000,"Transit","Transiting Exoplanet Survey Satellite (TESS)",1
"Kepler-887 c","Kepler-887","TIC 122293639",7.63846023000,,3.9710000,6194.00,4.290000,1.290000,1.190000,"Transit","Kepler",1
"Kepler-750 b","Kepler-750","TIC 158931258",9.42887179000,,4.4123000,6160.00,4.320000,1.230000,1.150000,"Transit","Kepler",1
"Kepler-146 b","Kepler-146","TIC 138569990",31.15879900000,,5.1890000,5948.00,4.312000,1.208000,,"Transit","Kepler",1
"Kepler-675 b","Kepler-675","TIC 27006665",2.33743801000,,2.0140000,4945.00,4.600000,0.750000,0.790000,"Transit","Kepler",1
"HD 68988 c","HD 68988","TIC 73312938",16000.00000000000,,,5883.41,4.309234,1.255733,1.171665,"Radial Velocity","Multiple Observatories",1
"Kepler-1082 b","Kepler-1082","TIC 299218775",1.54320660400,,2.6094000,5923.00,4.330000,1.140000,1.030000,"Transit","Kepler",1
"WASP-8 c","WASP-8","TIC 183532609",4323.00000000000,,,,,,1.040000,"Radial Velocity","SuperWASP",1
"Kepler-288 d","Kepler-288","TIC 121785939",56.63374200000,,6.0390000,5918.00,4.353000,1.091000,,"Transit","Kepler",1
"OGLE-2012-BLG-0724L b","OGLE-2012-BLG-0724L",,,,,,,,0.290000,"Microlensing","OGLE",1
"Kepler-1251 b","Kepler-1251","TIC 26583618",45.09046430000,,3.9050000,5545.00,4.510000,0.890000,0.920000,"Transit","Kepler",1
"KMT-2023-BLG-0466L b","KMT-2023-BLG-0466L",,,,,,,,0.440000,"Microlensing","KMTNet",1
"TOI-544 b","TOI-544","TIC 50618703",1.54835200000,,1.2100000,4169.00,4.680000,0.623000,0.631000,"Transit","Transiting Exoplanet Survey Satellite (TESS)",1
"Kepler-1390 b","Kepler-1390","TIC 264508835",6.48021673000,,3.2110000,5753.00,4.450000,0.980000,0.980000,"Transit","Kepler",1
"Kepler-128 b","Kepler-128","TIC 123490545",15.00000000000,,,6072.00,,1.659000,1.184000,"Transit","Kepler",1
"HIP 79431 b","HIP 79431","TIC 49324530",111.70000000000,,,3191.00,,,0.490000,"Radial Velocity","W. M. Keck Observatory",1
"Kepler-512 b","Kepler-512","TIC 28448711",34.43587975000,,5.8266000,5997.00,4.280000,1.300000,1.170000,"Transit","Kepler",1
"Kepler-358 c","Kepler-358","TIC 26815908",83.48836900000,,6.0880000,5908.00,4.504000,0.954000,,"Transit","Kepler",1
"TOI-3135 b","TOI-3135","TIC 448098793",3.70655850000,1.61600000,2.2300000,5890.00,4.469000,0.985000,1.044000,"Transit","Transiting Exoplanet Survey Satellite (TESS)",1
"K2-127 b","K2-127","TIC 187309502",3.58816300000,,,4575.00,4.650000,0.660000,0.720000,"Transit","K2",1
"Kepler-151 b","Kepler-151","TIC 137410997",15.22895800000,,2.6450000,5460.00,4.555000,0.830000,,"Transit","Kepler",1
"Kepler-236 b","Kepler-236","TIC 120044687",8.29561100000,,1.3280000,3750.00,4.753000,0.510000,,"Transit","Kepler",1
"Kepler-976 b","Kepler-976","TIC 159174942",105.95641480000,,6.9860000,5232.00,4.550000,0.830000,0.870000,"Transit","Kepler",1
"HD 156098 b","HD 156098","TIC 152449405",21.85849000000,,,,,,1.290000,"Radial Velocity","Multiple Observatories",1
"HD 159243 b","HD 159243","TIC 348652846",12.62000000000,,,6123.00,4.550000,1.120000,1.125000,"Radial Velocity","Haute-Provence Observatory",1
"HD 106252 b","HD 106252","TIC 397558558",1535.00000000000,,,,,,1.050000,"Radial Velocity","Lick Observatory",1
"Kepler-408 b","Kepler-408","TIC 48450369",2.46502000000,,,6104.00,4.294000,1.230000,1.080000,"Transit","Kepler",1
"Kepler-1401 b","Kepler-1401","TIC 121272493",11.20066445000,,3.7860000,5964.00,4.390000,1.100000,1.070000,"Transit","Kepler",1
"HD 60532 b","HD 60532","TIC 456871289",201.90000000000,,,6245.00,3.800000,2.570000,1.500000,"Radial Velocity","La Silla Observatory",1
"Kepler-1184 b","Kepler-1184","TIC 159725400",53.59910440000,,6.6620000,5983.00,4.410000,1.070000,1.050000,"Transit","Kepler",1
"HD 107148 b","HD 107148","TIC 66666079",48.05600000000,,,5797.00,4.446000,,1.120000,"Radial Velocity","W. M. Keck Observatory",1
"Kepler-350 d","Kepler-350","TIC 120498491",26.13600000000,,,,4.240000,1.250000,1.000000,"Transit","Kepler",1
"K2-269 b","K2-269","TIC 21339280",4.14496500000,,,6209.00,4.180000,1.450000,1.160000,"Transit","K2",1
"GJ 163 c","GJ 163","TIC 219221189",25.63058000000,,,,,,,"Radial Velocity","La Silla Observatory",1
"HAT-P-16 b","HAT-P-16","TIC 191284318",,,,,,,,"Transit","HATNet",1
"K2-375 b","K2-375","TIC 175290532",14.45389500000,,,5822.00,4.107000,1.543000,1.119000,"Transit","K2",1
"Kepler-1961 b","Kepler-1961","TIC 120821730",5.60471010200,,,5401.00,4.593000,0.777000,0.871000,"Transit","Kepler",1
"Kepler-278 c","Kepler-278","TIC 122225232",51.11100000000,,,4965.00,3.580000,2.861000,1.227000,"Transit","Kepler",1
"Kepler-1492 b","Kepler-1492","TIC 121660826",16.75255007000,,3.1840000,4712.00,4.620000,0.720000,0.770000,"Transit","Kepler",1
"K2-279 b","K2-279","TIC 709015",7.12260500000,,,5558.00,4.460000,0.860000,0.790000,"Transit","K2",1
"HD 9174 b","HD 9174","TIC 439501096",1179.00000000000,,,5577.00,4.030000,1.670000,1.030000,"Radial Velocity","Multiple Observatories",1
"AB Aur b","AB Aur","TIC 96680681",,,,9770.00,,,2.400000,"Imaging","Subaru Telescope",1
"TOI-1723 b","TOI-1723","TIC 71431780",13.72701264300,,4.2326000,5777.00,,1.090000,1.040000,"Transit","Transiting Exoplanet Survey Satellite (TESS)",1
"Kepler-705 b","Kepler-705","TIC 122066949",56.05605380000,,4.5950000,3722.00,4.750000,0.510000,0.530000,"Transit","Kepler",1
"K2-13 b","K2-13","TIC 363479723",39.91488000000,0.05800000,,5698.00,,0.780000,0.800000,"Transit","K2",1
"Kepler-81 d","Kepler-81","TIC 270611154",20.83784600000,,2.5700000,4500.00,4.696000,0.595000,,"Transit","Kepler",1
"TOI-4559 b","TOI-4559","TIC 271169413",3.96599100000,0.12000000,1.3900000,3558.00,4.884000,0.374000,0.392000,"Transit","Transiting Exoplanet Survey Satellite (TESS)",1
"CD Cet b","CD Cet","TIC 328465904",2.29070000000,,,3130.00,4.930000,0.175000,0.161000,"Radial Velocity","Calar Alto Observatory",1
"HD 26161 b","HD 26161","TIC 467753728",10942.29013000000,,,,,,1.120000,"Radial Velocity","Multiple Observatories",1
"Kepler-1311 b","Kepler-1311","TIC 159106207",11.17269940000,,6.0070000,5748.00,4.160000,1.400000,1.050000,"Transit","Kepler",1
"K2-166 b","K2-166","TIC 377171980",8.52695000000,0.01600000,3.7000000,5960.00,4.090000,1.610000,1.160000,"Transit","K2",1
"TOI-782 b","TOI-782","TIC 429358906",8.02400150000,,,3370.00,4.804000,0.413000,0.397000,"Transit","Transiting Exoplanet Survey Satellite (TESS)",1
"Kepler-768 b","Kepler-768","TIC 138568968",11.39100250000,,2.2970000,5108.00,4.580000,0.780000,0.820000,"Transit","Kepler",1
"Kepler-1313 b","Kepler-1313","TIC 63213622",3.83309117800,,1.3720000,5453.00,4.540000,0.850000,0.920000,"Transit","Kepler",1
"BD+42 2315 b","BD+42 2315","TIC 376689863",123.05000000000,,,4500.00,2.000000,17.850000,1.380000,"Radial Velocity","McDonald Observatory",1
"Kepler-1784 b","Kepler-1784","TIC 273690421",13.59049988000,,,5442.00,4.409000,0.974000,0.887000,"Transit","Kepler",1
"Kepler-1855 b","Kepler-1855","TIC 237189544",0.72733098300,,,3460.00,4.920000,0.356000,0.385000,"Transit","Kepler",1
"Kepler-270 c","Kepler-270","TIC 123417308",25.26288700000,,3.6980000,6067.00,4.196000,1.461000,,"Transit","Kepler",1
"Kepler-211 b","Kepler-211","TIC 352007758",4.13857500000,,2.2260000,5123.00,4.547000,0.816000,,"Transit","Kepler",1
"K2-242 b","K2-242","TIC 152701771",6.51389000000,0.62400000,2.0000000,3459.00,4.890000,0.370000,0.380000,"Transit","K2",1
"GJ 2126 b","GJ 2126","TIC 44082776",272.70000000000,,,4159.00,4.527000,0.728000,0.650000,"Radial Velocity","La Silla Observatory",1
"WASP-8 b","WASP-8","TIC 183532609",8.15872000000,1.30000000,,5600.00,4.500000,1.030000,1.340000,"Transit","SuperWASP",1
"TOI-4529 b","TOI-4529","TIC 384888319",5.87957700000,,,3697.00,4.610000,0.480000,0.482000,"Transit","Transiting Exoplanet Survey Satellite (TESS)",1
"Kepler-1869 c","Kepler-1869","TIC 63368895",1.71682830400,0.00595000,2.0680000,5808.00,4.522000,0.902000,0.987000,"Transit","Kepler",1
"Kepler-295 d","Kepler-295","TIC 164890864",33.88405400000,,5.3730000,5603.00,4.444000,0.898000,,"Transit","Kepler",1
"Kepler-217 c","Kepler-217","TIC 240178935",8.58600400000,,3.3560000,6171.00,4.030000,1.799000,,"Transit","Kepler",1
"Kepler-194 b","Kepler-194","TIC 63070427",2.09228100000,,2.3510000,6089.00,4.415000,1.025000,,"Transit","Kepler",1
"HD 4732 c","HD 4732","TIC 63905972",3184.20000000000,,,4898.00,3.170000,5.030000,1.390000,"Radial Velocity","Multiple Observatories",1
"TOI-1722 b","TOI-1722","TIC 85242435",9.60523206943,,4.0723210,5999.55,4.326500,1.094140,,"Transit","Transiting Exoplanet Survey Satellite (TESS)",1
"Kepler-1343 b","Kepler-1343","TIC 27081773",3.35183158000,,1.9405000,5759.00,4.480000,0.930000,0.950000,"Transit","Kepler",1
"Kepler-529 c","Kepler-529","TIC 158108219",12.83450220000,,3.2666000,6087.00,4.350000,1.140000,1.070000,"Transit","Kepler",1
"HATS-12 b","HATS-12","TIC 11270200",3.14270200000,,,6357.00,4.360000,1.170000,1.160000,"Transit","HATSouth",1
"Kepler-297 d","Kepler-297","TIC 48304302",150.01895110000,0.43197000,4.3823000,5618.00,4.460000,0.897000,0.846000,"Transit","Kepler",1
"HD 203030 b","HD 203030","TIC 25559430",,,,,,,,"Imaging","Palomar Observatory",1
"KMT-2022-BLG-2286L b","KMT-2022-BLG-2286L",,,,,,,,0.200000,"Microlensing","KMTNet",1
"Kepler-569 b","Kepler-569","TIC 48353203",34.18890521000,,5.3184000,5616.00,4.480000,0.930000,0.950000,"Transit","Kepler",1
"Kepler-1728 b","Kepler-1728","TIC 121085785",4.78299999200,,,5170.00,4.574000,0.807000,0.891000,"Transit","Kepler",1
"K2-201 b","K2-201","TIC 125060509",1.05979000000,,,5507.00,4.680000,0.878161,0.956055,"Transit","K2",1
"HIP 39330 b","HIP 39330","TIC 79698690",4650.00000000000,,,5748.00,,,0.960000,"Radial Velocity","Multiple Facilities",1
"Kepler-342 c","Kepler-342","TIC 63293562",26.23413800000,,2.4350000,6175.00,4.187000,1.472000,,"Transit","Kepler",1
"HD 133131 B b","HD 133131 B","TIC 440955225",5769.00000000000,,,5805.00,4.410000,,0.930000,"Radial Velocity","Las Campanas Observatory",1
"HD 114386 b","HD 114386","TIC 124306858",937.70001000000,,,4836.00,4.450000,0.760000,0.600000,"Radial Velocity","La Silla Observatory",1
"TOI-6029 b","TOI-6029","TIC 419523962",5.79870000000,,,6223.00,3.886000,2.338000,1.548000,"Transit","Transiting Exoplanet Survey Satellite (TESS)",1
"TOI-6695 c","TOI-6695","TIC 118339710",242.40000000000,,,6400.00,4.202000,1.517000,1.338000,"Radial Velocity","Multiple Observatories",1
"Kepler-1532 b","Kepler-1532","TIC 168812474",1.09366355900,,1.4839000,5559.00,4.510000,0.880000,0.910000,"Transit","Kepler",1
"Kepler-1485 b","Kepler-1485","TIC 273690208",19.91577250000,,6.1540000,6087.00,4.390000,1.120000,1.110000,"Transit","Kepler",1
"EPIC 201841433 b","EPIC 201841433","TIC 380583651",4.16980000000,,,5053.00,4.595000,0.628461,0.802000,"Transit","K2",1
"Kepler-1787 b","Kepler-1787","TIC 158983401",39.31370163000,,,6060.00,4.509000,0.925000,1.008000,"Transit","Kepler",1
"Kepler-1878 b","Kepler-1878","TIC 184998205",4.44587993600,,,5918.00,4.544000,0.865000,0.956000,"Transit","Kepler",1
"KOI-351 h","KOI-351","TIC 267667295",331.60296000000,,,,,,1.242000,"Transit","Kepler",1
"HD 158259 d","HD 158259","TIC 188768068",5.19808140000,,,,,1.210000,1.080000,"Radial Velocity","Haute-Provence Observatory",1
"Kepler-1002 b","Kepler-1002","TIC 275494505",4.33642933100,,4.1031000,6144.00,4.130000,1.570000,1.220000,"Transit","Kepler",1
"HIP 14810 d","HIP 14810","TIC 113810736",981.80000000000,,,5544.00,,1.070000,1.010000,"Radial Velocity","W. M. Keck Observatory",1
"HD 28185 c","HD 28185","TIC 37947783",9090.00000000000,,,5602.00,4.386000,1.048000,0.974000,"Radial Velocity","Multiple Observatories",1
"HD 187123 c","HD 187123","TIC 58559140",3810.00000000000,,,5790.00,4.333380,1.150430,1.040000,"Radial Velocity","W. M. Keck Observatory",1
"Kepler-446 d","Kepler-446","TIC 123417850",5.14892100000,,0.8832000,3359.00,,0.240000,0.220000,"Transit","Kepler",1
"Kepler-1071 b","Kepler-1071","TIC 275490723",6.17998440000,,2.1059000,5215.00,4.560000,0.810000,0.860000,"Transit","Kepler",1
"Kepler-410 A b","Kepler-410 A","TIC 164458714",17.83364800000,,,6273.00,4.261000,1.352000,1.214000,"Transit","Kepler",1
"Kepler-200 c","Kepler-200","TIC 120252452",10.22215700000,,1.1100000,5678.00,4.454000,0.944000,,"Transit","Kepler",1
"TOI-1437 b","TOI-1437","TIC 198356533",18.84094200000,,4.6500000,6008.00,4.260000,1.170000,1.100000,"Transit","Transiting Exoplanet Survey Satellite (TESS)",1
"2MASS J22501512+2325342 b","2MASS J22501512+2325342","TIC 435830255",,,,,,,,"Imaging","The 2 (Two) Micron All Sky Survey (2MASS)",1
"Kepler-133 b","Kepler-133","TIC 28089143",8.12997600000,,2.0710000,5736.00,4.186000,1.425000,,"Transit","Kepler",1
"TOI-4638.01","TOI-4638","TIC 58824746",10.28391878700,,3.7225000,5700.00,,0.895000,1.020000,"Transit","Transiting Exoplanet Survey Satellite (TESS)",1
"HD 48948 d","HD 48948","TIC 88228576",151.92000000000,,,4593.00,4.610000,0.679000,0.686000,"Radial Velocity","Roque de los Muchachos Observatory",1
"Kepler-401 b","Kepler-401","TIC 267746315",14.38303500000,,8.7290000,6117.00,4.254000,1.333000,,"Transit","Kepler",1
"Kepler-703 b","Kepler-703","TIC 171968443",4.58352175600,,2.7150000,6185.00,4.290000,1.270000,1.180000,"Transit","Kepler",1
"Kepler-723 b","Kepler-723","TIC 164786087",4.08227506800,,3.2379600,5539.00,4.510000,0.890000,0.920000,"Transit","Kepler",1
"HD 207832 b","HD 207832","TIC 53895723",160.07000000000,,,5726.00,,0.890000,1.050000,"Radial Velocity","W. M. Keck Observatory",1
"K2-221 b","K2-221","TIC 257801011",2.39909400000,,,5716.00,4.570000,0.947599,1.010842,"Transit","K2",1
"Kepler-297 b","Kepler-297","TIC 48304302",38.87182600000,,6.1250000,5619.00,4.468000,0.915000,,"Transit","Kepler",1
"Kepler-154 e","Kepler-154","TIC 416282268",3.93276465000,,2.9166000,5769.00,4.450000,0.980000,0.980000,"Transit","Kepler",1
"Kepler-616 c","Kepler-616","TIC 271355361",90.41135560000,,6.5230000,5753.00,4.460000,0.970000,0.980000,"Transit","Kepler",1
"DMPP-3 A b","DMPP-3 A","TIC 141765836",5.59000000000,,,,,,0.900000,"Radial Velocity","La Silla Observatory",1
"Kepler-263 c","Kepler-263","TIC 137637249",47.33277300000,,3.0690000,5265.00,4.576000,0.785000,,"Transit","Kepler",1
"Kepler-613 b","Kepler-613","TIC 164407908",15.77979614000,,4.0334000,5723.00,4.470000,0.960000,0.980000,"Transit","Kepler",1
"Kepler-58 e","Kepler-58","TIC 184471242",4.45814897000,0.01881000,2.8670000,6100.00,4.376000,1.083000,1.017000,"Transit","Kepler",1
"K2-405 b","K2-405","TIC 149496868",3.43547100000,,,4927.00,4.685000,0.765000,1.034000,"Transit","K2",1
"HD 86065 b","HD 86065","TIC 101418130",25775.78859000000,,,,,,0.810000,"Radial Velocity","Multiple Observatories",1
"HD 72659 b","HD 72659","TIC 121284864",3549.00000000000,,,5929.00,4.230000,1.360000,1.033000,"Radial Velocity","W. M. Keck Observatory",1
"Kepler-535 b","Kepler-535","TIC 351192037",4.90332155100,,2.8699000,6123.00,4.300000,1.270000,1.180000,"Transit","Kepler",1
"CoRoT-35 b","CoRoT-35","TIC 161062394",3.22748000000,1.25700000,4.1900000,6390.00,4.010000,1.650000,1.010000,"Transit","CoRoT",1
"K2-154 b","K2-154","TIC 175371068",3.67626000000,0.11000000,1.7000000,4097.00,4.650000,0.630000,0.650000,"Transit","K2",1
"Kepler-1337 b","Kepler-1337","TIC 158324326",24.40025490000,,2.8750000,4523.00,4.640000,0.670000,0.700000,"Transit","Kepler",1
"K2-392 b","K2-392","TIC 8963531",15.39872300000,,,5726.00,4.314000,1.058000,0.841000,"Transit","K2",1
"gam Cep b","gam Cep","TIC 367912480",913.00000000000,,,4775.00,3.189000,4.740000,1.270000,"Radial Velocity","Multiple Observatories",1
"TOI-5350 b","TOI-5350","TIC 68808155",7.58136700000,0.91100000,4.4856000,6220.00,4.304000,1.263000,1.167000,"Transit","Transiting Exoplanet Survey Satellite (TESS)",1
"Kepler-677 b","Kepler-677","TIC 267746941",6.57531678000,,4.2837000,5723.00,4.450000,0.990000,1.000000,"Transit","Kepler",1
"Kepler-135 b","Kepler-135","TIC 122450088",6.00253000000,,3.9520000,6090.00,4.271000,1.275000,,"Transit","Kepler",1
"K2-60 b","K2-60","TIC 206284139",3.00265000000,,3.0800000,5500.00,4.070000,1.120000,0.970000,"Transit","K2",1
"Kepler-870 b","Kepler-870","TIC 27455225",21.35876210000,,5.9050000,5857.00,4.430000,1.020000,1.010000,"Transit","Kepler",1
"HD 149143 b","HD 149143","TIC 281520119",4.07182000000,,,5856.00,,1.440000,1.200000,"Radial Velocity","Haute-Provence Observatory",1
"HD 132406 b","HD 132406","TIC 309808219",908.00000000000,,,,,,0.973000,"Radial Velocity","Haute-Provence Observatory",1
"TIC 183374187 b","TIC 183374187","TIC 183374187",5.05907000000,,4.3510000,5768.00,4.112000,1.344000,0.853000,"Transit","Transiting Exoplanet Survey Satellite (TESS)",1
"Kepler-1760 b","Kepler-1760","TIC 48421060",38.32609940000,,,5229.00,4.441000,0.903000,0.821000,"Transit","Kepler",1
"TOI-530 b","TOI-530","TIC 387690507",6.38759700000,,,3659.00,4.700000,0.540000,0.530000,"Transit","Transiting Exoplanet Survey Satellite (TESS)",1
"K2-81 b","K2-81","TIC 59040029",6.10232500000,,,4674.13,,0.634663,0.745273,"Transit","K2",1
"Kepler-1949 b","Kepler-1949","TIC 270611599",2.20828008700,,,6028.00,4.189000,1.454000,1.194000,"Transit","Kepler",1
"TOI-1203 e","TOI-1203","TIC 23434737",204.59000000000,,,5737.00,4.340000,1.179000,0.886000,"Radial Velocity","La Silla Observatory",1
"Kepler-250 c","Kepler-250","TIC 159098652",7.15680400000,,2.5670000,5160.00,4.565000,0.805000,,"Transit","Kepler",1
"K2-72 b","K2-72","TIC 38337202",5.57721200000,,,3360.47,,0.330989,0.271365,"Transit","K2",1
"HD 106515 A b","HD 106515 A","TIC 176940023",3626.00000000000,,,,,,0.890000,"Radial Velocity","La Silla Observatory",1
"bet Pic b","bet Pic","TIC 270577175",8682.00000000000,,,,,,1.789000,"Imaging","Paranal Observatory",1
"TOI-757 b","TOI-757","TIC 130924120",17.46819000000,,3.7200000,5278.00,4.500000,0.780000,0.800000,"Transit","Transiting Exoplanet Survey Satellite (TESS)",1
"Kepler-130 c","Kepler-130","TIC 121603794",27.50868000000,0.06400000,6.1000000,5879.00,4.290000,1.170000,1.000000,"Transit","Kepler",1
"Kepler-880 c","Kepler-880","TIC 351803495",11.80617370000,0.00881000,4.4720000,6900.00,3.843000,2.599000,1.714000,"Transit","Kepler",1
"Kepler-306 c","Kepler-306","TIC 121660143",7.24019300000,,3.0520000,4954.00,4.611000,0.719000,,"Transit","Kepler",1
"Kepler-1907 c","Kepler-1907","TIC 123130285",14.86390018000,,,5159.00,4.508000,0.800000,0.752000,"Transit","Kepler",1
"Kepler-1273 b","Kepler-1273","TIC 279913214",28.62565300000,,4.6010000,5566.00,4.500000,0.910000,0.940000,"Transit","Kepler",1
"Kepler-883 b","Kepler-883","TIC 243271051",12.98495573000,,3.4569000,6116.00,4.400000,1.090000,1.060000,"Transit","Kepler",1
"TOI-1768.01","TOI-1768","TIC 137906197",7.33770364900,,4.5639000,5994.00,,1.100000,1.100000,"Transit","Transiting Exoplanet Survey Satellite (TESS)",1
"Kepler-1119 b","Kepler-1119","TIC 272940104",8.32651530000,,5.3830000,6083.00,4.350000,1.170000,1.110000,"Transit","Kepler",1
"TIC 32032563 b","TIC 32032563","TIC 32032563",13.83460487791,,3.6873543,5567.93,4.383500,1.001880,,"Transit","Transiting Exoplanet Survey Satellite (TESS)",1
"Kepler-1001 b","Kepler-1001","TIC 405719252",14.30511983000,,4.4490000,5491.00,4.520000,0.880000,0.900000,"Transit","Kepler",1
"KMT-2024-BLG-2005L b","KMT-2024-BLG-2005L",,,,,,,,0.120000,"Microlensing","KMTNet",1
"Kepler-186 b","Kepler-186","TIC 268159861",3.88679070000,,,3788.00,4.770000,0.472000,0.478000,"Transit","Kepler",1
"Kepler-108 b","Kepler-108","TIC 271164755",49.18392100000,,11.2770000,5854.00,3.895000,2.192000,,"Transit","Kepler",1
"Kepler-810 b","Kepler-810","TIC 351188824",4.59725385000,,2.8230000,5803.00,4.420000,1.040000,1.030000,"Transit","Kepler",1
"Kepler-847 b","Kepler-847","TIC 48352404",2.34323189500,,2.0391000,4940.00,4.580000,0.770000,0.830000,"Transit","Kepler",1
"K2-195 b","K2-195","TIC 178941218",15.85297500000,,,5713.00,4.420000,0.990000,0.940000,"Transit","K2",1
"Kepler-1641 c","Kepler-1641","TIC 184426431",32.65721200000,,5.9820000,6152.00,4.340000,1.190000,1.120000,"Transit","Kepler",1
"Kepler-1926 b","Kepler-1926","TIC 159649308",42.87770081000,,,5256.00,4.483000,0.832000,0.768000,"Transit","Kepler",1
"Kepler-377 b","Kepler-377","TIC 184015535",12.50952900000,,4.0220000,5949.00,4.303000,1.224000,,"Transit","Kepler",1
"HD 33142 c","HD 33142","TIC 169397663",810.20000000000,,,5025.40,3.375000,4.170000,1.520000,"Radial Velocity","W. M. Keck Observatory",1
"HD 134060 c","HD 134060","TIC 454901855",1291.56460000000,,,5966.00,4.430000,,1.095000,"Radial Velocity","La Silla Observatory",1
"GJ 3293 b","GJ 3293","TIC 178872239",30.59870000000,,,3466.00,,0.404000,0.420000,"Radial Velocity","La Silla Observatory",1
"Kepler-758 d","Kepler-758","TIC 137968594",20.49661970000,,6.3800000,6228.00,4.190000,1.420000,1.160000,"Transit","Kepler",1
"HD 134606 c","HD 134606","TIC 262457542",58.88300000000,,,5576.00,4.330000,1.158000,1.046000,"Radial Velocity","Multiple Observatories",1
"Kepler-672 b","Kepler-672","TIC 26491504",38.37746230000,,5.5500000,5627.00,4.500000,0.920000,0.950000,"Transit","Kepler",1
"Kepler-52 d","Kepler-52","TIC 399825554",36.44517100000,,4.1530000,4263.00,4.729000,0.556000,,"Transit","Kepler",1
"Kepler-1541 b","Kepler-1541","TIC 48353902",8.40691199000,,1.8785000,5282.00,4.560000,0.810000,0.860000,"Transit","Kepler",1
"Kepler-1987 b","Kepler-1987","TIC 271958892",2.34586300200,0.03167000,1.6795000,4769.00,4.622000,0.714000,0.799000,"Transit","Kepler",1
"Kepler-221 d","Kepler-221","TIC 272601375",10.04156000000,,2.5300000,5243.00,4.543000,0.821000,,"Transit","Kepler",1
"HD 166724 b","HD 166724","TIC 87989721",5144.00000000000,,,5127.00,4.430000,,0.810000,"Radial Velocity","La Silla Observatory",1
"Kepler-18 d","Kepler-18","TIC 273690178",14.85888000000,0.32650000,3.6790000,5345.00,4.310000,1.108000,0.972000,"Transit","Kepler",1
"HD 160691 c","HD 160691","TIC 362661163",3947.00000000000,,,5773.00,4.200000,1.330000,1.130000,"Radial Velocity","Anglo-Australian Telescope",1
"Kepler-211 c","Kepler-211","TIC 352007758",6.04045000000,,2.0530000,5123.00,4.547000,0.816000,,"Transit","Kepler",1
"Kepler-22 b","Kepler-22","TIC 158984573",289.86387600000,,,5596.00,,0.869000,0.857000,"Transit","Kepler",1
"HD 108874 b","HD 108874","TIC 371621238",394.48123000000,,,5600.00,4.440000,1.050000,1.100000,"Radial Velocity","W. M. Keck Observatory",1
"Kepler-244 d","Kepler-244","TIC 158426969",20.05040100000,,4.5040000,5554.00,4.585000,0.803000,,"Transit","Kepler",1
"K2-53 b","K2-53","TIC 49652731",12.20772000000,,3.4800000,5263.00,4.555000,0.807000,0.851000,"Transit","K2",1
"Kepler-1473 b","Kepler-1473","TIC 290034635",14.42735510000,,3.8900000,6046.00,4.400000,1.090000,1.090000,"Transit","Kepler",1
"KIC 3526061 b","KIC 3526061","TIC 399793957",3552.00000000000,,,4829.00,3.090000,5.860000,1.420000,"Radial Velocity","McDonald Observatory",1
"Kepler-662 b","Kepler-662","TIC 407002705",21.67697486000,,3.1263000,4897.00,4.600000,0.740000,0.790000,"Transit","Kepler",1
"Kepler-1149 b","Kepler-1149","TIC 270857274",3.73089898000,,2.8070000,5833.00,4.430000,1.010000,1.020000,"Transit","Kepler",1
"KPS-1 b","KPS-1","TIC 99834717",1.70629100000,,1.6800000,5165.00,4.470000,0.907000,0.892000,"Transit","Acton Sky Portal Observatory",1
"Kepler-507 b","Kepler-507","TIC 27992970",3.56809692600,,3.2455000,6113.00,4.260000,1.320000,1.160000,"Transit","Kepler",1
"Kepler-1854 b","Kepler-1854","TIC 120825566",39.83110046000,,,5026.00,4.580000,0.759000,0.800000,"Transit","Kepler",1
"GJ 687 c","GJ 687","TIC 233193964",727.56200000000,,,,,,0.400000,"Radial Velocity","Multiple Observatories",1
"Kepler-1088 b","Kepler-1088","TIC 123316231",23.12748644000,,4.9230000,5975.00,4.400000,1.080000,1.080000,"Transit","Kepler",1
"GJ 876 b","GJ 876","TIC 188580272",61.11660000000,,,,,0.300000,0.320000,"Radial Velocity","Multiple Observatories",1
"Kepler-1651 b","Kepler-1651","TIC 48353358",9.87863917000,,,3713.00,,0.503000,0.522000,"Transit","Kepler",1
"Kepler-1134 b","Kepler-1134","TIC 271758442",17.13263989000,,3.0540000,5281.00,4.560000,0.810000,0.840000,"Transit","Kepler",1
"Kepler-1502 b","Kepler-1502","TIC 184298883",41.70836290000,,8.4010000,6666.00,4.130000,1.720000,1.440000,"Transit","Kepler",1
"GJ 3378 b","GJ 3378","TIC 322347050",21.45000000000,,,3340.00,4.970000,0.275000,0.262000,"Radial Velocity","Mauna Kea Observatory",1
"NGC 2682 Sand 1429 b","NGC 2682 Sand 1429","TIC 437039505",77.48000000000,,,6000.00,4.010000,2.130000,1.260000,"Radial Velocity","Multiple Observatories",1
"K2-170 b","K2-170","TIC 188509935",7.57654400000,,,5748.00,4.340000,0.981614,0.963657,"Transit","K2",1
"Kepler-1582 b","Kepler-1582","TIC 122065885",4.83817712000,,1.2600000,3208.00,4.930000,0.300000,0.280000,"Transit","Kepler",1
"WASP-120 b","WASP-120","TIC 152476657",,,,,,,,"Transit","SuperWASP",1
"TOI-1224 c","TOI-1224","TIC 299798795",17.94546600000,,,3326.00,,0.404000,0.400000,"Transit","Transiting Exoplanet Survey Satellite (TESS)",1
"Kepler-318 c","Kepler-318","TIC 274198407",11.81500700000,,2.5560000,5746.00,4.325000,1.189000,,"Transit","Kepler",1
"Kepler-1424 b","Kepler-1424","TIC 122706631",29.60917440000,,5.4710000,5838.00,4.390000,1.070000,1.020000,"Transit","Kepler",1
"Kepler-1811 b","Kepler-1811","TIC 122294261",76.42230225000,,,5561.00,4.263000,1.190000,0.946000,"Transit","Kepler",1
"TOI-5301 b","TOI-5301","TIC 58825110",5.85885800000,0.32500000,3.9380000,6240.00,3.926000,2.190000,1.483000,"Transit","Transiting Exoplanet Survey Satellite (TESS)",1
"HD 176986 c","HD 176986","TIC 39554091",16.81240000000,,,4931.00,4.440000,0.782000,0.789000,"Radial Velocity","Multiple Observatories",1
"Kepler-32 d","Kepler-32","TIC 273590427",22.78020000000,0.21810000,2.9760000,3900.00,4.640000,0.530000,0.580000,"Transit","Kepler",1
"HIP 91258 b","HIP 91258","TIC 383675945",5.05050000000,,,5519.00,4.530000,0.890000,0.970000,"Radial Velocity","Haute-Provence Observatory",1
"KOI-12 b","KOI-12","TIC 169461816",17.85518200000,,,,,1.400000,1.500000,"Transit","Kepler",1
"WASP-150 b","WASP-150","TIC 321668398",5.64420700000,0.44000000,3.1176000,6218.00,4.147000,1.651000,1.394000,"Transit","SuperWASP-North",1
"TOI-4633 c","TOI-4633","TIC 307958020",271.94450000000,,11.4500000,5800.00,,1.050000,1.100000,"Transit","Transiting Exoplanet Survey Satellite (TESS)",1
"Kepler-196 b","Kepler-196","TIC 164828012",20.73988600000,,3.0140000,5128.00,4.566000,0.782000,,"Transit","Kepler",1
"EPIC 228836835 b","EPIC 228836835","TIC 51641442",0.72811300000,,,3782.00,5.000000,0.320000,,"Transit","K2",1
"Kepler-1429 b","Kepler-1429","TIC 279917996",4.48487493000,,2.5800000,5902.00,4.400000,1.070000,1.050000,"Transit","Kepler",1
"K2-146 b","K2-146","TIC 175261852",2.64460000000,,,3385.00,,0.330000,0.331000,"Transit","K2",1
"bet Pic c","bet Pic","TIC 270577175",1202.00000000000,,,,,,1.789000,"Radial Velocity","La Silla Observatory",1
"HD 219139 b","HD 219139","TIC 423269863",275.50000000000,,,4831.00,2.480000,11.220000,1.460000,"Radial Velocity","Okayama Astrophysical Observatory",1
"PDS 70 b","PDS 70","TIC 179413040",,,,4109.00,4.230000,,0.982000,"Imaging","Paranal Observatory",1
"TOI-169 b","TOI-169","TIC 183120439",2.25544770000,0.75000000,1.7064000,5880.00,4.278000,1.288000,1.147000,"Transit","Transiting Exoplanet Survey Satellite (TESS)",1
"Kepler-534 b","Kepler-534","TIC 27847148",15.95994513000,,4.3653000,5884.00,4.480000,0.980000,1.050000,"Transit","Kepler",1
"Kepler-385 d","Kepler-385","TIC 27082352",56.41590000000,,,5829.00,4.332590,1.157000,1.050000,"Transit","Kepler",1
"HD 2039 b","HD 2039","TIC 281461362",1120.00000000000,,,5945.00,4.380000,1.190000,1.230000,"Radial Velocity","Anglo-Australian Telescope",1
"Kepler-184 c","Kepler-184","TIC 63119782",20.30300500000,,4.3480000,5788.00,4.510000,0.873000,,"Transit","Kepler",1
"Kepler-176 b","Kepler-176","TIC 271159950",5.43307400000,,2.4070000,5232.00,4.474000,0.891000,,"Transit","Kepler",1
"HD 95544 b","HD 95544","TIC 156103616",2041.54152000000,,,,,,1.010000,"Radial Velocity","Haute-Provence Observatory",1
"K2-100 b","K2-100","TIC 307733361",1.67390350000,,,5945.00,4.330000,1.240000,1.150000,"Transit","K2",1
"KMT-2019-BLG-1806L b","KMT-2019-BLG-1806L",,,,,,,,0.740000,"Microlensing","KMTNet",1
"Kepler-1851 b","Kepler-1851","TIC 352013607",12.02289963000,,,5982.00,4.535000,0.879000,0.967000,"Transit","Kepler",1
"K2-283 b","K2-283","TIC 266017624",1.92103600000,,,5060.00,4.560000,0.820000,0.890000,"Transit","K2",1
"K2-54 b","K2-54","TIC 12822545",9.78330000000,0.13900000,2.7888000,3990.00,4.610000,0.643000,0.615000,"Transit","K2",1
"Kepler-1216 b","Kepler-1216","TIC 158486842",4.37034536000,,2.8190000,5743.00,4.460000,0.980000,0.990000,"Transit","Kepler",1
"Kepler-1861 b","Kepler-1861","TIC 27649489",40.03060150000,,,5855.00,4.227000,1.373000,1.161000,"Transit","Kepler",1
"Kepler-313 c","Kepler-313","TIC 28448998",32.27327300000,,6.5100000,5727.00,4.127000,1.536000,,"Transit","Kepler",1
"Kepler-1570 b","Kepler-1570","TIC 269270853",26.54895500000,,7.9790000,5550.00,4.500000,0.890000,0.920000,"Transit","Kepler",1
"Kepler-959 b","Kepler-959","TIC 137411481",14.80074836000,,5.6698000,7005.00,4.040000,2.010000,1.600000,"Transit","Kepler",1
"tau Cet h","tau Cet","TIC 419015728",49.41000000000,,,,,,0.783000,"Radial Velocity","Multiple Observatories",1
"Kepler-887 b","Kepler-887","TIC 122293639",20.42228798000,,6.1920000,6194.00,4.290000,1.290000,1.190000,"Transit","Kepler",1
"HD 99492 b","HD 99492","TIC 363549734",17.05030000000,,,4929.00,4.570000,,0.850000,"Radial Velocity","W. M. Keck Observatory",1
"KMT-2019-BLG-0253L b","KMT-2019-BLG-0253L",,,,,,,,0.700000,"Microlensing","KMTNet",1
"Kepler-1462 b","Kepler-1462","TIC 272376022",65.64883410000,,7.4310000,5756.00,4.450000,1.000000,1.000000,"Transit","Kepler",1
"TOI-6628 b","TOI-6628","TIC 75650448",18.18424000000,,,5463.00,4.416000,1.010000,0.970000,"Transit","Transiting Exoplanet Survey Satellite (TESS)",1
"Kepler-643 b","Kepler-643","TIC 159311390",16.33889626000,,9.3575000,4908.00,3.640000,2.520000,1.000000,"Transit","Kepler",1
"Kepler-1256 b","Kepler-1256","TIC 159763320",12.41277540000,,4.3690000,6129.00,4.230000,1.360000,1.170000,"Transit","Kepler",1
"K2-202 b","K2-202","TIC 441907126",3.40516400000,,,5491.00,4.550000,0.910685,0.971461,"Transit","K2",1
"XO-3 b","XO-3","TIC 8400842",3.19152309000,,2.9638000,6970.00,4.234000,1.523000,1.449000,"Transit","XO",1
"Kepler-34 b","Kepler-34","TIC 272369124",288.82200000000,,,5913.00,4.328400,1.161800,1.047900,"Transit","Kepler",1
"MOA-2013-BLG-220L b","MOA-2013-BLG-220L",,,,,,,,0.880000,"Microlensing","MOA",1
"TOI-1756 b","TOI-1756","TIC 364074068",2.78301736297,,1.8164400,3891.86,4.635500,0.562607,,"Transit","Transiting Exoplanet Survey Satellite (TESS)",1
"K2-139 b","K2-139","TIC 11023038",28.38061900000,,,5370.00,4.540000,0.880000,0.960000,"Transit","K2",1
"Kepler-1393 b","Kepler-1393","TIC 120255638",2.44357812000,,1.8220000,5697.00,4.500000,0.920000,0.950000,"Transit","Kepler",1
"Kepler-1723 b","Kepler-1723","TIC 271040560",39.75289917000,,,6072.00,4.411000,1.010000,0.960000,"Transit","Kepler",1
"Kepler-1136 b","Kepler-1136","TIC 164671623",2.36172432900,,1.2234000,4512.00,4.630000,0.680000,0.720000,"Transit","Kepler",1
"EPIC 249893012 c","EPIC 249893012","TIC 432254760",15.62400000000,,6.3700000,5430.00,3.990000,1.710000,1.050000,"Transit","K2",1
"UZ For c","UZ For","TIC 144622139",1916.25000000000,,,,,,0.700000,"Eclipse Timing Variations","Multiple Observatories",1
"TOI-2193 A b","TOI-2193 A","TIC 401604346",2.12257350000,0.01910000,1.6468800,5966.00,4.278000,1.248000,1.082000,"Transit","Transiting Exoplanet Survey Satellite (TESS)",1
"iot Dra c","iot Dra","TIC 165722603",25000.00000000000,,,4504.00,2.480000,11.790000,1.540000,"Radial Velocity","La Silla Observatory",1
"CoRoT-26 b","CoRoT-26","TIC 322388624",4.20474000000,,5.4700000,5590.00,3.990000,1.790000,1.090000,"Transit","CoRoT",1
"Kepler-1365 c","Kepler-1365","TIC 63122176",4.77468005000,,3.8090000,5770.00,4.390000,1.050000,1.000000,"Transit","Kepler",1
"TOI-715 b","TOI-715","TIC 271971130",19.28800400000,0.44800000,1.9800000,3075.00,5.000000,0.240000,0.225000,"Transit","Transiting Exoplanet Survey Satellite (TESS)",1
"TOI-1266 d","TOI-1266","TIC 467179528",32.50900000000,,,3563.00,4.826000,0.423200,0.437000,"Transit Timing Variations","Transiting Exoplanet Survey Satellite (TESS)",1
"TOI-5938 b","TOI-5938","TIC 452508760",2.26042400000,,1.9150000,4650.00,4.590000,0.712000,0.744000,"Transit","Transiting Exoplanet Survey Satellite (TESS)",1
"Kepler-1559 b","Kepler-1559","TIC 63213956",0.97191542800,,1.6290000,5316.00,4.550000,0.820000,0.860000,"Transit","Kepler",1
"TOI-682.01","TOI-682","TIC 429304876",6.83923880000,0.12130000,4.1760000,5085.00,3.920000,1.080000,,"Transit","Transiting Exoplanet Survey Satellite (TESS)",1
"Wolf 1061 c","Wolf 1061","TIC 413948621",17.87190000000,,,3342.00,,0.307000,0.294000,"Radial Velocity","La Silla Observatory",1
"HD 151450 c","HD 151450","TIC 12514017",18144.76236000000,,,,,,1.140000,"Radial Velocity","Multiple Observatories",1
"PH1 b","PH1","TIC 170348142",138.31700000000,,,6407.00,4.140000,1.734000,1.528000,"Transit","Kepler",1
"TOI-7333 b","TOI-7333","TIC 160585062",6.26449803661,,2.5698706,4586.87,4.645100,0.666066,,"Transit","Transiting Exoplanet Survey Satellite (TESS)",1
"TOI-4641 b","TOI-4641","TIC 436873727",22.09341000000,,5.4380000,6560.00,4.110000,1.720000,1.410000,"Transit","Transiting Exoplanet Survey Satellite (TESS)",1
"K2-37 b","K2-37","TIC 68504570",4.44340000000,,,5352.00,4.530000,0.809000,0.840000,"Transit","K2",1
"Kepler-1349 b","Kepler-1349","TIC 405719110",2.12823928000,,3.3050000,6086.00,4.290000,1.280000,1.160000,"Transit","Kepler",1
"Kepler-1047 b","Kepler-1047","TIC 299029323",56.18868870000,,6.0890000,5754.00,4.370000,1.130000,1.080000,"Transit","Kepler",1
"HD 152843 c","HD 152843","TIC 349488688",19.50210400000,,6.5000000,6310.00,4.190000,1.430000,1.150000,"Transit","Transiting Exoplanet Survey Satellite (TESS)",1
"Kepler-1487 c","Kepler-1487","TIC 184015844",35.80071120000,0.04174000,8.2190000,5745.00,3.499000,3.955000,1.801000,"Transit","Kepler",1
"Kepler-1749 b","Kepler-1749","TIC 159389232",14.53409958000,,,3957.00,4.693000,0.553000,0.551000,"Transit","Kepler",1
"DMPP-2 c","DMPP-2","TIC 32432767",3.16800000000,,,,,,1.410000,"Radial Velocity","Multiple Observatories",1
"Kepler-1310 b","Kepler-1310","TIC 120043638",0.67933627200,,1.1783000,5549.00,4.510000,0.880000,0.910000,"Transit","Kepler",1
"Kepler-1350 c","Kepler-1350","TIC 158664221",1.76678906200,,1.3395000,3827.00,4.740000,0.530000,0.550000,"Transit","Kepler",1
"HATS-46 b","HATS-46","TIC 281541555",4.74237290000,,2.4336000,5495.00,4.542000,0.853000,0.917000,"Transit","HATSouth",1
"Kepler-1402 b","Kepler-1402","TIC 26540675",2.03387914000,,3.2010000,5416.00,4.530000,0.870000,0.900000,"Transit","Kepler",1
"TYC 3318-01333-1 b","TYC 3318-01333-1","TIC 116376087",562.00000000000,,,4776.00,2.970000,5.900000,1.190000,"Radial Velocity","Multiple Observatories",1
"Kepler-106 c","Kepler-106","TIC 184997417",13.57080000000,,,5858.00,4.407000,1.040000,1.000000,"Transit","Kepler",1
"Kepler-536 b","Kepler-536","TIC 28234096",1.82708229900,,1.9566600,5524.00,4.510000,0.890000,0.920000,"Transit","Kepler",1
"Kepler-1117 b","Kepler-1117","TIC 26583640",4.79028459000,,2.7287000,5612.00,4.490000,0.930000,0.950000,"Transit","Kepler",1
"HD 147873 c","HD 147873","TIC 211080657",491.54000000000,,,5972.00,3.860000,2.290000,1.380000,"Radial Velocity","Multiple Observatories",1
"Kepler-1516 b","Kepler-1516","TIC 159763612",7.25931979000,,6.1980000,5904.00,4.400000,1.070000,1.040000,"Transit","Kepler",1
"HIP 12961 b","HIP 12961","TIC 204614039",57.43500000000,,,3901.00,4.650000,0.650000,0.690000,"Radial Velocity","La Silla Observatory",1
"Kepler-997 b","Kepler-997","TIC 299159378",2.70730671600,,3.4623000,6150.00,4.140000,1.560000,1.220000,"Transit","Kepler",1
"HATS-45 b","HATS-45","TIC 4616072",4.18762440000,,3.0456000,6450.00,4.305000,1.315000,1.272000,"Transit","HATSouth",1
"HATS-34 b","HATS-34","TIC 355703913",2.10616070000,,1.5552000,5380.00,4.435000,0.980000,0.955000,"Transit","HATSouth",1
"NGC 2682 YBP 401 b","NGC 2682 YBP 401","TIC 437038987",4.08700000000,,,6165.00,4.300000,,1.140000,"Radial Velocity","La Silla Observatory",1
"Kepler-1900 b","Kepler-1900","TIC 63010445",2.98622989700,,,6173.00,4.447000,1.041000,1.104000,"Transit","Kepler",1
"TOI-712 d","TOI-712","TIC 150151262",84.83960000000,0.11300000,5.7020000,4622.00,4.645000,0.674000,0.732000,"Transit","Transiting Exoplanet Survey Satellite (TESS)",1
"Kepler-1027 b","Kepler-1027","TIC 158552426",1.90780519900,,1.8531000,5436.00,4.570000,0.820000,0.910000,"Transit","Kepler",1
"Kepler-79 b","Kepler-79","TIC 239306681",13.48451000000,,,6389.00,,1.316000,1.244000,"Transit","Kepler",1
"HD 88986 b","HD 88986","TIC 1042868",146.05000000000,,,5861.00,4.160000,1.543000,1.250000,"Radial Velocity","Haute-Provence Observatory",1
"HD 103774 b","HD 103774","TIC 180205814",5.88810000000,,,6489.00,4.260000,,1.335000,"Radial Velocity","La Silla Observatory",1
"Kepler-1468 d","Kepler-1468","TIC 138219758",19.59059906000,,,5794.00,4.118000,1.496000,1.072000,"Transit","Kepler",1
"HD 196067 c","HD 196067","TIC 327303574",4.60108800000,,,6072.00,4.090000,1.710000,1.160000,"Radial Velocity","La Silla Observatory",1
"TOI-1269 c","TOI-1269","TIC 198241702",9.23786144195,,2.7438438,5554.02,4.531500,0.848906,,"Transit","Transiting Exoplanet Survey Satellite (TESS)",1
"Kepler-2001 c","Kepler-2001","TIC 26488618",14.09258318900,0.05304000,4.1536000,5081.00,4.596000,0.770000,0.864000,"Transit","Kepler",1
"Kepler-590 b","Kepler-590","TIC 27905500",5.85296257000,,4.6003000,6000.00,4.350000,1.150000,1.100000,"Transit","Kepler",1
"Kepler-1682 b","Kepler-1682","TIC 138477499",14.83340000000,,,5619.12,4.582770,0.842301,0.990000,"Transit","Kepler",1
"HIP 21152 b","HIP 21152","TIC 452767166",22000.00000000000,,,6655.00,4.300000,,1.400000,"Imaging","Multiple Observatories",1
"TOI-122 b","TOI-122","TIC 231702397",5.07803000000,0.56000000,,3403.00,4.880000,0.334000,0.312000,"Transit","Transiting Exoplanet Survey Satellite (TESS)",1
"Kepler-286 c","Kepler-286","TIC 290035455",3.46809500000,,2.3050000,5580.00,4.495000,0.863000,,"Transit","Kepler",1
"Kepler-1558 b","Kepler-1558","TIC 158322085",3.50470358000,,2.0100000,5101.00,4.570000,0.790000,0.830000,"Transit","Kepler",1
"TOI-2328 b","TOI-2328","TIC 394287035",17.10197000000,,,5525.00,4.505000,0.900000,0.950000,"Transit","Transiting Exoplanet Survey Satellite (TESS)",1
"K2-352 d","K2-352","TIC 86130229",14.87138700000,,4.1400000,5791.00,4.470000,0.950000,0.980000,"Transit","K2",1
"Kepler-449 b","Kepler-449","TIC 270779644",12.58242000000,,,5649.18,,,,"Transit","Kepler",1
"Kepler-1797 b","Kepler-1797","TIC 63288848",23.35939980000,,,6244.00,4.460000,1.009000,1.069000,"Transit","Kepler",1
"TOI-2202 b","TOI-2202","TIC 358107516",11.91260750000,,3.7680000,5169.00,4.548000,0.808000,0.841000,"Transit","Transiting Exoplanet Survey Satellite (TESS)",1
"Kepler-1693 c","Kepler-1693","TIC 406948151",5.36370992700,,,5553.00,4.330000,1.098000,0.941000,"Transit","Kepler",1
"Kepler-224 c","Kepler-224","TIC 159642189",5.92500300000,,2.8430000,5018.00,4.639000,0.676000,,"Transit","Kepler",1
"Kepler-1740 b","Kepler-1740","TIC 138479461",8.17240047500,,,5705.00,4.499000,0.905000,0.943000,"Transit","Kepler",1
"Kepler-1239 b","Kepler-1239","TIC 275496016",5.19104016000,,4.2680000,6564.00,4.200000,1.570000,1.400000,"Transit","Kepler",1
"TOI-5614 b","TOI-5614","TIC 148960849",4.17221328949,,2.5105996,4553.00,4.645800,0.734919,,"Transit","Transiting Exoplanet Survey Satellite (TESS)",1
"Kepler-634 b","Kepler-634","TIC 137089993",5.16950177000,,4.5070000,6075.00,4.260000,1.240000,1.030000,"Transit","Kepler",1
"K2-198 d","K2-198","TIC 135043332",7.45001770000,,,5212.90,,0.757000,0.799000,"Transit","K2",1
"HD 185283 b","HD 185283","TIC 320264344",4060.00000000000,,,,,,0.800000,"Radial Velocity","La Silla Observatory",1
"Kepler-275 d","Kepler-275","TIC 137634395",35.67606200000,,7.6340000,6165.00,4.229000,1.383000,,"Transit","Kepler",1
"Kepler-220 c","Kepler-220","TIC 159759306",9.03419900000,,1.4860000,4632.00,4.652000,0.666000,,"Transit","Kepler",1
"Kepler-529 d","Kepler-529","TIC 158108219",35.86619949000,,,6078.00,4.290000,1.189000,1.005000,"Transit","Kepler",1
"Kepler-402 d","Kepler-402","TIC 158725491",8.92109900000,,3.8380000,6090.00,4.278000,1.264000,,"Transit","Kepler",1
"Kepler-65 b","Kepler-65","TIC 121731834",2.15491000000,0.00850000,3.0770000,6211.00,4.232000,1.410000,1.250000,"Transit","Kepler",1
"HD 190360 b","HD 190360","TIC 105999792",2887.50000000000,,,5560.00,4.100000,,0.996000,"Radial Velocity","Haute-Provence Observatory",1
"Kepler-196 d","Kepler-196","TIC 164828012",122.08000180000,,,5132.00,4.571000,0.770000,0.805000,"Transit","Kepler",1
"MOA-2022-BLG-249L b","MOA-2022-BLG-249L",,,,,,,,0.180000,"Microlensing","MOA",1
"HD 155918 b","HD 155918","TIC 311649327",1.87567000000,,,,,,1.030000,"Radial Velocity","Multiple Observatories",1
"Kepler-271 d","Kepler-271","TIC 164414655",5.24972541000,,2.7660000,5555.00,4.520000,0.870000,0.900000,"Transit","Kepler",1
"TOI-2207 b","TOI-2207","TIC 90850770",8.00196800000,0.42730000,4.6320000,6101.00,4.161000,1.564000,1.296000,"Transit","Transiting Exoplanet Survey Satellite (TESS)",1
"Kepler-919 b","Kepler-919","TIC 28361491",11.04603384000,,4.7990000,6113.00,4.330000,1.210000,1.150000,"Transit","Kepler",1
"Kepler-1937 b","Kepler-1937","TIC 122597057",9.68859958600,,,6457.00,4.358000,1.196000,1.190000,"Transit","Kepler",1
"GJ 1151 c","GJ 1151","TIC 11893637",389.70000000000,,,3280.00,5.090000,0.178100,0.163900,"Radial Velocity","Multiple Facilities",1
"Kepler-575 b","Kepler-575","TIC 121022533",9.37891944000,,3.3044000,5710.00,4.470000,0.950000,0.970000,"Transit","Kepler",1
"NGTS-4 b","NGTS-4","TIC 143143769",1.33735080000,,1.8000000,5143.00,4.500000,0.840000,0.750000,"Transit","Next-Generation Transit Survey (NGTS)",1
"Kepler-431 b","Kepler-431","TIC 123231081",6.80300000000,,,6004.00,4.400000,1.092000,1.071000,"Transit","Kepler",1
"CoRoT-25 b","CoRoT-25","TIC 130038122",4.86069000000,,1.9200000,6040.00,4.310000,1.190000,1.090000,"Transit","CoRoT",1
"Kepler-1697 b","Kepler-1697","TIC 158551360",33.49690000000,,,4681.53,4.535770,0.772344,0.747000,"Transit","Kepler",1
"TOI-3856 b","TOI-3856","TIC 125552076",2.04360352000,1.39700000,1.8250000,5622.00,4.431000,1.055000,1.096000,"Transit","Transiting Exoplanet Survey Satellite (TESS)",1
"DP Leo b","DP Leo","TIC 903484062",10220.00000000000,,,,,,0.690000,"Eclipse Timing Variations","Yunnan Astronomical Observatory",1
"KELT-15 b","KELT-15","TIC 268644785",3.32944000000,1.00000000,,6003.00,4.170000,1.780000,2.060000,"Transit","KELT-South",1
"HD 86950 b","HD 86950","TIC 332711151",1270.00000000000,,,4805.00,2.660000,8.800000,1.660000,"Radial Velocity","Multiple Observatories",1
"Kepler-804 c","Kepler-804","TIC 275573295",9.65185017000,,4.4570000,5817.00,4.400000,1.050000,1.010000,"Transit","Kepler",1
"K2-111 b","K2-111","TIC 14227229",5.35189630000,,3.2362000,5775.00,4.250000,1.250000,0.840000,"Transit","K2",1
"Kepler-1312 c","Kepler-1312","TIC 137899873",1.11611998100,,,5721.00,4.517000,0.905000,0.983000,"Transit","Kepler",1
"WASP-41 c","WASP-41","TIC 398943781",421.00000000000,,,5545.00,4.530000,0.870000,0.930000,"Radial Velocity","La Silla Observatory",1
"Kepler-517 b","Kepler-517","TIC 138297129",60.92832271000,,6.3262000,5690.00,4.430000,0.980000,0.950000,"Transit","Kepler",1
"HD 192263 b","HD 192263","TIC 243962745",24.35560000000,,,4976.00,4.510000,0.740000,0.660000,"Radial Velocity","La Silla Observatory",1
"HD 141399 e","HD 141399","TIC 156067565",5000.00000000000,,,5600.00,4.280000,,1.070000,"Radial Velocity","Multiple Observatories",1
"Kepler-1336 c","Kepler-1336","TIC 272278272",5.77721211000,,2.4230000,5512.00,4.180000,1.300000,0.940000,"Transit","Kepler",1
"Kepler-1163 b","Kepler-1163","TIC 406950324",6.11786898000,,3.4700000,6302.00,4.260000,1.350000,1.220000,"Transit","Kepler",1
"WASP-140 b","WASP-140","TIC 178284730",,,,5300.00,,,,"Transit","SuperWASP-South",1
"rho CrB c","rho CrB","TIC 458494003",102.03600000000,,,,,,1.000000,"Radial Velocity","Multiple Observatories",1
"Kepler-1460 b","Kepler-1460","TIC 352011765",29.96332470000,,2.6320000,4422.00,4.640000,0.670000,0.700000,"Transit","Kepler",1
"Kepler-1751 b","Kepler-1751","TIC 48451491",7.01731014300,,,6052.00,4.456000,0.967000,0.974000,"Transit","Kepler",1
"HD 40956 b","HD 40956","TIC 71099944",578.60000000000,,,4869.00,3.020000,8.560000,2.000000,"Radial Velocity","Multiple Observatories",1
"K2-83 c","K2-83","TIC 242988068",9.99767000000,,2.7700000,3910.00,4.863000,0.424000,0.484000,"Transit","K2",1
"HD 156846 b","HD 156846","TIC 75673519",359.51001000000,,,6090.00,4.020000,1.900000,1.380000,"Radial Velocity","La Silla Observatory",1
"K2-350 c","K2-350","TIC 294319820",19.99194400000,,4.9400000,5789.00,4.390000,1.040000,0.980000,"Transit","K2",1
"HD 23596 b","HD 23596","TIC 201266092",1535.11912000000,,,,,,1.100000,"Radial Velocity","Haute-Provence Observatory",1
"Kepler-1128 b","Kepler-1128","TIC 137972889",61.61781670000,,3.7520000,5543.00,4.500000,0.910000,0.940000,"Transit","Kepler",1
"HD 39194 d","HD 39194","TIC 389506883",33.87400000000,,,,,,0.860000,"Radial Velocity","La Silla Observatory",1
"Kepler-210 c","Kepler-210","TIC 63283780",7.97251300000,,2.9020000,4559.00,4.663000,0.650000,,"Transit","Kepler",1
"Kepler-1415 b","Kepler-1415","TIC 164834500",0.63642408000,,1.0604000,5267.00,4.540000,0.840000,0.890000,"Transit","Kepler",1
"HIP 948 b","HIP 948","TIC 120523708",24955.45756000000,,,,,,0.710000,"Radial Velocity","Multiple Observatories",1
"HD 108236 c","HD 108236","TIC 260647166",6.20344900000,0.04690000,2.8600000,5660.00,4.490000,0.877000,0.869000,"Transit","Transiting Exoplanet Survey Satellite (TESS)",1
"HD 114783 c","HD 114783","TIC 292113181",4352.00000000000,,,,,,0.900000,"Radial Velocity","W. M. Keck Observatory",1
"LHS 1903 b","LHS 1903","TIC 318022259",2.15550980000,0.05530000,1.5620000,3664.00,4.750000,0.539000,0.538000,"Transit","Transiting Exoplanet Survey Satellite (TESS)",1
"HD 154345 b","HD 154345","TIC 198562505",3280.00000000000,,,,,,0.890000,"Radial Velocity","W. M. Keck Observatory",1
"HD 34445 e","HD 34445","TIC 284907742",49.17500000000,,,5836.00,4.210000,1.380000,1.070000,"Radial Velocity","Multiple Observatories",1
"K2-65 b","K2-65","TIC 38200266",12.64750000000,,3.4300000,5213.00,4.533000,0.840000,0.870000,"Transit","K2",1
"HAT-P-2 b","HAT-P-2","TIC 39903405",5.63351580000,,,6380.00,,1.390000,1.330000,"Transit","HATNet",1
"HD 39194 b","HD 39194","TIC 389506883",5.63692000000,,,,,,0.860000,"Radial Velocity","La Silla Observatory",1
"Kepler-272 b","Kepler-272","TIC 268704766",2.97135300000,,2.6480000,5297.00,4.426000,0.929000,,"Transit","Kepler",1
"K2-367 b","K2-367","TIC 12821302",20.64509900000,,,4348.00,4.726000,0.625000,0.756000,"Transit","K2",1
"Kepler-855 b","Kepler-855","TIC 271431851",7.88663110400,,5.2190600,5835.00,4.420000,1.030000,1.030000,"Transit","Kepler",1
"HD 105618 c","HD 105618","TIC 397519199",77114.07158000000,,,,,,1.010000,"Radial Velocity","Multiple Observatories",1
"OGLE-2017-BLG-1691L b","OGLE-2017-BLG-1691L",,,,,,,,0.450000,"Microlensing","OGLE",1
"K2-398 b","K2-398","TIC 281660552",6.39302500000,,,5946.00,4.227000,1.239000,0.945000,"Transit","K2",1
"K2-148 d","K2-148","TIC 423358488",9.75790000000,,,4079.00,4.653000,0.632000,0.650000,"Transit","K2",1
"Kepler-376 b","Kepler-376","TIC 137219378",4.92019900000,,3.9150000,5900.00,4.303000,1.175000,,"Transit","Kepler",1
"HD 40307 f","HD 40307","TIC 374859347",51.76000000000,,,4956.00,4.470000,,0.770000,"Radial Velocity","La Silla Observatory",1
"HD 74698 b","HD 74698","TIC 308087983",15.01700000000,,,5783.00,4.120000,1.333000,1.039000,"Radial Velocity","La Silla Observatory",1
"Kepler-815 b","Kepler-815","TIC 48505882",8.57503552000,,8.5450000,5028.00,3.460000,3.420000,1.250000,"Transit","Kepler",1
"TOI-5688 A b","TOI-5688 A","TIC 193634953",2.94815527000,,1.6800000,3713.00,4.690000,0.570000,0.600000,"Transit","Transiting Exoplanet Survey Satellite (TESS)",1
"Kepler-806 b","Kepler-806","TIC 272172942",8.09219642000,,5.4550000,5770.00,4.300000,1.160000,0.990000,"Transit","Kepler",1
"Kepler-943 b","Kepler-943","TIC 120106432",49.77014380000,,10.0850000,5612.00,4.500000,0.910000,0.930000,"Transit","Kepler",1
"TOI-3807 b","TOI-3807","TIC 289661991",2.89897270000,1.36000000,1.7800000,5772.00,4.174000,1.468000,1.181000,"Transit","Transiting Exoplanet Survey Satellite (TESS)",1
"TOI-1518 b","TOI-1518","TIC 427761355",1.90261131000,0.98800000,2.3950000,7299.00,4.136000,1.942000,1.880000,"Transit","Multiple Observatories",1
"Kepler-340 c","Kepler-340","TIC 184247532",22.82466900000,,6.6140000,6620.00,4.063000,1.850000,,"Transit","Kepler",1
"Kepler-1201 b","Kepler-1201","TIC 377915758",15.18725932000,,4.5080000,6177.00,4.320000,1.240000,1.150000,"Transit","Kepler",1
"HATS-37 A b","HATS-37 A","TIC 6036597",4.33153660000,,2.9136000,5326.00,4.478000,0.877000,0.843000,"Transit","HATSouth",1
"Kepler-250 d","Kepler-250","TIC 159098652",17.64831200000,,1.9800000,5160.00,4.565000,0.805000,,"Transit","Kepler",1
"K2-271 b","K2-271","TIC 60286662",8.56242100000,,,5644.00,4.370000,0.990000,0.830000,"Transit","K2",1
"WISPIT 1 b","WISPIT 1","TIC 268764100",,,,4670.00,,,,"Imaging","Paranal Observatory",1
"Kepler-498 b","Kepler-498","TIC 159384648",9.61375356000,,4.7305000,5744.00,4.470000,0.960000,0.980000,"Transit","Kepler",1
"K2-341 b","K2-341","TIC 175290685",36.55255100000,,6.2500000,5817.00,4.300000,1.160000,0.980000,"Transit","K2",1
"K2-244 b","K2-244","TIC 56814628",21.06884000000,0.03000000,3.9000000,5677.00,4.440000,0.920000,0.860000,"Transit","K2",1
"Kepler-1282 b","Kepler-1282","TIC 159301148",2.13194651300,,1.8179000,5504.00,4.510000,0.890000,0.920000,"Transit","Kepler",1
"TOI-4578 b","TOI-4578","TIC 154474036",8.62392630369,,2.0612885,5951.32,4.511800,0.878735,,"Transit","Transiting Exoplanet Survey Satellite (TESS)",1
"HAT-P-60 b","HAT-P-60","TIC 354469661",4.79478130000,,5.0350000,6212.00,3.911400,2.197000,1.435000,"Transit","HATNet",1
"Kepler-473 b","Kepler-473","TIC 120961632",14.55731705000,,7.7724000,5816.00,4.210000,1.340000,1.060000,"Transit","Kepler",1
"CoRoT-32 b","CoRoT-32","TIC 220323515",6.71837000000,0.29000000,2.4960000,5970.00,4.670000,0.790000,1.080000,"Transit","CoRoT",1
"WASP-91 b","WASP-91","TIC 238176110",2.79858100000,1.50000000,2.3424000,4920.00,4.300000,0.860000,0.840000,"Transit","SuperWASP-South",1
"Kepler-213 c","Kepler-213","TIC 159521326",4.82296200000,,0.8280000,5696.00,4.310000,1.195000,,"Transit","Kepler",1
"Kepler-121 b","Kepler-121","TIC 120765800",3.17742200000,,1.4750000,5311.00,4.646000,0.701000,,"Transit","Kepler",1
"HD 564 b","HD 564","TIC 200658785",492.30000000000,,,5902.00,4.530000,1.010000,0.961000,"Radial Velocity","La Silla Observatory",1
"Pr0211 c","Pr0211","TIC 175291727",4850.00000000000,,,5300.00,4.510000,0.827000,0.935000,"Radial Velocity","Roque de los Muchachos Observatory",1
"Kepler-890 b","Kepler-890","TIC 158726129",52.75875577000,,6.6068000,5954.00,4.370000,1.130000,1.090000,"Transit","Kepler",1
"Kepler-330 b","Kepler-330","TIC 158727691",8.25978000000,,3.0050000,5117.00,4.636000,0.722000,,"Transit","Kepler",1
"HATS-5 b","HATS-5","TIC 139733308",4.76338700000,,2.9856000,5304.00,4.530000,0.871000,0.936000,"Transit","HATSouth",1
"61 Vir c","61 Vir","TIC 422478973",38.02100000000,,,5577.00,4.340000,0.963000,0.942000,"Radial Velocity","Multiple Observatories",1
"DMPP-6 b","DMPP-6","TIC 306668068",7.60270000000,,,,,1.270000,1.079000,"Radial Velocity","Multiple Observatories",1
"TOI-2128 b","TOI-2128","TIC 21832928",16.34136000000,,4.6981114,5968.00,4.349000,1.117400,1.025100,"Transit","Transiting Exoplanet Survey Satellite (TESS)",1
"6 Lyn b","6 Lyn","TIC 444865362",919.86000000000,,,4941.00,3.160000,4.940000,1.320000,"Radial Velocity","Okayama Astrophysical Observatory",1
"GJ 338 B b","GJ 338 B","TIC 251078597",24.42200000000,,,4014.00,4.680000,0.580000,0.640000,"Radial Velocity","Calar Alto Observatory",1
"HD 213472 b","HD 213472","TIC 120601788",17000.00000000000,,,5729.54,4.144921,1.433902,1.048132,"Radial Velocity","Multiple Observatories",1
"HD 75784 b","HD 75784","TIC 46310554",341.20000000000,,,4867.00,3.460000,3.400000,1.260000,"Radial Velocity","W. M. Keck Observatory",1
"HIP 86221 b","HIP 86221","TIC 311407476",2.22400000000,,,,,,0.790000,"Radial Velocity","Cerro Tololo Inter-American Observatory",1
"HD 86728 b","HD 86728","TIC 172954294",31.15150000000,,,5610.00,4.250000,1.237000,0.967000,"Radial Velocity","Multiple Observatories",1
"TOI-5817 b","TOI-5817","TIC 418604868",15.61031000000,,6.0000000,5770.00,4.120000,1.427000,0.970000,"Transit","Transiting Exoplanet Survey Satellite (TESS)",1
"HD 73583 b","HD 73583","TIC 101011575",6.39804200000,,2.1430000,4511.00,4.620000,0.650000,0.730000,"Transit","Transiting Exoplanet Survey Satellite (TESS)",1
"TOI-1410 c","TOI-1410","TIC 199444169",47.56000000000,,,4635.00,4.579000,0.755800,0.794100,"Radial Velocity","W. M. Keck Observatory",1
"Kepler-164 d","Kepler-164","TIC 158561894",28.98676900000,,3.4440000,5888.00,4.331000,1.148000,,"Transit","Kepler",1
"Kepler-257 c","Kepler-257","TIC 273132699",6.58148400000,,3.2890000,5180.00,4.360000,1.037000,,"Transit","Kepler",1
"Kepler-238 c","Kepler-238","TIC 121460918",6.15555700000,,4.8370000,5751.00,4.194000,1.430000,,"Transit","Kepler",1
"K2-214 b","K2-214","TIC 344657681",8.59656000000,,,5875.00,4.280000,1.236000,1.030000,"Transit","K2",1
"Kepler-597 b","Kepler-597","TIC 138214174",13.02365861000,,3.9714000,5683.00,4.470000,0.950000,0.970000,"Transit","Kepler",1
"Kepler-1489 c","Kepler-1489","TIC 123312978",0.68074100000,,1.7000000,5565.53,,0.957000,0.977000,"Transit","Kepler",1
"Kepler-1863 b","Kepler-1863","TIC 123416041",44.99760056000,,,5871.00,4.493000,0.983000,1.097000,"Transit","Kepler",1
"TOI-2842 b","TOI-2842","TIC 178162579",3.55140580000,0.86700000,2.5750000,5910.00,4.288000,1.265000,1.135000,"Transit","Transiting Exoplanet Survey Satellite (TESS)",1
"Kepler-176 d","Kepler-176","TIC 271159950",25.75197400000,,2.8530000,5232.00,4.474000,0.891000,,"Transit","Kepler",1
"TOI-763 b","TOI-763","TIC 178819686",5.60570000000,,,5450.00,4.450000,0.897000,0.917000,"Transit","Transiting Exoplanet Survey Satellite (TESS)",1
"Kepler-1618 b","Kepler-1618","TIC 271546110",6.10826019000,,3.6490000,6620.00,4.150000,1.650000,1.410000,"Transit","Kepler",1
"TOI-5542 b","TOI-5542","TIC 466206508",75.12375000000,,,5700.00,4.200000,1.058000,0.890000,"Transit","Transiting Exoplanet Survey Satellite (TESS)",1
"Kepler-1857 b","Kepler-1857","TIC 184556217",8.94340992000,,,6074.00,4.375000,1.005000,0.873000,"Transit","Kepler",1
"Kepler-697 b","Kepler-697","TIC 120042965",3.70987064500,,3.1000000,5513.00,4.520000,0.880000,0.920000,"Transit","Kepler",1
"HD 21693 b","HD 21693","TIC 197792776",22.67860000000,,,5430.00,4.370000,,0.800000,"Radial Velocity","La Silla Observatory",1
"K2-48 b","K2-48","TIC 397022282",20.50650000000,,3.0100000,4899.00,4.603000,0.730000,0.770000,"Transit","K2",1
"Kepler-28 c","Kepler-28","TIC 63122956",8.99000000000,,,4499.30,,0.664000,0.684000,"Transit","Kepler",1
"Kepler-1107 b","Kepler-1107","TIC 122716169",0.57103851800,,1.0420000,5268.00,4.550000,0.820000,0.860000,"Transit","Kepler",1
"HD 238914 b","HD 238914","TIC 359558085",4100.00000000000,,,4769.00,2.370000,12.730000,1.470000,"Radial Velocity","Multiple Observatories",1
"Kepler-1920 b","Kepler-1920","TIC 122716838",30.25410080000,,,6277.00,4.402000,1.161000,1.239000,"Transit","Kepler",1
"Kepler-281 b","Kepler-281","TIC 270858032",14.64600800000,,6.2930000,5723.00,4.531000,0.899000,,"Transit","Kepler",1
"Kepler-1643 b","Kepler-1643","TIC 239307743",5.34265700000,,2.4100000,4916.00,4.502000,0.855000,0.845000,"Transit","Kepler",1
"Kepler-175 c","Kepler-175","TIC 159099116",34.03525700000,,7.0570000,6064.00,4.472000,1.010000,,"Transit","Kepler",1
"Kepler-207 d","Kepler-207","TIC 159217436",5.86807500000,,3.9700000,5920.00,4.129000,1.588000,,"Transit","Kepler",1
"Kepler-235 c","Kepler-235","TIC 120765183",7.82490400000,,2.2170000,4255.00,4.730000,0.554000,,"Transit","Kepler",1
"Kepler-1654 b","Kepler-1654","TIC 123417316",1047.83560000000,0.50960000,22.9920000,5597.00,4.300100,1.179000,1.011000,"Transit","Kepler",1
"Kepler-1606 b","Kepler-1606","TIC 158218731",196.43522400000,,8.6020000,5422.00,4.530000,0.860000,0.900000,"Transit","Kepler",1
"KIC 8540376 c","KOI-7892","TIC 123449386",75.20000000000,0.03240000,,6474.00,4.310000,1.260000,1.040000,"Transit","Kepler",1
"Kepler-1936 b","Kepler-1936","TIC 159451957",126.55699920000,,,6501.00,4.054000,1.854000,1.419000,"Transit","Kepler",1
"HD 100508 b","HD 100508","TIC 280859200",5681.00000000000,,,5419.00,4.390000,,0.940000,"Radial Velocity","Las Campanas Observatory",1
"HD 154857 c","HD 154857","TIC 173552927",3452.00000000000,,,5605.00,3.820000,1.760000,1.718000,"Radial Velocity","Anglo-Australian Telescope",1
"HD 4760 b","HD 4760","TIC 405337087",434.00000000000,,,4076.00,1.620000,42.400000,1.050000,"Radial Velocity","Multiple Observatories",1
"HD 110113 c","HD 110113","TIC 73228647",6.74400000000,,,5732.00,4.460000,0.968000,0.997000,"Radial Velocity","La Silla Observatory",1
"HD 202696 b","HD 202696","TIC 25346878",517.80000000000,,,5040.00,3.110000,6.430000,1.910000,"Radial Velocity","W. M. Keck Observatory",1
"HD 210193 b","HD 210193","TIC 278523703",649.91800000000,,,5790.00,,,1.040000,"Radial Velocity","Las Campanas Observatory",1
"HD 180053 b","HD 180053","TIC 29898060",213.72000000000,,,5131.00,3.540000,4.060000,1.750000,"Radial Velocity","W. M. Keck Observatory",1
"HD 135625 b","HD 135625","TIC 143713715",4055.00000000000,,,,,,1.280000,"Radial Velocity","La Silla Observatory",1
"HD 128311 c","HD 128311","TIC 349606708",921.53800000000,,,,4.610000,0.760000,0.828000,"Radial Velocity","W. M. Keck Observatory",1
"HD 125612 d","HD 125612","TIC 347909637",2822.72698000000,,,,,,1.050000,"Radial Velocity","La Silla Observatory",1
"51 Eri b","51 Eri","TIC 298810162",9100.00000000000,,,,,,1.750000,"Imaging","Gemini Observatory",1
"HD 168443 c","HD 168443","TIC 16465196",1753.10960000000,,,,,,0.980000,"Radial Velocity","W. M. Keck Observatory",1
"TOI-5789 b","TOI-5789","TIC 87216634",2.76369000000,,,5185.00,4.511000,0.833000,0.821000,"Radial Velocity","Multiple Observatories",1
"Kepler-833 b","Kepler-833","TIC 159397031",18.75469980000,,3.0681000,4339.00,4.670000,0.620000,0.640000,"Transit","Kepler",1
"COCONUTS-2 b","COCONUTS-2 A","TIC 272232401",,,,3552.00,4.910000,0.366000,0.400000,"Imaging","NASA Infrared Telescope Facility (IRTF)",1
"11 Com b","11 Com","TIC 72437047",323.21000000000,,,4874.00,2.450000,13.760000,2.090000,"Radial Velocity","Xinglong Station",1
"K2-386 b","K2-386","TIC 376879052",7.47322300000,,,5749.00,4.424000,0.970000,0.911000,"Transit","K2",1
"OGLE-2019-BLG-1053L b","OGLE-2019-BLG-1053L",,,,,,,,0.610000,"Microlensing","KMTNet",1
"KMT-2024-BLG-0176L b","KMT-2024-BLG-0176L",,,,,,,,0.103000,"Microlensing","KMTNet",1
"K2-66 b","K2-66","TIC 50183101",5.06963000000,,4.7100000,5887.00,4.030000,1.670000,1.110000,"Transit","K2",1
"K2-4 b","K2-4","TIC 49462779",10.00341700000,,,4014.73,,0.569359,0.635026,"Transit","K2",1
"Kepler-1612 b","Kepler-1612","TIC 159646633",3.91795101000,,2.5860000,5643.00,4.480000,0.940000,0.960000,"Transit","Kepler",1
"Kepler-744 b","Kepler-744","TIC 272597130",12.06222443000,,2.1007000,5594.00,4.480000,0.930000,0.940000,"Transit","Kepler",1
"WASP-53 c","WASP-53","TIC 268766053",2840.00000000000,,,4953.00,4.553000,0.798000,0.839000,"Radial Velocity","Multiple Facilities",1
"Kepler-140 b","Kepler-140","TIC 158487888",3.25427000000,,2.9780000,6077.00,4.272000,1.288000,,"Transit","Kepler",1
"HD 112640 b","HD 112640","TIC 459217467",613.20000000000,,,4155.00,1.700000,39.000000,1.800000,"Radial Velocity","Bohyunsan Optical Astronomical Observatory",1
"14 Her b","14 Her","TIC 219483057",,,,,,,0.970000,"Radial Velocity","W. M. Keck Observatory",1
"TOI-1054.01","TOI-1054","TIC 366989877",15.50778550000,0.05130000,4.5650000,6122.00,4.308810,1.170000,,"Transit","Transiting Exoplanet Survey Satellite (TESS)",1
"HD 216437 b","HD 216437","TIC 277774779",1359.00000000000,,,,,,1.220000,"Radial Velocity","Anglo-Australian Telescope",1
"Kepler-1455 b","Kepler-1455","TIC 27014562",49.27676400000,,3.6960000,4075.00,4.680000,0.600000,0.620000,"Transit","Kepler",1
"tau Cet f","tau Cet","TIC 419015728",636.13000000000,,,,,,0.783000,"Radial Velocity","Multiple Observatories",1
"HD 82886 b","HD 82886","TIC 8915600",705.00000000000,,,4953.00,3.400000,5.260000,2.530000,"Radial Velocity","W. M. Keck Observatory",1
"Kepler-264 b","Kepler-264","TIC 137347078",40.80623100000,,14.2530000,6158.00,4.147000,1.550000,,"Transit","Kepler",1
"Kepler-1822 b","Kepler-1822","TIC 169177842",22.13339996000,,,5165.00,4.633000,0.702000,0.782000,"Transit","Kepler",1
"Kepler-106 d","Kepler-106","TIC 184997417",23.98020000000,,,5858.00,4.407000,1.040000,1.000000,"Transit","Kepler",1
"Kepler-1214 b","Kepler-1214","TIC 48528473",18.82634264000,,2.3330000,5130.00,4.570000,0.800000,0.850000,"Transit","Kepler",1
"Kepler-776 b","Kepler-776","TIC 121114760",4.89718784000,,1.7990000,5071.00,4.580000,0.780000,0.830000,"Transit","Kepler",1
"NGTS-34 b","NGTS-34","TIC 147277741",43.12655000000,,5.2550000,6134.00,4.220000,1.367000,1.266000,"Transit","Transiting Exoplanet Survey Satellite (TESS)",1
"HD 142022 A b","HD 142022 A","TIC 290493086",1928.00000000000,,,5421.00,4.350000,1.040000,0.900000,"Radial Velocity","La Silla Observatory",1
"HD 47366 c","HD 47366","TIC 443578538",677.53000000000,,,4866.00,2.970000,7.300000,1.810000,"Radial Velocity","Okayama Astrophysical Observatory",1
"K2-373 b","K2-373","TIC 27626711",11.02066000000,,,6138.00,4.156000,1.486000,1.158000,"Transit","K2",1
"HD 206610 b","HD 206610","TIC 333314269",673.20000000000,,,4842.00,3.220000,6.120000,1.550000,"Radial Velocity","W. M. Keck Observatory",1
"Kepler-1600 c","Kepler-1600","TIC 137151626",7.29804992700,,,5119.00,4.508000,0.834000,0.818000,"Transit","Kepler",1
"KMT-2018-BLG-0087L b","KMT-2018-BLG-0087L",,,,,,,,0.100000,"Microlensing","KMTNet",1
"Kepler-1306 b","Kepler-1306","TIC 271040328",16.29595382000,,2.1290000,5727.00,4.450000,0.970000,0.980000,"Transit","Kepler",1
"HD 74698 c","HD 74698","TIC 308087983",3449.00000000000,,,5783.00,4.120000,1.333000,1.039000,"Radial Velocity","La Silla Observatory",1
"Kepler-1204 b","Kepler-1204","TIC 159043952",85.73502850000,,7.4570000,5825.00,4.420000,1.030000,1.030000,"Transit","Kepler",1
"Gaia-2 b","Gaia-2","TIC 147797743",3.69152240000,,,5720.00,,1.064000,1.000000,"Transit","European Space Agency (ESA) Gaia Satellite",1
"HIP 105854 b","HIP 105854","TIC 129649472",184.20000000000,,,4780.00,2.940000,,2.100000,"Radial Velocity","Multiple Observatories",1
"TOI-5616 b","TOI-5616","TIC 154220877",2.00284900000,,1.6600000,3996.00,4.670000,0.646000,0.666000,"Transit","Transiting Exoplanet Survey Satellite (TESS)",1
"Kepler-212 b","Kepler-212","TIC 158551888",16.25758200000,,6.5960000,5852.00,4.182000,1.455000,,"Transit","Kepler",1
"WASP-38 b","WASP-38","TIC 318696424",6.87188000000,0.69000000,,6180.00,4.250000,1.520000,1.760000,"Transit","SuperWASP",1
"NGTS-9 b","NGTS-9","TIC 176685457",4.43527000000,,2.0500000,6330.00,4.370000,1.380000,1.340000,"Transit","Next-Generation Transit Survey (NGTS)",1
"Kepler-631 b","Kepler-631","TIC 168816237",17.97979059000,,5.6021000,6185.00,4.280000,1.330000,1.240000,"Transit","Kepler",1
"HD 145377 b","HD 145377","TIC 68165288",103.95000000000,,,6014.00,4.470000,1.050000,1.200000,"Radial Velocity","La Silla Observatory",1
"Kepler-1413 b","Kepler-1413","TIC 270957896",13.18296420000,,3.6360000,5196.00,4.570000,0.800000,0.840000,"Transit","Kepler",1
"TOI-5789 d","TOI-5789","TIC 87216634",29.65000000000,,,5185.00,4.511000,0.833000,0.821000,"Radial Velocity","Multiple Observatories",1
"Kepler-19 d","Kepler-19","TIC 122375047",62.95000000000,,,5544.00,4.510000,0.859000,0.936000,"Radial Velocity","Roque de los Muchachos Observatory",1
"HD 4917 b","HD 4917","TIC 77481104",400.50000000000,,,4802.00,2.970000,5.010000,1.320000,"Radial Velocity","W. M. Keck Observatory",1
"Kepler-131 c","Kepler-131","TIC 121660708",25.51690000000,,,5685.00,4.417000,1.030000,1.020000,"Transit","Kepler",1
"Kepler-633 c","Kepler-633","TIC 138969239",23.78319931000,,,5877.00,4.233000,1.265000,0.997000,"Transit","Kepler",1
"G 192-15 c","G 192-15","TIC 467119250",1219.00000000000,,,,,,0.132000,"Radial Velocity","Calar Alto Observatory",1
"Kepler-178 c","Kepler-178","TIC 158394235",20.55280200000,,2.2050000,5676.00,4.334000,1.066000,,"Transit","Kepler",1
"Kepler-1905 b","Kepler-1905","TIC 63362238",3.42392993000,,,5788.00,4.442000,1.015000,1.038000,"Transit","Kepler",1
"Kepler-1322 c","Kepler-1322","TIC 275490412",6.45998001100,,,5704.00,4.575000,0.804000,0.897000,"Transit","Kepler",1
"K2-118 b","K2-118","TIC 293496724",50.92092000000,,,4726.29,,0.734626,0.756446,"Transit","K2",1
"K2-203 b","K2-203","TIC 333605244",9.69520000000,0.02300000,3.1032000,5026.00,4.570000,0.765000,0.793000,"Transit","K2",1
"Kepler-711 b","Kepler-711","TIC 273234664",23.58914398000,,4.7592000,5222.00,4.560000,0.800000,0.840000,"Transit","Kepler",1
"TOI-1408 c","TOI-1408","TIC 364186197",2.16640000000,,2.6700000,6117.00,4.100000,1.530000,1.312000,"Transit Timing Variations","Transiting Exoplanet Survey Satellite (TESS)",1
"Kepler-27 d","Kepler-27","TIC 137556626",6.54628992100,,,5251.00,4.581000,0.817000,0.926000,"Transit","Kepler",1
"Kepler-1058 b","Kepler-1058","TIC 271164394",110.96546000000,,12.8410000,4644.00,4.630000,0.690000,0.730000,"Transit","Kepler",1
"TOI-2459 b","TOI-2459","TIC 192790476",19.10471800000,,,4195.00,4.599000,0.675100,0.660000,"Transit","Transiting Exoplanet Survey Satellite (TESS)",1
"CoRoT-16 b","CoRoT-16","TIC 218299481",5.35227000000,1.02000000,2.3900000,5650.00,4.360000,1.190000,1.098000,"Transit","CoRoT",1
"TOI-2587 A b","TOI-2587 A","TIC 68007716",5.45664000000,0.41100000,4.1620000,5760.00,4.024000,1.726000,1.150000,"Transit","Transiting Exoplanet Survey Satellite (TESS)",1
"DMPP-2 d","DMPP-2","TIC 32432767",16.49100000000,,,,,,1.410000,"Radial Velocity","Multiple Observatories",1
"Kepler-377 c","Kepler-377","TIC 184015535",27.01497600000,,5.7760000,5949.00,4.303000,1.224000,,"Transit","Kepler",1
"HD 108236 e","HD 108236","TIC 260647166",19.59002500000,0.10380000,4.2000000,5660.00,4.490000,0.877000,0.869000,"Transit","Transiting Exoplanet Survey Satellite (TESS)",1
"HD 4308 b","HD 4308","TIC 234501204",15.56000000000,,,5686.00,4.390000,1.020000,0.930000,"Radial Velocity","La Silla Observatory",1
"Kepler-467 b","Kepler-467","TIC 121214078",24.99324193000,,5.9083000,5809.00,4.180000,1.370000,1.050000,"Transit","Kepler",1
"Kepler-1978 b","Kepler-1978","TIC 120693914",10.84969477000,0.11221000,3.4740000,5251.00,4.592000,0.778000,0.869000,"Transit","Kepler",1
"Kepler-701 b","Kepler-701","TIC 121795464",10.35533177000,,3.4276000,5343.00,4.540000,0.840000,0.880000,"Transit","Kepler",1
"Kepler-214 c","Kepler-214","TIC 164785720",28.77980000000,,7.8030000,6169.00,4.249000,1.352000,,"Transit","Kepler",1
"HD 7199 b","HD 7199","TIC 52121796",615.00000000000,,,5371.00,4.350000,0.970000,0.770000,"Radial Velocity","La Silla Observatory",1
"Kepler-765 b","Kepler-765","TIC 164456891",27.66552260000,,6.5080000,5901.00,4.410000,1.060000,1.050000,"Transit","Kepler",1
"HD 136352 b","HD 136352","TIC 136916387",11.57797000000,0.02080000,3.9350000,5664.00,4.390000,1.058000,0.870000,"Radial Velocity","La Silla Observatory",1
"HD 164604 b","HD 164604","TIC 406317882",653.90000000000,,,4663.00,4.490000,0.780000,0.770000,"Radial Velocity","Las Campanas Observatory",1
"HIP 57274 d","HIP 57274","TIC 5078530",431.70000000000,,,4640.00,4.710000,0.680000,0.730000,"Radial Velocity","W. M. Keck Observatory",1
"HD 13908 c","HD 13908","TIC 12906712",931.00000000000,,,6255.00,4.110000,1.670000,1.290000,"Radial Velocity","Haute-Provence Observatory",1
"OGLE-2012-BLG-0406L b","OGLE-2012-BLG-0406L",,,,,,,,0.440000,"Microlensing","OGLE",1
"HIP 67851 b","HIP 67851","TIC 111947706",89.23000000000,,,4840.00,3.110000,5.450000,1.280000,"Radial Velocity","Multiple Observatories",1
"HD 220842 b","HD 220842","TIC 251866143",218.47000000000,,,5960.00,4.240000,,1.130000,"Radial Velocity","Haute-Provence Observatory",1
"Kepler-1568 b","Kepler-1568","TIC 158984590",20.92539200000,,6.6170000,5956.00,4.320000,1.190000,1.090000,"Transit","Kepler",1
"OGLE-2018-BLG-1700L b","OGLE-2018-BLG-1700L",,,,,,,,0.420000,"Microlensing","OGLE",1
"KMT-2023-BLG-1896L b","KMT-2023-BLG-1896L",,,,,,,,0.720000,"Microlensing","KMTNet",1
"Kepler-168 c","Kepler-168","TIC 378087276",13.19324200000,,4.9360000,6282.00,4.422000,1.107000,,"Transit","Kepler",1
"HD 1605 c","HD 1605","TIC 57983992",2149.00000000000,,,4915.00,,3.490000,1.330000,"Radial Velocity","Multiple Observatories",1
"HD 187085 b","HD 187085","TIC 300081980",1019.74000000000,,,6117.00,4.279000,1.270000,1.189000,"Radial Velocity","Anglo-Australian Telescope",1
"Kepler-529 b","Kepler-529","TIC 158108219",1.98035766300,,2.4332000,6087.00,4.350000,1.140000,1.070000,"Transit","Kepler",1
"GJ 317 c","GJ 317","TIC 118608254",6500.00000000000,,,3496.00,,0.403000,0.402000,"Radial Velocity","W. M. Keck Observatory",1
"GJ 3293 d","GJ 3293","TIC 178872239",48.13450000000,,,3466.00,,0.404000,0.420000,"Radial Velocity","La Silla Observatory",1
"HAT-P-55 b","HAT-P-55","TIC 311408969",3.58523130000,,,5804.00,4.363000,1.105000,1.028000,"Transit","HATNet",1
"Kepler-975 b","Kepler-975","TIC 122450762",1.97034245700,,1.7381000,4897.00,4.590000,0.750000,0.800000,"Transit","Kepler",1
"ROXs 12 b","ROXs 12","TIC 175595883",,,,3850.00,,,0.870000,"Imaging","W. M. Keck Observatory",1
"HATS-22 b","HATS-22","TIC 14661418",4.72281240000,,2.1912000,4803.00,4.644000,0.689000,0.759000,"Transit","HATSouth",1
"Kepler-858 b","Kepler-858","TIC 299089652",76.13602028000,,7.9602000,5653.00,4.500000,0.910000,0.960000,"Transit","Kepler",1
"K2-212 b","K2-212","TIC 388811663",9.79564700000,0.12797000,,4349.00,4.720000,0.678000,0.622000,"Transit","K2",1
"WASP-44 b","WASP-44","TIC 12862099",2.42380400000,1.56000000,2.2368000,5420.00,4.494000,0.906000,0.935000,"Transit","SuperWASP",1
"Kepler-1205 b","Kepler-1205","TIC 122443195",1.07839035200,,1.2297000,5226.00,4.560000,0.810000,0.840000,"Transit","Kepler",1
"Kepler-383 b","Kepler-383","TIC 137150599",12.90453200000,,3.3220000,4710.00,4.624000,0.672000,,"Transit","Kepler",1
"TOI-2345 b","TOI-2345","TIC 91555165",1.05285730000,,,4687.00,4.570000,0.729000,0.727000,"Transit","Transiting Exoplanet Survey Satellite (TESS)",1
"K2-239 c","K2-239","TIC 374339566",7.77500000000,0.05800000,1.2480000,3420.00,4.900000,0.360000,0.400000,"Transit","K2",1
"HD 206255 b","HD 206255","TIC 139842723",96.04500000000,,,5635.00,,,1.420000,"Radial Velocity","Las Campanas Observatory",1
"Kepler-816 b","Kepler-816","TIC 138105127",10.50682564600,,3.7432000,5286.00,4.540000,0.850000,0.900000,"Transit","Kepler",1
"TOI-159 b","TOI-159","TIC 394657039",3.76283960000,,4.2200000,7287.00,4.230000,1.620000,1.661000,"Transit","Transiting Exoplanet Survey Satellite (TESS)",1
"Wolf 327 b","Wolf 327","TIC 4918918",0.57347450000,,,3542.00,4.870000,0.406000,0.405000,"Transit","Transiting Exoplanet Survey Satellite (TESS)",1
"18 Del b","18 Del","TIC 354489950",982.85000000000,,,4980.00,2.870000,8.800000,2.100000,"Radial Velocity","Okayama Astrophysical Observatory",1
"TOI-5926 b","TOI-5926","TIC 372831381",3.81122794237,,2.2838641,5388.92,4.486900,0.890046,,"Transit","Transiting Exoplanet Survey Satellite (TESS)",1
"Kepler-753 b","Kepler-753","TIC 351056774",5.74772501200,,1.8222000,4346.00,4.650000,0.650000,0.680000,"Transit","Kepler",1
"Kepler-801 b","Kepler-801","TIC 158171839",11.41928253000,,3.9867000,4435.00,4.660000,0.630000,0.670000,"Transit","Kepler",1
"NGTS-14 A b","NGTS-14 A","TIC 197643976",3.53571730000,,2.2400000,5187.00,4.200000,0.842000,0.898000,"Transit","Next-Generation Transit Survey (NGTS)",1
"K2-230 b","K2-230","TIC 288527728",2.86041000000,0.02000000,2.6000000,5945.00,4.200000,1.390000,1.110000,"Transit","K2",1
"Kepler-1444 b","Kepler-1444","TIC 164886812",33.42035034000,,5.0911000,5810.00,4.400000,1.050000,1.030000,"Transit","Kepler",1
"HD 72490 b","HD 72490","TIC 20537900",858.00000000000,,,4934.00,3.210000,4.960000,1.210000,"Radial Velocity","W. M. Keck Observatory",1
"Kepler-1518 c","Kepler-1518","TIC 239289191",9.63102580000,0.02972000,5.2550000,6432.00,4.207000,1.345000,1.060000,"Transit","Kepler",1
"K2-282 b","K2-282","TIC 266030192",4.16978300000,,,5499.00,4.500000,1.000000,,"Transit","K2",1
"K2-90 c","K2-90","TIC 14111411",2.90070600000,,,4421.98,,0.634754,0.704613,"Transit","K2",1
"Kepler-391 c","Kepler-391","TIC 290032428",20.50100000000,,,5038.00,3.620000,2.879000,1.270000,"Transit","Kepler",1
"WASP-59 b","WASP-59","TIC 91051152",7.91958500000,1.69000000,2.4480000,4650.00,4.720000,0.613000,0.719000,"Transit","SuperWASP",1
"TOI-1346 b","TOI-1346","TIC 219852882",1.76225380000,,,5099.00,4.610000,0.780000,0.820000,"Transit","Transiting Exoplanet Survey Satellite (TESS)",1
"Kepler-1388 b","Kepler-1388","TIC 164524311",12.28546030000,,3.0370000,4098.00,4.670000,0.610000,0.630000,"Transit","Kepler",1
"HD 221585 b","HD 221585","TIC 270730826",1173.00000000000,,,5620.00,4.050000,,1.190000,"Radial Velocity","Haute-Provence Observatory",1
"HD 23079 c","HD 23079","TIC 206402844",5.74891300000,,,5994.00,4.370000,1.080000,1.160000,"Radial Velocity","La Silla Observatory",1
"Kepler-538 b","Kepler-538","TIC 28227113",81.73778000000,,,5534.00,,0.871700,0.892000,"Transit","Kepler",1
"HAT-P-54 b","HAT-P-54","TIC 284326455",3.79984700000,,,4390.00,4.667000,0.617000,0.645000,"Transit","HATNet",1
"Kepler-899 b","Kepler-899","TIC 169557750",19.17891293000,,5.2000000,5595.00,4.490000,0.910000,0.930000,"Transit","Kepler",1
"GJ 508.2 b","GJ 508.2","TIC 43133318",5300.00000000000,,,3720.00,,0.530000,0.540000,"Radial Velocity","Calar Alto Observatory",1
"TOI-2529 b","TOI-2529","TIC 269333648",64.59490000000,,,5802.00,4.030000,1.700000,1.110000,"Transit","Transiting Exoplanet Survey Satellite (TESS)",1
"K2-153 b","K2-153","TIC 397056271",7.51574000000,0.12900000,2.3000000,3845.00,4.730000,0.530000,0.550000,"Transit","K2",1
"TOI-1226 b","TOI-1226","TIC 177115354",3.92880881576,,1.7153279,5434.91,4.413800,0.986943,,"Transit","Transiting Exoplanet Survey Satellite (TESS)",1
"Kepler-819 b","Kepler-819","TIC 139106013",33.19956480000,,5.0135000,5279.00,4.550000,0.810000,0.860000,"Transit","Kepler",1
"Kepler-184 b","Kepler-184","TIC 63119782",10.68757600000,,3.2210000,5788.00,4.510000,0.873000,,"Transit","Kepler",1
"Luhman 16 b","Luhman 16 A","TIC 119862115",9697.00000000000,,,,,,0.033800,"Imaging","Multiple Observatories",1
"TOI-3493 b","TOI-3493","TIC 203377303",8.15946670000,,,5844.00,4.250000,1.228000,1.023000,"Transit","Transiting Exoplanet Survey Satellite (TESS)",1
"Kepler-1179 b","Kepler-1179","TIC 164658882",2.68505749200,,1.0229000,5212.00,4.560000,0.810000,0.840000,"Transit","Kepler",1
"K2-394 b","K2-394","TIC 436575927",5.09571700000,,,4938.00,4.515000,0.631000,0.478000,"Transit","K2",1
"TOI-540 b","TOI-540","TIC 200322593",1.23914910000,,,3216.00,,0.189500,0.159000,"Transit","Transiting Exoplanet Survey Satellite (TESS)",1
"Kepler-934 b","Kepler-934","TIC 159379942",55.67383090000,,3.8050000,5001.00,4.590000,0.770000,0.810000,"Transit","Kepler",1
"Kepler-1240 b","Kepler-1240","TIC 258203566",4.86638150000,,2.2310000,5682.00,4.470000,0.960000,0.980000,"Transit","Kepler",1
"Kepler-828 b","Kepler-828","TIC 158386765",0.56785713600,,0.9869000,5039.00,4.580000,0.770000,0.810000,"Transit","Kepler",1
"TOI-2236 b","TOI-2236","TIC 394722182",3.53159020000,0.70110000,3.0480000,6248.00,4.172000,1.573000,1.343000,"Transit","Transiting Exoplanet Survey Satellite (TESS)",1
"HD 203387 c","HD 203387","TIC 288329878",2481.07227000000,,,,,,2.817000,"Radial Velocity","Multiple Observatories",1
"Kepler-282 d","Kepler-282","TIC 164779321",24.80600000000,,,,4.530000,0.890000,0.970000,"Transit","Kepler",1
"K2-294 b","K2-294","TIC 49709169",2.50387000000,,2.6000000,5612.00,4.200000,1.200000,0.987000,"Transit","K2",1
"Kepler-401 d","Kepler-401","TIC 267746315",184.25640500000,,11.2830000,6184.00,4.280000,1.290000,1.170000,"Transit","Kepler",1
"Kepler-157 d","Kepler-157","TIC 122716806",7.02573474000,,2.1114000,5866.00,4.420000,1.030000,1.020000,"Transit","Kepler",1
"Kepler-1801 c","Kepler-1801","TIC 139034625",116.58318300000,0.08190000,5.8000000,5738.00,4.426000,0.981000,0.936000,"Transit","Kepler",1
"Kepler-158 c","Kepler-158","TIC 120103325",28.55138300000,,4.2480000,4623.00,4.660000,0.624000,,"Transit","Kepler",1
"Kepler-1820 b","Kepler-1820","TIC 351189211",31.03249931000,,,5841.00,4.520000,0.931000,1.047000,"Transit","Kepler",1
"DMPP-1 e","DMPP-1","TIC 66560666",5.51600000000,,,6196.00,4.410000,1.260000,1.210000,"Radial Velocity","La Silla Observatory",1
"Kepler-32 b","Kepler-32","TIC 273590427",5.90124000000,0.16500000,2.1120000,3900.00,4.640000,0.530000,0.580000,"Transit","Kepler",1
"K2-336 b","K2-336","TIC 46382728",21.19473300000,,4.6500000,5424.00,4.560000,0.800000,0.860000,"Transit","K2",1
"HD 219134 f","HD 219134","TIC 283722336",22.71700000000,,,4699.00,4.567000,0.778000,0.810000,"Radial Velocity","Multiple Observatories",1
"Kepler-873 b","Kepler-873","TIC 27843860",20.55338440000,,5.0988000,6163.00,4.290000,1.270000,1.180000,"Transit","Kepler",1
"Kepler-1137 b","Kepler-1137","TIC 399913391",23.92107910000,,4.6920000,6807.00,4.080000,1.840000,1.500000,"Transit","Kepler",1
"TOI-1669 b","TOI-1669","TIC 428679607",500.00000000000,,,5497.00,4.382000,1.056100,0.986700,"Radial Velocity","W. M. Keck Observatory",1
"K2-58 c","K2-58","TIC 437703489",2.53726000000,,1.9960000,5413.00,4.522000,0.860000,0.890000,"Transit","K2",1
"WASP-118 b","WASP-118","TIC 380907135",4.04604350000,0.75500000,4.8048000,6410.00,4.100000,1.696000,1.320000,"Transit","SuperWASP",1
"Kepler-388 c","Kepler-388","TIC 164786156",13.29700400000,,3.2770000,4498.00,4.690000,0.586000,,"Transit","Kepler",1
"Kepler-1935 b","Kepler-1935","TIC 184469205",3.95140004200,,,5570.00,4.458000,0.899000,0.845000,"Transit","Kepler",1
"Kepler-463 b","Kepler-463","TIC 268481319",8.98101683300,,1.8737000,5661.00,4.470000,0.900000,0.870000,"Transit","Kepler",1
"K2-30 b","K2-30","TIC 26017005",4.09850300000,1.60300000,2.3208000,5425.00,4.540000,0.844000,0.900000,"Transit","K2",1
"TIC 150070085 b","TIC 150070085","TIC 150070085",10.47423000000,,3.4750000,5999.00,,1.086000,1.160000,"Transit","Transiting Exoplanet Survey Satellite (TESS)",1
"K2-316 b","K2-316","TIC 73943566",1.13300000000,0.09570000,,3436.00,4.891000,0.379000,0.408000,"Transit","K2",1
"HD 81817 c","HD 81817","TIC 137603530",622.97802000000,,,,,,4.300000,"Radial Velocity","Multiple Observatories",1
"Kepler-1922 b","Kepler-1922","TIC 137548365",13.22259998000,,,5931.00,4.545000,0.863000,0.953000,"Transit","Kepler",1
"Gl 49 b","Gl 49","TIC 256419669",13.85080000000,,,3805.00,4.690000,0.511000,0.515000,"Radial Velocity","Multiple Observatories",1
"WASP-61 b","WASP-61","TIC 13021029",3.85590000000,0.88000000,,6250.00,4.260000,1.550000,1.820000,"Transit","SuperWASP",1
"TOI-411 c","HD 22946","TIC 100990000",9.57308300000,,3.6840000,6169.00,4.470000,1.117000,1.098000,"Transit","Transiting Exoplanet Survey Satellite (TESS)",1
"Kepler-292 e","Kepler-292","TIC 271960465",11.97901000000,,4.0940000,5299.00,4.536000,0.826000,,"Transit","Kepler",1
"Kepler-173 c","Kepler-173","TIC 378160351",8.00577700000,,3.1290000,6031.00,4.404000,0.949000,,"Transit","Kepler",1
"EPIC 206042996 c","EPIC 206042996","TIC 12785571",0.35488400000,,,4114.00,4.800000,0.500000,,"Transit","K2",1
"HD 5608 b","HD 5608","TIC 53873088",768.70000000000,,,4807.00,3.060000,5.430000,1.290000,"Radial Velocity","Okayama Astrophysical Observatory",1
"TOI-238 b","TOI-238","TIC 9006668",1.27309900000,,1.5870000,5059.00,4.580000,0.756000,0.781000,"Transit","Transiting Exoplanet Survey Satellite (TESS)",1
"BD+03 2562 b","BD+03 2562","TIC 366659915",481.90000000000,,,4095.00,1.890000,32.350000,1.140000,"Radial Velocity","Multiple Observatories",1
"TOI-4427 b","TOI-4427","TIC 207339000",4.61826210000,1.86143353,2.6550000,5347.00,4.450000,0.890000,0.900000,"Transit","Transiting Exoplanet Survey Satellite (TESS)",1
"HD 33564 b","HD 33564","TIC 142103211",388.00000000000,,,6250.00,4.000000,,1.250000,"Radial Velocity","Haute-Provence Observatory",1
"TOI-784 b","HD 307842","TIC 460984940",2.79703650000,,,5558.00,4.480000,0.907000,0.910000,"Transit","Transiting Exoplanet Survey Satellite (TESS)",1
"Kepler-1540 b","Kepler-1540","TIC 237158408",125.41311770000,,2.2134000,4540.00,4.630000,0.690000,0.740000,"Transit","Kepler",1
"Kepler-1148 b","Kepler-1148","TIC 159581434",1.10446350900,,1.0547000,5054.00,4.580000,0.770000,0.810000,"Transit","Kepler",1
"Kepler-1299 b","Kepler-1299","TIC 120762000",19.94008740000,,4.2630000,5609.00,4.500000,0.910000,0.940000,"Transit","Kepler",1
"BD-11 4672 c","BD-11 4672","TIC 217831699",74.20000000000,,,4550.00,4.642000,0.639000,0.651000,"Radial Velocity","Roque de los Muchachos Observatory",1
"Kepler-1474 b","Kepler-1474","TIC 271255614",36.43334520000,,4.2130000,5870.00,4.420000,1.040000,1.040000,"Transit","Kepler",1
"K2-219 d","K2-219","TIC 266014079",11.13727800000,,,5753.00,4.230000,1.189232,1.021545,"Transit","K2",1
"TOI-198 b","TOI-198","TIC 12421862",10.21521300000,0.08929000,2.2600000,3801.00,4.810000,0.418000,0.417000,"Transit","Transiting Exoplanet Survey Satellite (TESS)",1
"Kepler-1777 b","Kepler-1777","TIC 122374509",12.18420029000,,,5771.00,4.374000,1.068000,0.984000,"Transit","Kepler",1
"OGLE-2017-BLG-1275L b","OGLE-2017-BLG-1275L",,,,,,,,0.630000,"Microlensing","OGLE",1
"TOI-7510 d","TOI-7510","TIC 118798035",48.86446800000,,,5720.00,4.439000,1.035000,1.063000,"Transit","Transiting Exoplanet Survey Satellite (TESS)",1
"Kepler-825 c","Kepler-825","TIC 378086008",8.18182460000,,2.4596000,5976.00,4.390000,1.080000,1.030000,"Transit","Kepler",1
"K2-358 b","K2-358","TIC 197241396",11.25102850000,,,5650.00,4.490000,0.910000,0.930000,"Transit","K2",1
"HD 216536 b","HD 216536","TIC 154487334",148.60001000000,,,4639.00,2.360000,9.830000,0.810000,"Radial Velocity","McDonald Observatory",1
"TOI-1472 c","TOI-1472","TIC 306955329",15.53817470000,,2.8300000,5100.00,4.500000,0.840000,0.870000,"Radial Velocity","Multiple Observatories",1
"HD 147018 b","HD 147018","TIC 350083732",44.23600000000,,,5441.00,4.420000,,0.927000,"Radial Velocity","La Silla Observatory",1
"Kepler-820 b","Kepler-820","TIC 122685803",127.83380980000,,10.8773000,6260.00,4.250000,1.360000,1.230000,"Transit","Kepler",1
"KOI-984 b","KOI-984","TIC 122784501",4.28817850000,0.22900000,1.5800000,5295.00,4.540000,0.818000,0.928000,"Transit","Kepler",1
"Kepler-1758 b","Kepler-1758","TIC 169932440",9.97721004500,,,5557.00,4.037000,1.616000,1.035000,"Transit","Kepler",1
"Kepler-1036 b","Kepler-1036","TIC 27396869",122.88080580000,,8.2810000,5533.00,4.520000,0.890000,0.950000,"Transit","Kepler",1
"Kepler-1377 b","Kepler-1377","TIC 158986227",0.74092842200,,1.1202000,5218.00,4.550000,0.820000,0.860000,"Transit","Kepler",1
"HD 154857 b","HD 154857","TIC 173552927",408.60001000000,,,5589.00,4.010000,2.300000,1.960000,"Radial Velocity","Anglo-Australian Telescope",1
"Kepler-104 b","Kepler-104","TIC 158553540",11.42754800000,,4.5650000,5711.00,4.105000,1.349000,,"Transit","Kepler",1
"Kepler-1113 b","Kepler-1113","TIC 122062725",42.30049540000,,4.3980000,5931.00,4.350000,1.170000,1.120000,"Transit","Kepler",1
"Kepler-585 b","Kepler-585","TIC 158276273",2.75235975300,,2.1154000,5593.00,4.490000,0.930000,0.960000,"Transit","Kepler",1
"GJ 676 A d","GJ 676 A","TIC 369021303",3.60076000000,,,,,,0.626000,"Radial Velocity","La Silla Observatory",1
"WASP-155 b","WASP-155","TIC 100909102",3.11041300000,0.99400000,,5660.00,4.300000,1.240000,1.090000,"Transit","SuperWASP",1
"Kepler-795 b","Kepler-795","TIC 122684233",29.61934210000,,4.9768000,5631.00,4.450000,0.960000,0.940000,"Transit","Kepler",1
"HATS-25 b","HATS-25","TIC 437333618",4.29864320000,,3.2040000,5715.00,4.347000,1.107000,0.994000,"Transit","HATSouth",1
"Kepler-133 c","Kepler-133","TIC 28089143",31.51758600000,,7.7650000,5736.00,4.186000,1.425000,,"Transit","Kepler",1
"nu Oct A b","nu Oct A","TIC 352542468",402.40000000000,,,4910.00,3.230000,5.040000,1.570000,"Radial Velocity","University of Canterbury Mt John Observatory",1
"TOI-1117 d","TOI-1117","TIC 295541511",8.66500000000,,,5635.00,4.410000,1.050000,0.970000,"Radial Velocity","La Silla Observatory",1
"K2-62 b","K2-62","TIC 434094657",6.67199000000,,,4455.00,4.570000,0.696000,0.670000,"Transit","K2",1
"TOI-1516 b","TOI-1516","TIC 376637093",2.05601400000,,2.8260000,6520.00,4.250000,1.140000,1.140000,"Transit","Transiting Exoplanet Survey Satellite (TESS)",1
"Kepler-1513 c","Kepler-1513","TIC 394177315",841.40000000000,,,5491.00,4.460000,0.950000,0.943000,"Transit Timing Variations","Multiple Observatories",1
"HD 27969 b","HD 27969","TIC 27828749",654.50000000000,,,5966.00,4.120000,1.270000,1.160000,"Radial Velocity","Haute-Provence Observatory",1
"Kepler-1347 b","Kepler-1347","TIC 172422725",14.00947528000,,3.4050000,5193.00,4.570000,0.790000,0.820000,"Transit","Kepler",1
"Kepler-399 b","Kepler-399","TIC 172373693",14.42528100000,,3.6860000,5502.00,4.620000,0.680000,,"Transit","Kepler",1
"Kepler-1382 b","Kepler-1382","TIC 184014439",16.35830550000,,9.5730000,6161.00,4.100000,1.720000,1.360000,"Transit","Kepler",1
"Kepler-405 b","Kepler-405","TIC 137150544",10.61383900000,,3.5380000,5818.00,4.536000,0.893000,,"Transit","Kepler",1
"Kepler-1939 b","Kepler-1939","TIC 120578688",2.79065990400,,,4353.00,4.681000,0.603000,0.648000,"Transit","Kepler",1
"Kepler-1555 b","Kepler-1555","TIC 158492133",8.10501635000,,4.4430000,5866.00,4.400000,1.060000,1.040000,"Transit","Kepler",1
"Kepler-580 b","Kepler-580","TIC 237188565",8.22241965600,,2.7045000,4298.00,4.660000,0.640000,0.670000,"Transit","Kepler",1
"Kepler-2001 b","Kepler-2001","TIC 26488618",1.09001100300,0.01748000,1.5000000,5081.00,4.596000,0.770000,0.864000,"Transit","Kepler",1
"Kepler-171 b","Kepler-171","TIC 239229224",4.16697200000,,2.7410000,5642.00,4.566000,0.839000,,"Transit","Kepler",1
"Kepler-792 b","Kepler-792","TIC 137401986",11.30119217000,,3.9800000,5971.00,4.380000,1.120000,1.090000,"Transit","Kepler",1
"WASP-188 b","WASP-188","TIC 289574465",5.74891600000,0.55090000,,6850.00,4.100000,1.830000,1.500000,"Transit","SuperWASP",1
"HD 179079 b","HD 179079","TIC 48917782",14.47900000000,,,5646.00,,1.630000,1.140000,"Radial Velocity","W. M. Keck Observatory",1
"Kepler-1488 b","Kepler-1488","TIC 399825584",39.81899320000,,10.7980000,5820.00,4.220000,1.310000,1.050000,"Transit","Kepler",1
"Kepler-295 c","Kepler-295","TIC 164890864",21.52625800000,,8.2130000,5603.00,4.444000,0.898000,,"Transit","Kepler",1
"K2-137 b","K2-137","TIC 98720702",0.17971900000,,,3697.00,5.000000,0.290000,,"Transit","K2",1
"Kepler-300 c","Kepler-300","TIC 27458633",40.71495500000,,8.6920000,5986.00,4.532000,0.900000,,"Transit","Kepler",1
"Kepler-232 c","Kepler-232","TIC 27686898",11.37934900000,,2.6120000,5847.00,4.495000,0.968000,,"Transit","Kepler",1
"OGLE-2016-BLG-0263L b","OGLE-2016-BLG-0263L",,,,,,,,0.130000,"Microlensing","OGLE",1
"HIP 19976 b","HIP 19976","TIC 7623762",50.65905000000,,,,,,0.670000,"Radial Velocity","Multiple Observatories",1
"Kepler-190 c","Kepler-190","TIC 158789380",3.76302400000,,1.5360000,5106.00,4.561000,0.795000,,"Transit","Kepler",1
"Kepler-251 b","Kepler-251","TIC 272489533",4.79093600000,,2.7050000,5526.00,4.486000,0.890000,,"Transit","Kepler",1
"Kepler-199 c","Kepler-199","TIC 184090767",67.09340800000,,6.9310000,5644.00,4.438000,0.967000,,"Transit","Kepler",1
"Kepler-969 b","Kepler-969","TIC 158785055",34.17317140000,,4.4751000,5214.00,4.570000,0.820000,0.920000,"Transit","Kepler",1
"Kepler-1671 b","Kepler-1671","TIC 137337090",4.16787000000,,,5135.55,4.438830,0.929771,0.866000,"Transit","Kepler",1
"HAT-P-41 b","HAT-P-41","TIC 398895470",2.69405000000,1.10000000,,6390.00,4.140000,2.050000,2.560000,"Transit","HATNet",1
"OGLE-2018-BLG-1126L b","OGLE-2018-BLG-1126L",,,,,,,,0.690000,"Microlensing","KMTNet",1
"WASP-116 b","WASP-116","TIC 332911893",6.61320000000,0.77630000,,6250.00,4.250000,1.426000,1.250000,"Transit","SuperWASP",1
"Kepler-1990 b","Kepler-1990","TIC 269119490",1.73513619000,0.09526000,2.2741000,5751.00,4.391000,1.071000,1.028000,"Transit","Kepler",1
"K2-228 b","K2-228","TIC 98751904",2.69828000000,0.02587000,1.5000000,4715.00,4.660000,0.650000,0.710000,"Transit","K2",1
"Kepler-1115 b","Kepler-1115","TIC 138960099",23.55407250000,,7.1590000,8480.00,4.170000,1.730000,1.600000,"Transit","Kepler",1
"K2-165 c","K2-165","TIC 149969625",4.38274500000,,,5185.00,4.460000,0.803827,0.834847,"Transit","K2",1
"Kepler-186 c","Kepler-186","TIC 268159861",7.26730200000,,,3788.00,4.770000,0.472000,0.478000,"Transit","Kepler",1
"Kepler-1992 b","Kepler-1992","TIC 271428166",15.61122380000,0.01135000,3.8730000,5383.00,4.528000,0.842000,0.874000,"Transit","Kepler",1
"EPIC 201497682 b","EPIC 201497682","TIC 301610040",2.13174000000,,,,,,0.780000,"Transit","K2",1
"WASP-85 A b","WASP-85 A","TIC 380619414",2.65567770000,1.87000000,2.5958400,6112.00,,0.935000,1.090000,"Transit","K2",1
"HD 69123 b","HD 69123","TIC 146264536",1193.30000000000,,,4842.00,2.860000,7.720000,1.680000,"Radial Velocity","La Silla Observatory",1
"Kepler-107 d","Kepler-107","TIC 27988327",7.95839000000,,,5854.00,,1.447000,1.238000,"Transit","Kepler",1
"Kepler-1067 c","Kepler-1067","TIC 351910733",5.42583990100,,,5594.00,4.489000,0.934000,0.981000,"Transit","Kepler",1
"HD 139357 b","HD 139357","TIC 224312054",1124.79139000000,,,,,,2.690000,"Radial Velocity","Thueringer Landessternwarte Tautenburg",1
"KOI-7913 b","KOI-7913 A","TIC 158320130",24.27855300000,,4.3900000,4324.00,4.523000,0.788000,0.760000,"Transit","Kepler",1
"KELT-24 b","KELT-24","TIC 349827430",5.55149296000,0.75730000,4.3032000,6426.00,4.287000,1.338000,1.268000,"Transit","KELT-North",1
"Kepler-235 e","Kepler-235","TIC 120765183",46.18366900000,,4.8330000,4255.00,4.730000,0.554000,,"Transit","Kepler",1
"TIC 198190129 b","TIC 198190129","TIC 198190129",7.94804910667,,2.5882759,4377.53,4.674200,0.640675,,"Transit","Transiting Exoplanet Survey Satellite (TESS)",1
"Kepler-85 d","Kepler-85","TIC 159580705",17.91323000000,,4.5100000,5436.00,4.494000,0.893000,,"Transit","Kepler",1
"Kepler-197 e","Kepler-197","TIC 27397848",25.20971500000,,6.2980000,6004.00,4.304000,1.120000,,"Transit","Kepler",1
"K2-289 b","K2-289","TIC 413753029",13.15696900000,,4.0320000,5529.00,4.393000,1.025000,0.953000,"Transit","K2",1
"GPX-1 b","GPX-1","TIC 245392284",1.74457900000,0.90000000,2.0900000,7000.00,4.270000,1.560000,1.680000,"Transit","Acton Sky Portal Observatory",1
"TOI-815 b","TOI-815","TIC 102840239",11.19725900000,,3.3790000,4869.00,4.510000,0.770000,0.776000,"Transit","Transiting Exoplanet Survey Satellite (TESS)",1
"TOI-7510 b","TOI-7510","TIC 118798035",11.53086900000,,,5720.00,4.439000,1.035000,1.063000,"Transit","Transiting Exoplanet Survey Satellite (TESS)",1
"Kepler-1286 b","Kepler-1286","TIC 351766517",11.25402929000,,4.6790000,5753.00,4.450000,0.980000,1.000000,"Transit","Kepler",1
"Kepler-582 b","Kepler-582","TIC 169556162",18.49235668000,,3.5297000,5564.00,4.490000,0.910000,0.930000,"Transit","Kepler",1
"HATS-68 b","HATS-68","TIC 322307342",3.58622020000,,3.4200000,6147.00,4.083000,1.748000,1.351000,"Transit","HATSouth",1
"Kepler-1097 b","Kepler-1097","TIC 123316380",187.74702900000,,5.4080000,5211.00,4.570000,0.790000,0.820000,"Transit","Kepler",1
"Kepler-879 b","Kepler-879","TIC 27639443",33.38559380000,,5.0514000,5792.00,4.420000,1.020000,1.020000,"Transit","Kepler",1
"Kepler-1684 b","Kepler-1684","TIC 270789362",47.70550000000,,,4706.54,4.665200,0.666755,0.750000,"Transit","Kepler",1
"WASP-114 b","WASP-114","TIC 466390120",1.54877430000,0.92700000,2.7820800,5940.00,4.300000,1.430000,1.289000,"Transit","SuperWASP-North",1
"Kepler-942 b","Kepler-942","TIC 271349932",44.96417488000,,5.0412000,4861.00,4.590000,0.750000,0.810000,"Transit","Kepler",1
"Kepler-642 b","Kepler-642","TIC 270705735",4.41745855000,,2.9563000,6570.00,4.140000,1.660000,1.400000,"Transit","Kepler",1
"K2-180 b","K2-180","TIC 366411016",8.86566300000,0.09870000,2.8488000,5365.00,4.591000,0.719000,0.735000,"Transit","K2",1
"K2-275 b","K2-275","TIC 332022997",3.28096260000,,,4841.00,4.650000,0.690000,0.770000,"Transit","K2",1
"KMT-2017-BLG-1003L b","KMT-2017-BLG-1003L",,,,,,,,0.320000,"Microlensing","KMTNet",1
"Kepler-707 b","Kepler-707","TIC 159217349",2.23749275100,,1.8241000,5099.00,4.580000,0.760000,0.800000,"Transit","Kepler",1
"HD 85426 c","TOI-1774","TIC 4897275",35.73000000000,,,5746.00,4.330000,1.130300,0.991000,"Radial Velocity","Multiple Observatories",1
"Kepler-153 c","Kepler-153","TIC 48188777",46.90232000000,,3.8260000,5404.00,4.446000,0.892000,,"Transit","Kepler",1
"alf Tau b","alf Tau","TIC 245873777",628.96000000000,,,4055.00,1.200000,45.100000,1.130000,"Radial Velocity","Multiple Observatories",1
"K2-371 b","K2-371","TIC 366622912",3.11490500000,,,4925.00,4.683000,0.736000,0.958000,"Transit","K2",1
"TOI-1742 b","TOI-1742","TIC 219857012",21.26908400000,,6.2918286,5815.00,4.365000,1.131000,1.086100,"Transit","Transiting Exoplanet Survey Satellite (TESS)",1
"K2-26 b","K2-26","TIC 83181153",14.56650000000,,4.7300000,3785.00,,0.520000,0.560000,"Transit","K2",1
"K2-246 b","K2-246","TIC 56721373",5.76918000000,0.13400000,3.4000000,5610.00,4.430000,0.940000,0.870000,"Transit","K2",1
"HD 114729 b","HD 114729","TIC 124401411",1121.79000000000,,,5844.00,4.046000,1.473000,0.936000,"Radial Velocity","W. M. Keck Observatory",1
"DMPP-6 c","DMPP-6","TIC 306668068",36.44100000000,,,,,1.270000,1.079000,"Radial Velocity","Multiple Observatories",1
"Kepler-998 b","Kepler-998","TIC 27914290",5.65377733000,,1.9612000,6058.00,4.340000,1.180000,1.120000,"Transit","Kepler",1
"Kepler-1170 b","Kepler-1170","TIC 63125460",9.98969327000,,3.7040000,5069.00,4.580000,0.760000,0.800000,"Transit","Kepler",1
"BD-210397 b","BD-210397","TIC 268804174",1891.00000000000,,,4051.00,4.670000,0.747000,0.679000,"Radial Velocity","La Silla Observatory",1
"HIP 56640 b","HIP 56640","TIC 181152368",2675.57603000000,,,,,,1.750000,"Radial Velocity","Multiple Observatories",1
"Kepler-132 d","Kepler-132","TIC 237158274",18.01019900000,,2.9100000,6003.00,4.310000,1.178000,,"Transit","Kepler",1
"Kepler-1414 b","Kepler-1414","TIC 164828419",3.51576315000,,1.3640000,4951.00,4.590000,0.750000,0.800000,"Transit","Kepler",1
"TOI-201 c","TOI-201","TIC 350618622",2890.00000000000,,,6423.00,,1.310000,1.320000,"Transit Timing Variations","Transiting Exoplanet Survey Satellite (TESS)",1
"HD 102117 b","HD 102117","TIC 267519701",20.81330000000,,,5655.00,4.290000,1.230000,1.060000,"Radial Velocity","La Silla Observatory",1
"Kepler-730 b","Kepler-730","TIC 352013543",6.49168280800,,4.3300000,5620.00,4.162000,1.411000,1.047000,"Transit","Kepler",1
"Kepler-1609 b","Kepler-1609","TIC 122302031",114.34219000000,,13.0010000,6132.00,4.290000,1.270000,1.180000,"Transit","Kepler",1
"Kepler-1843 b","Kepler-1843","TIC 137900524",25.54339981000,,,5422.00,3.945000,1.782000,1.020000,"Transit","Kepler",1
"Kepler-477 b","Kepler-477","TIC 158633329",11.11990653000,,3.3296000,5240.00,4.580000,0.790000,0.870000,"Transit","Kepler",1
"K2-351 b","K2-351","TIC 187273748",7.80616400000,,2.7800000,5769.00,4.400000,1.050000,1.020000,"Transit","K2",1
"Kepler-104 c","Kepler-104","TIC 158553540",23.66820500000,,5.8720000,5711.00,4.105000,1.349000,,"Transit","Kepler",1
"HD 18015 b","HD 18015","TIC 36883072",2278.00000000000,,,5603.00,3.640000,3.130000,1.490000,"Radial Velocity","W. M. Keck Observatory",1
"TOI-2107 b","TOI-2107","TIC 446549906",2.45454670000,2.13100000,2.5956000,5627.00,4.484000,0.932000,0.961000,"Transit","Transiting Exoplanet Survey Satellite (TESS)",1
"TIC 117642575 b","TIC 117642575","TIC 117642575",4.94459060181,,3.5188411,5719.98,4.349100,1.081020,,"Transit","Transiting Exoplanet Survey Satellite (TESS)",1
"Kepler-743 b","Kepler-743","TIC 271760755",3.17926292100,,1.0248000,5486.00,4.550000,0.850000,0.940000,"Transit","Kepler",1
"Kepler-1655 b","Kepler-1655","TIC 120973167",11.87287870000,,,6148.00,,1.030000,1.030000,"Transit","Kepler",1
"Kepler-1324 b","Kepler-1324","TIC 137090755",4.11584467900,,1.3850000,4776.00,4.610000,0.730000,0.780000,"Transit","Kepler",1
"HD 134606 b","HD 134606","TIC 262457542",12.08900000000,,,5576.00,4.330000,1.158000,1.046000,"Radial Velocity","Multiple Observatories",1
"HD 31253 b","HD 31253","TIC 436700755",466.00000000000,,,6130.00,4.180000,1.750000,1.700000,"Radial Velocity","W. M. Keck Observatory",1
"K2-243 b","K2-243","TIC 96199085",11.54182000000,0.01600000,3.7000000,6570.00,4.260000,1.390000,1.290000,"Transit","K2",1
"Kepler-1016 c","Kepler-1016","TIC 271164596",105.65513690000,,9.2430000,5821.00,4.440000,1.000000,0.990000,"Transit","Kepler",1
"Kepler-1775 b","Kepler-1775","TIC 120892579",85.65399933000,,,5818.00,4.065000,1.647000,1.149000,"Transit","Kepler",1
"Kepler-1351 b","Kepler-1351","TIC 270609625",0.91614076800,,1.1495000,4439.00,4.640000,0.670000,0.700000,"Transit","Kepler",1
"Kepler-321 c","Kepler-321","TIC 271046140",13.09392100000,,2.1400000,5740.00,4.302000,1.194000,,"Transit","Kepler",1
"OGLE-TR-211 b","OGLE-TR-211","TIC 390001646",3.67724000000,0.72300000,4.4112000,6325.00,4.220000,1.640000,1.330000,"Transit","OGLE",1
"Kepler-191 c","Kepler-191","TIC 159647213",17.73850600000,,2.8210000,5282.00,4.594000,0.789000,,"Transit","Kepler",1
"HD 165155 b","HD 165155","TIC 408229533",434.50000000000,,,5426.00,4.490000,0.950000,1.020000,"Radial Velocity","Multiple Observatories",1
"K2-63 b","K2-63","TIC 437699592",20.25700000000,,5.4900000,6771.00,4.150000,1.630000,1.400000,"Transit","K2",1
"HD 9446 b","HD 9446","TIC 18277196",30.05200000000,,,5793.00,4.530000,1.000000,1.000000,"Radial Velocity","Haute-Provence Observatory",1
"WASP-90 b","WASP-90","TIC 459730973",3.91624300000,0.71000000,3.3552000,6430.00,4.033000,1.980000,1.550000,"Transit","SuperWASP",1
"KELT-21 b","KELT-21","TIC 203189770",3.61276470000,0.99000000,4.1054400,7598.00,4.173000,1.638000,1.458000,"Transit","KELT-North",1
"TOI-332 b","TOI-332","TIC 139285832",0.77703800000,,1.5200000,5251.00,4.460000,0.870000,0.880000,"Transit","Transiting Exoplanet Survey Satellite (TESS)",1
"BD+55 362 b","BD+55 362","TIC 453226076",265.59000000000,,,5012.00,4.090000,,0.909000,"Radial Velocity","Haute-Provence Observatory",1
"TOI-6303 b","TOI-6303","TIC 186810676",9.48523600000,,2.9180000,3977.00,4.670000,0.609000,0.644000,"Transit","Transiting Exoplanet Survey Satellite (TESS)",1
"Kepler-246 b","Kepler-246","TIC 272484980",4.60182000000,,2.2270000,5206.00,4.557000,0.831000,,"Transit","Kepler",1
"2MASS J01033563-5515561 AB b","2MASS J01033563-5515561 A","TIC 206502540",,,,,,,0.190000,"Imaging","Paranal Observatory",1
"Kepler-1442 b","Kepler-1442","TIC 350811132",81.41629410000,,12.1444000,6394.00,4.250000,1.440000,1.340000,"Transit","Kepler",1
"USco1621 b","USco1621 A","TIC 322928241",,,,3460.00,,,0.360000,"Imaging","Multiple Observatories",1
"HD 125612 c","HD 125612","TIC 347909637",4.15466000000,,,,,,1.050000,"Radial Velocity","La Silla Observatory",1
"Kepler-1644 b","Kepler-1644","TIC 279917005",21.09077580000,,4.6290000,5499.00,4.530000,0.860000,0.890000,"Transit","Kepler",1
"omi CrB b","omi CrB","TIC 357502856",187.01000000000,,,4769.00,2.360000,11.870000,1.300000,"Radial Velocity","Okayama Astrophysical Observatory",1
"GJ 676 A b","GJ 676 A","TIC 369021303",1051.44521000000,,,,,,0.626000,"Radial Velocity","La Silla Observatory",1
"GJ 179 b","GJ 179","TIC 450102450",2288.00000000000,,,3370.00,4.830000,0.380000,0.357000,"Radial Velocity","W. M. Keck Observatory",1
"Kepler-397 b","Kepler-397","TIC 271963778",22.25094900000,,1.6890000,5307.00,4.572000,0.767000,,"Transit","Kepler",1
"Kepler-683 b","Kepler-683","TIC 137149476",2.53918317900,,2.3830000,5703.00,4.470000,0.950000,0.960000,"Transit","Kepler",1
"TOI-969 c","TOI-969","TIC 280437559",1700.00000000000,,,4435.00,4.550000,0.671000,0.734000,"Radial Velocity","Multiple Observatories",1
"K2-270 c","K2-270","TIC 293375721",4.40002800000,,,4877.00,4.590000,0.770000,0.850000,"Transit","K2",1
"Kepler-238 f","Kepler-238","TIC 121460918",50.44700000000,,,,4.490000,0.960000,1.060000,"Transit","Kepler",1
"K2-5 b","K2-5","TIC 38064757",5.73594000000,,2.6540000,3930.00,4.710000,0.570000,0.610000,"Transit","K2",1
"HD 137388 b","HD 137388","TIC 407090552",330.00000000000,,,5181.00,4.390000,0.880000,0.680000,"Radial Velocity","La Silla Observatory",1
"Kepler-347 b","Kepler-347","TIC 299158566",12.79836000000,,6.2440000,6088.00,4.472000,1.005000,,"Transit","Kepler",1
"K2-413 c","K2-413","TIC 423610130",5.33010000000,,,4116.00,4.656000,0.700000,0.808000,"Transit","K2",1
"TOI-4527.01","TOI-4527","TIC 380887434",0.39944450000,,0.8028796,3702.00,4.750000,0.485948,0.483901,"Transit","Transiting Exoplanet Survey Satellite (TESS)",1
"HD 177830 b","HD 177830","TIC 265052133",410.10001000000,,,4901.00,3.640000,3.260000,1.700000,"Radial Velocity","W. M. Keck Observatory",1
"Kepler-1563 b","Kepler-1563","TIC 299028607",3.43276598000,,4.1560000,5765.00,4.450000,0.990000,1.000000,"Transit","Kepler",1
"Kepler-862 b","Kepler-862","TIC 273379660",3.14866453400,,2.1794000,5333.00,4.540000,0.840000,0.880000,"Transit","Kepler",1
"47 UMa b","47 UMa","TIC 21535479",1078.00000000000,,,5872.00,4.295410,1.213340,1.060000,"Radial Velocity","Lick Observatory",1
"Kepler-32 c","Kepler-32","TIC 273590427",8.75220000000,0.14530000,2.3280000,3900.00,4.640000,0.530000,0.580000,"Transit","Kepler",1
"DMPP-1 b","DMPP-1","TIC 66560666",17.81200000000,,,,,,1.210000,"Radial Velocity","La Silla Observatory",1
"GJ 3998 d","GJ 3998","TIC 459558974",41.78000000000,,,3726.00,4.750000,0.500000,0.520000,"Radial Velocity","Multiple Observatories",1
"Kepler-653 b","Kepler-653","TIC 123445166",14.70748976000,,3.1584000,5665.00,4.290000,1.190000,1.020000,"Transit","Kepler",1
"WASP-151 b","WASP-151","TIC 262662119",4.53347750000,1.06640000,3.6643000,,,1.181000,1.081000,"Transit","SuperWASP-South",1
"TOI-2120 b","TOI-2120","TIC 389900760",5.79981640000,,,3131.00,4.985000,0.245000,0.211000,"Transit","Transiting Exoplanet Survey Satellite (TESS)",1
"HIP 97166 c","HIP 97166","TIC 237222864",16.43200000000,,,5216.00,4.557000,0.841800,0.934200,"Radial Velocity","Multiple Observatories",1
"HD 140901 b","HD 140901","TIC 179348425",9.02378000000,,,,,,0.990000,"Radial Velocity","Multiple Observatories",1
"HD 93963 A b","HD 93963 A","TIC 368435330",1.03761090000,,1.8155952,5908.00,4.445000,1.031100,1.084400,"Transit","Transiting Exoplanet Survey Satellite (TESS)",1
"GJ 876 e","GJ 876","TIC 188580272",124.26000000000,,,,,0.300000,0.320000,"Radial Velocity","W. M. Keck Observatory",1
"K2-99 b","K2-99","TIC 176966903",18.24783000000,,11.1000000,6069.00,3.783000,2.550000,1.440000,"Transit","K2",1
"TOI-1135 b","TOI-1135","TIC 154872375",8.02773270000,,4.4616000,6320.00,4.328000,1.202000,1.119000,"Transit","Transiting Exoplanet Survey Satellite (TESS)",1
"Kepler-300 b","Kepler-300","TIC 27458633",10.44634700000,,2.1900000,5986.00,4.532000,0.900000,,"Transit","Kepler",1
"Kepler-178 b","Kepler-178","TIC 158394235",9.57669400000,,3.3770000,5676.00,4.334000,1.066000,,"Transit","Kepler",1
"Kepler-254 b","Kepler-254","TIC 158665380",5.82666200000,,3.0320000,5957.00,4.524000,0.910000,,"Transit","Kepler",1
"K2-44 b","K2-44","TIC 49427836",5.65700000000,,,5912.00,4.101000,1.580000,1.150000,"Transit","K2",1
"K2-414 b","K2-414","TIC 301288279",4.36960000000,,,4343.00,4.621000,0.732000,0.814000,"Transit","K2",1
"Kepler-1138 b","Kepler-1138","TIC 405685914",3.17060005000,,1.5778000,5582.00,4.490000,0.920000,0.950000,"Transit","Kepler",1
"HD 7924 b","HD 7924","TIC 468723402",5.39792000000,,,5131.00,4.460000,0.780000,0.650000,"Radial Velocity","W. M. Keck Observatory",1
"TIC 34085383 b","TIC 34085383","TIC 34085383",3.47793368523,,2.6276341,4694.84,4.567200,0.809951,,"Transit","Transiting Exoplanet Survey Satellite (TESS)",1
"Kepler-397 c","Kepler-397","TIC 271963778",135.49852700000,,6.9010000,5307.00,4.572000,0.767000,,"Transit","Kepler",1
"K2-150 b","K2-150","TIC 376879419",10.59357000000,,,3499.00,4.822000,0.436000,0.457000,"Transit","K2",1
"Kepler-206 b","Kepler-206","TIC 137342279",7.78198700000,,3.6440000,5764.00,4.311000,1.185000,,"Transit","Kepler",1
"K2-108 b","K2-108","TIC 27635334",4.73399900000,,,5599.00,4.020000,1.760000,1.170000,"Transit","K2",1
"Kepler-437 b","Kepler-437","TIC 273138666",66.65062000000,,5.5900000,4551.00,4.629000,0.680000,0.707000,"Transit","Kepler",1
"HD 23472 e","HD 23472","TIC 425997655",7.90754000000,,2.4800000,4684.00,4.530000,0.710000,0.670000,"Transit","Transiting Exoplanet Survey Satellite (TESS)",1
"HD 18599 b","HD 18599","TIC 207141131",4.13743540000,,2.0600000,5145.00,4.540000,0.767000,0.863000,"Transit","Transiting Exoplanet Survey Satellite (TESS)",1
"K2-159 b","K2-159","TIC 35064295",12.42205000000,0.06500000,3.3000000,5425.00,4.560000,0.830000,0.900000,"Transit","K2",1
"Kepler-603 b","Kepler-603","TIC 270948636",21.05358596000,,7.2144000,5808.00,4.430000,1.010000,1.010000,"Transit","Kepler",1
"kap And b","kap And","TIC 176945734",,,,11327.00,4.174000,2.109000,2.768000,"Imaging","Subaru Telescope",1
"WASP-22 b","WASP-22","TIC 257567854",3.53269000000,1.00000000,,6000.00,4.500000,1.240000,1.460000,"Transit","SuperWASP",1
"WASP-31 b","WASP-31","TIC 437248515",3.40590960000,1.61500000,2.6472000,6302.00,4.308000,1.252000,1.163000,"Transit","SuperWASP",1
"Kepler-189 c","Kepler-189","TIC 158494327",20.13486600000,,3.5650000,5235.00,4.619000,0.750000,,"Transit","Kepler",1
"OGLE-2018-BLG-1212L b","OGLE-2018-BLG-1212L",,,,,,,,0.160000,"Microlensing","KMTNet",1
"Kepler-1776 b","Kepler-1776","TIC 159728250",35.01190186000,,,5872.00,4.332000,1.153000,1.041000,"Transit","Kepler",1
"WASP-186 b","WASP-186","TIC 411608801",5.02679900000,0.61000000,2.7040000,6361.00,4.193000,1.470000,1.220000,"Transit","SuperWASP",1
"TOI-5159 b","TOI-5159","TIC 286712787",5.83639428843,,2.6074961,5156.16,4.475700,0.854084,,"Transit","Transiting Exoplanet Survey Satellite (TESS)",1
"Kepler-916 b","Kepler-916","TIC 159581842",32.29687980000,,4.6170000,5248.00,4.560000,0.810000,0.850000,"Transit","Kepler",1
"Kepler-1361 b","Kepler-1361","TIC 164525875",3.57554956000,,2.4630000,5131.00,4.570000,0.790000,0.830000,"Transit","Kepler",1
"HATS-43 b","HATS-43","TIC 78055054",4.38884970000,,2.9884800,5099.00,4.539000,0.812000,0.837000,"Transit","HATSouth",1
"TOI-2420 b","TOI-2420","TIC 268532343",5.84264100000,,4.5540000,,,2.369000,1.158000,"Transit","Transiting Exoplanet Survey Satellite (TESS)",1
"K2-36 b","K2-36","TIC 363445121",1.42261400000,,,4916.00,,0.718000,0.790000,"Transit","K2",1
"Kepler-274 c","Kepler-274","TIC 137892978",33.19786100000,,4.5440000,6023.00,4.440000,1.007000,,"Transit","Kepler",1
"Kepler-778 b","Kepler-778","TIC 158484518",3.75574426000,,2.2971000,5102.00,4.580000,0.770000,0.810000,"Transit","Kepler",1
"TOI-4184 b","TOI-4184","TIC 394357918",4.90198040000,0.91150000,1.3000000,3238.00,5.010000,0.234700,0.210900,"Transit","Transiting Exoplanet Survey Satellite (TESS)",1
"Kepler-279 d","Kepler-279","TIC 158428960",54.41400000000,,,,4.420000,1.070000,1.100000,"Transit","Kepler",1
"Kepler-733 b","Kepler-733","TIC 240179452",20.83424726000,,4.0748000,5418.00,4.530000,0.860000,0.900000,"Transit","Kepler",1
"WASP-165 b","WASP-165","TIC 228381868",3.46550900000,0.54400000,4.1760000,5599.00,,1.750000,1.248000,"Transit","SuperWASP-South",1
"Kepler-85 c","Kepler-85","TIC 159580705",12.51000000000,,,5505.20,,0.875000,0.928000,"Transit","Kepler",1
"Kepler-20 b","Kepler-20","TIC 158554588",3.69610490000,,,5495.00,,0.916400,0.929000,"Transit","Kepler",1
"TOI-5515 b","TOI-5515","TIC 55275863",8.59225810839,,3.3731655,5483.65,4.483700,0.835682,,"Transit","Transiting Exoplanet Survey Satellite (TESS)",1
"HIP 35173 b","HIP 35173","TIC 50992589",41.51600000000,,,4881.00,,,0.790000,"Radial Velocity","Las Campanas Observatory",1
"K2-318 b","K2-318","TIC 335322931",7.01000000000,0.08500000,,3851.00,4.701000,0.552000,0.561000,"Transit","K2",1
"Kepler-1308 b","Kepler-1308","TIC 120693011",2.10433811900,,1.1028000,3468.00,4.920000,0.340000,0.350000,"Transit","Kepler",1
"CoRoT-29 b","CoRoT-29","TIC 370736259",2.85057000000,,2.1900000,5260.00,4.300000,0.900000,0.970000,"Transit","CoRoT",1
"Kepler-1543 b","Kepler-1543","TIC 272843289",6.96710269000,,3.6430000,6561.00,4.140000,1.650000,1.390000,"Transit","Kepler",1
"HD 1666 b","HD 1666","TIC 211439561",270.00000000000,,,6317.00,4.060000,1.930000,1.500000,"Radial Velocity","Multiple Observatories",1
"Kepler-972 b","Kepler-972","TIC 271967039",7.03932553000,,3.4480000,6146.00,4.330000,1.220000,1.150000,"Transit","Kepler",1
"Kepler-1245 c","Kepler-1245","TIC 159449041",2.93658468100,,1.8519000,5306.00,4.550000,0.830000,0.860000,"Transit","Kepler",1
"HIP 38594 b","HIP 38594","TIC 128902569",60.72200000000,,,,,,0.610000,"Radial Velocity","Multiple Observatories",1
"Kepler-1689 b","Kepler-1689","TIC 137218786",8.48300000000,,,5731.43,4.451240,0.996208,1.023000,"Transit","Kepler",1
"Kepler-1624 b","Kepler-1624","TIC 137683938",3.29031400000,,,3768.00,4.685000,0.552000,0.541000,"Transit","Kepler",1
"Kepler-1890 b","Kepler-1890","TIC 137754713",4.82059001900,,,6046.00,4.158000,1.396000,1.024000,"Transit","Kepler",1
"WASP-10 b","WASP-10","TIC 431701493",3.09276160000,2.52500000,2.2271000,4675.00,4.627000,0.698000,0.750000,"Transit","SuperWASP",1
"Kepler-1681 b","Kepler-1681","TIC 272602477",69.89560000000,,,5756.40,,,,"Transit","Kepler",1
"TOI-2714 b","TOI-2714","TIC 332534326",2.49938700000,,3.1400000,5665.00,4.250000,1.250000,1.070000,"Transit","Transiting Exoplanet Survey Satellite (TESS)",1
"ROXs 42 B b","ROXs 42 B","TIC 318449007",,,,,,,1.000000,"Imaging","Multiple Observatories",1
"Kepler-1095 b","Kepler-1095","TIC 138096962",4.27103091000,,2.2736000,5658.00,4.480000,0.920000,0.940000,"Transit","Kepler",1
"TOI-2141 b","TOI-2141","TIC 287256467",18.26160800000,,,5635.00,4.400000,0.950000,0.896000,"Transit","Transiting Exoplanet Survey Satellite (TESS)",1
"Kepler-991 b","Kepler-991","TIC 28084836",82.53425190000,,4.8336000,4392.00,4.670000,0.610000,0.640000,"Transit","Kepler",1
"K2-268 f","K2-268","TIC 444037742",26.27057000000,,4.6200000,5106.00,4.580000,0.780000,0.840000,"Transit","K2",1
"Kepler-386 c","Kepler-386","TIC 267669725",25.19345800000,,4.6340000,5178.00,4.558000,0.767000,,"Transit","Kepler",1
"CoRoT-7 d","CoRoT-7","TIC 280304863",8.96600000000,,,5250.00,,,0.915000,"Radial Velocity","La Silla Observatory",1
"Kepler-278 b","Kepler-278","TIC 122225232",30.15560000000,,,4965.00,3.580000,2.861000,1.227000,"Transit","Kepler",1
"Kepler-1586 b","Kepler-1586","TIC 273866337",15.60492120000,,4.5210000,6681.00,4.120000,1.750000,1.450000,"Transit","Kepler",1
"Kepler-1527 b","Kepler-1527","TIC 273132601",160.12991800000,,13.1760000,6224.00,4.270000,1.320000,1.210000,"Transit","Kepler",1
"EPIC 206317286 c","EPIC 206317286","TIC 250956593",17.51547200000,,,4752.00,4.596000,0.758000,0.832000,"Transit","K2",1
"HD 14787 b","HD 14787","TIC 380966347",676.60000000000,,,4946.00,3.230000,5.010000,1.430000,"Radial Velocity","W. M. Keck Observatory",1
"HD 34445 b","HD 34445","TIC 284907742",1049.00000000000,,,5879.00,4.210000,1.380000,1.140000,"Radial Velocity","W. M. Keck Observatory",1
"TOI-5789 e","TOI-5789","TIC 87216634",62.98000000000,,,5185.00,4.511000,0.833000,0.821000,"Radial Velocity","Multiple Observatories",1
"GJ 504 b","GJ 504","TIC 397587084",,,,6234.00,4.600000,,1.220000,"Imaging","Subaru Telescope",1
"HD 21520 b","HD 21520","TIC 404518509",25.12920000000,,4.8850000,5871.00,4.420000,1.044000,1.090000,"Transit","Transiting Exoplanet Survey Satellite (TESS)",1
"HD 159868 b","HD 159868","TIC 248320609",1184.10000000000,,,5534.00,3.920000,2.130000,1.190000,"Radial Velocity","Anglo-Australian Telescope",1
"HD 215152 b","HD 215152","TIC 251042502",5.75999000000,,,4935.00,4.400000,0.730000,0.770000,"Radial Velocity","La Silla Observatory",1
"K2-266 c","K2-266","TIC 374180079",7.81400000000,0.00850000,2.2560000,4285.00,4.581000,0.703000,0.686000,"Transit","K2",1
"HD 40307 g","HD 40307","TIC 374859347",197.80000000000,,,4956.00,4.470000,,0.770000,"Radial Velocity","La Silla Observatory",1
"Kepler-1968 b","Kepler-1968","TIC 159762011",7.28109979600,,,5008.00,4.572000,0.788000,0.844000,"Transit","Kepler",1
"Kepler-1246 b","Kepler-1246","TIC 298785034",11.32271513000,,3.0270000,4611.00,4.630000,0.690000,0.730000,"Transit","Kepler",1
"HD 96063 b","HD 96063","TIC 53178442",362.50000000000,,,5020.00,3.330000,4.750000,1.370000,"Radial Velocity","W. M. Keck Observatory",1
"Kepler-288 c","Kepler-288","TIC 121785939",19.30577200000,,4.1920000,5918.00,4.353000,1.091000,,"Transit","Kepler",1
"Kepler-1244 b","Kepler-1244","TIC 123447592",3.70428172000,,3.2810000,6680.00,4.100000,1.770000,1.460000,"Transit","Kepler",1
"Kepler-1339 b","Kepler-1339","TIC 48354224",1.34155512700,,1.7009000,5586.00,4.470000,0.930000,0.940000,"Transit","Kepler",1
"Kepler-1224 b","Kepler-1224","TIC 120964116",13.32351601000,,3.9270000,6155.00,4.340000,1.220000,1.180000,"Transit","Kepler",1
"HD 6718 b","HD 6718","TIC 408047845",2476.00000000000,,,5746.00,,1.020000,0.960000,"Radial Velocity","La Silla Observatory",1
"HD 112300 b","HD 112300","TIC 411188061",466.63000000000,,,3657.00,0.800000,65.800000,1.400000,"Radial Velocity","Bohyunsan Optical Astronomical Observatory",1
"Kepler-306 d","Kepler-306","TIC 121660143",17.32664400000,,4.7770000,4954.00,4.611000,0.719000,,"Transit","Kepler",1
"K2-268 b","K2-268","TIC 444037742",2.15167600000,,1.9700000,5106.00,4.580000,0.780000,0.840000,"Transit","K2",1
"Kepler-888 b","Kepler-888","TIC 27531978",70.69790610000,,6.6240000,5875.00,4.520000,0.900000,0.970000,"Transit","Kepler",1
"HD 191939 d","HD 191939","TIC 269701147",38.35303700000,,5.3600000,5348.00,4.300000,0.940000,0.810000,"Transit","Transiting Exoplanet Survey Satellite (TESS)",1
"HATS-4 b","HATS-4","TIC 59843967",2.51672900000,,2.5272000,5403.00,4.510000,0.925000,1.001000,"Transit","HATSouth",1
"USco1556 b","USco1556 A","TIC 77534376",,,,3410.00,,,0.330000,"Imaging","Multiple Observatories",1
"KIC 10068024 b","KIC 10068024","TIC 158840777",2.07354900000,,,6118.40,4.092000,1.574000,1.220000,"Orbital Brightness Modulation","Kepler",1
"Kepler-1073 d","Kepler-1073","TIC 138568416",2.50476002700,,,5509.00,4.308000,1.116000,0.924000,"Transit","Kepler",1
"K2-79 b","K2-79","TIC 435339558",10.99503900000,,4.5655000,5897.00,4.260000,1.269000,1.060000,"Transit","K2",1
"TOI-244 b","TOI-244","TIC 118327550",7.39722500000,0.10600000,1.7000000,3433.00,4.660000,0.426000,0.428000,"Transit","Transiting Exoplanet Survey Satellite (TESS)",1
"Kepler-1356 b","Kepler-1356","TIC 159576968",0.63400293700,,0.9237000,5106.00,4.580000,0.780000,0.820000,"Transit","Kepler",1
"Kepler-933 b","Kepler-933","TIC 159099716",14.20443009000,,3.9790000,5346.00,4.540000,0.840000,0.870000,"Transit","Kepler",1
"Kepler-342 e","Kepler-342","TIC 63293562",1.64422461300,,2.7822000,6366.00,4.280000,1.340000,1.260000,"Transit","Kepler",1
"WASP-73 b","WASP-73","TIC 231670397",4.08722000000,0.33000000,,6030.00,3.930000,2.550000,2.520000,"Transit","SuperWASP",1
"Kepler-1458 b","Kepler-1458","TIC 258349285",47.98727640000,,4.7560000,5653.00,4.480000,0.940000,0.960000,"Transit","Kepler",1
"Kepler-615 b","Kepler-615","TIC 123492903",10.35584657000,,2.8121000,4655.00,4.620000,0.690000,0.730000,"Transit","Kepler",1
"BD+15 2940 b","BD+15 2940","TIC 393702609",137.48000000000,,,4796.00,2.800000,14.700000,1.100000,"Radial Velocity","McDonald Observatory",1
"KMT-2016-BLG-1337L b","KMT-2016-BLG-1337L",,,,,,,,0.540000,"Microlensing","KMTNet",1
"OGLE-2014-BLG-0124L b","OGLE-2014-BLG-0124L",,,,,,,,0.900000,"Microlensing","OGLE",1
"EPIC 201757695.02","EPIC 201757695","TIC 380546118",2.04780000000,,,4520.00,4.659000,0.655000,0.727000,"Transit","K2",1
"Kepler-1336 b","Kepler-1336","TIC 272278272",23.19868100000,,9.7290000,5512.00,4.180000,1.300000,0.940000,"Transit","Kepler",1
"MWC 758 c","MWC 758","TIC 73816033",,,,,,,1.500000,"Imaging","Large Binocular Telescope Observatory",1
"Kepler-33 f","Kepler-33","TIC 158935283",41.02902000000,0.05790000,9.8700000,5904.00,4.027000,1.820000,1.291000,"Transit","Kepler",1
"TOI-4640 b","TOI-4640","TIC 337216118",2.68566015238,,2.2493108,5743.01,4.398500,1.067150,,"Transit","Transiting Exoplanet Survey Satellite (TESS)",1
"Kepler-1719 b","Kepler-1719","TIC 120314731",6.14955997500,,,5687.00,3.973000,1.775000,1.080000,"Transit","Kepler",1
"Kepler-742 b","Kepler-742","TIC 164558468",8.36086823800,,2.7016000,4642.00,4.620000,0.710000,0.760000,"Transit","Kepler",1
"Kepler-1087 b","Kepler-1087","TIC 271353794",0.69384285500,,1.5236000,5589.00,4.480000,0.940000,0.960000,"Transit","Kepler",1
"Kepler-132 c","Kepler-132","TIC 237158274",6.41491400000,,3.3000000,6003.00,4.310000,1.178000,,"Transit","Kepler",1
"HD 134987 c","HD 134987","TIC 61397572",5000.00000000000,,,5585.00,,1.250000,1.100000,"Radial Velocity","Multiple Observatories",1
"WASP-74 b","WASP-74","TIC 244089109",2.13775000000,0.96000000,,5990.00,4.390000,1.420000,0.980000,"Transit","SuperWASP",1
"K2-70 b","K2-70","TIC 250979498",13.97896000000,,3.5200000,5622.00,4.478000,0.930000,0.940000,"Transit","K2",1
"Kepler-55 f","Kepler-55","TIC 164884002",10.19854500000,,2.1730000,4503.00,4.684000,0.619000,,"Transit","Kepler",1
"TOI-1743 b","TOI-1743","TIC 219860288",4.26604600000,,0.9235000,3277.00,4.909000,0.338000,0.339000,"Transit","Transiting Exoplanet Survey Satellite (TESS)",1
"Kepler-493 b","Kepler-493","TIC 139104940",3.00387658100,,3.2585000,6457.00,4.190000,1.540000,1.360000,"Transit","Kepler",1
"HD 10180 f","HD 10180","TIC 231836962",122.74400000000,,,5911.00,4.390000,1.109000,1.060000,"Radial Velocity","La Silla Observatory",1
"KOI-1833 d","Kepler-968","TIC 350814607",7.68500000000,,,4413.00,,0.667000,0.681000,"Transit","Kepler",1
"EPIC 212587672 b","EPIC 212587672","TIC 771548",15.28078000000,,3.4600000,6004.00,4.450000,0.980000,0.990000,"Transit","K2",1
"Kepler-589 b","Kepler-589","TIC 123129910",16.54964934000,,4.0043000,5296.00,4.550000,0.830000,0.880000,"Transit","Kepler",1
"TOI-5388.01","TOI-5388","TIC 407591297",2.59467480000,,,3440.00,4.990000,0.300000,0.292000,"Transit","Transiting Exoplanet Survey Satellite (TESS)",1
"TOI-5007 b","TOI-5007","TIC 424196109",2.54337100000,,1.4420000,3793.00,4.604000,0.656000,0.632000,"Transit","Transiting Exoplanet Survey Satellite (TESS)",1
"CoRoT-27 b","CoRoT-27","TIC 416136788",3.57532000000,,2.7700000,5900.00,4.400000,1.080000,1.050000,"Transit","CoRoT",1
"Kepler-1079 b","Kepler-1079","TIC 268932150",13.24503188000,,4.3670000,5758.00,4.210000,1.360000,1.080000,"Transit","Kepler",1
"Kepler-1381 b","Kepler-1381","TIC 399953616",25.38426860000,,3.6380000,5747.00,4.480000,0.940000,0.960000,"Transit","Kepler",1
"Kepler-1338 b","Kepler-1338","TIC 120105633",0.93511805700,,1.5420000,5909.00,4.410000,1.050000,1.040000,"Transit","Kepler",1
"Kepler-930 b","Kepler-930","TIC 274031725",71.45177750000,,6.0240000,6335.00,4.240000,1.400000,1.250000,"Transit","Kepler",1
"TOI-2669 b","TOI-2669","TIC 348835438",6.20340000000,,,4800.00,3.290000,4.100000,1.190000,"Transit","Transiting Exoplanet Survey Satellite (TESS)",1
"Kepler-702 b","Kepler-702","TIC 138430864",10.52629406300,,2.5212000,5419.00,4.530000,0.860000,0.900000,"Transit","Kepler",1
"Kepler-539 b","Kepler-539","TIC 171510762",125.63243000000,,,5820.00,4.502000,0.952000,1.048000,"Transit","Kepler",1
"Kepler-781 b","Kepler-781","TIC 158489897",13.21407320000,,3.4241000,5162.00,4.580000,0.780000,0.810000,"Transit","Kepler",1
"KELT-6 b","KELT-6","TIC 165987272",7.84570000000,0.60000000,,6102.00,4.070000,1.730000,1.420000,"Transit","KELT",1
"HD 113337 c","HD 113337","TIC 142350121",5429.93477000000,,,,,,1.410000,"Radial Velocity","Haute-Provence Observatory",1
"K2-32 e","K2-32","TIC 437444661",4.34934000000,,2.6710000,5271.00,4.490000,0.860000,0.830000,"Transit","K2",1
"Kepler-728 b","Kepler-728","TIC 159580427",5.74347726500,,3.4527000,5660.00,4.490000,0.930000,0.950000,"Transit","Kepler",1
"GJ 687 b","GJ 687","TIC 233193964",38.14200000000,,,,,,0.400000,"Radial Velocity","Lick Observatory",1
"HD 20794 e","HD 20794","TIC 301051051",147.02000000000,,,,,,0.813000,"Radial Velocity","La Silla Observatory",1
"Kepler-188 b","Kepler-188","TIC 123235018",2.06189700000,,1.7910000,6021.00,4.346000,1.141000,,"Transit","Kepler",1
"Kepler-203 b","Kepler-203","TIC 169084431",3.16269700000,,1.9000000,5821.00,4.358000,1.114000,,"Transit","Kepler",1
"HD 16417 b","HD 16417","TIC 122555698",17.24000000000,,,,,,1.200000,"Radial Velocity","Anglo-Australian Telescope",1
"2MASS J11011926-7732383 b","2MASS J11011926-7732383","TIC 454227159",,,,,,,,"Imaging","European Space Agency (ESA) Gaia Satellite",1
"Kepler-84 f","Kepler-84","TIC 170646917",44.55216900000,,5.8600000,6031.00,4.323000,1.169000,,"Transit","Kepler",1
"TOI-1803 c","TOI-1803","TIC 144401492",12.88577900000,,2.4000000,4687.00,4.620000,0.715000,0.756000,"Transit","Transiting Exoplanet Survey Satellite (TESS)",1
"GJ 680 b","GJ 680","TIC 325624908",17281.66514000000,,,,,,0.456000,"Radial Velocity","Multiple Observatories",1
"Kepler-1661 b","Kepler-1661","TIC 164886585",175.06000000000,,,5100.00,4.660000,0.762000,0.841000,"Transit","Kepler",1
"Kepler-149 b","Kepler-149","TIC 120638033",29.19894300000,,5.0740000,5381.00,4.465000,0.953000,,"Transit","Kepler",1
"Kepler-1696 b","Kepler-1696","TIC 271755153",65.94090000000,,,5712.00,4.289680,1.198110,1.020000,"Transit","Kepler",1
"Kepler-36 b","Kepler-36","TIC 350810590",13.86825000000,,,5979.00,4.100000,1.634000,1.034000,"Transit","Kepler",1
"HD 37605 c","HD 37605","TIC 144730053",2720.00000000000,,,5329.00,,0.910000,0.940000,"Radial Velocity","Multiple Observatories",1
"Kepler-432 b","Kepler-432","TIC 26817004",52.50112900000,,,4995.00,3.345000,4.060000,1.320000,"Transit","Kepler",1
"Kepler-1450 b","Kepler-1450","TIC 271162715",54.50941660000,,4.2220000,4524.00,4.630000,0.680000,0.710000,"Transit","Kepler",1
"K2-183 d","K2-183","TIC 60256211",22.62034400000,,,5482.00,4.600000,0.870000,,"Transit","K2",1
"Kepler-80 b","Kepler-80","TIC 184296619",7.05246000000,,,4540.00,4.639000,0.678000,0.730000,"Transit","Kepler",1
"Kepler-42 c","Kepler-42","TIC 63126862",0.45328509000,0.15600000,,3068.00,,0.170000,0.130000,"Transit","Kepler",1
"Kepler-1987 c","Kepler-1987","TIC 271958892",3.64830183000,0.03717000,1.9985000,4769.00,4.622000,0.714000,0.799000,"Transit","Kepler",1
"Kepler-132 e","Kepler-132","TIC 237158274",110.28693740000,,4.4420000,6023.00,4.370000,1.100000,1.030000,"Transit","Kepler",1
"Kepler-191 b","Kepler-191","TIC 159647213",9.93963200000,,2.9170000,5282.00,4.594000,0.789000,,"Transit","Kepler",1
"TOI-3457 b","TOI-3457","TIC 357312511",32.60026800000,,4.1490000,6300.00,4.280000,1.474000,1.040000,"Transit","Transiting Exoplanet Survey Satellite (TESS)",1
"Kepler-500 b","Kepler-500","TIC 271968263",8.50832439800,,3.5033000,5813.00,4.420000,1.030000,1.020000,"Transit","Kepler",1
"Kepler-1817 b","Kepler-1817","TIC 351804260",44.29919815000,,,5316.00,4.459000,0.915000,0.878000,"Transit","Kepler",1
"Kepler-240 b","Kepler-240","TIC 122712446",4.14449500000,,2.3680000,4985.00,4.626000,0.739000,,"Transit","Kepler",1
"TOI-6393 b","TOI-6393","TIC 147821208",9.53176110329,,3.1045696,5008.20,4.587600,0.766023,,"Transit","Transiting Exoplanet Survey Satellite (TESS)",1
"Kepler-289 c","Kepler-289","TIC 273234825",125.87230000000,,,5990.00,4.470000,1.000000,1.080000,"Transit","Kepler",1
"Kepler-141 c","Kepler-141","TIC 273681580",7.01060600000,,2.9860000,4910.00,4.566000,0.787000,,"Transit","Kepler",1
"K2-207 b","K2-207","TIC 257571543",12.48749000000,,,5522.00,4.410000,0.928158,0.941851,"Transit","K2",1
"TOI-1814 b","TOI-1814","TIC 160440924",6.36861010462,,6.4190878,4872.84,3.671200,2.389500,,"Transit","Transiting Exoplanet Survey Satellite (TESS)",1
"K2-195 c","K2-195","TIC 178941218",28.48278600000,,,5712.00,4.550000,0.906367,0.963364,"Transit","K2",1
"Kepler-172 d","Kepler-172","TIC 237157751",14.62711900000,,3.5410000,5526.00,4.375000,1.085000,,"Transit","Kepler",1
"Kepler-229 d","Kepler-229","TIC 399912169",41.19491200000,,5.0200000,5120.00,4.633000,0.728000,,"Transit","Kepler",1
"K2-239 d","K2-239","TIC 374339566",10.11500000000,0.06500000,1.8384000,3420.00,4.900000,0.360000,0.400000,"Transit","K2",1
"Kepler-1408 b","Kepler-1408","TIC 123496782",2.99793191000,,4.3920000,6170.00,4.250000,1.350000,1.210000,"Transit","Kepler",1
"K2-173 b","K2-173","TIC 242993844",5.86869900000,,,5580.00,4.520000,0.843154,0.881538,"Transit","K2",1
"K2-58 d","K2-58","TIC 437703489",22.88270000000,,3.2000000,5413.00,4.522000,0.860000,0.890000,"Transit","K2",1
"Kepler-1236 b","Kepler-1236","TIC 271758949",31.05716180000,,3.4010000,5337.00,4.550000,0.820000,0.860000,"Transit","Kepler",1
"HD 11977 b","HD 11977","TIC 232074535",711.00000000000,,,4970.00,2.900000,10.090000,1.910000,"Radial Velocity","La Silla Observatory",1
"K2-268 c","K2-268","TIC 444037742",9.32752700000,,3.3500000,5106.00,4.580000,0.780000,0.840000,"Transit","K2",1
"HD 51608 c","HD 51608","TIC 279246287",95.94460000000,,,5358.00,4.360000,,0.800000,"Radial Velocity","La Silla Observatory",1
"Kepler-1904 b","Kepler-1904","TIC 299089587",4.57702016800,,,3805.00,4.767000,0.497000,0.526000,"Transit","Kepler",1
"HD 118203 b","HD 118203","TIC 286923464",6.13497790000,,5.6430000,5742.00,3.920000,2.040000,1.270000,"Radial Velocity","Haute-Provence Observatory",1
"Kepler-487 c","Kepler-487","TIC 139158696",38.65199760000,,6.3360000,5444.00,4.510000,0.880000,0.910000,"Transit","Kepler",1
"HD 152079 b","HD 152079","TIC 246835467",2918.92000000000,,,5907.00,4.365000,1.128000,1.147000,"Radial Velocity","Las Campanas Observatory",1
"Kepler-1605 b","Kepler-1605","TIC 158394902",85.75654950000,,5.8020000,5280.00,4.550000,0.820000,0.860000,"Transit","Kepler",1
"HIP 34222 b","HIP 34222","TIC 91842379",159.98600000000,,,,,,0.620000,"Radial Velocity","Cerro Tololo Inter-American Observatory",1
"Kepler-1130 b","Kepler-1130","TIC 164882482",5.45298175000,,2.1051000,5403.00,4.570000,0.810000,0.900000,"Transit","Kepler",1
"Kepler-1484 b","Kepler-1484","TIC 137816475",30.45491360000,,6.1430000,5730.00,4.490000,0.920000,0.940000,"Transit","Kepler",1
"HD 199509 b","HD 199509","TIC 401701660",99.62167000000,,,,,,1.040000,"Radial Velocity","Multiple Observatories",1
"TOI-5634 A b","TOI-5634 A","TIC 119585136",2.20353730000,,1.6700000,3896.00,4.730000,0.540000,0.556000,"Transit","Transiting Exoplanet Survey Satellite (TESS)",1
"K2-193 b","K2-193","TIC 741596",14.78688900000,,,5817.00,4.460000,0.980000,1.010000,"Transit","K2",1
"Kepler-84 c","Kepler-84","TIC 170646917",12.88300000000,,,,4.130000,1.430000,1.000000,"Transit","Kepler",1
"Kepler-362 c","Kepler-362","TIC 63069779",37.86628100000,,4.7690000,5788.00,4.639000,0.722000,,"Transit","Kepler",1
"OGLE-2006-BLG-109L b","OGLE-2006-BLG-109L",,1788.50000000000,,,,,,0.510000,"Microlensing","OGLE",1
"MOA-2011-BLG-028L b","MOA-2011-BLG-028L",,,,,,,,0.750000,"Microlensing","MOA",1
"OGLE-2007-BLG-349L AB c","OGLE-2007-BLG-349L A",,2557.00000000000,,,,,,0.410000,"Microlensing","OGLE",1
"KMT-2019-BLG-0842L b","KMT-2019-BLG-0842L",,,,,,,,0.760000,"Microlensing","KMTNet",1
"OGLE-2018-BLG-0567L b","OGLE-2018-BLG-0567L",,,,,,,,0.250000,"Microlensing","OGLE",1
"KMT-2018-BLG-0885L b","KMT-2018-BLG-0885L",,,,,,,,0.290000,"Microlensing","KMTNet",1
"OGLE-2016-BLG-0007L b","OGLE-2016-BLG-0007L",,14200.00000000000,,,,,,0.590000,"Microlensing","OGLE",1
"Oph 11 b","Oph 11","TIC 392045047",7300000.00000000000,,,2375.00,4.250000,,0.016000,"Imaging","Gemini Observatory",1
"2MASS J02192210-3925225 b","2MASS J02192210-3925225","TIC 77111651",,,,3064.00,4.590000,0.281000,0.108000,"Imaging","Cerro Tololo Inter-American Observatory",1
"V2376 Ori b","V2376 Ori","TIC 427394299",,,,,,,0.450000,"Imaging","Multiple Observatories",1
"K2-156 b","K2-156","TIC 176868262",0.81314300000,,,4460.00,4.700000,0.620000,,"Transit","K2",1
"HD 113538 c","HD 113538","TIC 422214062",1818.00000000000,,,4462.00,3.790000,0.530000,0.585000,"Radial Velocity","La Silla Observatory",1
"HD 18742 b","HD 18742","TIC 71345433",766.00000000000,,,4940.00,3.090000,5.130000,1.360000,"Radial Velocity","W. M. Keck Observatory",1
"MOA-2007-BLG-192L b","MOA-2007-BLG-192L",,,,,,,,0.280000,"Microlensing","MOA",1
"WASP-16 b","WASP-16","TIC 46096489",3.11860000000,1.20000000,,5700.00,4.490000,1.140000,1.780000,"Transit","SuperWASP",1
"WASP-29 b","WASP-29","TIC 183537452",3.92273000000,1.00000000,,4800.00,4.500000,0.790000,0.770000,"Transit","SuperWASP",1
"WASP-113 b","WASP-113","TIC 310003988",4.54216874538,0.80900000,4.2984000,5890.00,4.200000,1.608000,1.318000,"Transit","SuperWASP-North",1
"HD 128356 b","HD 128356","TIC 1056530200",298.20000000000,,,4875.00,4.520000,0.850000,0.650000,"Radial Velocity","Multiple Observatories",1
"GJ 143 b","GJ 143","TIC 279741379",35.61253000000,,3.2300000,4640.00,4.613000,0.695000,0.730000,"Transit","Transiting Exoplanet Survey Satellite (TESS)",1
"KMT-2017-BLG-1146L b","KMT-2017-BLG-1146L",,,,,,,,0.330000,"Microlensing","KMTNet",1
"KMT-2016-BLG-0212L b","KMT-2016-BLG-0212L",,,,,,,,0.480000,"Microlensing","KMTNet",1
"HD 108236 b","HD 108236","TIC 260647166",3.79596300000,0.02850000,2.3840000,5660.00,4.490000,0.877000,0.869000,"Transit","Transiting Exoplanet Survey Satellite (TESS)",1
"Kepler-808 b","Kepler-808","TIC 26417717",0.63133235300,,1.1076000,4653.00,4.620000,0.710000,0.760000,"Transit","Kepler",1
"TOI-3331 A b","TOI-3331 A","TIC 194795551",2.01802310000,1.55900000,2.1230400,5609.00,4.487000,0.952000,1.016000,"Transit","Transiting Exoplanet Survey Satellite (TESS)",1
"NGTS-24 b","NGTS-24","TIC 151920165",3.46787960000,,2.9290000,5820.00,4.090000,1.640000,1.260000,"Transit","Next-Generation Transit Survey (NGTS)",1
"Kepler-249 d","Kepler-249","TIC 272942100",15.36845900000,,2.6970000,3568.00,4.777000,0.482000,,"Transit","Kepler",1
"HD 205158 b","HD 205158","TIC 316830331",25.33798000000,,,,,,1.160000,"Radial Velocity","Multiple Observatories",1
"HD 206893 b","HD 206893","TIC 155782207",11100.00000000000,,,,,,1.310000,"Imaging","Gemini Observatory",1
"TOI-1294 b","TOI-1294","TIC 219015370",3.91529200000,,3.0331397,5718.00,4.119000,1.556600,1.157800,"Transit","Transiting Exoplanet Survey Satellite (TESS)",1
"Kepler-938 b","Kepler-938","TIC 271253308",52.62984170000,,5.9640000,5533.00,4.510000,0.890000,0.920000,"Transit","Kepler",1
"TOI-4513 b","TOI-4513","TIC 408261725",9.76042253684,,2.2316268,5623.93,4.559200,0.796628,,"Transit","Transiting Exoplanet Survey Satellite (TESS)",1
"Kepler-1139 b","Kepler-1139","TIC 121458495",0.81316671900,,1.4276000,5550.00,4.500000,0.910000,0.940000,"Transit","Kepler",1
"Kepler-102 b","Kepler-102","TIC 123357864",5.28696500000,,,4909.00,,0.724000,0.803000,"Transit","Kepler",1
"Kepler-1073 c","Kepler-1073","TIC 138568416",4.02582254000,,2.7665000,5792.00,4.440000,1.000000,1.000000,"Transit","Kepler",1
"Kepler-1403 b","Kepler-1403","TIC 122605691",5.19492202000,,3.1480000,6060.00,4.360000,1.150000,1.110000,"Transit","Kepler",1
"Kepler-343 b","Kepler-343","TIC 63120970",8.96855000000,,4.3260000,5807.00,4.184000,1.433000,,"Transit","Kepler",1
"Kepler-210 b","Kepler-210","TIC 63283780",2.45323400000,,1.7460000,4559.00,4.663000,0.650000,,"Transit","Kepler",1
"Kepler-55 c","Kepler-55","TIC 164884002",42.15164180000,,5.0617000,4362.00,4.700000,0.580000,0.620000,"Transit","Kepler",1
"Kepler-1647 b","Kepler-1647","TIC 170344769",1107.59230000000,,,6210.00,4.018000,1.790300,1.220700,"Transit","Kepler",1
"Kepler-241 b","Kepler-241","TIC 137899939",12.71809200000,,3.1170000,4699.00,4.627000,0.668000,,"Transit","Kepler",1
"Kepler-958 b","Kepler-958","TIC 158416263",9.76788050000,,1.9474000,5421.00,4.530000,0.860000,0.910000,"Transit","Kepler",1
"DMPP-9 b","DMPP-9","TIC 376777782",12.73300000000,,,,,1.260000,1.100000,"Radial Velocity","Multiple Observatories",1
"HD 16760 b","HD 16760","TIC 433140046",466.08000000000,,,5518.00,,0.835000,0.930000,"Radial Velocity","Multiple Facilities",1
"Kepler-1367 b","Kepler-1367","TIC 158731868",1.57409027200,,1.5994000,4106.00,4.680000,0.600000,0.620000,"Transit","Kepler",1
"Kepler-325 c","Kepler-325","TIC 267671250",12.76217200000,,1.8380000,5752.00,4.411000,1.003000,,"Transit","Kepler",1
"Kepler-1395 b","Kepler-1395","TIC 63204326",3.78470649000,,3.1080000,6138.00,4.330000,1.230000,1.170000,"Transit","Kepler",1
"Kepler-1398 b","Kepler-1398","TIC 27239111",2.78815679000,,3.3260000,6126.00,4.340000,1.180000,1.130000,"Transit","Kepler",1
"HAT-P-36 b","HAT-P-36","TIC 373693175",1.32734683000,,2.2320000,5620.00,,1.041000,1.030000,"Transit","HATNet",1
"Kepler-451 c","2MASS J19383260+4603591","TIC 271164763",1460.00000000000,,,29564.00,5.508000,0.203000,0.480000,"Eclipse Timing Variations","Multiple Observatories",1
"Kepler-624 b","Kepler-624","TIC 138972811",14.58649607000,,4.0393000,6117.00,4.330000,1.180000,1.100000,"Transit","Kepler",1
"Kepler-695 b","Kepler-695","TIC 171974763",3.04033042400,,1.8394000,5181.00,4.570000,0.800000,0.840000,"Transit","Kepler",1
"HD 113337 b","HD 113337","TIC 142350121",317.58639000000,,,,,,1.410000,"Radial Velocity","Haute-Provence Observatory",1
"BD+63 1405 b","BD+63 1405","TIC 233075841",1198.48000000000,,,5000.00,4.200000,,0.816000,"Radial Velocity","Haute-Provence Observatory",1
"K2-16 b","K2-16","TIC 281886199",7.61880000000,,2.4870000,4742.00,4.510000,0.660000,0.680000,"Transit","K2",1
"HIP 14810 c","HIP 14810","TIC 113810736",147.74700000000,,,5544.00,,1.070000,1.010000,"Radial Velocity","W. M. Keck Observatory",1
"Kepler-1965 b","Kepler-1965","TIC 137635841",41.86869812000,,,5852.00,4.559000,0.837000,0.928000,"Transit","Kepler",1
"Kepler-1636 b","Kepler-1636","TIC 270854684",425.47785000000,,17.8480000,5797.00,4.430000,1.020000,1.010000,"Transit","Kepler",1
"Kepler-547 b","Kepler-547","TIC 158171456",6.01038428900,,2.2243000,4828.00,4.610000,0.730000,0.780000,"Transit","Kepler",1
"Kepler-1031 b","Kepler-1031","TIC 27769737",1.22621732000,,2.1486000,6011.00,4.380000,1.120000,1.090000,"Transit","Kepler",1
"HD 120084 b","HD 120084","TIC 284181945",2142.00000000000,,,4879.00,2.740000,10.370000,2.160000,"Radial Velocity","Okayama Astrophysical Observatory",1
"EPIC 212587672 c","EPIC 212587672","TIC 771548",23.22855500000,,3.2500000,6004.00,4.450000,0.980000,0.990000,"Transit","K2",1
"HD 154391 b","HD 154391","TIC 424731682",5163.00000000000,,,4909.00,2.890000,8.560000,2.070000,"Radial Velocity","Multiple Observatories",1
"TOI-544 c","TOI-544","TIC 50618703",50.08900000000,,,4169.00,4.680000,0.623000,0.631000,"Radial Velocity","La Silla Observatory",1
"Kepler-1168 b","Kepler-1168","TIC 158412890",55.82265390000,,5.4930000,5157.00,4.560000,0.820000,0.870000,"Transit","Kepler",1
"Kepler-394 c","Kepler-394","TIC 27777414",12.13068600000,,3.8190000,6402.00,4.408000,1.132000,,"Transit","Kepler",1
"HD 12484 b","HD 12484","TIC 419940916",58.83000000000,,,5920.00,4.650000,,1.010000,"Radial Velocity","Haute-Provence Observatory",1
"K2-85 b","K2-85","TIC 14160842",0.68453862616,,,4232.00,4.440000,0.710000,0.700000,"Transit","K2",1
"Kepler-1068 b","Kepler-1068","TIC 271165395",16.92344113000,,4.0618000,5806.00,4.430000,1.010000,1.010000,"Transit","Kepler",1
"TOI-2458 c","TOI-2458","TIC 449197831",16.55300000000,,,6005.00,4.200000,1.310000,1.050000,"Radial Velocity","La Silla Observatory",1
"TOI-2184 b","TOI-2184","TIC 176956893",6.90683000000,,6.7800000,5966.00,3.700000,2.900000,1.530000,"Transit","Transiting Exoplanet Survey Satellite (TESS)",1
"Kepler-762 b","Kepler-762","TIC 159725995",3.77055209800,,3.8277000,5944.00,4.400000,1.080000,1.060000,"Transit","Kepler",1
"Barnard d","Barnard's star","TIC 325554331",2.34020000000,,,3195.00,4.900000,0.185000,0.162000,"Radial Velocity","Gemini Observatory",1
"K2-215 b","K2-215","TIC 376905329",8.26964800000,,,5704.00,4.410000,0.974398,0.999987,"Transit","K2",1
"OGLE-2019-BLG-1470L AB c","OGLE-2019-BLG-1470L A",,,,,,,,0.570000,"Microlensing","OGLE",1
"Kepler-27 b","Kepler-27","TIC 137556626",15.33480000000,,3.4700000,5400.00,5.400000,0.590000,0.650000,"Transit","Kepler",1
"TOI-615 b","TOI-615","TIC 190496853",4.66159830000,,4.2410000,6850.00,4.200000,1.732000,1.449000,"Transit","Transiting Exoplanet Survey Satellite (TESS)",1
"K2-278 b","K2-278","TIC 422334505",3.33496600000,,,6747.00,4.170000,1.610000,1.400000,"Transit","K2",1
"Kepler-142 c","Kepler-142","TIC 27394293",4.76170200000,,3.3030000,5790.00,4.262000,1.269000,,"Transit","Kepler",1
"HD 96992 b","HD 96992","TIC 88704251",514.00000000000,,,4725.00,2.760000,7.430000,0.960000,"Radial Velocity","Multiple Observatories",1
"47 UMa c","47 UMa","TIC 21535479",2391.00000000000,,,5872.00,4.295410,1.213340,1.060000,"Radial Velocity","Lick Observatory",1
"HD 177830 c","HD 177830","TIC 265052133",110.90000000000,,,4949.00,3.650000,2.620000,1.470000,"Radial Velocity","W. M. Keck Observatory",1
"Kepler-955 b","Kepler-955","TIC 121603761",14.53244172000,,3.1732000,5350.00,4.540000,0.840000,0.890000,"Transit","Kepler",1
"HD 127506 b","HD 127506","TIC 286992966",65.78395000000,,,,,,0.730000,"Radial Velocity","Multiple Observatories",1
"KMT-2021-BLG-1770L b","KMT-2021-BLG-1770L",,,,,,,,0.130000,"Microlensing","KMTNet",1
"Kepler-986 b","Kepler-986","TIC 275494853",56.43499380000,,4.7029000,5642.00,4.430000,0.980000,0.960000,"Transit","Kepler",1
"TOI-1776 b","TOI-1776","TIC 21535395",2.79986800000,,1.9316857,5785.00,4.457000,0.935600,0.919600,"Transit","Transiting Exoplanet Survey Satellite (TESS)",1
"TOI-1472 b","TOI-1472","TIC 306955329",6.36338574000,,2.7400000,5100.00,4.500000,0.840000,0.870000,"Transit","Transiting Exoplanet Survey Satellite (TESS)",1
"HD 24040 b","HD 24040","TIC 456863621",3668.00000000000,,,5802.00,4.260000,1.300000,1.110000,"Radial Velocity","W. M. Keck Observatory",1
"Kepler-823 b","Kepler-823","TIC 120315151",4.16809082000,,2.7230000,5643.00,4.470000,0.960000,0.980000,"Transit","Kepler",1
"HD 45364 c","HD 45364","TIC 117768715",345.43000000000,,,5466.00,,0.890000,0.820000,"Radial Velocity","La Silla Observatory",1
"HD 75898 c","HD 75898","TIC 302580456",6717.00000000000,,,6122.00,4.340000,,1.295000,"Radial Velocity","Multiple Observatories",1
"TOI-5210 b","TOI-5210","TIC 265979849",4.56610610000,0.66200000,3.7100000,5723.00,4.319000,1.209000,1.105000,"Transit","Transiting Exoplanet Survey Satellite (TESS)",1
"Kepler-1575 b","Kepler-1575","TIC 270699185",2.55314213000,,1.8580000,5667.00,4.490000,0.920000,0.950000,"Transit","Kepler",1
"HAT-P-40 b","HAT-P-40","TIC 199671901",4.45724000000,0.65000000,,6080.00,3.930000,1.940000,1.030000,"Transit","HATNet",1
"HIP 8541 b","HIP 8541","TIC 231019255",1852.14387000000,,,,,,2.009000,"Radial Velocity","Multiple Observatories",1
"Kepler-1620 b","Kepler-1620","TIC 273045068",101.95182900000,,5.9890000,6157.00,4.310000,1.230000,1.150000,"Transit","Kepler",1
"TOI-1052 b","TOI-1052","TIC 317060587",9.13970300000,,,6146.00,4.300000,1.264000,1.204000,"Transit","Transiting Exoplanet Survey Satellite (TESS)",1
"HD 64121 b","HD 64121","TIC 264770836",623.00000000000,,,5078.00,3.190000,5.440000,1.640000,"Radial Velocity","La Silla Observatory",1
"KOI-2513.01","KOI-2513","TIC 270618386",19.00547000000,,,5900.00,4.300000,1.200000,0.910000,"Transit","Kepler",1
"GJ 9066 c","GJ 9066","TIC 404715018",771.36000000000,,,3154.00,5.010000,0.164000,0.150000,"Radial Velocity","Multiple Observatories",1
"TOI-5005 b","TOI-5005","TIC 282485660",6.30850440000,0.38000000,3.1440000,5749.00,4.430000,0.930000,0.970000,"Transit","Transiting Exoplanet Survey Satellite (TESS)",1
"Kepler-1602 b","Kepler-1602","TIC 138299395",11.17931605000,,3.0430000,6296.00,4.250000,1.360000,1.220000,"Transit","Kepler",1
"WASP-158 b","WASP-158","TIC 37718056",3.65633300000,0.63000000,3.5760000,6350.00,4.300000,1.390000,1.380000,"Transit","SuperWASP-South",1
"Kepler-1422 b","Kepler-1422","TIC 27009720",18.60519420000,,7.1800000,6194.00,4.320000,1.230000,1.150000,"Transit","Kepler",1
"EPIC 212624936 b","EPIC 212624936","TIC 2764004",0.57865700000,,,5765.00,4.400000,0.930000,,"Transit","K2",1
"OGLE-2011-BLG-0265L b","OGLE-2011-BLG-0265L",,,,,,,,0.211000,"Microlensing","OGLE",1
"Kepler-1189 b","Kepler-1189","TIC 267991349",3.78858982000,,3.4920000,6012.00,4.360000,1.160000,1.110000,"Transit","Kepler",1
"TOI-2382 b","TOI-2382","TIC 2760219",4.66120610000,0.62800000,2.2700000,6033.00,4.235000,1.417000,1.260000,"Transit","Transiting Exoplanet Survey Satellite (TESS)",1
"Kepler-1222 b","Kepler-1222","TIC 27240404",1.91694425400,,1.4629000,5239.00,4.560000,0.800000,0.840000,"Transit","Kepler",1
"TYC 4282-00605-1 b","TYC 4282-00605-1","TIC 13105061",101.54000000000,,,4300.00,2.000000,16.210000,0.970000,"Radial Velocity","Roque de los Muchachos Observatory",1
"TOI-2447 b","TOI-2447","TIC 1167538",69.33684000000,,7.1600000,5730.00,4.300000,1.006000,1.034000,"Transit","Transiting Exoplanet Survey Satellite (TESS)",1
"Kepler-1852 b","Kepler-1852","TIC 121465404",7.97094011300,,,5237.00,4.572000,0.826000,0.927000,"Transit","Kepler",1
"Kepler-799 b","Kepler-799","TIC 158419284",133.46052350000,,11.6110000,5681.00,4.490000,0.930000,0.950000,"Transit","Kepler",1
"KMT-2019-BLG-0578L b","KMT-2019-BLG-0578L",,,,,,,,0.280000,"Microlensing","KMTNet",1
"Kepler-94 b","Kepler-94","TIC 123309556",2.50806000000,,,4781.00,4.590000,0.760000,0.810000,"Transit","Kepler",1
"TOI-2274 b","TOI-2274","TIC 289164482",2.67963000000,,,3943.00,4.500000,0.631000,0.612000,"Transit","Transiting Exoplanet Survey Satellite (TESS)",1
"HD 219134 g","HD 219134","TIC 283722336",94.20000000000,,,4913.00,4.510000,0.770000,0.794000,"Radial Velocity","Multiple Observatories",1
"HD 59686 A b","HD 59686 A","TIC 247119634",299.36000000000,,,4658.00,2.490000,13.200000,1.900000,"Radial Velocity","Lick Observatory",1
"HD 96700 c","HD 96700","TIC 23270430",19.88000000000,,,5845.00,4.390000,,0.890000,"Radial Velocity","La Silla Observatory",1
"Kepler-1496 b","Kepler-1496","TIC 270787590",64.65880170000,,7.5490000,6182.00,4.290000,1.270000,1.180000,"Transit","Kepler",1
"Kepler-299 d","Kepler-299","TIC 48304460",15.05478600000,,4.2790000,5617.00,4.394000,1.032000,,"Transit","Kepler",1
"GJ 581 c","GJ 581","TIC 36853511",12.92110000000,,,3500.00,4.970000,0.302000,0.295000,"Radial Velocity","La Silla Observatory",1
"Kepler-359 d","Kepler-359","TIC 275568400",77.09569100000,,3.4760000,6248.00,4.429000,1.086000,,"Transit","Kepler",1
"Kepler-83 c","Kepler-83","TIC 123416515",20.09000000000,,,,4.690000,0.610000,0.660000,"Transit","Kepler",1
"HD 1461 c","HD 1461","TIC 37748347",13.50520000000,,,5765.00,4.380000,,1.020000,"Radial Velocity","La Silla Observatory",1
"Kepler-1950 b","Kepler-1950","TIC 158388625",10.77690029000,,,5455.00,4.457000,0.852000,0.759000,"Transit","Kepler",1
"CFBDSIR J145829+101343 b","CFBDSIR J145829+101343",,10037.50000000000,,,580.50,4.725000,,0.021000,"Imaging","W. M. Keck Observatory",1
"WASP-75 b","WASP-75","TIC 36592530",2.48419300000,1.07000000,1.9728000,6100.00,4.290000,1.260000,1.140000,"Transit","SuperWASP",1
"Kepler-653 c","Kepler-653","TIC 123445166",0.90037647600,,1.3930000,5665.00,4.290000,1.190000,1.020000,"Transit","Kepler",1
"Kepler-1807 b","Kepler-1807","TIC 159763602",10.86060047000,,,6455.00,4.125000,1.496000,1.087000,"Transit","Kepler",1
"Kepler-320 b","Kepler-320","TIC 275575525",8.37155400000,,4.0400000,6435.00,4.419000,1.108000,,"Transit","Kepler",1
"HD 153557 c","HD 153557","TIC 115582979",15.27018000000,,,,,,0.790000,"Radial Velocity","Multiple Observatories",1
"KMT-2017-BLG-0849L b","KMT-2017-BLG-0849L",,,,,,,,0.190000,"Microlensing","KMTNet",1
"TOI-941 b","TOI-941","TIC 408137826",8.51460888787,,3.9173097,5745.88,4.260700,1.184900,,"Transit","Transiting Exoplanet Survey Satellite (TESS)",1
"HD 69830 c","HD 69830","TIC 307624961",31.56000000000,,,5385.00,,,0.860000,"Radial Velocity","La Silla Observatory",1
"Kepler-249 c","Kepler-249","TIC 272942100",7.11370200000,,2.2190000,3568.00,4.777000,0.482000,,"Transit","Kepler",1
"Kepler-181 c","Kepler-181","TIC 27767452",4.30214900000,,1.9650000,5333.00,4.619000,0.749000,,"Transit","Kepler",1
"TOI-1732 b","TOI-1732","TIC 470987100",4.11923678339,,2.1826809,4201.93,4.653700,0.632571,,"Transit","Transiting Exoplanet Survey Satellite (TESS)",1
"KELT-12 b","KELT-12","TIC 116242971",5.03162300000,0.59600000,5.7624000,6279.00,3.889000,2.370000,1.591000,"Transit","KELT-North",1
"TOI-4087 b","TOI-4087","TIC 310002617",3.17748350000,1.15650000,2.9842000,6060.00,4.416000,1.112000,1.178000,"Transit","Transiting Exoplanet Survey Satellite (TESS)",1
"GJ 876 c","GJ 876","TIC 188580272",30.08810000000,,,,,0.300000,0.320000,"Radial Velocity","Multiple Observatories",1
"Kepler-298 c","Kepler-298","TIC 48217868",22.92881000000,,2.3980000,4465.00,4.709000,0.582000,,"Transit","Kepler",1
"CoRoT-12 b","CoRoT-12","TIC 280210963",2.82804200000,1.74400000,2.5742400,5675.00,4.375000,1.116000,1.078000,"Transit","CoRoT",1
"TOI-1799 b","TOI-1799","TIC 8967242",7.09457086500,,2.5704000,5690.00,,0.957000,1.010000,"Transit","Transiting Exoplanet Survey Satellite (TESS)",1
"Kepler-412 b","Kepler-412","TIC 158170594",1.72086040000,,,5750.00,4.300000,1.287000,1.167000,"Transit","Kepler",1
"HD 142 A d","HD 142","TIC 389757979",108.45299000000,,,,,,1.210000,"Radial Velocity","Multiple Observatories",1
"GJ 581 e","GJ 581","TIC 36853511",3.14810000000,,,3500.00,4.970000,0.302000,0.295000,"Radial Velocity","La Silla Observatory",1
"Kepler-1315 b","Kepler-1315","TIC 271881331",0.84338011000,,1.4362000,4861.00,4.600000,0.750000,0.800000,"Transit","Kepler",1
"Kepler-257 d","Kepler-257","TIC 273132699",24.66455100000,,2.6550000,5180.00,4.360000,1.037000,,"Transit","Kepler",1
"LHS 1903 c","LHS 1903","TIC 318022259",6.22618500000,0.12100000,1.9860000,3664.00,4.750000,0.539000,0.538000,"Transit","Transiting Exoplanet Survey Satellite (TESS)",1
"Kepler-444 f","Kepler-444","TIC 394172596",9.74048600000,,,5046.00,4.562500,0.752000,0.758000,"Transit","Kepler",1
"Kepler-1548 b","Kepler-1548","TIC 158487028",124.82867900000,,6.3340000,5706.00,4.460000,0.970000,0.990000,"Transit","Kepler",1
"TOI-2084 b","TOI-2084","TIC 441738827",6.07842470000,0.19500000,2.0300000,3551.00,4.750000,0.475000,0.453000,"Transit","Transiting Exoplanet Survey Satellite (TESS)",1
"K2-355 b","K2-355","TIC 186853124",5.73856470000,,,5790.00,4.490000,0.920000,0.960000,"Transit","K2",1
"Kepler-1552 b","Kepler-1552","TIC 137319097",184.77185300000,,9.7060000,5202.00,4.580000,0.780000,0.850000,"Transit","Kepler",1
"XO-7 b","XO-7","TIC 268403451",2.86414240000,0.90900000,2.7720000,6250.00,4.246000,1.480000,1.405000,"Transit","XO",1
"K2-252 b","K2-252","TIC 152868838",13.81513000000,0.03600000,3.6000000,5152.00,4.500000,0.820000,0.790000,"Transit","K2",1
"Kepler-267 d","Kepler-267","TIC 269357457",28.46451500000,,2.7420000,4258.00,4.729000,0.555000,,"Transit","Kepler",1
"Kepler-784 b","Kepler-784","TIC 272078218",31.59226460000,,13.8400000,5674.00,4.190000,1.320000,1.000000,"Transit","Kepler",1
"Kepler-1311 c","Kepler-1311","TIC 159106207",2.53573424000,,3.9410000,5748.00,4.160000,1.400000,1.050000,"Transit","Kepler",1
"Kepler-1265 b","Kepler-1265","TIC 164781761",6.49441289000,,2.2430000,4630.00,4.630000,0.690000,0.710000,"Transit","Kepler",1
"Kepler-98 b","Kepler-98","TIC 120629799",1.54168000000,,,5539.00,4.341000,1.110000,0.990000,"Transit","Kepler",1
"Kepler-520 b","Kepler-520","TIC 138097531",19.67416124000,,3.5985000,6112.00,4.410000,1.090000,1.100000,"Transit","Kepler",1
"K2-240 c","K2-240","TIC 432247315",20.52300000000,0.09800000,3.1920000,3810.00,4.700000,0.540000,0.580000,"Transit","K2",1
"Kepler-322 c","Kepler-322","TIC 123313142",4.33723400000,,2.4540000,5388.00,4.501000,0.890000,,"Transit","Kepler",1
"HD 12661 b","HD 12661","TIC 118268680",262.70862000000,,,5645.00,4.360000,1.200000,1.200000,"Radial Velocity","Multiple Observatories",1
"HD 16175 b","HD 16175","TIC 422922274",990.00000000000,,,5981.00,4.180000,1.720000,1.630000,"Radial Velocity","Lick Observatory",1
"HD 73267 b","HD 73267","TIC 11749208",1257.99159000000,,,,,,0.930000,"Radial Velocity","La Silla Observatory",1
"HD 196067 b","HD 196067","TIC 327303574",3413.70000000000,,,6072.00,4.090000,1.710000,1.160000,"Radial Velocity","La Silla Observatory",1
"HD 55696 b","HD 55696","TIC 22598327",1827.00000000000,,,6012.00,,1.520000,1.290000,"Radial Velocity","W. M. Keck Observatory",1
"OGLE-2016-BLG-0261L b","OGLE-2016-BLG-0261L",,,,,,,,0.072000,"Microlensing","OGLE",1
"KMT-2025-BLG-0026L b","KMT-2025-BLG-0026L",,,,,,,,0.440000,"Microlensing","KMTNet",1
"KMT-2025-BLG-0030L b","KMT-2025-BLG-0030L",,,,,,,,0.600000,"Microlensing","KMTNet",1
"KMT-2025-BLG-2272L b","KMT-2025-BLG-2272L",,,,,,,,0.630000,"Microlensing","KMTNet",1
